id_livre,id_auteur
630104,74489
9487,706255
6050894,5618190
39030,37871
998,36122
311164,58947
32105,4833990
377993,7956
71292,155651
821003,274533
24876258,38550
80631,4773763
81048,27847
7640261,153394
22028,3487
176892,5619151
138811,4476044
15990489,7851984
15743075,5771850
16116760,4968409
13549445,1427650
550844,1217905
18523711,4428962
17234659,3462951
25906415,5029054
165782,7832543
23346719,2746690
274400,7737308
1977834,1912055
228345,3185029
7831145,6608731
58893,6576876
153783,7132113
870461,5822433
286136,7123498
6419887,6425833
228244,7255282
3004139,3173295
93729,6886704
71869,151973
900682,359194
7519640,5821204
124923,4541791
2214574,6519692
4842437,7094294
7163862,6862646
8662135,5621569
97860,3152411
10587120,4109302
79484,5828499
26936,1366040
1438096,7302303
91760,7125719
621687,8073851
199635,5893561
39097,8253345
25975141,5819370
1783289,8119001
5498077,7354860
7704979,3456705
24764,268722
239065,4318269
475965,5209619
7129468,4615197
1891296,2980235
294042,7020231
6556261,5155341
8685644,6445292
15549,5050492
10414941,6590573
10065348,3080608
11242368,985261
19286623,4595087
100629,6421828
28978,5073330
7943678,6451816
167302,1122775
311308,445303
16356,20560
82553,10896
16130758,205
13425352,1226977
922119,41749
5350,2778055
294285,12534
22852698,53501
457762,3400721
618924,3389
13151,4764
402,4432
104216,545
244475,2973783
7893,6474348
878307,5858
12447,1630
85993,12476
226425,5244478
3942622,21477
47241,14078
339026,2786093
37451,21475
11273356,36332
13075513,3063220
146106,835348
140278,29535
137098,31688
2206960,874602
112075,5223
50725,4018722
6503152,8360
264587,432
1933181,17452454
13806,9226
12700306,6025722
17558817,1285555
6572,43298
13570639,2987125
45234,1318
6420,32595
13012638,4684322
6519314,880695
10222362,3064305
16707,5791
125432,3472
313605,4280
25242224,200317
8296,941441
7958,15873
93794,1077326
943903,2001717
545875,2384
6064646,3780
149621,21911
11750412,1265
102661,7128
15815333,10465
11237412,1315
127028,3058
177523,305400
13605496,2327917
17735,4379
25892878,4
22693811,5246
696703,2894
79090,175855
153193,8349
826583,4178
266599,12696
10329483,2331
511528,656983
2917367,630
782898,17015
117904,137902
3064278,27837
13438524,3447
15710495,9987
137972,169377
15814479,6876
111831,13957
836610,28569
1783281,71688
597040,48192
5137,4575371
901111,41313
45169,3090
143691,1647762
18669536,699143
41958,2613
862108,20248
1033346,499602
2102300,2958084
16315,4872191
9526,4586597
13325079,3379564
5055,19005
1946,6160
6340016,17065
32430,4637539
1988040,6251
107792,151371
60483,4951964
126507,9885
10816297,1304470
15817326,22159
26031279,4907787
23492741,47499
4447991,614
24963,5430144
1724365,5193034
7346,2345
10822,2876763
6359133,11081
2841694,4562483
175828,4826501
44236,19823
2073686,4725841
670686,2895707
762053,5448974
10000,5070015
155206,4559822
22756190,1164465
613218,6466369
649361,5288442
74043,1192311
2305862,767547
12764,3027554
16182,3041100
640029,4629194
8350864,2895706
21863558,5351825
21400356,4718528
11746102,4336590
15790833,4737213
2535732,3267859
961831,3251728
4806,3023658
7058405,5441417
34524,5027236
24156,4692856
458313,805184
216196,2261547
6280379,10317
7857713,5073459
10174795,4606082
1878,4086715
609870,25422
143728,5360335
50695,504038
17570751,11654
73051,4476934
12882349,4774653
47061,4581947
16115,3377941
129223,4074051
233904,5108399
3157877,5265998
22193,415967
32957,3099544
627055,4342215
41951,2891665
563457,3220024
628283,6914204
73954,2987
2062048,2755160
238126,4279785
12389310,164576
252999,4116488
51933,5186274
13365532,767317
16114,295178
146109,56224
1034185,150038
20345202,4384465
110396,3353516
32940867,4575289
534289,7581
16111,3433047
2464531,3406550
747746,1599723
19528,2936493
129117,4103366
2182,4637369
68333,3290920
54589,4039811
236814,173493
842746,6693411
19476,6433278
7780,6983061
18249280,7374721
109830,7124792
9888794,7267239
355656,5303332
22192,5295120
6321718,5351849
667416,2188726
233044,2747732
355789,4106087
42960,190578
9027853,3097905
10551253,7267262
4789801,266470
289813,2741432
104344,7093630
34272565,1443712
24384,6553850
38225791,15292
4907301,11664
456,7009633
24903919,7091823
366787,1383409
179612,6456912
774032,370361
25669,7170939
71622,6855918
7897478,6950740
45241,4428
7312324,1487748
389828,144323
10897866,8152069
13020,3486415
1049509,2526
72676,7105753
19580,6549373
6251471,5804715
830784,7224009
4364,357601
15046,6947727
2002,45592
9394010,4600197
12955738,4208569
1931915,1238111
24804,7074943
10402992,6916557
2141,6980508
634757,2383
40670312,2232265
32758901,3153776
48760,7380291
74046,8283255
3630983,14759054
228534,1373880
1022209,3084517
140260,21748
114172,1045593
2592122,1069006
844935,9237
6503154,2891503
8608453,190922
6687247,3036304
10048874,4619644
27397,4126827
179174,190887
53645,2903247
17204860,8108373
133380,3408349
19286603,89439
110393,49177
188454,3095893
427920,4464118
231560,13677
339210,1330292
105574,3380908
3416,669810
32703,8835
10799807,12531
9554790,1967
572692,38531
146943,20559
6100797,9550
61898,10082
6777616,1276004
78972,153733
25128811,8726
762563,8694
80672,4149342
47922,103359
22189,51518
138683,4430
159760,442240
104627,1356336
22875451,10116
61115,5251202
2420340,52468
3216451,625
6090807,234115
17305783,83937
11277218,24827
13316328,40173
146108,1080585
13642963,59060
15799936,2687
7101,10333
561402,48397
292275,241301
228128,28946
343738,2898479
92846,477469
13516487,45315
10283764,49103
170548,20561
74862,4861
35519101,18454
7103,38066
22191,2503028
14707,7742
162314,2357
43684,18879
23912,1654
9553,17059
104790,32637
438923,7577
2606779,20602
672965,346732
590324,16218
10978,1857564
936611,1429808
256280,167605
518982,48206
26480,9558
6514074,3849415
54028,17054
36253,375626
2330877,40563
9527985,26930
19596,5339
6586456,17061
35465,479779
10571,6988
8241088,29011
96428,10003
3321397,9388
560929,54493
354284,15882
344199,8730
59821,93220
6219294,10015
128109,814940
761849,3509
4333469,837804
1199174,925098
42929,14577
564325,784775
7284118,1612
9260806,3490
1928405,72039
257962,6583
854456,994873
6569211,2546
5936327,473145
7380006,63983
62812,3534
8999892,978703
263919,1130453
3127326,800019
7057397,4738
11175530,24689
6460814,9212
10138089,1439
3044630,221559
62976,6429
12072969,138825
5805956,389474
9766063,2121
12889647,972440
971239,10746
12093000,13370
960495,690619
6131767,3505
8602864,97313
17157183,25052
13497142,66631
13616989,33274
6287286,1899600
9637428,120401
13504041,12581
15706108,2849
13248799,1406384
1413068,211268
16029550,3670
13416711,982213
17155673,15872
15826651,287960
15719561,498072
16520900,4143266
17210533,588558
786699,203238
16149498,4866520
1442235,3420702
13498352,6587108
13144813,4668167
17406952,3980637
549237,47104
17339738,3190428
17949078,7233168
3263334,3101315
18008226,837420
17354744,4506073
18158535,4086928
17334077,3095919
7013431,4382157
18229453,5434809
17190226,4838933
18193486,628636
18171014,4665585
1212610,65959
17296121,3275
18397548,569
18136883,4984399
29661618,6535659
166562,1077176
18620524,4805272
10014677,5752652
13645896,26638
18086498,3351454
636223,23613
18813386,4372391
12914448,4849669
18593863,4116333
18602977,4503081
17586834,281810
18042290,599916
18815695,5437976
15739817,4660036
43212281,569269
21936661,55743
21878763,6887314
21457083,3961
22312293,12803
18530194,6984726
1414,14151
22616552,12732
22008448,20493
23277468,15085
22918893,56328
22456474,6238
27816584,13359
15771745,36203
17466895,26392
1322303,24514
741481,15091
22884757,32594
23516574,70026
19048521,43554
1071726,7338
22436841,12736
23681340,2266124
20335752,4866
24545715,14610
25022297,17029
25319777,13681
25621823,38120
3831344,543719
25697968,46027
25878671,12772
25855637,56002
25557058,104017
26866624,18015
25339089,1642
3986964,28463
27268403,6884287
28175937,93094
2484198,568999
17493,1218557
28430735,1041311
232467,4698899
29388297,32468
29897456,454774
34182067,5112
18405537,33907
36390016,5363
30373132,53559
32594382,28995
31447045,10182
1032,88506
34866611,21574
35218197,68959
35514861,38954
9698540,5502079
32560066,5129
35038210,14965
37562415,5951
41815475,21982
41829493,16807
40974111,12425
40832734,12444
43175143,5117
44590965,32401
8225859,7477505
29753206,7940084
44076511,1100089
48913916,1067608
45422326,19733
52969988,16789375
1880496,4841825
48678296,8596
115929,24830
2218102,903992
10086681,3155347
49240716,15590
50391716,11078
27507117,1954
50264415,426944
331260,2041
53398496,26
116567,74046
44516,131683
3359011,36746
379160,8732
6192376,25421
3726872,4273
6420578,32590
2432061,22542
284338,6252
24816,24818
6771774,8347
6771730,5329
620790,125984
24611735,11761
108314,6206
7052308,15619
7532858,8924
765983,34049
1906946,3242
89838,108424
779511,12521
192954,47672
128518,6245
807002,1949
6235136,348878
10128608,27100
690329,2347
11203057,4260
77844,106
936610,33467
199531,157663
21485,7579036
10169662,6562243
393601,52989
6972157,2884780
369439,6911915
9537041,157676
13282838,4890658
16099180,3071494
209889,5001654
5927595,179612
590323,161133
274868,53974
127953,1304838
26474,53984
14413557,51424
12878300,1217665
16189172,20
16067631,110982
101862,2821144
13421433,7577278
12555756,9072
1481578,65944
43327287,1233886
17611261,7258893
16164966,13139
15757694,2753954
9768204,6538605
9768203,2889003
23016364,56370
15821931,26891
28958920,3130410
13152194,1651879
19078625,7327341
13420145,4916529
18713134,37048
13162223,176372
35041669,47640
94351,4841310
2848807,7044750
9786641,9432
12617286,3299
693447,107170
21899705,3502
56636,9334
18684615,2313
21816542,3046613
24568450,2238
11324334,3354
747061,25824
13260545,27500
22725294,2960227
6046158,26417
22202,2839569
24677549,7380
25012645,18752
23016659,80824
24062434,51589
1335601,1113469
27853361,4937879
18456078,32549
40605223,13450
31815310,52683
12970162,15393
25311873,52458
33260689,22099
29762106,815
32830150,749461
36295291,6441917
15818357,21778
28510777,4823432
28008677,197
43468726,8925
39071348,9399
38467635,5285
33116557,155517
42113688,52074
42870267,6466778
43599898,55215
43790688,8146
7511615,811
29567621,286014
35425827,2617
62794,566874
33310533,500
51897150,4370565
27845690,3873
51983178,4694
6390031,7151973
49697722,5829056
43708884,6554504
13573419,7121791
307962,5131072
445126,6550037
189182,6546441
196766,4851199
1967633,63898
143226,4175419
15781,6887119
14285,6994731
147908,6896405
1192521,7374424
3741180,7539785
50781,8034143
7023148,7759811
165856,8058866
202650,7215619
9924320,73977
3073174,6950682
149505,4785031
43713,5622223
596986,5997227
192955,6576110
1118874,6452845
11680603,6574132
5820384,7056935
150002,7226675
11903141,6875794
8161632,7105545
362002,7753662
10863979,223343
12690450,6994378
27297,6983012
484143,5769238
1205297,6556689
14404,1935000
18999,7047863
44780,6551005
13062235,6476625
12351695,11633
13551716,5735
14624906,881203
16192492,15905
3426706,239579
9475932,7508
11714997,13661
6344897,903
866136,1194527
567610,10074
15734418,15151
8922087,16904
13605091,11679
9242236,3541
2498049,1461
13517470,585
16246625,1244
424760,3345
17118326,4711
7812107,589
555987,8120
2725,3617
355034,8051
12180248,1240
44184,7285
4303567,1455
17281601,1838
12262889,15481463
78159,3618
16290291,7717
15768119,3137322
5985016,957894
18365529,7195
14058995,2493
533327,24556
18474117,316
11164732,566
18713128,11139
593109,11072
203409,4191
7203997,1943477
6781184,1050
10182392,7799
20518655,1020792
18138948,947
20773953,11466
984021,3706
10552338,1049
21915986,819789
10385505,1036615
17335881,306
24767508,3720
20943623,762707
23209822,3190
11156963,1825
13606970,4012
17408922,16291
23280000,2408
23285789,53535
20492283,2931
17913288,39412
21955078,9343
401454,22067
25668685,16549
21843093,57428
23517137,8361
257669,40398
5505135,34589
17350491,335919
17556418,8054971
119729,156327
27263454,1730
24849026,167047
23209927,6760
30839185,20850
6839020,4784416
35783057,85989
393626,201535
30841984,1169504
6732019,24655
41176626,520296
43356955,49612
43616139,27874
13452923,4046
34763906,80212
25434361,14469
31823677,42919
55792,1421619
44107480,131
39297840,615274
48855342,5023
128529,202867
181972,25334
96505,6247
6006822,575
7104,981834
5744578,24844
471174,6331
108051,27779
298537,9833
593105,1074866
9263,39402
815234,44023
170529,22665
533779,5918
605663,27498
3105537,16961
1380834,861
254660,8072579
615359,8381790
331695,23129
6658659,30830
5290503,6878
9069150,16747
10711,6356
5184603,3371
406422,6281688
62558,380
11106249,2522
1739150,13974
80738,7844
13414323,18907
13564820,93353
131304,2633
13643831,2578
838130,798
9412215,6538289
13741511,713
10710392,2715
15772095,5869
15771424,7136914
186445,1467
7779571,5325
16093278,37766
2642142,16272
16003058,7995
15743703,12542
53948,5657
3173125,1040250
13618136,29182
54995,3075
43885,5600
130730,16204
13554131,10039
544354,3620
2877205,5768
18088594,4917067
25581147,6417
536622,269069
66677,15830
12384984,8842
9219901,4345
19307225,58851
15766776,2226
20460436,12833
20903622,6125
17669067,28186
18667307,44605
297898,2893961
22524731,19708
21894650,18930
22324795,4030
18811324,3012988
42988,4785
23742469,7130
20935107,1055
22739190,626222
18244599,4037220
119832,26242
25027140,4116
6684540,128382
112518,18479
783291,5152
25365530,3167
13623874,61105
25481803,4489
25053346,3565
25668970,8164
17801134,435477
22841551,4174
28800321,12950
28091259,2713
17657206,410653
23266378,3681
32284715,214
13115538,5350
18586621,153734
31367949,548551
15790894,14617
33644223,6085
29952526,39326
32797060,6941
24611819,26946
26597596,9068
34213608,9020
29923707,7385
31144992,7779
29202269,7927
18077875,9629
35003240,157779
33893388,24824
23688121,3083854
38339351,7308
35297469,4820
32956365,12942
43191510,31457
18941670,6569
43181675,1260
29093292,137261
41728904,6343
26255907,4026
5956935,12447
3359010,235
50633870,11882
43848929,36714
37769577,15445
130346,16770310
45294613,16892
446279,58918
807044,12584
80268,7287
209690,28828
22469,1411964
214888,401
5409442,104728
6262518,43443
683927,5237
138558,5333630
5988458,5447785
347339,4824985
80492,6443493
7932,4700629
15100,1530940
588723,1415543
16743,5020443
459901,4529674
5269911,5038699
317293,5169670
271487,5045548
276967,6542656
6377319,5445209
3107,1428675
6566722,6470511
7776678,5308881
205821,6576193
10639954,5773867
9722241,4887264
10869001,5823058
2416991,4889188
867356,5298677
3191898,6469948
11717230,4601855
1569097,6245296
2942523,6476392
865516,3228055
6309229,18880
12885,4906436
320200,345630
781653,165105
7543231,4864330
8550813,4629065
12162274,4662744
7740772,806500
8485458,5249972
10552088,4499623
555500,6527314
975885,6458922
6851,4864634
403101,5816255
7351574,40593
7606431,5194
11753084,5099267
16114675,4721318
13603792,8166
13044650,25
11672438,323656
96908,21616
5444895,3119
21278,1370283
12591698,34408
3664164,5295294
158479,22018
33016249,16667
3629971,1879
683406,5816
15782604,58846
16075834,3441
15980313,82969
12444166,5293
8339286,14033
6465063,9876
38463,8158089
17283481,403
186668,7419
7233473,3619
17458478,26897
3675828,50873
11378659,26306
353761,81466
71111,5300
744224,2448
7519179,7738947
399212,4693312
1433867,7146498
18112657,6550279
293951,5361693
7074259,4519247
1357195,7112593
20321703,7849515
18714697,8077080
1167033,7731270
6722482,7731179
16058721,6518370
21856225,8184276
20567999,6420147
5723653,5028484
22751611,6451574
207918,6588802
1118616,36346
384221,7091425
17408601,7349685
16110552,6166668
21801701,6863455
18374102,8031974
30658,5805745
7171561,7751265
776175,37249
18295852,5758689
20483084,3009541
84463,4146484
24238873,6423161
7139340,4563332
22892122,6941559
17700404,8159417
13415323,4398628
13410943,5831672
25909126,8180726
12015403,6993187
25935012,7874735
23019022,6571021
65388,6581207
782519,484627
29776603,143691
29004052,5370827
29003857,7012378
13505635,7141820
23398748,6612545
603387,3153008
27272505,7315430
1048897,7471427
440638,7150198
548370,5779555
7881207,2132743
130119,7074741
23466036,6551789
26212359,5815432
6912491,6541831
18589573,7734428
1161134,7873610
11547633,5805483
775198,4879423
182136,6567432
36411879,7058694
3170458,7372898
37569318,6980925
34091026,7178194
724666,2771724
432020,7127521
36469581,5752457
6455256,2951194
40864841,6902956
34739995,7079478
44581535,6432984
254501,5342916
5996786,239128
11205802,7074846
36647568,6580884
11284,7171978
109326,8286871
872789,7373567
28660,7276454
77789,5822912
882053,7341481
15682,8219684
137446,7236200
224424,6553058
357173,7074841
11436,7768203
3250465,13705141
541920,8286020
21420175,7056720
763489,6451625
112080,6571986
160,13810432
89716,1881
21420189,18
105999,8589
34303,10420
2350129,4187
66692,858
328064,8644
338131,18143
381364,10264
6397351,63760
2781819,24189
33484,17434
362888,102203
6941324,1641
7871086,11193
7696504,1624
765811,2530
3212912,29068
2972472,2897630
11529182,1235
692871,3347
6273,40311
169875,7565
7789265,6900
781132,30913
12864154,2007
46180,23509
11402993,4999
9874196,4062698
5659537,38065
11792612,67038
129909,24978
895886,226816
457841,2965489
6371720,71878
14288454,50886
16283548,37814
9655178,6218
384579,2752928
6419,51304
16049402,76405
3993839,86778
8951449,8716
6318413,2798441
11455154,104926
2054504,2614
953773,92650
13524900,17597
13097681,9759
12509045,23294
311196,64364
527495,16202
27817191,4443809
13153400,33952
12384681,541293
27550,83086
10718998,22370
73906,107767
11549777,375143
5557442,9241
25193,29542
2961481,1598076
5045718,3517050
18308787,568672
15724908,179790
5082616,6467808
18487180,5895829
3173438,14635
18104749,41013
6582080,117775
18129599,18062
21468450,7043626
12578294,43889
18310201,16628
7646410,217419
16122643,11593
30843,41141
18858489,10652
22847427,18444
293602,23157
18105451,136081
7097866,5283343
23209862,75867
22466924,13898
18188319,1291568
13608133,26957
101191,6989
22088616,327737
43691,46158
3084415,8722
6520376,6587
9628203,54711
6276276,5032367
44323,1258608
15843041,18540
22915011,89552
13432143,13608
24002318,988142
21853636,75091
546255,13663
10187223,64654
129877,132350
26153423,3843
20649195,6412
18774919,8002
22046891,83846
29060994,6810
6344832,6581091
23299513,38569
2161966,1301649
1364772,1538
30558257,15015247
26085520,3956
19161872,238
2624112,822
23533039,5571
7114176,7491
24382227,1194
18674889,7
28480416,10089
31349426,23069
10589240,16094
29496453,16496
26245853,5807106
77040,22996
11166,14032
13630171,3093075
40039708,44037
26312997,1858
46038451,10991
40548354,696805
36389267,10992
25334576,4007
34684622,10538
43191440,4763
19523454,9873809
52759512,17130322
32618967,8107261
857333,17337861
50196744,4279769
41081373,15455603
43521657,16642745
28165571,7391763
12465812,15269309
40116691,14831545
22774,99117
25810500,3408059
21250772,15600590
16103997,5830526
31952703,16022936
381072,8306309
262545,13467894
153418,14137787
303073,17243035
26482,14028431
57901,15049422
634407,4200019
6771684,5331983
102142,119755
281152,4346642
762504,23138
74462,15569092
1720099,1783576
2781816,7782976
76758,8442873
6313326,60478
394228,7769192
6289558,1051591
123106,15890
3788,6925118
50804,13776517
73932,16857084
324748,42110
1099648,2917917
605015,7107744
10810038,13846736
144538,8649
6578507,1290625
647579,1379540
300044,7558024
838668,6453465
108980,5393357
1207980,190403
108979,5014564
7824997,3342174
10720733,8059844
104069,4507090
6853895,5130837
10801027,753097
6495228,4254441
161788,852078
227462,83085
31488,836009
36559907,17082
601219,56019
7031834,4388953
9068791,4512224
6060130,4105961
622855,3519233
25624,321303
871,4042181
7224154,1348627
47701,3484883
9471730,374429
13448374,1079136
13424848,5833
1835150,79589
70884,2761947
15760502,33502
22908,87534
12989115,3125711
5148758,16304
48503,65137
111388,2860219
2332157,4414255
13627199,580315
888367,8685
12722,88685
2437710,12350
6462570,9222
6987527,9785
6184241,29655
935676,15516
6687176,55044
46969,311467
13222508,1025097
11717826,3530
6559316,990148
15757099,63638
8721183,1262010
17929776,77004
8441754,4370
13171072,7025
17206996,3154596
10331050,13234
676,188932
17346301,27281
36613718,33503
13159887,711
18239142,19879
16090271,1744933
2530392,5658
18124599,4019884
17140887,140720
6893384,4415
18362208,1367163
17453516,2761
6348484,6765
13059477,5144
17349023,2330
40884817,1433597
17978443,3535
25419982,3049
12987986,704
8035987,1742
351021,431149
563362,8661
497834,60177
17848055,6420295
33230173,27704
11323484,276660
13608643,85545
16401102,2063919
4736889,57461
18218630,8588
13455542,869
23783832,4721536
22594750,43784
14291975,8516
23650217,1023510
25107900,10518
25506341,16939
22044543,13026
35187179,25307
4600787,12980
24981611,5804101
97030,1405152
15993255,31232
22587134,73149
123667,4930653
22698031,5752359
780344,5085738
11280184,6436698
23434061,4624490
2445973,58
26252659,3532
26309016,7621
3591032,3352591
276859,363130
17783163,44003
24849422,5687
21981841,4176632
26008216,1432
455525,23419
31202835,28024
719600,2565
15704486,1448
29740718,2929
33375622,2751
23848190,8546
17703205,9057
25036395,9685
35910105,6872556
35068592,9121
40972942,12455
28586903,59542
34324484,10482
552106,66700
40227501,11586
60075,8427881
48780470,6916708
879299,8119768
36584899,164187
48614841,8377979
23784634,7353006
7039912,7246482
10567244,7944475
25903764,6567825
10040,5752145
65399,7012713
2932708,10811406
295685,644355
85326,8152045
220741,10315278
6561,8167946
68530,9809333
1976325,8628046
765172,6439440
6076107,8171797
817380,125308
6665900,8039839
272614,6894322
169651,13695109
6177371,5625945
4418237,13505420
418209,6521131
2439931,4480131
384962,8109273
59817,7191170
56083,7496678
7778609,7072888
121792,4330590
194700,7258437
8100267,7139136
9722219,4882127
133775,7335383
35961,515767
179734,6540645
491578,7122060
7789774,6519108
449,2803627
54076,7168230
9658269,1938234
300674,7031278
40490,131208
14347714,8695
2649029,81017
3241366,121825
768884,41942
283489,22548
618520,114266
291583,93971
244357,27621
11706669,55943
45386,363405
13591672,4376
195155,12940
7187640,5672
2623267,48557
146107,99044
6753329,22339
184356,8734
16157776,123715
10454418,48913
11849067,14473
7249522,8719
16280717,6001
6164596,4610
17181677,1873
17133068,12470
11889938,16927
10116769,2887
4369839,1402383
15989553,7622
6577337,8258
6097536,369288
833312,5091
10116463,721
275600,9559
17877452,854076
6465456,4952
17879095,2749
71149,1377
11702,10289
17612776,12605
1105956,410418
12388631,361963
440111,79922
15830010,432859
862311,2983974
17033173,65189
8869236,4859212
28012,11672
15773979,3452783
36434,11291
18145294,17595
17334991,7064545
42435,1462
18388177,4470653
6397935,49625
133238,6485178
62535,383606
17970255,4385839
6203048,1895943
19461580,2940640
18839746,1063732
12578370,8988
9373152,28550
11970747,5769764
41538,3190846
76688,153732
182587,40881
10569269,2096360
23209888,1310735
23353850,1395810
23345583,1831
289029,17623
23494599,3034502
52184,12793
8542839,233619
18505844,3953
18077752,4462369
18077769,1401
146429,1388082
17278396,5031312
20890479,4339
20801166,7625163
8493681,3510
24088823,7116
17333289,3489
28483931,2812835
25816447,696372
45694,3165706
859887,2916205
18102827,5151
23203744,10665
29059405,12452
20640467,4108184
183015,41878
3453791,7275
17679368,4831558
32316602,1280953
9496620,6942
12327052,1111602
13343752,170658
29991719,6039100
20926065,4340281
22819788,3379575
1542100,5416410
11979900,7181038
23492533,2156112
25330544,5158465
647492,6473923
10433091,5286855
6490174,7033774
28186273,4971535
34917666,4418815
30256105,5234997
34218224,5934418
89231,4946788
6225786,5784345
42141,5626443
23019294,94091
36840397,106453
30223025,1307342
34433755,1463436
2590136,145926
1286453,2936539
29589074,41542
11852497,192549
9959373,2958986
38216157,386042
6021526,1628012
88071,16
443765,7902
12540,670859
122771,86404
669305,6492
1847329,1413437
499150,7949493
9298,5046867
142108,13613071
6348889,3427995
339443,5822839
145391,12667
248533,6453983
15450,5622888
2283433,4730894
458450,5309857
28920,6534462
6855506,36615
33820,5274234
65053,5272674
3485562,155717
6366110,218843
454950,140329
3280113,56700
826564,3362
7320458,67939
7134202,9152
890680,9720
47905,1353301
461627,72237
9872091,967839
146128,13369
61901,2560
9790396,9002
821964,49
300045,93970
10419436,5768905
18068693,330967
962955,5444795
39799,4948810
71864,5145808
1013883,5188888
143511,4027380
723558,173491
526869,45922
469208,13591
12407853,18235662
12143472,374590
13562547,978484
15916,3095878
906024,3200239
263466,19954
79550,3105432
10673576,146628
23230,4025590
380887,4416438
3282557,3508354
4732517,3100203
196417,4124788
507069,3111339
60756,3429117
102575,4445700
2332154,99836
13664,347385
15307498,28756
290,777173
12723460,4902564
11700333,1294984
7669259,6435350
7343071,5398028
8563829,20983
13324895,2741079
741635,306449
15762657,6422281
6310782,7056140
1369831,2856948
16035,5214793
18422,6459302
163265,2882485
2414750,5228869
20653878,5421050
577184,6446604
6413374,2704714
18144009,5130089
11175115,5174152
22555753,2413
13062488,882738
13258121,20842
140099,8794
10822395,3249026
18667437,34660
17338675,3080
22571758,43186
22374443,20730
312881,64280
22070851,4611175
748164,17293
1075635,7941
22089601,317354
61354,1916427
36279579,83308
337537,3167424
16160701,6475976
16217670,5804792
27259009,6654493
22717015,6644044
18760264,3112212
248322,6521173
18509683,6860574
24784035,25376
1617191,56353
3933510,25883
18392459,1100593
124983,8389735
36373647,25375
256234,221253
2392841,51204
28319471,160069
23002501,3396842
27139794,7177350
13512946,1956402
139724,33773
25901548,33919
45183,2768002
944652,33918
26128174,5780686
20736640,27167
27912522,27276
22010129,3365457
30095464,5599
33573674,26335
31139037,106463
38456737,598299
34513573,2040815
39893545,9678
28943950,11121
28692401,8622
8521879,29527
40848659,38301
34390820,2885224
22571629,90070
905092,7628
26123021,3163298
16131032,364872
7493186,29471
9753375,22506
25852870,46118
3060904,290189
122126,53574
337132,4044383
28463,1005935
77431,2274221
523151,4118351
7531,51118
6216433,3387285
142442,3505204
3297175,3111338
624672,14113824
18392,8588143
85855,13615246
3474905,15194090
13996,8436117
307079,13987227
958277,5354687
10505,14155920
553243,1080169
508098,14852052
613268,8512303
6764787,4485813
409015,1312879
54804,4530256
5586327,8440277
79088,14235866
86524,13848696
5943093,14031468
98218,14834224
1002539,7055613
9858504,15127507
944211,13525505
97408,14674797
2114086,14358948
207802,15218531
11345170,4615776
1027982,13414088
684509,8196241
122986,17120246
19311,17999118
263731,5369307
760924,5347676
8409257,3131761
9327053,16722065
246035,8587
13060609,142270
9077707,338705
900379,119933
9674335,6378
7202841,61659
6014989,18684
6120349,113844
9523250,174708
9057190,4106
10088219,344618
5936731,2938140
2451604,27318
9843424,359109
88340,86265
698034,272814
97010,38951
16076787,5989
1249931,5255014
7005479,3393956
1533586,6544265
9279734,8178
10706934,7963
16170522,5565007
8213686,5116849
13839194,7040319
5988580,6899829
1804074,4714290
15808474,6480195
18487297,6568822
16111549,6226401
10000191,5416819
16305,6551996
12496,5808070
18667718,6525134
16075538,5829491
141560,87104
13638266,5042085
16054252,71479
351,5029571
187117,1039943
18731338,5878124
22084848,6540287
199854,150482
102806,4849861
18893988,4400967
109889,4435742
18215802,6522690
25623,5436451
6931246,5819163
17643,511372
1688670,4788217
8163722,17142565
23637440,8472193
18298890,4097828
25067570,5095502
984859,1958588
17080254,4875841
16145672,5157126
406849,6441991
508988,5391254
67938,2767837
23935182,6517460
715995,6521898
23012877,6599635
206644,5423648
17262366,8427107
20702025,18002228
9783200,7094314
29547361,6538202
20787232,6870069
9690276,5763676
18070753,4831831
20604371,6466717
1265524,6590457
25526965,6446815
32473957,5255580
29483166,6863360
33099588,2952211
33643994,6580347
22283878,5180626
132122,6568302
28374062,4724550
17287021,7105371
25756328,7163319
32601841,5784542
387373,7375780
17838528,7445352
7117551,8421372
315511,99642
35434,1375073
1652357,2951796
15990928,2949594
25877663,2900815
4506536,2946462
3760,293603
5985369,2885316
45891343,1254282
22924178,560012
50843,4667368
18782545,5416090
227481,3471272
96334,4106085
407234,4792225
3094593,4750309
15803037,4718186
60200,5044405
6048335,4737695
2164457,3319171
223556,4575368
14009,5430977
16176,4735144
3576176,5322924
9919,4342615
1329570,213659
1488157,103615
40271,4575326
4328472,45927
691014,4983102
1241534,4824952
7858034,3517421
645260,5560132
148208,4074084
523795,4928927
11657,4873609
7686654,4983109
389525,4575379
7632310,91168
5979401,4949584
4002159,5287439
963680,5139707
153612,4651111
144006,4610401
9550620,5191012
13278242,5257588
3929671,4632961
824204,5040774
51299,5130544
562795,4094048
28256439,519824
793298,4134859
103525,4687048
133547,4949972
6681523,4807573
106125,4826
215686,3892
157685,1002
23968,9355
7937510,8993
278794,375
50221,10356
11290708,13078
19577,21578
10305231,3222554
6796044,2122
987756,824409
156784,53259
12648447,13778
8526451,3406353
17832472,20357
15853208,5754446
30362,6649
6871031,3352
5465901,466
14015,823146
476733,19405
858719,28345
17449247,3539
10800955,6191
44882,173
17332551,2916869
17670941,7086094
7955881,4349837
4929272,11746
18631820,1441
476909,1112218
11256293,16560
2138584,2909019
12260585,2875124
9134923,1351903
20943489,1489978
90260,26163
6763730,266461
1408083,14080
11587338,342135
11288619,23607
8067414,6243
12392681,17765
18808407,10263
18798578,16759765
13563068,963811
1228439,7084
23914209,1476
7933814,11395
157551,3277
15843286,16201
17289061,3032451
22716194,16541
25573977,7113
18222699,776
2310780,1563
43268360,15402
18514068,6437238
18487675,15877
1320279,21559
28493748,13360
18710209,785914
30263024,395812
25564665,22004
1307,7982
26154406,7372
7864243,1847
26799006,16494
313277,419
741480,40820
27223433,788461
38300,3317
135060,8458
34618190,15332
30969741,256
815091,14053
36595101,133538
39793780,1124
27411345,1116816
32926344,1899
29233804,843200
43841234,2782
7803294,14041521
7670390,38329
39663233,2824557
3930100,12733
41150483,6577
41945163,15450
1482022,27861
202206,7108778
71316,4788791
17726,3162
349681,21346
175319,29671
30333,193
154423,73337
169334,66186
294817,46204
41502,120341
1268541,7518
7029933,25838
568093,5086768
163330,87184
95242,42211
8529230,18067
6788533,28574
5982569,41193
301820,88445
846613,23890
1542405,285217
1542403,16070
7134201,410680
8752457,228089
28815371,6188
6041471,1938
5075964,18317
53927,6172
353342,159
7544649,232932
11283775,7440
347698,1481537
10669,5132
4465766,13847
7353219,8249
288962,2730977
9757229,1438
1797166,1633234
949709,546979
213206,7768501
6708511,1139632
13338730,1025280
6952423,966321
96037,16967
3157876,231914
11010251,17055
87632,82453
10778,126447
13634880,14465
258569,12540
1512007,140688
29923,112892
7507920,22421
156763,52601
13533758,262262
14686,7127
12924188,26874
47572,7085837
698,6589431
34605,7223625
4857779,3213942
18044418,251495
12830117,992351
13540215,13311
18080500,4309838
815173,2774856
6450060,4493
2182780,848
18111173,108692
18683518,584702
18171248,2778471
12924379,30691
13436384,12665
343662,5944
7238737,50303
7743117,19794
16405,6200344
8050771,4331713
116925,7179522
22097790,6902888
17902141,8077668
16240541,5356562
1307394,7068373
16074748,6868719
969269,6526309
18089942,5761611
6393082,1808111
18635113,7172518
19081402,4558309
1212868,7013486
31602,6950900
6729300,5890982
897363,6561688
17920175,7448521
25785357,5872743
18829666,8446330
31283058,6888212
20613624,6938994
25816163,7388591
41818,7235737
32324555,5216431
1961314,7734306
34037113,12712
37683751,47153
30025336,4665968
22429350,6579843
35297394,2925644
35820633,6583811
26842622,7055294
40128517,4712387
26030734,4399719
43582733,1219600
1039182,4415109
40916679,4774430
42965318,4605878
18743370,4719619
31862,3378915
2011,6644323
348632,5806102
833060,80984
68097,10366
199688,6926240
135158,128447
6311614,12577
5841908,18874
98250,8050
6402991,132378
108713,12505
48203,13388
462658,10909117
176755,588356
268437,16982567
13486918,16527452
123557,7707972
5711749,15298200
2726569,14469474
315519,7047233
3195992,5833089
1975322,7703847
6113697,8056539
5178537,14324685
906015,7359319
657371,14112802
7389741,16100168
313631,16855179
3235139,16640489
287630,14584166
715428,1074989
880271,15945524
841973,588
2185736,2983296
522782,50264
82104,144344
25843420,284450
7717938,8001
6556855,53988
12759057,101108
8526694,361715
4881647,884168
2024223,4852
613866,14086
6334523,4631645
15985583,126807
7940589,3522611
5762055,485543
6957498,3396410
13271555,7162002
6751761,6565686
6066819,6879912
240162,6857154
13449677,7151069
125424,5160667
1970449,8119270
17915542,871368
1476260,2774398
17560038,2463923
78970,36378
10479750,1438668
22472,1410883
857213,1479293
11333934,636118
91487,2729046
6130845,1532329
6343963,1297551
1781673,1503841
149049,5835922
6476461,1273315
17566144,1270413
17448137,2521651
11196694,1499778
18263725,3162181
11274192,1856386
10819228,1039846
8725909,1480957
11625,3009628
9962040,4465322
15740944,2864016
6829930,1244209
7776251,1270552
5055737,2879088
6091497,1452948
95431,1108381
20749607,2974
17227209,1503405
3401640,2993185
1830571,1446194
1272848,75055
68143,3299717
7845973,70692
1061557,2499187
929901,17863957
9646927,6466154
6519813,1268083
10868182,984651
186201,1304524
2741766,16083673
203899,1202066
6419180,1335181
13589866,1013808
161653,1633682
12649,2111680
25175898,15342319
8626241,1409619
18957,814936
247982,8076193
25793186,871371
6024532,5131118
18667945,7792274
297929,7265801
22718736,6208
28220826,65318
23716995,31845
26211806,10020
34342049,6819578
35215900,1327946
167040,74189
35747029,1159886
29467232,23012
87224,10885
46041465,1853305
36524503,4797485
41716929,159357
36404612,10017
770614,21798
124820,2622245
226315,36556
14495,10122
29567,14190
390305,5548
53168,919
170186,125792
601390,158904
421869,57651
6661489,465
6670514,3072638
697251,2192
606250,51746
5598819,51287
10327294,23510
179166,7994
16982,15321
768950,11038
17646,57639
6609571,135106
3818665,9810
10757817,14424
9988704,29874
2138127,1771
7243508,1048676
21182,879
6327239,14551237
149852,6104
6013686,4649
164236,326338
1003725,61565
208916,12915
14504,3212742
7842653,7278256
11995136,64216
15773951,13014
12852262,273399
13541019,28544
178493,237194
327257,6423103
62805,3194936
644009,6581077
10950666,20295
10356760,502875
13493463,29479
177395,63659
11968600,32278
17727,3305
41487,8933
3609537,7176787
17820485,1155463
10687840,28083
13414402,7415
10618,53193
163256,14002
7148256,22645
6760780,8688
1238684,298438
10537195,175329
256003,6944
305438,7210024
196612,77170
184591,19651
9568185,66622
15789443,5189455
15835031,7070007
10813,5116245
22460646,18294819
435643,5137209
1007172,6940334
40411003,18272391
20550277,4893411
195144,7553558
21973254,3023973
18505836,4114202
36279704,5786511
31082843,5184237
38424,6907993
251633,4092090
323172,1138074
15828447,3460411
826852,4015097
149418,2888174
12121575,4904383
20492184,10788120
158417,8343145
81078,5762295
1561628,8265262
16001623,18132401
8520609,6590097
16074843,4414284
1111741,2917423
13542990,5338829
18491251,7868651
179264,5121644
23534,6433390
15757486,4052252
17380601,2919033
3246224,5240334
1146743,1219684
9925397,7264719
24727103,6860531
17401028,4727364
72872,6573431
23627080,5246390
10778761,6518554
22875391,6554179
6900824,4191700
30367410,7427793
1093674,585244
334227,191456
454,6284785
1911404,27206
17210598,2599416
23512999,6162355
13083008,2958515
35181374,46138
5985374,73789
19256975,22543
117365,2762
937106,6889132
11436723,7235297
400812,5276341
17852667,198623
452235,379444
38890934,724724
36047860,10006
60030,337831
25108061,303833
34521785,5895074
185404,170520
17402288,7341923
24612118,2765438
200335,3169806
1525997,826097
22195,72678
210250,4610078
4926,153742
199686,4836172
359581,274667
636454,1239645
690210,21701
2399928,3379695
202224,270479
804698,1111511
363499,4379470
39346,3020684
348823,146797
63742,322069
505352,2059134
15790912,8154595
271262,1238
2939264,8526768
36162,5816079
492069,4715676
15734163,6426921
9893331,4565594
4504870,6153571
430968,4251995
455523,9291
11781,109299
750609,12504
3430165,15856433
37304,579553
2964456,11014364
334012,15011553
294416,7710193
4703427,4135488
11474158,7512686
10832326,16817128
52801,7034280
7824768,16541001
293500,11573940
539904,6580285
12889342,8545130
112525,15450609
484670,4701504
12160934,14671253
10172939,14926516
6406017,15941035
796267,6610348
772716,15066301
15015218,14684499
12995233,7391697
10637834,57229
7876746,3028
12376304,5050207
884288,7103
13056868,4770
4369837,183819
15805442,19316
6440051,7111
5982447,13900
6047138,20062
143250,1429989
19165476,114656
766917,1803294
9636,7349406
18350798,5005420
16376,18943
10535458,8865
22692740,427437
21947191,1054
13642704,6574370
23202,6582
770265,7215049
10837174,76172
41014989,788947
17678661,196092
175328,16652
15161,11728
967294,6520230
44014779,3116624
56627,6441218
21973270,46245
24324198,68200
484122,17435
6764886,3503
25467698,8195738
2696181,7148752
6591581,6869343
30625170,7150768
36071,6655354
22736613,10780034
28512486,973
580282,1089946
9923549,6740729
30254923,399
4143812,7276512
22693231,16154
29479572,3369676
52373,81096
38371214,101078
785092,2905789
42505366,6561851
7306310,230650
6083214,9059
12381,177305
21062,7124995
535785,8355
169413,4393396
6290240,575968
716872,4446076
3874811,243598
534733,6223
352,4152894
48811,73754
219417,99119
100100,3512875
766955,4927506
4894646,8564
969566,4842750
991565,5806657
196141,84222
15433,28375
28687,19971
91076,389599
35350,34820
181440,6134
1030384,22694
25148,3506
1829655,15558568
209693,137386
6249550,1375697
545981,108693
891812,68871
8541234,249843
18789,3099087
136081,5390719
90229,7540
19674,291916
73574,237175
2065091,133364
1087403,1332
6589111,5345
12111823,15044420
50451,25477
5168689,54201
11978250,14124424
299758,8597
478628,145946
5063647,119830
8838886,36175
282356,26878
8045080,4099
17381391,145092
227778,26875
6839917,133908
4135863,82467
6973752,5168809
6760793,247709
10965813,7236797
106126,6996431
16349,7041163
542061,7202043
270872,8154896
114122,6593194
9606839,6948816
15724014,7077963
10418404,7133062
205041,7076627
96082,6969980
4619263,6888652
327255,7164331
845150,6572366
3265484,6653786
1162185,6980189
10867262,7162059
2889121,7102407
472580,7221218
8960483,7222748
8107779,6921962
3282084,7171528
3031309,6547659
13246736,7123141
16101121,7256452
12252878,6930056
7123161,7059622
23016909,7181481
3023,6878970
17455811,7233596
212622,7046321
19055104,7084780
12411292,7060187
57858,7152850
19732381,6553256
22074514,6217503
17932320,6949287
16148944,6872165
23616238,7091608
18374991,7032185
48019,7112180
9959448,6089757
20702729,29085
1868171,691
1559509,17613
8787,4693729
17800786,5138153
13413589,603
10314376,13635
21459365,4585652
7885894,3174636
17852690,4195533
373593,5154295
22494969,3398274
17399338,10029
34023590,3429015
31935106,5777960
29346870,72451
822338,7121418
25916829,63950
36421604,2949152
29483100,15463
35535454,117582
41160292,4051426
23566799,5575284
35960060,2890051
6987093,52047
4318,16964
14000,2310121
190999,1161372
96123,7278507
997897,52050
467573,2129854
2164409,42437
239848,2990843
613727,3488176
77398,1302285
867162,7054725
958158,1029223
537107,387285
14096,4533371
907299,5294594
6076864,2989576
7901,5445024
6641796,627156
530385,5044405
454095,2614
94673,335919
90334,1049
634117,7995
1470232,656983
5577077,121072
708465,4841825
125958,176326
631243,2993185
60411,445303
9166559,4513317
30010,4605557
286879,4811802
12327566,4721654
9794942,6440498
7123181,6767293
9853855,18132401
10221138,15856433
8610067,6551996
55751,6158051
146123,2654606
19809,5339130
4857538,6901016
135617,3370555
50718,5129673
316558,7112180
278316,7183346
13115556,3980637
13223523,2408
12224527,7276454
33553,599916
146548,7159360
268559,5997227
12855784,7373567
13506310,150038
13144142,15560
171201,7520984
1282886,7151973
17504320,2876763
11550,6547659
21119,7179953
17789633,3074905
20958091,8426654
157387,6590097
17800817,7036109
12358,6983012
13533656,7792274
7969618,1861991
97042,4529674
16177185,4330590
7962335,5140393
15812779,5266193
860979,4496779
7114671,5228869
8437667,6539073
15726915,8306834
3851380,7223625
200544,103359
17798475,7246093
139421,5785925
601462,7162002
1961495,6474204
22066090,6896405
22583196,7047863
670906,7113521
6609764,375143
17235448,526115
18103807,7152850
20980987,6446815
34236194,7353243
655,7036526
16068916,7305383
26008840,7873610
28689742,7365697
736392,6519108
17287069,13810432
35757880,5131072
34594982,17287
42832364,4480131
35064160,5437976
30231806,7178194
36199084,6546441
21898627,7086704
16124802,4318269
7202829,6104410
44527037,6540645
26622595,4912047
345474,5625101
1938126,7313508
1039917,6458460
616694,7172518
366835,6996431
61152,6422281
400329,6888652
942335,437669
6966343,7359629
24985,5318290
271264,8306428
269713,223343
40450,6554504
170171,6879912
33297,7122060
3408199,7139136
114188,6550220
6594657,7335383
2017056,3414533
163294,7094314
7706970,5174152
208324,7242823
258872,6551005
11297376,2870363
7957603,225455
9728761,295178
7081,3095919
1768212,1049315
425898,3125711
874419,800019
8483233,370361
3692151,2891665
1186155,363405
65686,119848
951060,25422
10773791,3095878
6506483,2830341
363409,4611069
808627,40563
5136,3095893
54606,1330287
12954783,63983
15730526,8988
45000,3378915
11738736,548551
4682558,15872
10564983,415967
1157924,7581
47207,2946462
596963,99117
14295,4415
11352798,4260
12680998,1599723
144896,164187
26506,3016878
202061,1499778
3420140,144020
15756383,56019
15742853,1405181
16234269,137902
145664,2966488
1130964,871368
17149158,1383409
12651,3462566
13422740,200317
18163529,2732850
3923073,5835922
841077,3351454
366914,1051591
10378106,293603
6348905,1375008
5149091,3474687
761023,2973783
309780,3200239
17978489,2736027
13187824,3780
5983930,1297551
23597311,2994581
20932811,348878
18889246,1340291
22172410,588558
1706794,1318
35292712,2096360
21860884,4704809
20613761,181668
23129839,456208
22574709,2729046
26245098,21911
29527405,190887
30133127,1059425
18655516,2885316
602398,17015
36555,6466154
17333322,1244209
34661469,125308
42347837,75055
23614241,2499187
131179,274533
21953991,2760505
31842429,359109
43220998,56224
42927050,36122
42063845,2754199
28581362,636118
799147,941441
2474116,4959901
402456,175855
46277,1443712
196714,2755160
10134852,1628012
1392877,2552821
813198,2729179
36320,4466615
3124249,2761947
57412,51118
5711714,2936493
16810,5339
127437,2895706
33774,2736801
73930,89439
7280026,3023658
517570,2463923
6698199,3027554
131374,1330292
17978961,1304470
6747545,3041100
208909,1633682
3029879,1479293
306608,1273315
8325092,696372
2711,1503841
177434,5765372
1292495,70692
802151,6542440
281755,2974
17833834,345869
501960,4465322
2795347,353134
11450591,3162181
10927210,4506073
6413473,6953498
13061289,6693551
827358,7021276
11569419,7072888
111126,5214793
1251778,4601855
7311907,6538202
13513092,6576110
169354,2987
780889,5752359
8547530,7141792
13091829,5255580
16029994,6265027
664947,4476934
14027,5934418
419562,5430144
135486,6527314
8573642,6568302
823045,4562483
17735785,4575371
13414835,6535659
17167230,4887264
20831142,4872191
12088102,6550037
3662751,3112212
20488568,6473923
19397283,4851199
6668592,6554652
78127,6556689
16075935,4039811
20927261,5784345
20739284,5085738
6614886,699143
23261332,4725841
17383934,19823
24657660,4907787
12969593,5959003
6314763,121292
6250529,8343921
71456,65864
22882816,4372391
18463,24446
23395677,4464118
18160436,148577
20808520,13454
17230847,61657
13409664,3420
29099795,97200
23129923,132332
23209924,427164
26529699,38240
13455534,80667
21251323,13957
682920,83099
30653720,903992
35277384,3706
27834600,116858
28600081,1630
21897095,505867
267013,945430
131177,203311
23310699,23821
33784283,156992
50183046,15662
30809786,13663
33807229,43740
29519517,2041
25893709,70750
29358517,3681
4002165,6207
278261,5411
1087075,98320
5127683,14617
64533,93970
828483,274222
191113,155829
840610,3618
58854,47312
832225,51535
5187,6558842
351501,221559
58335,116504
47693,23356
8437913,5310
47570,5300
6287072,96375
5957313,9263
6782412,70762
6149219,2493
8853482,37836
11023944,37202
33725,1194868
317504,2003542
8177852,67810
201111,5817
5757794,73494
5569027,117775
44133,10003
7823797,10105
10814693,7308
7737902,3449712
13122090,7540
27533,10652
13112023,8349
67243,106
91989,4174
9403947,7536
462981,8924
295184,12942
74821,10896
28664920,3093309
202087,1036736
9471031,13677
8724779,22414
7101705,61707
7580,1069006
22233067,7717
590652,153394
483103,13608
9275148,47672
14069,403
6472881,23509
11653,12696
17402901,9640
452177,5325
15777283,1315
1487623,1949
387348,99849
22227607,4273
193408,61105
16179216,2713
2041234,4057
23164931,36746
20549288,1954
35613533,175329
16529,6846
24834186,589
23002653,29182
12700337,26946
18190208,12521
240236,6412
2174486,1244538
14781201,11633
17269359,6810
25387393,4859212
24481697,10074
17448097,435477
69681,1077326
17779550,18
39892562,1825
33621427,762707
38389488,6569
837812,1373880
43236285,874602
34705684,1654
34668234,9399
25740412,3472
32319718,3541
537124,3510
59503,68481
620688,706255
239830,9432
75643,1339
50849,11291
655601,2526
1441484,973
1035847,27600
2981807,173491
39105,8649
69935,128607
14428,4999
252502,17623
672725,29535
381355,8393981
308540,29527
4951108,588356
874413,21982
563782,7130
2365730,881203
56331,27069
6304329,1265
708549,3534
9554,5599
172258,25334
353938,861
565595,6085
398674,5350
275505,3506
95144,5132
7332664,176372
7041638,1413437
174329,16
10815267,13234
8857585,5246
112098,8249
75479,20560
98049,27500
183683,1011
14289042,6039100
28377,8108373
7537072,7728
13549677,31845
12408149,8596
13037,6765
61463,1432
1822182,25022
124524,6125
646195,2238
6398385,626222
89313,2730977
50466,15151
972533,4379
14635888,7380
8942063,27341
86160,73812
13359067,108281
26348,12534
15981711,6474348
6294481,43625
426775,49111
15559,51204
17934647,19169
99738,38982
17289560,1276004
18168007,70180
6201,2753938
823810,16094
67864,129426
152057,205
23955580,10517
716132,16667
6383472,25375
126587,128647
1691271,58124
23527476,880695
7882217,57980
22838232,65471
924848,73419
27917977,8077668
21851572,989968
26114291,2795823
24644814,8794
16130760,56
33214382,6572837
27422533,723256
36497896,48960
24529123,7211936
8765,41942
1393717,8389735
9533,304225
28511883,10992
30238163,34854
32999129,26
35380157,12980
942336,38631
15435,56353
38673,121557
588443,74519
2136,19472
3686,4845
131525,4477395
183087,4763
33737,1048167
74720,10518
358355,3231
214091,6417
6914139,3441
529126,835348
1383036,1967
6150360,72039
428287,3389
8369681,14219
349473,5807106
2896122,45315
99486,24514
3039305,274225
1105458,14078
3400816,947
6419010,15905
436609,6252
25017,8842
9471065,108424
1270615,3365457
11337189,235
398978,33503
2530347,22996
3660324,346732
13549869,16204
511627,7779
12987192,2687
8478549,9020
13345975,12479
13518793,92881
62772,11628
790192,55547
9487114,3617
15544715,545
127975,44037
181494,3723
6452663,3137322
17230965,159563
17671114,19405
88009,12476
15797097,90845
12805115,426944
7936528,12691
7737900,1094283
18505832,52320
18400770,2093047
18897440,7577
70277,99126
14062069,275734
5988117,18907
17336072,9800
15777279,4785
9653814,57239
7113292,26643
17349153,17505
18668059,233619
22449572,239579
12654904,5073
81196,154108
21420473,1055
25537669,4917067
246225,6225
23208406,498072
25330489,13360
20525628,77190
18343413,580505
7799004,22580
746673,19708
30613790,50110
15714133,1730
1240131,38550
21897149,11121
33837985,1036615
34530003,3505
4885470,26496
18622809,4739
38600870,58
16086351,4187
35271473,749461
7381581,17434
35750305,173
1424766,12806
1699498,11188
1688598,122741
200137,585
68021,140547
11433,432
584637,11636
59,127176
1743821,1571853
112646,4037220
477990,83003
766805,227026
305854,3953
71784,2939184
71783,3509
2475768,3536
6303855,30703
8487352,2617
8488492,5144
8597275,126839
79202,128382
8737174,3447
1523598,6637
6640070,5117
3430166,133522
11201519,4339
1020102,19654
229145,16747
328813,5989
32446,1624
49838,22493
10329434,13661
12872080,11081
12245809,3724
34282,27420
8527904,27857
13570791,1194527
13260060,7565
1853629,2782
708694,1803294
1033957,2894
13024589,102203
389827,6900
216213,7195
165555,3720
1239698,972216
10314229,9459144
13582068,4927506
10658664,7024412
12819342,14469
11362198,338268
18046658,3509474
17331289,7124301
13557662,64974
656836,131
14978,6704895
15833525,169656
12924312,7182576
425891,5056466
9741685,772663
21948661,635608
15749143,5108399
974122,37140
117031,4686337
137235,806500
31554413,6583
23598469,8030427
18874773,42919
24218164,5023
16045140,7267515
1142756,156327
14744489,1692594
909257,4143142
692935,7125422
24308122,7271055
63169,382356
110077,29471
497179,2789569
6428189,7189251
17228280,1074866
27507850,850093
17574849,4795055
3188964,6526628
17305016,80212
30199357,4512899
13542560,71311
8479681,6154476
42832506,4981568
30145679,22067
42645702,3242814
25876993,6562809
15808816,29184
70489,148847
43307358,7115378
28688213,713
376160,3024821
183645,1397190
546721,485025
2035791,49612
746255,5222030
71677,7155436
42694,8180726
2615008,5052587
924094,23613
79379,25765
37387,1219600
294045,11630
2947312,131724
10066,4041697
2761,3502
1143641,6897266
291488,33227
71785,2974095
112872,39621
87218,2867287
93380,4711
10305,623139
75703,9987
2124206,24655
692969,7231634
6004667,69003
195806,2958084
830364,541293
27298,6459302
2583921,7063660
2544,4831831
10886642,20983
1140698,6571021
185911,7503278
833253,6994378
7242100,7023103
2388426,306449
676679,7759811
427252,73977
5709572,7102407
8513841,4340854
9504214,7738947
113110,6421828
61881,226816
7242757,4838933
51210,8049898
18932,7091608
876361,8446330
74928,22159
11890816,7164384
406425,7271036
12630405,2613
175040,7087549
11685242,2882485
8860297,2856948
3482609,7045140
13455417,8052607
12866814,4930653
15776941,7255282
231599,14808492
6138016,7258437
210196,6875794
6572270,7391945
1091318,6574132
16038973,20248
982310,7181481
1153501,4882127
6321845,5130089
13521501,6476625
18455548,4586597
76234,669810
22021611,7164331
6523443,6860574
18592913,5193034
13536649,4428
22045298,5829056
1956954,2965489
18478946,2704714
6371905,4062698
5514234,4805272
23381006,7114580
126005,7369643
481743,7203641
28002,4826501
23429820,6521173
12326627,3379564
30163876,3190428
25324132,823146
26109391,4124788
13130275,4221272
295198,91168
31422889,2839407
28818314,257093
1434318,1348627
4526009,4662744
6468870,3228055
7314405,3508354
32024902,4127279
64394,2916205
9758764,164576
36097619,5040774
2905807,4342215
13548945,3379695
43720168,3111339
18375252,4336590
30312700,1217665
20443529,6914204
129131,71688
638603,4416438
1087184,1857564
13065,4499623
381713,4432824
47924,5253622
122947,3165706
481550,4949584
209390,173493
769016,135786
138097,767547
582533,3486415
734191,4902564
62471,566874
112874,4692856
78674,286059
71787,93526
99461,2958515
6135576,3406550
8138232,4279785
451220,3353516
3375897,2232265
156565,18880
3295696,805184
7036997,3429117
17487,4983102
8492,54201
10025007,767317
20701984,3220024
9989287,2812835
13318633,4632961
187799,4086715
13380138,5249972
6197,3097905
10335701,16304
150236,1406384
6405929,4718528
839077,504038
7671562,165105
116988,157146
420744,3184722
11512688,4025590
8113994,2715
16762211,4684322
8101452,4637369
29881,3290920
49176,120401
38505,4103366
15774784,12542
125542,2987125
2353037,4384465
785003,4018722
119512,39412
6184283,4116488
18051527,20411
945276,54751
12924261,40507
23361194,569
15835685,47499
17137673,666152
17235347,3275
8192391,575
36347733,58851
13478341,6590171
43924,269069
22555545,15830
1519478,4007
6320247,3499
60364,7128
21488711,978703
17332968,4370565
69887,615274
19138879,16272
22822928,211268
92625,16218
984561,49229
45894065,2226
23399287,1421619
30992254,54493
13175692,5918
20968,305400
28698224,1467
22567184,22665
28280863,28186
12442,815
17412749,286014
36195139,24556
25909975,11466
35704318,1943477
36344555,3220448
22552026,8841
35235302,6093739
25733983,3369
25189315,577199
13586891,203233
119837,63242
172691,28345
148780,638308
55304,4230687
13760,31428
2586771,60159
267869,1305302
1419406,14594440
194003,1637550
11430,4343092
8532,3299
5098020,15322
687215,1040250
573326,2616
33613,36913
908971,15165240
76826,3119
6389874,11271
7554826,1417512
116378,21046
5955666,6549865
39978,36857
46723,1113469
6620479,46603
4031386,90
28867,51589
52362,3539
115805,68552
954303,3989
7432535,82531
6940291,127875
4580,22496
8789318,43028
9712341,5989103
9724798,93353
106346,5771483
13486553,89095
972877,63189
14811943,3670
105548,6134
359816,359194
13511668,2908379
9484900,7123498
16277248,4208569
7178991,7116
210201,2345
11547875,243395
17664310,7782976
16170625,6247
12081652,5095502
12052,7087082
11019938,5285502
10105459,4996827
2729221,4728994
17149088,4607856
13007638,4951964
16207939,4492558
23603,6080058
67397,4836823
11115434,4115682
924499,6517376
242793,2845738
16071748,4097828
18809484,4904383
685606,2731702
11022222,4666971
22469201,1125279
31179729,5616418
12265635,1054908
43662570,3519233
176332,4163056
36621586,4824985
26087510,1958588
13490570,5021072
99328,5934422
42121526,87104
28391654,5251202
15858,4455366
1881973,1378521
65030,5169670
144758,5758946
202292,6592273
5957923,15481463
11428,5014564
568568,13612458
614558,4038165
568104,5198413
1129283,4325564
470068,6587449
291554,5258872
24096,5029571
105687,4700629
532069,4784496
124718,5445209
376465,5762295
92762,5038699
8068272,5764521
242201,6540025
2985546,7536711
7092507,8549468
887201,7540479
923404,13980964
3134981,13921633
11205804,12605648
10637697,8041886
490136,8623147
165818,7218927
7823600,7811723
300932,7705004
225343,7327341
3407345,13748096
542953,7413781
41668,2725867
6146985,8186033
2505836,4530256
31352,7360516
2468062,13442212
5932370,7944475
5041503,7369504
950018,7277717
9622286,14124424
44456,8596769
9553614,6926810
37338,7827599
142460,119888
87424,8111018
17846011,6160
69006,8206823
4526759,8306309
33457,10788120
16119090,7224014
3418598,7244154
13145654,7337010
1999475,6470568
13589123,7213197
143999,7094711
16171461,8123144
18552831,7501918
5853401,7394641
857502,6468876
87265,8588143
9706200,7205246
16101018,6766849
12386931,6542320
16144868,8107180
1805208,8660
20871425,8473856
22237681,7303978
91202,8054196
250824,7359318
38703,6887772
6295267,7124792
23476097,7222174
3438447,6693411
884536,12089485
24866,543716
3287351,2747732
21570318,7267262
22573856,6983061
89376,14759054
342994,7267239
15748545,7368938
20561916,7214756
851802,7093630
328181,7374721
24694092,7009633
12014,8152069
18505796,144323
43352954,6855918
28335696,7170939
92576,7353006
17339558,5295294
42143,7577278
3637,2126339
82405,7579036
1024724,5806657
235662,7224009
85795,7105753
297186,4419823
825377,5557309
225385,5824220
68098,7074943
95660,5834609
727578,5823058
642914,6525189
1801066,6458922
57981,7179522
228990,6200344
158778,6862869
4950,5556678
175246,6876
478146,6583811
1567544,6438033
13409405,6421055
2327958,256
9682277,7069336
1112404,2331
6349976,1461
22215757,2778055
123768,6644681
44312,879
10714906,11072
7937776,1455
1312502,7285
1030905,4192988
10337453,5280531
567667,4116
7707538,6476977
13822,3521172
16599,5223
4201106,3297510
92769,682431
1020674,5020443
9619,7817816
13432620,5436451
13584400,957894
15767996,431149
18007532,903
182464,6541966
226113,6908388
29393,8164
148875,4785031
625151,6573131
7552700,15115333
7039746,6526309
1479967,4178
28114673,7799
4785973,6888961
1070554,13450
7433963,5216431
177938,4619475
1327609,11139
16065602,6561688
280352,6581091
200362,306
452198,5152
12690572,4432
17929102,1831
466354,3049
326931,7000989
1531433,250531
19275608,1838
2934112,4030
10875239,3487
3548256,40593
6618102,1448
6375845,214
669269,1388082
4896988,155517
820461,4280
23019029,3075
30056248,16857084
29358487,40398
28477789,6208
59973,34878
16878,1169504
15791085,566
60662,4
253993,2633
18585282,38951
874762,819789
49741,15619
239922,2327917
79275,2357
276582,17059
11140,9550
1128670,48192
828387,2898479
209497,7949493
770051,4430
56140,375626
5582295,6988
420736,17061
297815,4576669
195688,42559
835458,6578577
6939939,6860161
2729396,6872165
4071860,5421050
5517759,6435350
136179,5618190
501910,6217503
1839075,4443809
3457715,6553058
2507213,7056140
60930,614
16104022,9885
591978,24978
11372681,6089757
7264975,1647762
1724928,16589
28747,732829
915341,38495
7926569,227382
1640420,320741
1333320,60631
10082035,13022
12901365,144405
181255,164141
5801741,204812
372490,151717
1072113,1435883
7954894,42530
14333353,294649
40940157,8469
16335,75603
7355137,2789878
16109121,8476
221391,227048
7316340,24610
17898650,166635
13413786,40143
6941321,784067
11656,42508
693016,5502079
464124,408864
17930729,164714
16155151,7340907
12890,696185
8041873,17272
20895867,379549
18492859,8564
12905462,153732
73960,155990
18404285,8477
22237428,117369
20932673,2881050
12884237,153742
23719469,311365
7985169,15708586
23197296,1018547
20980680,3091065
17331819,145435
23601046,4519463
18464362,791996
17973145,165682
23704941,878225
24397041,16525871
23909755,53559
20404905,127404
23346335,4107314
19000898,18161184
27269638,2686
51078,4263
3677,803937
22447885,166674
1556093,12948
3218719,2018764
23264825,164153
35724645,4958172
24885561,2776647
25015043,5365396
7736327,311098
20646696,2830569
36073612,150810
39809601,376347
42084933,2901559
22718705,18100
32943032,208650
100957,164127
23721,2988406
35575184,11047
68093,1977
95661,26306
95658,4698899
958452,4849669
451944,5160667
7877549,7061349
3490939,2952211
28725,6876994
158857,988142
28942,46118
291112,5434809
701937,1077176
3831023,45592
11700593,7032185
8428115,4866520
94062,7445352
215021,316
275247,8002
9642278,569269
50242,6436698
10640020,6670530
782854,15015247
6988014,3167
259598,14175077
6468337,15569092
9366879,7276618
4277998,978484
11819672,4747988
13622863,2958717
17252101,5309857
9867814,5774116
4001794,2383
4392,630
13130,290189
257321,2995577
7802382,4536964
8229399,8719
21411887,159430
6641635,4971182
12114440,20849
1900124,7136914
17254466,12667
22067320,3849415
23267873,10015
17409842,2960227
879215,30913
305440,3006839
75579,2940640
58534,281810
17253180,4385839
25507388,155717
177869,2001717
22055820,4191
22896551,1050
132025,11679
9507278,811
35131599,3190
19246471,1585457
30731416,3173295
36443315,3497918
228069,3009736
40893,2847963
67087,99882
287377,32638
550343,2986789
106882,3152411
34312,2746690
1121717,151973
568092,5621569
31391,49028
3553722,6451816
1832623,7136995
47510,2457566
35349,2744713
6063110,4769304
7056106,1496392
13759,240840
8133077,1122775
147210,2738500
8101162,1262010
7579,962319
6572844,1999187
593031,1202850
6779,7737308
13243728,2980235
112943,42110
12201,3128303
1132597,5821204
329957,267618
1215920,5451387
15817031,2896790
17249189,4349837
10396147,5073330
10739664,268722
6481889,1122774
13413782,1120780
455930,4656955
24840,2892465
6470037,7742
6635054,12665
6692041,347385
29944,153734
18655937,4605
894111,1312879
12758240,38066
6710247,3408349
18599572,17054
24397040,2891503
25463009,58846
19401348,1429808
773971,2347
46201,27206
15670,50873
192523,27100
21853633,2384
29610595,11654
13549375,7025
22609391,345630
122649,15873
23497890,3380908
31409135,15292
16072510,1192311
40647345,4752305
241896,7754966
25816803,8570971
24713311,4108184
24934636,5296727
524878,5347052
9640,7701589
3279291,7727258
413681,4889188
82795,4558309
74616,4191700
293617,2737333
826034,6889132
2498668,6914330
186682,6580373
84777,3397290
10596,5116245
76373,6899829
64279,4061922
6973755,7558024
103111,5756901
588066,5042085
2249920,4984399
59830,4507090
164722,7076304
7932486,13776517
1239609,3393956
6344097,3512625
3546298,3427995
3495892,4340281
13556699,5181752
239906,6533956
6505917,3425403
90411,5286855
287022,6995709
60431,4096668
11808919,2917423
13538702,4171164
87426,4435742
191960,4800436
182230,6693905
9488341,6180865
7336615,3498720
11142955,7734306
17337522,9785
5292764,836009
74996,33952
93052,6564741
29422079,6404
6673065,21748
17063691,28569
2028449,499602
23722,48206
6401865,2751
1122428,2929
17304237,4370
12238011,55215
576435,982213
6056520,28024
89395,19879
22008194,6429
23760879,7625163
6293900,29655
24958079,3345
24958123,8203
357399,12455
18169414,3058
4224060,169377
13038833,3490
21946976,721
71459,13778
110018,3524
333939,1064072
8100102,4000
26150770,3090
7914611,5684
22020598,7
510569,5194
52917242,2887
169878,2849
19398,463
1420762,2313
289643,4128
68150,369288
16856,8347
234352,5687
2202230,4738
613991,1235
4554304,3354
641760,1873
2319981,4952
735250,2330
8764393,2546
8329929,16961
14305,184987
584330,203238
558059,3433047
593038,79589
7090193,2903247
5895933,1238111
113250,1332
7103829,41313
149612,5360335
177076,18002228
4289768,5783958
13334934,4637539
152182,3465557
192043,7105545
165526,298438
10464963,6862831
17672538,12950
21796,6653786
10194224,65959
7720207,6584188
15781726,6470181
335140,6448939
17884886,6888697
42149,7033774
15730340,5398028
136760,5403174
15790886,5763298
14740456,5416410
328863,6446604
18313102,16496
17131869,5436815
25587,11761
23733909,25307
23381005,6542670
10798398,81096
828140,5806077
97920,2063919
785481,5381588
13516321,12772
22875082,4074051
23492477,172490
21415815,5806079
22584974,6154478
17345314,338705
92965,1023510
22465597,5758689
224754,5049521
29475332,4831561
293457,3267859
18879990,3064305
124918,8695
776489,15463
17408897,8587
2099048,2767837
40109367,7031278
39906995,121825
17910054,580315
43982054,6443115
764270,4175419
121120,804399
34451,6893006
21030,4575289
261161,6524620
4492663,8588
501635,2860219
4143,13557729
80960,363130
31357,4161354
420732,4287922
119841,234115
134961,4178213
6136499,60177
568095,4414255
6726734,10746
212615,1370283
591499,1405152
846616,4721536
34462,73149
2043100,70026
132541,5858
3710,2841445
325895,3432558
7713232,332067
6420553,65944
227331,2839336
437622,3456705
13340040,9629
5139218,4632661
6078385,33918
18813542,1445909
13412178,5303332
165395,8326635
289783,2918731
6420652,14039683
15984353,5760737
6908412,5214733
10131648,6947727
773858,1858
74169,3405346
12059093,2924955
10913887,107170
11515328,5990662
9515964,105839
836924,2916869
3711150,5780686
22314178,4475715
15729392,7390210
7662771,1226977
5538421,108173
1720440,6872325
1574439,4730894
6177287,2915870
597320,4601681
2508213,31232
12527544,357601
17562900,2917920
7686395,5898355
23215464,6535608
1611810,31468
23270216,639491
32920226,2917917
42372714,8730
45211809,26897
38330854,7168230
51901147,276660
421122,7086094
29137,5804101
6868,6551789
263146,7375780
1487022,6893037
29811,27847
71679,38301
628955,704
6326920,10420
293984,1285555
293979,7751
293973,8051
443633,3496
69930,45922
1741089,21477
1629727,5735
162759,23510
6327770,83846
1617199,75091
769255,8120
46285,6378
8151,3347
29588,1881
1038269,2821144
54215,8442873
2573525,7127884
8144743,3565
6682769,18002918
7809,18294819
121622,6496644
28282,123715
69005,81466
8584912,1244
1307109,1020792
42048,18235662
112510,3843
645416,6587
65666,6376
5597902,4933112
630879,6123144
6323474,7190965
6078684,24818
15773528,798
7469664,4846190
6430999,6922292
6218007,410418
6382225,5093822
289798,5767871
511635,5028484
1102322,1651861
18830,6980508
31503,8059188
9308103,1487748
3437956,17142565
17564054,2188726
1158380,2980339
1387640,310364
514210,1598076
112079,10317
17133354,4011131
18068029,4828608
14948,256775
4876759,4422693
185493,3023434
47774,2958986
16099325,4736939
117566,1290625
20409684,4556932
153479,1569666
17286729,4145664
10886703,1141209
18215175,4062676
25105196,4074044
29496208,3505204
20417843,4430487
25266817,4388953
15811505,4845754
23720,4499034
23724,4814317
9452338,374429
27695,4629065
1058726,4623294
38256,4143266
65482,3418947
6835,3023842
6291,4611175
293972,4126827
8429602,2261547
5945209,4992618
768496,3046613
8518644,157676
8448478,2931654
92371,4665259
164542,88685
9658159,2741432
7430203,4308706
119390,386042
36085,2521651
407154,2750123
4558004,848
32529,1446223
7148778,4413928
2681470,5817486
386043,4101258
10890319,74305
12486839,4405745
47619,6554849
2316940,1282417
8526585,1873377
12678461,3279606
5896014,4546268
5931576,3286694
595405,6151688
1063078,6425980
289785,1552790
289781,5754828
74586,5829448
15752594,6451512
13410938,6435766
90886,5101366
428521,6450590
16075615,1899600
18135400,15516
6240223,5822912
393392,4764
1076175,3619
18301663,327737
17572973,3961
40651862,18708
51525075,552
41581131,14053
13642663,31624
56096,17674
7607918,1194
25365683,19109
74696,34261
34403860,7956
417501,135106
27161156,3277
32497573,509
11350120,18800
732140,16175
33606119,10538
13229279,12855
154126,788461
845977,5658
7956,11307
154091,10542
159903,1401
452141,72183
448114,12668
1476261,6685
494164,10894
402009,2121
293974,647715
170641,38285
92325,1429989
5328535,9810
17488,1563
3920295,395812
210482,16328
1071338,1399
76718,1439
110349,1410
222606,3915
1873060,1387272
2640758,12627
551866,14313
16301414,3089156
289808,15332
1142757,4735497
13239822,10263
7904207,767633
14813667,3032451
392431,3151
1711303,3206446
16069783,72401
13642632,843200
18652227,3034502
8533018,12793
11252250,10482
97390,4905702
20564453,157663
13628812,5816
606935,33461
18812716,8732
12926132,19954
8262550,99642
18668485,25052
11441,33467
18461986,6001
21853626,326338
13579947,101078
1243799,51424
26369763,8296035
564758,28946
1795353,7074856
37530,7044750
41581171,625
1070527,4836172
138428,479779
37688046,6568691
403846,5833
34042261,7008445
32505753,5622223
373049,6565686
776137,6950682
98645,7753662
7821828,6466717
71675,6580347
690816,7374424
62012,7539785
39303,6518370
289642,6935697
6721437,7847481
3559,7324934
333316,7131935
36086,7095467
659759,4971535
30257,7074846
2973738,7056935
497164,5784542
770487,6452845
1340445,6994731
38855,7121791
9545064,64364
66279,5759214
557220,944594
73188,7111433
119835,6941668
97964,3342174
97965,5031312
296901,927454
8428050,43393
1717377,53574
32351,7233168
7193616,8415664
3688238,7692079
351559,4462782
12440865,6563368
12861406,7277744
104262,4401574
36192,8153734
539128,2884305
625559,13549895
9401590,6740126
136959,8312760
13049069,6150565
7200982,8118655
3923343,5298385
631097,1395810
762821,22370
539282,3190846
8501304,7215619
17333851,8109273
16275057,4968129
38747,6521131
4525593,7123141
3860977,6949287
7816410,7738088
10883,8367459
5122520,3036304
11797368,2001324
775983,3488176
102117,16967
387241,1568
22098550,52050
7998541,6538289
26114127,7177350
13612962,111012
27163019,23069
81032,12425
43893965,72451
70491,42437
51490125,1161372
251446,41749
653283,12076
10873,49347
176068,7048334
728903,36332
65470,134408
174764,3153776
137110,33773
220604,9226
80642,14002
870808,17452454
9654,8726
446945,2786093
76423,8589
2794955,6025722
6837,53501
146487,21475
790319,5244478
76660,5791
34596,2184228
104080,221073
75024,46976
6113686,8685
412935,5921279
10869707,2895111
12394732,165168
13395963,28550
6883161,5172000
10238952,3084517
2040488,1375697
1446826,613805
11793544,2869203
6645867,852078
88321,4159043
593151,46540
28763,81017
6282143,1136158
22326,9018
101001,5819903
11512718,2060858
15713352,4485813
78842,131208
16925847,32637
22591325,2503028
18165452,1938234
6612005,37557
6532610,1045593
6388558,849723
381608,2803627
24875,7092218
11924352,7051454
17928184,59333
17934463,639
16060716,5003975
6307040,46742
11699055,5830
116731,847789
22067087,1082290
67143,2737
1256210,7491463
33152019,2530
18594594,9204
30649795,1250965
260042,5544
282675,26242
71678,313356
1797044,36065
52380,32105
48465,27405
25946120,16104262
766319,4314
510632,127901
255161,25423
116054,5107618
138397,6264
499409,128952
1405053,6492
210190,4829
68204,66573
5711912,9876
226791,1362751
582876,120341
97963,3162
1981273,7014283
41315,4788791
20604826,11593
6081685,622
16536,1145220
535754,12447
40329,13288
5393637,43186
25739,27318
12107920,9685
1542592,14635
88884,6819578
321357,89552
16297,70993
7881001,29333
35289,2560
17156406,711
13539149,3080
18039,67939
1557569,33274
10830674,1240
17707634,16244
22201,854076
155238,5086768
17209607,5255014
9711714,6872556
15748529,56700
15790837,24824
25025389,20730
925,410653
52263433,18479
229491,64280
12973980,3242
23264731,87184
1148052,2938140
2755882,3362
34663153,4489
218573,4392029
273891,1377
164434,63244
65474,2962652
470367,71644
77954,3620
44360,183005
3134684,94091
183274,79632
112136,121585
45343,361963
5144752,65189
321578,64028
764073,2798546
6503161,1480957
70771,1311839
4637888,871371
6048518,2853925
17254035,1409619
10713851,1253776
5186,5132632
114170,8076193
9539767,1446295
107773,1856386
13623948,1013808
61538,2043856
6973753,1569475
13562049,1270552
6718801,4698951
18079675,1302004
35414,1503405
30229,2865234
149789,6522377
18247324,1479015
1621010,1039846
428035,1176324
319388,1201952
23524782,15342319
1629945,44061
7779696,8361
15786597,38185
58547,27874
60813,6599
2964700,25619
18068100,10039
89526,9833
18689810,3012988
467164,4046
198505,932179
20172134,6226401
16045144,6527479
55072,12584
7844543,6760
31450752,12833
33832945,5657
568047,39402
129806,4345
18931,5600
13374,18930
68096,2893961
13943,16892
264449,9121
88880,17082
753012,2949594
23931,4431689
103627,2945688
2029176,2924010
30671,2274221
437406,1691206
710187,2987888
1301154,22542
89195,2945301
92896,345739
6043946,2985555
18419,17761
104571,151371
117842,2900815
205368,2951796
212349,1375073
2974581,2946451
7062,1463436
1293991,1254282
272264,2936539
7685261,3105432
75534,1428675
10775714,10289
142884,6014380
7799991,3528
6285955,7226675
63109,6887119
227570,4669556
420849,4873609
12002819,13505420
142459,13531492
3414307,6451908
2823,17065
985519,202867
14743784,5769238
38333,7429243
80449,7568925
1139129,5752457
8702912,97313
17602565,14358948
362929,7795802
348537,556546
207984,5027236
10803806,4279769
3821917,15504358
14290023,457300
184761,14031468
513176,4615776
6785316,3099544
110397,178832
18188651,127642
22007986,8534434
130514,4600197
401876,1063732
37347,15127507
17660704,8885
23567293,6572605
22501028,16902
30561,6485178
5886412,18049968
14781171,13922215
18104566,14137787
20821299,14558709
25785993,63898
26521332,6941559
40205575,1353301
40718304,6216688
25946891,628636
34459,2871110
69094,27212
948213,2561660
146064,7941
2313623,2980475
105648,31723
141453,70868
6449551,93220
1205209,172487
13210,87534
7772,30033
161361,342135
809653,690619
840278,2839569
10268484,118249
10779168,1112218
10803218,190922
181259,2871046
590325,374590
2879805,234088
328091,123719
5983057,256100
526643,1116816
168846,790918
146127,57198
73687,2884780
7438179,735413
13099652,76342
16718816,221253
15725700,67123
3313418,1651879
23380999,2824557
7942786,6553256
97827,8219684
151740,6572969
7745326,6953499
20814993,8184331
12844699,7232339
28449150,10405165
22307920,64565
732139,23924
24603808,52274
25785761,98688
462706,139434
46908,3578
128571,2865
93275,5822041
478657,19928
214771,205563
21832,52285
21837,2793859
71682,189701
1348468,38954
56454,6432921
2194051,6584435
11313,685523
57736,15049422
15044,11328
332071,1048676
7026,24846
7027,15291385
11785,209672
3060485,30898
334809,8300313
10543382,171515
5984943,7906
2513286,500
4954543,7201181
17909,3372702
6282915,6940334
2353903,7054725
13252406,5812874
6723348,583990
2640775,5347676
187060,677817
420317,1808111
78981,6929462
7388207,3167424
3282067,6863455
40378,8343145
181694,8380350
52762,6877480
3082951,2892333
647954,5779458
1070107,6892195
2643537,7358908
13138734,4833990
6455548,6153571
19504964,4116333
317497,6583458
17164393,8427107
35368,5109680
16291480,5815435
52289992,26006
10846336,194243
1812654,20850
25937866,14502459
836607,8734
84730,322069
2175442,12504
752540,383606
146492,14473
116343,26917
130512,2533
10989,16980118
603189,9013543
11439,904719
201381,85587
46917,3892
769896,12605
1220721,7031
7171882,99044
8154,24689
7512,2448
456058,12470
80084,4624490
12814088,4470653
14624028,36714
9798470,41112
95198,8258
12174312,12940
2552942,5293
48795,3953740
12735319,2565
27864391,146797
20758870,12577
18680645,7622
790291,44023
17222083,9559
18038459,4012
16055479,1402383
13418864,16927
18077836,27779
589995,1025097
7735399,2749
1937397,5091
23355069,1411964
28637,1612
1016875,138825
28204545,3398274
1011291,268199
557103,11162
46064,8933
36428005,5829944
31371284,5046440
40126485,5108886
24419968,4115952
31453592,4712387
32337167,4719629
394734,1783576
268604,4353071
677946,3449368
478659,758992
500799,4094557
267419,6533979
730959,3420702
46190,4965551
54123,4503081
852885,2943699
736391,3163910
420733,6453465
409589,4576191
4136,6585212
27,4574107
6275434,3203095
28766,92650
3704125,19005
48722,6542656
3704118,5872743
3704107,6251
35807,28574
4701,3319171
75020,4730228
12144652,5130837
54596,76405
8727466,13528752
6251012,7784759
30065,4953639
7719248,14171086
78978,13652
1347837,7788528
294963,5560488
273737,468339
95609,7172051
6970738,7085837
9995135,8441842
61551,8298036
567017,6448708
6333646,1074989
13496831,5767306
13641732,7752383
3635,5241459
1678741,7382629
15835020,4398628
267910,6557729
6363598,5444060
4641538,7349685
478071,5832178
6275885,3301336
20727654,8523113
8901953,7096237
33843362,7061260
130880,5805483
11595072,7012378
33558545,7060289
35074096,7091425
85413,6550683
9300,4649677
400763,6534462
479507,5022765
490609,7276512
30891,8551973
7957,7055613
144789,6873499
6713071,5265998
6658679,8184486
815263,8265262
30007,1138074
142978,6426921
16360,6520834
13019704,36346
438024,5625945
81075,5238854
14802438,6577839
2675261,2711612
6562560,7768501
1206073,6572080
6783129,266470
31785,6915245
594399,4660036
20298092,3377941
15799166,5337983
254103,6549285
604799,5186274
17185556,2889003
9091814,6434323
3265268,6966248
1702448,6441917
126081,7336499
17620964,2882940
13271546,6940748
4641540,8029282
4065912,5421861
65959,7013486
7915496,8286265
823515,6438996
606926,586216
8250,7065134
11556,6150699
18875842,8247140
23705512,6522132
28409,7011191
40101101,2888174
45255,4875841
478658,6483061
908311,4512224
32552,6740729
1000718,3886089
5941,7796821
649514,6003257
30343,7722020
12016,6565450
11549,7032949
14281,6536994
238137,6534744
490403,6644346
23756,8280771
33729,6564752
7277715,6888212
7230583,2951405
816752,6463529
45961,4606082
138395,7866768
452157,511372
177518,6441991
8089,6622140
7936809,57108
152004,29947
51291,57651
107789,29500
14681,86404
10637959,516921
9924,7064545
10269888,18486
9743729,4694
75162,328504
22600962,222118
13413762,5151
10870908,8050
62353,32677
579228,3360355
383196,10697
6265313,60441
16248196,11286
15713049,1244575
16124865,56667
505222,117182
13182638,6238
16088671,901977
247925,1002
19074829,1853305
18054085,5231
21469109,939363
2434366,1727682
20439328,22393
23172825,3503
38664775,21798
1098486,60609
28250881,5548
58307,43298
836611,1816412
160112,10991
490471,643126
102313,3873
6657,11686
271295,16904
527513,11004
27588,6191
1080657,12452
19417,3093075
16312,7869
6587520,1742
15673,7508
129312,1466
978098,13847
27002,7816
114203,5668
1017730,1433597
1290510,401
9907689,285217
1629007,5754446
2294984,6343
131847,60478
6150990,202355
12710106,107072
8450235,170658
7878933,118639
6642994,9059
442793,128454
11036713,105764
12926767,578
413432,221019
383129,7477505
8960470,33502
23885,190403
3421,19053
5024334,18684
217008,145946
148337,1079136
17558236,51289
119838,57462
11506107,121579
6321815,4735
6791785,83085
10332,30654
5383628,15171687
309773,15139238
15704459,15558568
6076459,3473558
18507827,15263286
1264155,14324685
116971,15865642
34028094,5804715
2906039,5351825
7457379,65137
9522,8436117
27403373,7485811
69515,1056657
770038,8440277
4071565,5830526
1000724,13695109
111879,14674797
5600151,13414088
125564,5295120
136096,14469474
10285,1302285
396734,7022586
387339,79922
6801652,41542
3301645,47104
1085771,32590
515587,99650
694321,5329
6149162,350507
721012,682045
2142727,5823495
11389,10029
168402,6998214
654101,117582
1016314,2310121
795034,5620466
3294489,5575284
10396144,3355188
15752757,16438874
18243828,5335592
16703873,1343790
18589676,2129854
18589637,2990843
6627943,24827
89361,52047
89352,6447537
9566119,2890051
16136176,3369676
73965,143691
64503,1641503
414343,5756976
18746504,550322
18635086,8054971
24151121,3439713
25234004,4005
25016497,7060187
6049585,7372898
33113683,22369
836609,107891
31225,3500
2255114,8123141
994232,14220744
252669,5805694
2268489,485392
4570908,5288442
5072077,14172374
87348,74189
13843,5763380
25296,6894322
819487,14199891
8573020,18282
201643,457
8697204,915500
7656231,13467894
225741,6439440
816445,14031516
11168297,88506
7247854,381355
780866,6903961
377425,14056202
493,7235297
985386,14425604
396082,1935000
115673,2926065
164631,14160478
776212,4183574
9876989,5725556
6643714,442240
6428155,14031444
3437328,5375385
112480,6551041
13588394,5314499
136171,6554935
16119079,24009
89362,7055294
347612,214232
18889,33919
12899498,2845500
23253921,38569
21936988,27167
23604435,265462
110457,27276
333657,43784
18139978,142270
28588073,1956402
719382,12581
94318,130698
148584,9237
455925,85317
207798,41814
6525985,219
509493,51484
29802,3601
69139,10747
775977,3120127
2074153,16625
2443516,27944
16051,9639
148874,5856
71863,3083854
98378,3535
8882815,5285
278280,7148752
1202122,5237
6060966,22782
2176,6589431
194805,982055
9418145,17595
17404772,77416
17194490,6649
459881,7415
2594251,220
729380,128556
10290243,31545
6277757,3371
107021,114442
24081930,225033
334818,27621
2251777,20357
885744,5571
10779721,994873
16094203,47687
20530917,18130
7938070,2362
52564410,137082
25056040,1728
205194,23280
29997,125736
73966,16549
91700,11111
64105,5672
6693775,15590
96977,9780
618164,25092
17607,90864
3302568,26932
6577773,38840
81992,13072
85958,9558
59887,26656
7022,26930
3301564,70906
12534,50314
11468029,45896
112628,13388
10339851,43220
9740847,2995925
6918862,22018
8428139,6523516
3645169,9494
487445,28525
388698,18874
109514,8131
8642679,159
17483,9057
557188,6432984
20564828,4879423
13501633,7074841
13588138,8286020
477597,7058694
550571,6571986
16243959,6980925
18135393,7170947
97018,7201427
153875,5342916
332854,7875736
1323758,7341481
22719550,6451625
7783191,7127521
23252517,6869343
22074622,6902956
11093329,8110729
89821,7236200
20549446,7768203
15756277,7171978
346024,8421372
17228896,7056720
32905343,6570635
432556,515155
994809,5041454
50251,146987
6076380,6570570
277897,5192439
31354,6431156
24441,7759261
3040241,3001574
379316,14250598
288159,3213942
27737,132509
8558020,37249
661318,5817154
11919198,5769764
126512,51304
57763,6544265
10767466,4665585
906560,5136485
232102,1379540
327775,5188180
12308723,3081700
70032,4515355
54499,4794663
6503156,4719775
7793496,2919206
10706120,114528
968902,1151557
563795,432859
10423421,5259422
262436,45927
254108,4106085
6659254,1441644
346023,4074084
18589651,2950094
15944406,121420
7531478,4668167
15828695,3161921
37735,62448
16174197,4841310
17676198,4086928
51364,888893
20933641,154791
497195,4750309
20901080,4575379
763594,11664
8449698,1716404
22062213,103615
9265891,2983974
24302400,2989576
11501608,4948810
48176,4106087
953256,4382157
1767774,7176
3222976,3101315
12326644,3413449
1877776,800187
7204902,2824597
108067,14135080
64895,13370
23700,3212742
6365569,692656
350678,5366587
107775,6554179
2873,7390292
6859248,5823355
13931,6995972
24722,7715877
133266,7279470
6748439,6541926
414773,52310
129311,12672
44230,4493935
8514163,90780
3430763,53193
6814059,21158
724371,14032
11262424,5354569
17413118,11735
267022,23503
17413115,26546
455488,32279
19307,8076648
107032,261393
233820,6263
12958034,5088478
1167144,42775
6598461,36351
21491731,28229
13406329,71081
20454095,2845502
13356190,103307
18189134,8550
43679816,70312
264827,35258
400598,35238
522821,4795659
14084,16061597
16792,7303145
27525,28719
35806,14465
775972,646944
2036659,8483
11280254,8881
12602408,746687
25893,25563
11401915,131321
11598940,113561
11595501,6526
547102,617
12349215,188760
2580306,14269
191617,117366
68768,14164
11029733,10983
13069681,58917
17569860,5775185
17262159,32595
7528717,380
156724,1899
6811150,1539
16275084,5286911
2635587,16201
22836957,3317
13541612,570218
29638254,10330
1904724,4493
77254,2622245
25131061,10264
291920,1938
552669,20105
72257,419
3129678,15328
557211,16575
239887,8154
376641,87305
903,55474
421280,6654493
100369,5778093
439566,3219496
122914,28375
948528,3149825
13922,3219566
10740844,6259
845074,6525929
57043,3431194
16130759,3464665
1317696,421434
13109352,1709139
13588425,6553241
6070790,4149342
9548029,6198966
4472148,752898
17829764,7798544
17672770,4486715
89364,5865943
141433,3500801
6957731,19729
183033,7010202
309434,4517253
769712,4720629
141452,1731936
22571699,153738
19035609,5321960
18039963,8840
152328,1228468
8125737,1310735
22504489,1383797
183845,2909019
34500937,5763301
31820148,4221284
21720,4400405
526652,23113
133203,7159848
5995900,3063220
497396,40983
42172,7010931
21445,777173
599957,7070007
7493,18741
132376,6437480
123479,534366
156926,3100203
918866,8107261
6949048,31688
9800343,4483617
267667,8186790
5958783,8573796
712665,8360
775976,7133401
891813,161149
60349,2396206
7373274,1135958
73064,74489
129613,6597
129308,250977
3711152,2904199
319964,517286
108386,3513
159320,16143
838917,2340310
27071482,6477649
15818358,5778486
319976,448774
19308,6476317
98405,56747
418285,5351847
2211221,6464806
8563824,5778068
21521348,62263
1013383,1078939
22857608,6325925
111402,4519652
397872,965819
17834904,6561195
182012,49103
133906,6547911
6693415,3033637
289670,2776754
536386,5823520
10203,1106214
3291,72439
58962,4040343
39933,24558
2174010,6569504
40483,4467375
22501,3126353
774061,5192116
65484,24183
6186355,6457875
10394348,12352
671844,6454131
419916,6442240
620729,54450
556629,1895943
6262281,1038226
3943,7078175
1296353,232473
17665083,202260
17380041,2862091
17793815,14719991
21722,7082224
11725779,16943823
97001,6175529
82443,24534
9670094,16270
2295821,3163298
93802,6573508
7963189,7127317
18077816,2967303
29863848,976887
13278166,6452053
18719744,3517050
27833683,5280308
68498,5012636
12969,7177796
3020046,426034
142292,6577129
23217,48557
493790,6583160
145307,8509533
75143,6218
134017,195778
16451,4672071
238460,335382
112286,75375
184854,17597
858313,13635
2274683,99042
775975,2741576
374360,38
9314304,1301649
13638268,4219886
7352053,7079034
1169556,4369922
24910,2915851
16275085,246590
12958037,7392660
392786,5404616
18279145,2868678
232109,6949698
71405,3020656
3040,85545
17978481,15890
3127736,3060064
419289,13687771
93453,3405767
25912332,19026
9640038,84099
2191970,5675
760961,6162
1373792,49187
12738,24349
1886722,200277
1099757,6781
70101,13369
2302650,18357
56030,17421
20082,4262
280277,11192
216185,2637
27530,63111
5986375,23056
263176,145047
90416,25926
7072651,4369397
12848580,3028
286801,7349406
12334,3878
3145113,114656
7968243,54931
10049966,5662
150131,2778471
8131227,90150
3100092,21163
10835316,72953
2544797,7113
13316241,1054
127335,57229
16304482,427437
10397956,3465
91249,7190
49251,5448929
13494365,86883
3015764,4842866
1160780,19038
37487,8546
16166074,196092
963679,46245
18163646,7215049
23399192,238
400869,7275
672493,4376
32828538,7103320
179579,5778769
573142,7256865
37737,1530940
7894,3155383
70287,4693312
46676,6938728
65910,15987
56027,7237845
16059,7022082
228261,5218360
114475,7924666
458995,4737695
6691280,7093656
775980,5145808
29547,4773763
222525,4027380
218677,46474
1948904,6522939
13572064,1164465
31171,2895707
958814,5267376
57778,5767141
13508217,5441417
8697584,4737213
6963764,4559822
15873076,4774653
15746882,4581947
12958049,6948816
12958042,3436678
244887,4633553
88612,3046391
850223,2663983
6450320,4568549
23929479,7314557
173794,3279601
228067,1061323
228070,2891513
228068,6911075
177945,6924701
95226,6524398
141354,6449730
94290,8108644
442961,7850247
1156439,3023973
76812,6476392
82549,8716
2771105,1508588
10331607,7154678
569346,8133160
40067,7243737
5048174,7163319
12891829,8617437
13408957,14212528
2011854,18256750
15817217,5356562
13522,7827726
70582,7741564
305510,10000
18515851,9860469
694282,7319216
598117,12120359
16081655,16904020
12727768,14787783
143474,7122826
278,15014061
1950067,15810938
18114142,17143816
35068492,16282216
228071,6938229
53411,7798960
313973,4894804
4191,8184875
214579,7059622
24888,107767
7315992,4708
2798263,104514
6834864,41762
775987,6470397
86611,52767
394856,1329767
7716140,1294984
3666363,14787070
511208,11882
576087,438483
15739863,640021
9440448,79787
1149440,66216
12902757,15402
206796,2867696
17352874,18575
891081,8176646
26830230,76408
23374331,963811
668851,183491
386336,527872
244526,40311
244524,28380
228065,4760403
228062,17079733
685869,41013
24526,15877
349583,4491297
183092,3406353
6383537,6281688
9433912,18943
2485978,7103
1184366,8865
148809,16652
6602818,26957
463877,17435
60146,859143
9469143,7111
26244,5272674
557229,13900
13084,40882
75812,132350
242757,136081
15733346,367338
1237542,6984726
64552,18062
765810,24189
899856,96426
25208536,1291568
22698568,957910
28259869,68200
25717278,38329
24648465,322733
93801,3222582
301274,38662
561867,5741
12530,11789
2178,14084
24450,8157754
1575141,13264
26924,5784534
8525,7105371
222340,7617
1876829,63289
51877,1351903
10055,175196
236709,28978
59966,15975
9632856,110982
5519759,29952
16185,29414
102885,10022
117645,91085
2040229,26766
16342,11889
195450,90090
286737,23511
11465665,10427
17568822,1556719
10808013,7732
397876,136007
13995,37048
417780,15543
9306975,53047
12135215,158276
17184521,11315
19282938,35822
13547099,10229
53109,4946788
2638736,6880531
24993261,5763676
25012318,119005
16325,3119823
89884,32549
7781,31095
49488,16865
39934,12991
24157,26417
29484,15248
199638,7287
9505036,598299
196549,317
1078950,10108
2219694,22515
410632,47991
325779,7902
152344,13654965
933231,2063615
1620977,73021
9505037,37871
9505039,668710
11500552,3275595
248787,125984
6182702,104017
56405,60172
176797,3515
17334064,44942
1134122,179612
13042154,932941
9615767,8878
11147422,18069
31721,2883386
91244,92064
17729031,972440
23093367,193302
731140,147204
23497854,1100593
13265092,498980
653047,4808225
734199,2098
23297311,50416
581552,1415543
334970,837804
3221687,27704
857528,293
1105476,45852
361812,200033
4953858,329782
174161,36686
16124989,19651
22686,345873
557332,8869
30279,82608
1010711,130272
759212,1452
217086,3078
5116480,78035
9410421,84278
112507,311849
11256979,58918
8429687,4770
188089,3956
13330603,16376765
6482981,11728
1474628,11682
72228,287960
8299165,7084
82472,7982
347577,27837
563820,76172
1560207,18206
16077954,88483
13563050,2936846
18340210,2788
58544,3159044
67762,7149925
17349203,8416438
10955240,8286871
20663770,6644044
18076876,7173896
25982806,7256754
15743711,6916632
30370031,5168809
35487055,7496678
1391316,6250492
107783,4724550
1060439,19563
65927,2520656
456920,6433082
76661,21461
10915691,48305
8323492,5062
10706481,51287
59822,44565
7395327,48403
6234910,22827
4162673,137261
10199908,1483
7302794,243930
412963,1476
5755,30702
347964,695
7710236,1847
784848,1260
1381691,9950
13016839,26604
13517402,3407
7824314,31280
22217702,86003
23731881,52292
23604335,5882
55022,1641
16034184,28828
255928,54521
22249695,172931
969131,4090011
2690808,23013
893609,16319
177398,8458
105435,159090
616208,6582
8535,40820
2888973,2497
7605246,3783
3689197,17765
30437,7792163
180645,61711
7130616,6366
749415,957
285740,22004
37774,12622
272599,122371
869906,901
2255285,5869
781124,12144
1247213,43443
779889,39788
13498999,10679
11230,1441
169005,82603
509858,3159984
13242304,928415
65714,67487
13457423,4862
386887,2821124
20414715,117290
16158611,100752
16166080,19811
6318238,1085845
13517617,965709
1477299,34227
28355669,107761
15451058,6214
136218,40552
35038,6592596
1060520,165519
1832894,52609
147222,5331802
3430897,11237
250949,9219
1473,7973
528924,66622
75406,3520
206472,45915
341027,17326
6113349,3501
90591,3150553
304889,72932
32428,31457
88873,337
4419501,3533
378518,6518821
6342483,22694
247998,6942
631146,3448642
11850834,5768
1795542,7921
1197929,77004
9760071,3736
2037310,52627
25622782,3489
54827,241301
38117618,7789942
30754980,4938076
35924705,7791215
25446343,5116661
859807,200208
13578,2300692
7339,177305
2258651,5989639
227751,1563059
229029,6952559
296384,137386
33727,7164245
45110,410993
18032,5135449
5957044,5150716
122967,8605
2071575,4446076
28735,1611087
346272,35022
11198480,114283
485812,6177334
6397405,40881
6973771,7116446
827612,267687
31981,23497
289763,49538
289805,97389
289764,3090079
10812803,3246397
9738582,49625
2426848,63630
251665,2578
6480073,23294
74882,88445
18131118,5821849
13514246,104926
19015729,3200938
1527413,9815997
93795,7373215
10867,8014891
24820396,4899743
851994,5041254
40163119,4877034
1234272,2759175
12881,8379774
22341,6585459
261601,7702391
2258652,6897457
77477,6920675
6324492,3330668
283310,4466856
6670,6761816
2980972,6861964
14280,6916557
41688,7142650
1593623,239569
2589061,3409966
219164,14541877
164221,4346642
13979,477469
1870129,4110498
4130217,466
834450,7963
6793336,7383937
6920820,14403352
2653622,685277
7149631,7043626
7073,3352
15704285,6206993
8162603,7831156
551454,2932249
449017,7176561
22107044,15577876
281350,3272041
25986670,17127519
278237,1508701
20706852,5832703
23473284,14160972
51080,15289816
51315,9836502
357936,7462746
2157372,7134317
6500478,14168280
930612,14923699
951749,14543027
74045,18313748
4437054,5338829
263149,8326316
45106,7355350
6070065,12591285
4945081,17166029
759600,6969772
8531229,1250276
153789,15572101
69625,13563235
6555008,15854913
412930,16192760
8643220,7079478
481372,13747693
784084,5024658
880529,3153008
77355,7212647
13157446,4518241
11506205,7103413
114206,7246409
1446506,4968442
16174176,7060506
17231976,6568891
7926790,7160746
11531818,5833021
414295,7134548
16099159,2994743
18485973,6538688
17032328,5154098
229733,5774905
17560674,7010364
1967070,6539034
9975779,5448974
13005310,6448958
25532458,5768552
209828,5555591
202677,5762535
130511,5771853
563322,4705142
4440396,5832728
2487178,5761118
817768,5833999
7261828,4619719
85989,5191177
93727,5398571
765584,5421048
13980,6579646
825576,5820784
76659,739875
285224,5622767
466150,5387969
7096123,6425045
23128304,4750818
54042,5833089
57045,5351849
91724,6151349
10354373,5204084
13574415,5837868
9709305,3901024
41694,5418337
2363092,4439177
2117957,3201662
2423981,5018116
2828595,5815423
276477,3251728
2108205,5251026
4052969,5333625
17201104,5445024
184059,5070015
585707,5054179
9969857,3509782
32262,6469948
32504,634694
6257921,7213399
30051627,5895680
13575,21387
91885,194416
107105,8573907
2258650,17546461
91802,14047384
45432,3295197
189360,16017918
1122607,8842946
15173,15095061
123632,15715539
828166,5826888
71870,6570694
6058551,15371222
9677666,8577407
5347,16304661
6327801,7792877
6533687,18108320
4679473,7390938
103902,16851087
393060,8301757
8593027,15254222
12135086,14901102
557212,14175946
22186,7505427
12119529,7340518
492486,2798441
347151,4039811
8572704,175855
6177429,61105
1008335,4134859
12710096,106
142181,696372
9844623,8360
102733,15590
322662,7385
3482820,4489
454600,9685
5933841,28024
33288638,32504
2252947,6378
71047,4575283
149847,4507090
58872,17015
276480,758992
61978,2754199
543495,4330590
2176660,5837868
18053782,980856
17835766,4105961
105703,4846190
112277,16604778
13571,4464118
27512,927454
1030285,222429
33030,78111
109512,4096668
206856,585
217436,322069
85418,4760235
240910,9785
6517357,164576
2873007,895117
444347,2530
41822,3023658
17334074,3498720
15815364,3541
16281905,1265
5578319,615274
7282903,4873609
17789405,30913
9260518,20849
129537,6444153
22022939,12019356
19263293,833687
18930277,806500
9592213,39402
17165932,28186
23155346,7195
941892,4789042
1120825,3105432
129911,6704768
3486806,15606198
123845,1050482
15760,11139
290376,6569
5168977,4188120
311179,5139046
3141295,7380
29036,6470636
7685763,5381542
778611,4843796
1540877,7799
13233738,656983
10434391,3420702
17861833,18616370
862017,2001717
125870,2987
110387,4823543
3474906,5374297
18967087,2313312
1042367,5286855
25361480,3342174
112274,5622223
594852,4575371
836608,3988619
13568,4191
148554,4849669
59805,4866520
626186,3002235
3189901,6470349
82747,2493
108220,5322962
6308141,7012142
494304,47104
57009,32804
186369,13901
37297,3471272
32694,4114202
143513,142116
179681,7176
24847,3486415
1434105,3387285
9620,14018535
1271104,6442922
9739047,4528793
16138688,3351454
3532,40593
140405,3151788
16099189,7111433
11045709,93353
8530646,54493
1170281,719277
17733861,2345
17305041,21911
27152124,72545
16091639,4178
359194,38954
12727215,1020792
1648212,1881
38240456,2778055
13569,3472
72536,9002
77491,26181
6509143,194256
89281,28709
101893,6541020
64316,6878
349650,30830
11990677,274533
7125335,46204
2049,6436698
16320,306
7089888,3408059
347143,12534
7023534,35105
18080889,4907787
21879674,49420
30230,1899600
21466236,3465557
30553,3505
25056959,2713
7093952,6085
2761626,11593
13579,39326
232071,6561846
2734278,1077176
397277,4711
3865030,2041
3289090,3534
257445,6941
3783,2936493
6657648,3220024
3231403,626222
7476785,3167424
166966,7445352
15473,23129
33418,26946
98685,6576110
6562380,18
3047320,7381751
442807,9068
13221024,5601445
119561,4388953
17859033,9020
93750,193
3672334,2383
7863163,1049
109367,53574
6614242,713
1284050,4930653
705241,7779
1118206,5780445
32849,198837
21411911,137902
1258027,7219081
184350,6446220
726458,2614
133767,541293
6383937,7927
18623052,874602
319205,27861
58174,15516
7023554,2876763
52367,3290920
761154,104514
5894600,437669
12076070,94085
172134,941441
263082,6468237
525678,7128
114128,1045593
11258571,13450
13226246,819789
17333426,73977
325421,4273
11382317,11072
17978160,5031409
11970096,18062
22671181,11095
168496,1630
13577,1194527
138452,157779
1586905,12076
222127,43186
11662,47499
2306910,150038
254324,305400
143730,5044405
911579,1958588
18865,4764
7044445,10547
3798707,16461
51790,2059918
2637138,370361
7841670,566
702568,5108399
177230,18540
12866441,3083854
5960207,5038955
189938,25415
1017971,191976
1372415,87184
1232353,8347
2677410,153394
16141786,13663
1202625,59712
15825932,33998
289737,5222068
238127,2958084
4858915,5339
1243539,12476
4455573,5989
25042819,7108778
330721,4018722
46911,5116849
11684505,30055
295406,45882
709734,7113521
534589,26
843989,7308
11547851,1435
5554803,9550
110389,8725
3717,4280
6382055,6810
2034476,3041100
1700436,811
1408029,3347
13406413,99703
59807,5145815
17987085,24978
11978910,5247949
22135,4046
18730321,988142
28425,103243
714571,4738
10184403,13957
21874813,2327917
13573,2331
13580,762707
377994,5093822
138473,4717601
334291,29947
945833,3190428
48200,86801
22539,20983
170622,26874
96472,77098
226440,33502
61690,2903247
529701,3720
289726,5445209
429553,4379
11185432,438
168323,1294984
406911,4820
4413184,3162
12286,36722
10116927,9629
54847,2755160
16069262,3275
12730051,15435
18713658,5834274
463423,66244
18114786,12942
521212,179153
18952341,31457
1567,33274
10415878,40563
2299358,8722
48134,32590
186345,4957267
130288,171515
945831,7873610
28736,2882485
855903,1260
6238661,21346
10907,23613
6076675,24556
69802,4629065
77490,1112218
50035,29574
98810,137261
18053087,27318
944280,15450
17372472,12980
20663749,25422
28549365,313653
41088576,1315
38355410,614
213102,6475772
420730,86816
1215924,3224031
14034,187510
86382,6343
6356101,4692856
277190,25838
629949,66186
799073,4432
41689,5829056
13179990,4662744
724516,65189
31100,1077326
213975,1825
12950,4208569
270521,5421861
93947,42912
864051,20248
59833,6467808
10838776,4026
205262,4788791
141019,5753842
862004,375626
65335,89439
17973653,7116
946194,6896219
18050728,57983
749720,4904383
1727464,72605
767495,155517
138453,7531
43799,29671
6251482,16325
127566,4737695
234232,60478
43717,5350
983569,8002
6933138,2232265
6115911,5157126
7116365,51724
644949,235
388018,18479
47622,89552
511993,10746
180630,4859212
78130,569
607559,6458922
187208,1399243
25695484,23162
977817,4776454
26931,6893037
158725,11882
625827,5815423
90235,14635
839793,120341
366337,17054
106489,6883979
2017717,7906
277191,4947651
6115136,10074
827177,903
30044,2741079
12640578,2261547
328907,599916
30626,7047831
5750628,6877480
29743,44150
862002,64845
33570,306449
17607319,3389
77956,5184237
1215919,12447
28025,6252
1110968,13898
296570,5329
135917,316
13592828,5430144
21094993,3503
190576,5773867
29939036,6436214
271244,67032
649939,6412
95141,3509782
41536,3368
85733,1318
627686,7338961
16059350,190887
362136,23988
34299,4480131
12287,5174152
71189,3447
175671,36714
7252,67939
11488396,2384
281493,4651111
229117,50873
501817,6453465
11834447,86808
47625,4340243
11042027,29970
836957,16770310
904488,15445
18053086,54711
13262789,83846
24761,498072
67270,903992
154869,44407
18619368,1954
107456,16892
24854,6039100
124920,2891503
7455,3441
1087154,5757476
762763,17142565
762064,226816
34305,26814
6354623,5916592
3477698,58918
9085861,6914204
4885565,3080
767326,1353301
125544,967839
239105,919
1346769,1895943
6571967,3377941
850413,12584
80570,5054179
71845,4579328
95044,3433047
92719,346732
10109,6551789
10550293,7287
47627,4473599
14781507,27100
686307,6898157
89358,1943477
16139641,64716
5895503,102203
24300,28828
271198,4788613
579563,5086768
374352,630
103171,157663
71552,4342215
6618,6574132
458312,16904
613000,1411964
627688,56700
533868,38531
3393648,241828
3830,15292
57752,6669
308585,195780
1241415,401
658499,2931654
175626,104728
210722,5073459
153798,24956
4645107,14002590
508903,6474348
11753475,43443
1953153,546427
178153,20730
7670610,24824
52823,56224
552417,4
631106,978484
10176119,6464067
51071,6534462
296567,1949
296569,5448974
1559633,64280
125965,1127
24235463,55349
34920,3706
1606730,7565
150253,91168
61557,435477
36223860,3380908
106540,2096360
1846648,13453
531344,5237
85396,58
3427378,41588
12878132,4559822
5291841,805184
133772,153734
4059448,155717
80749,4476934
170844,1438
595586,6417
100909,5145808
895479,3362
72957,36746
562478,3617
481645,17434
13634908,4917067
16041169,11654
557228,7715
1528935,80892
17529,4649677
729032,4841310
16425,3075
538379,5351849
5067665,36910
16075147,15619
638689,7577
2037808,5188888
2338293,4737213
214906,1599723
74700,77318
1254680,345630
375711,57189
601877,12521
1233937,3190
6064907,1692594
458003,767547
3545387,42920
1590979,1838
6673172,7717
25190,1443712
360625,6466154
99472,4575289
7292936,1330292
145637,767317
6289794,6448958
72469,6483061
831231,1192311
6472211,5441417
10503,7581
960493,10896
1022376,706255
49745,875661
444337,11525
662323,7350402
18693921,5031312
14256,2786093
474211,4062698
21024,5027236
74036,15872
17204350,344618
1703186,4581947
2234035,569269
33015,5251026
1441266,2891665
78974,17061
2197408,13847
9608958,4725841
19106,11081
12787,589
9473340,9876
1644043,4103366
52142,1312879
862012,76405
296568,8349
77735,29963
5841487,3353516
18339834,3201662
18467802,14469
24179521,11978
130200,7025
1358541,3095893
42083967,4370565
644538,3099544
5942,13677
123031,15952
4955576,4261
133937,4624490
96702,4126827
21491,415967
694207,4336590
6011752,947
548699,348878
7841686,5360335
888492,1628012
396836,2895706
1304525,117288
35308,4774653
218574,4431689
334233,15873
2838113,7440
8581936,151371
7239607,4606082
11378402,1050
193093,4279785
19473420,1691206
102458,4499623
827685,200317
8126063,6590
17409269,5265998
11044367,4721275
296524,4143266
22923997,3406550
25402,1015012
108137,474489
124175,5014564
1515142,4637539
147360,1569666
539025,295178
6537,4637369
971670,3508354
2195309,2987125
79909,80760
53625,4684322
798902,3027554
60279,5186274
239404,80769
6723491,374429
185407,99836
549938,3095919
13990,1406384
6357882,4116488
49008,7790815
15701217,2983974
21438744,4384465
17306969,1246629
647683,625
20980373,64028
944661,53970
18490532,1428675
22886112,16202
90233,6162355
714214,27847
7741856,237997
776891,3046613
682150,53974
25059,1415543
15157,79589
7830973,17761
7807446,281810
12659,3780
7230431,269069
244102,7353006
17469800,1330133
15154,2973783
16131601,9241
261441,445303
16704759,11137
8933944,1379078
52042,256775
4588818,11466
93996,298438
5575,161133
3954279,21944
6503486,1304470
308581,80941
28134,854076
210946,33227
5633958,274667
69652,173491
238959,6551820
2715,27621
3513471,190441
8608740,6889902
18472710,4143142
7551525,1063732
827326,67810
231826,3198692
722134,1508588
8862,9987
1897448,8108373
665571,5423648
84352,3435784
14431,2526
81201,31284
929007,4562866
3882844,3188620
2044238,7368938
1507992,4430487
2148234,173493
246938,9059
63803,126447
5290189,5785925
52879,36122
2182766,432859
752721,1722834
1518738,7540
550432,566874
423245,6518370
31177,5752457
2345918,4575345
1455289,4125517
508388,6553850
580953,14058058
2347456,256405
4593274,190922
349408,1441644
1582721,6554504
6271195,6519108
4496091,7256754
1371073,6553058
52546,5070015
2880674,6459723
5902379,76342
90608,5934418
6093201,116389
2232132,347385
887161,4106085
5995411,6550037
2138601,6872165
2201019,4665259
3209087,359109
6053576,141600
1107457,1818261
6241330,4505164
4443540,21913
6005011,7105545
1206930,3379564
697007,94091
394015,4308706
6279634,7047863
1191449,6556689
103104,386042
6305171,4721536
345660,2489840
783114,3618
5826231,7046321
16183,548551
6135044,17298543
6323933,1370283
6324298,5763298
1006463,15282277
196783,3101315
638913,2889003
1328370,18139063
5892849,16642745
1873536,5437976
1235499,184987
2914484,11633
118437,7215619
104665,6860574
1170244,1373880
122205,18305208
6359195,7105371
1562065,3681
542785,4106087
1873003,4372391
6155363,10317
6080897,1935000
3353071,8446330
882838,4086928
2816273,699143
2227301,5347676
1131133,4842750
114394,4601855
493715,4474657
552175,1292596
5780067,1647762
6261155,4586597
97788,2860219
274163,54989
6606163,108173
131527,6476625
3382756,7139136
206193,5369307
1829889,8427107
6667784,823146
132331,8196241
2287812,7233168
6671719,4562483
6678091,8306309
15749816,5228869
6019972,19823
4015745,1155463
710136,6875794
105599,6994378
2925639,16198480
15830032,17243035
7105,6551005
3165719,5779555
6632328,4826501
1251036,15600590
6375672,26897
18067,17959878
234335,121825
257869,17035725
1009305,7222174
317375,8421372
6854221,7151973
710826,6984726
201644,7012378
6875251,12123245
6887938,4706998
6897048,2741432
6697292,4428
6589572,38550
784633,7009633
439594,5805483
1999406,73149
1628198,3251728
413361,7224009
19635,7795802
1330595,108424
929267,6855918
601205,6921953
5206353,45592
53013,5295120
1565250,14124424
6526143,5830526
6557546,7267262
1248692,7255282
229896,5804715
7259162,144323
7102781,8152069
157687,357601
3248580,4074051
7010624,7105753
7091453,6879912
2907878,5131072
6999171,7168230
4859743,4600197
911760,1238111
7160163,6947727
290369,7074943
7229765,7949493
461754,6521036
7252889,7070007
523468,1654
7179154,29542
763215,12444
238367,6434818
3459385,6470397
7281589,4984399
104486,1857564
150302,6860161
582171,5823355
7179547,317354
6795701,6479383
7434740,4951964
4466694,1598076
6436602,7390971
4005302,177047
278670,59445
38338,6540645
7192913,33952
13358,402788
31676,499602
7690103,6916557
1268348,14135080
7502082,29792
2072496,7054725
2017,6424546
214261,8355
6420507,5656153
279642,6208
7785265,4649
7280472,41313
3855578,66622
60970,5183602
472744,6440498
1585765,49177
3361500,6546441
1839333,3980069
7001018,6448939
6622173,44076
2990454,326338
379197,4415
823609,5779953
679465,2906892
2827076,669810
135048,7941
7750301,7271036
159062,4872191
76546,3097905
7837757,15015247
41793,6422281
7769745,4676106
7985834,502875
8276284,6655354
5423030,4576669
7993921,12915
24880,7172518
30681,63898
472920,6104
8047342,16857084
2989344,5296727
720730,1138074
32053,2766097
237449,124727
126740,4503081
7711734,92650
673799,16961
2784363,8049898
127655,4833990
7779757,13370
8251057,6443929
1262418,21387
1547620,1429808
8362166,3510
7100173,6160
1149607,7153244
563452,4030
182496,6544265
8125657,3212742
8424017,20357
2952803,6593194
7700881,168076
6675124,2856948
164760,127875
104106,1036615
11038323,17082616
2873105,5174290
8503543,4385839
8506085,5872743
6540959,5130089
6434807,2965489
459746,6568302
2296769,3490
81994,163176
2888910,7560530
1022689,3299
984563,63242
6178470,4877863
8764765,22159
3852838,22496
378460,14594440
7740311,28569
9056815,15560
6652371,137130
6082288,4454736
2454475,6125
5972820,4118351
6969367,7265801
506145,2747995
1010400,303578
863687,9885
3260634,5373159
797298,4343092
4926564,1159995
9560792,648748
9343373,7122060
3246541,3119
9509456,1305302
655570,7246093
9563893,5210459
2579047,276660
58,5214793
7995199,1858
2132036,15322
9567932,3504
9551477,5366587
2147058,4918224
103796,6989
9633873,14808492
9591276,365388
93779,10992
6928694,25307
9667658,266470
1105093,9212
3744599,545
275651,7136914
9363118,4534486
9717691,51589
926733,1069006
1738972,3432663
919830,7451
741966,6459302
9692308,4665585
400634,3090
7802287,3619
2468960,1067608
6938271,15165240
53811,6565686
256109,5246
812071,3365457
8070487,4811802
9941936,54450
9732567,5339130
1008820,682506
9733916,200033
1142006,14032
818407,8416438
10041980,4260
1274861,9494
9662110,13528752
3820389,6216688
72662,13081
639197,786925
311840,11679
9761978,4841825
3050342,696805
8735254,31428
10166619,3369
6410978,6443334
9969698,3539
8924846,1280953
215402,6153571
727281,43028
238846,6889132
10046509,8472193
32445,95806
8713130,5791
611240,61124
7885300,3670
9514033,7513718
10360191,8842
6669739,14006736
34542,13747693
3674043,6533956
7254244,12425
7068985,3961
11203471,3064305
54247,6200344
10370260,294649
9379496,24514
7151447,4785031
8811892,2654606
10455446,1036736
8434922,543719
999505,12732
7094745,79922
3005671,36718
7135797,11047
10334012,11646
10538422,99642
8231406,16902
1383168,73699
47184,63189
351461,1642
10386060,16667
10707571,36857
6012335,6549592
6375489,16068722
10468695,6025722
7267938,1806413
3090492,12736
6696843,1040250
1118348,7868651
938105,5445024
9607950,8077668
10711520,12424
10825304,55743
4855175,6442717
9152282,5116245
6356887,3090079
326679,11271
10928584,27927
1414244,5117
10097680,15091
765763,205
2494306,6563933
10545846,7817816
8146302,4221284
10801893,6996431
11074322,15085
11033155,86404
10166746,10182
10995431,8201501
12964250,880695
6260741,19093
6014608,7792274
10178918,4338999
10845991,14965
11242609,410418
580196,9226
6758423,10039
8118871,17029
11318613,203238
1572241,32468
112529,6966605
11186809,4763
11039635,88507
116512,12772
2087365,18907
10234747,5769764
12093021,6585212
9009787,28345
10775606,7086643
1803701,28463
11394334,454774
4328108,6550220
6203318,29482
11317004,2687
9776876,135786
11388049,6522690
10903967,4842866
651385,4430
1912562,6983012
11478723,5434956
11474933,6884287
11301765,7358908
7079397,4496779
122901,93094
11707205,13778
11511865,15042820
6440071,2188726
2968555,30460
3508012,58947
11682486,239949
6949517,12803
2299887,6535659
5985262,7754966
11767984,3163298
87978,4851199
7306405,18015
181086,4263
10392429,363405
10641239,21748
11029677,14610
11650112,5112
10170230,6988
4955627,17065
2834255,7134270
11541833,6540025
11813450,14151
486714,3487
152883,13139
230812,6251
8982042,2131916
10764388,28995
12006931,48192
11537129,6940334
1566001,2711612
11929445,223343
11979226,32594
409636,8180726
9916356,21574
11660106,7558024
356287,12950
11703597,7338
11767918,3190846
12262737,88506
1352822,7477505
12909098,7076304
7911684,68959
9373213,8320107
9642101,7237845
12196507,53559
7170963,5363
12086913,2994581
1958785,8573632
10846421,7243288
11801307,7352883
11516719,7179522
7641259,5129
10792858,6542440
11034804,7374777
1263250,5502079
301727,7383607
10391956,4466615
10444714,6238
11488672,6863455
9745711,16807
426912,8029282
12499544,5755221
12518600,21982
7712971,4887264
12353556,33907
152427,5951
96160,4838933
10852325,71688
830265,4443809
6033480,2890695
12591359,3354
12011477,48206
2172703,7126685
9588023,3980637
10776,1633682
12702029,1479015
11967493,6537252
9058924,5107897
12196789,4723295
1111630,2499187
11695938,8394488
77353,218105
12275635,140320
5979145,339632
5729,6082927
1665807,70993
12977584,6001
12328286,1240
12751521,403
11234478,81466
12703250,10665
12919425,214
5946516,5300
12901781,3843
265200,1244
206327,2938140
11244026,4999
12964018,49
12204117,5255014
11889222,410653
12786675,8164
11316721,3242
13014526,396165
799158,59002
11494950,100219
11214564,430857
11675913,13078
9668661,29919
8490969,3222
11302216,2616
8453368,55397
12704008,1417512
42718,3989
13040585,51209
9633181,8885
6400079,56064
41457,3101
13077220,171414
6062415,28244
12813058,8864
13074597,9738
7889419,2093764
2575969,4000
386990,4128
89547,22595
11803545,10108
13125954,52832
811439,7471
9535905,91
8173152,15543
9860359,58851
13140783,6900
4727770,2408
13142811,1462
12827152,1169504
7092306,6134
10960414,211268
10148600,8596
1870638,9355
11382304,268722
12087835,3413928
8707741,7123498
13272928,1010469
10237334,1235
10335647,5813830
3755301,4968409
8334925,25334
40892,965819
12539636,93345
13400457,160033
13381880,3509
9412079,721
15768346,4512899
7203725,1074866
2900911,20258
11914390,247642
11461997,5774172
9531091,7148752
12621293,27857
10230881,117786
11709021,4823432
13412018,7273667
9766649,3502
12471652,15151
14648,10015
357528,6485178
2103,60390
1097633,457
1344089,3493753
13399973,21135
256959,3497918
8144675,3185029
13372959,3074905
6962671,2633785
393129,3499509
10870347,486329
13255616,604905
13442922,1467
13459256,3394874
17287612,5819370
10334979,6534660
8050160,4952
129504,5990515
153482,151973
13474884,7353473
13331531,5869
727270,3849415
13486488,4228385
816201,4476044
6553175,5080042
12805349,4563849
229149,6563931
856723,3456705
11382798,6968046
25657,4769304
406987,4109302
13446555,7313776
339251,6974899
1498154,1427650
13500206,3152411
44535,1999187
7193774,8719
13498586,157146
3550661,4959678
4563201,2980235
17314436,4059028
13449285,7020231
12309188,3173295
13274088,6576876
12567090,6936948
13308775,6519692
221639,2746690
13512323,4595087
6788767,3149946
13506029,101078
13498814,625876
11458881,10801588
13143456,221253
6552157,6887277
234934,172490
2040225,1708173
13548222,13652897
13487352,16143
10642103,7068560
9377440,4512224
13167125,5209619
3284192,16218
11479782,3092531
1020393,5041314
13421363,80984
692227,7047282
10912985,6936449
1457790,25765
13530500,35022
1364509,78354
13549588,5050492
13182986,317
10291971,6570748
9420697,5139410
10809019,26819
8156791,4615197
724678,6477115
13564697,1000381
10157015,2012967
13560868,6547911
8544270,8588
2920664,4086715
11142433,7032108
12675389,1563499
13488113,974195
11698943,9237
14345815,1106214
4971583,5073330
13562007,10517
1052659,5034532
9509289,175282
1427459,38066
13601086,29535
317460,26930
786267,6421828
13456247,8924
9647804,2503028
6129974,22414
428854,22548
13610929,1938234
8089607,5771850
13604852,9343
11400008,113844
390046,33918
13563940,2884780
147146,31247
12363064,27500
13624741,4831235
13624274,580315
1593855,5144
13641013,4349837
348375,8685
13613471,2007
13010378,29227
10033583,1122775
13480718,19954
12401100,128447
1174660,24009
4680339,852078
13607320,18874
13640052,8660
92254,239579
13974798,4981568
8067768,2347
283487,16549
11067979,11029
13648165,53519
14353765,85545
2586778,8732
2420801,1455
13723504,159
420553,3535
14421103,410680
12589190,8988
613605,4099
1955837,25
12675648,2995925
1307000,2274221
13459791,234115
89691,4116
12160826,28946
1198700,216539
15707174,16
15767465,4730894
6277227,4836172
15712314,3873
476875,13776517
13639318,5735
81983,70906
1298201,87534
13505926,3020684
15716466,6466778
163677,16094
15702273,5754446
7148705,19405
13411766,169377
15725937,22796
13452847,17623
11286593,4414255
256397,12350
4725669,32401
15706512,8726
491735,3408349
15721990,10518
1548616,58846
10380604,7924666
7798222,879
15716791,10006
2252204,119755
15716457,1290625
13117308,3137322
15746808,13728
1022331,22665
12822875,13661
14624644,13974
1037138,8649
291147,6765
15755076,3565
15760702,4012
12032357,232932
15762766,28525
1255227,233619
13490663,15905
9721891,3345
15770786,13388
15771187,3165706
15771687,26242
10211494,3953
15747245,4078538
179133,5152
343612,4785
11693,10476658
10402479,1461
851927,5371025
15761187,173
12962700,1530940
10948240,1624
14419107,5786451
313259,4037220
62082,7127375
6249600,128382
9317110,4116333
4914818,4506073
15804148,7734428
11942639,5234997
15748083,5299577
15818663,5434809
15764214,6522939
9677807,13967180
10900053,27837
13629064,11195
12339830,861
479519,12605
16029847,15481463
248869,12455
15705572,16329
15754134,5783658
14388481,11155
926803,17452454
8801543,896419
11718466,2934
7882806,10003
11821539,12627
4724330,9996
9143033,87968
15853961,7382113
803177,10420
15813086,369288
15736534,49612
923856,108325
6979094,27706
15990206,11315
8130013,5105154
15824986,9639
1790021,822
264380,123715
11431000,14031444
371269,6876
16002669,17130322
15828370,843200
14534775,7902
748862,8644
12054572,19697
2885773,238
12573907,3078
1835592,4882127
10922494,16328
13576438,82111
28597,1506
6971201,6953499
12908035,15371222
2514746,5997227
15744239,1563
12837554,5223
16005345,1285555
16044507,29527
16034729,17674
6288703,19038
16082357,27779
10517658,8379774
8038476,2782
13357784,5032367
8652648,5778057
16051846,5194
236719,7956
12967752,14053
16060850,15877
6715481,7
280410,4629194
10833203,14469474
13623719,7164384
960713,957894
1887200,4770
13436345,256
2058305,7074846
16078921,5193034
16079427,7982
6096134,7360513
15885782,3032451
457839,6950682
15992536,7285
6621534,7056935
165582,2752928
4674126,2940640
8240188,8184875
7708628,1585457
6539576,4511390
232079,5831353
12079560,7505427
16111930,6473923
341992,5155341
16114949,1563721
11428619,1496392
14459126,49028
12541491,7125719
13496299,613899
15885903,2869305
10287581,5756881
13138028,9222070
74315,240840
435448,7539785
480231,2457566
15852670,3512511
14578857,7737308
16054376,2918916
1144121,3007539
16050835,7226675
16090309,741648
16135463,5141623
16139983,13531492
6076379,17147855
6584019,6451816
89377,1366050
15825153,2892465
16139085,4172510
10593071,2704714
862873,3432558
405510,3128303
13235427,16161
15035746,5029054
15980748,3413044
13364681,2738500
16167541,1202850
95382,7136995
563943,5451387
16146296,4656955
12170410,17120246
16036257,16344312
15847558,15455603
448275,7327341
4041119,4824952
7832334,14137787
6405181,14584166
16031091,6983061
520286,4735144
7056921,3305
16035643,2833648
16148,32278
16213225,1218
15725708,7383
16282214,14080
16210820,5125250
8070004,5260678
1108888,6467568
394027,311365
11819303,2902079
13260238,1651952
1488085,5163997
16050504,7091823
16218406,5409221
3454581,2759153
1840887,4615776
320778,16525871
15711196,712951
7171725,130346
1769758,4971535
8980149,42508
16118030,3220397
16059689,732829
16173593,17047
11455111,5758689
17131214,2937053
7650671,165682
11524833,410118
578949,82467
524338,1256582
7137645,2789878
7099779,175006
28721,8866
1410403,3280629
17036579,42211
17125217,1055374
11575620,4181354
17164521,6447559
17160913,1395455
16143648,2515462
17210807,164141
11838483,58124
308060,6552875
12873065,11664
355620,4556168
8376729,166635
1946568,4720629
8250272,18153857
10141721,7267239
7125230,40143
8727171,5828060
15746065,5153812
17283555,68758
127450,270939
8844133,4805272
420967,13921633
17259389,2063919
128116,5595081
10762662,4864634
15796412,3517050
20618118,8476
13363788,2971816
716085,6456912
16100576,7355350
11346550,19971
13536606,4067254
12380695,4916087
17332405,153732
17303541,4878191
12470048,151717
9320208,320741
17293464,49377
17131558,14001187
16050736,5260380
16112067,50886
17321111,386969
16068219,4189090
17315974,8469
590198,2887638
1020580,1018547
17253976,9759
14305037,103838
17369334,135564
16087102,4519247
17345601,9072
17311603,3009541
2967881,2958515
17193158,1044642
2436364,724724
17408055,1442948
13138469,4641669
634244,296477
234946,3208481
1733364,6476425
35156,7211470
17452115,8730
13599565,4254441
15893925,483910
18586619,6893644
207292,50885
13492032,803937
17455034,4327516
17261114,4715676
10962216,97228
17468541,28574
17474543,5593912
13101761,127404
766786,287923
17611929,5255580
17158960,5440457
17447901,784067
490138,18684
6719604,5585398
17457963,7735497
7077917,5298677
17290170,878225
11782614,130347
8037122,6948607
16008616,2980337
18634690,144405
16605795,41762
17153384,827948
17564064,61659
1046497,6446604
15803757,4839210
17415877,5268666
17589548,294144
10992270,6861797
8362878,7034900
60707,3510823
14535907,93970
17289431,6451162
16078155,7214756
16092940,5596285
16037598,2884305
17725655,5784345
17662897,2927166
289032,693999
390374,19909
17326280,1029223
17668125,5098
17828599,5182891
11262609,104926
17678687,6542627
17667332,49103
16000608,3404684
17399863,18442618
16201523,88445
17347837,4320136
17661770,5822460
17725038,3228055
15787153,696185
7485989,163327
40304,5285
17708356,4472748
16150740,8564
15828667,3213942
13603641,4573983
17728681,397315
17730100,4996736
9587873,8588143
16241426,2904199
17693362,376347
16155349,8120
13040265,9057
7912465,7418796
17570395,6959231
17697128,7065829
16208904,3292979
332376,189344
17283469,504038
246853,3091065
17795480,772663
9643425,3487915
17202672,86778
16076551,8157754
17565872,4519463
12134738,110234
16093637,155990
16110861,2830569
17830353,186034
16107908,1365301
100800,4814317
1260719,5332461
17839376,15907
16152057,119376
4025200,18161184
1019332,6953498
17842623,164153
17465985,4167784
336518,2776647
16285850,117369
672484,5343704
165185,1245772
948527,791996
15811102,6549285
12494271,3103764
17857619,4611175
17826401,164127
17402872,17117605
17372681,5324136
9728476,5173683
17699460,26306
17870014,18369592
16139570,9831226
8343372,3203095
252459,2902054
17726586,18446251
17852001,1351915
17728484,3353667
1036302,6653763
2218260,1852
761737,17039266
12888674,1270672
995923,37249
129273,6995826
141421,4707891
17884111,4789886
15724527,6570635
17451252,83937
17905761,17091538
16050608,4734981
17667335,11162424
17921489,3430431
12884766,4831831
17928641,4660036
17873649,10366
55414,12577
12439950,15558568
17406674,1043497
17929785,8306834
159764,17450
17914858,7111
200275,14168280
11913095,32595
17933544,121724
17935172,1067243
17910459,113936
15860247,1507905
13037558,7033774
15776687,5090434
17894965,52050
17667587,4519652
17855801,53597
17974854,46976
17557268,4937879
6135488,4011131
13617968,36332
18039479,4007
163363,7875736
8129464,90070
1428175,4784496
18043192,33297
17336995,12120359
16074558,22996
14921905,8063
17183284,4859966
16125520,7741564
18052781,4896030
16301205,3155383
10416071,607236
11633124,20560
7645492,6581091
18089208,16835123
18003454,5483010
18052656,73812
18060334,2613
17982825,33773
6574115,52310
17662594,4338
18001649,2958717
13002124,2885224
16185330,5342916
2008039,7831156
762732,8694
18134565,8345486
7710150,12672
690955,20561
17969389,6888697
10827240,5244478
17862581,519355
141495,5741
17415934,15292581
17873881,38631
16062807,5403174
17831200,6470181
7685281,13671097
77996,26417
2588447,29479
13419938,5355122
4620776,1567394
18166482,4991561
16155631,826607
1557363,16738629
18187186,7628
16751268,972440
13354222,6944
321353,109116
16131056,6534710
18003556,16024
13193855,17597
13238691,15343495
16058646,904719
15828001,7154678
17984619,286014
17785991,5019751
11194664,5087194
13488198,5865943
17553977,5821344
16629691,193296
13700261,5016007
76479,16147
13607345,5858
6100340,5421050
599782,5265619
17186034,6451625
18219356,23503
4447323,1120780
15796469,22370
18241419,8794
5986094,5416410
16035496,148847
17339105,70180
3389592,1637218
18248823,6583811
17206278,1041872
10684386,5825070
12600638,12505
17665478,2531619
18104862,25375
15784863,6432984
10389148,7056501
9963724,6519003
773459,167605
18040004,49111
18308630,7178194
17368409,10000
17878054,3116709
270658,14160972
13599966,22652
17151915,9699494
17412272,6542403
18214892,48960
13455588,7131935
18169372,106463
620755,18741
17893407,12540
1556379,1386355
18365345,5055017
18045686,7056140
13284905,27341
111646,5557309
18179259,2751
16160448,7095467
16158528,7369992
17206085,1226977
17472766,59542
13518061,7415085
18384116,3001574
17379067,15275015
17892676,277202
18192905,14078
2340253,3023973
18388163,71878
17665115,5085738
3418688,21981
4366431,8716
6948126,8328712
18394000,23113
16033649,6541926
18401575,15854913
18456207,7202946
18801823,6760
16137392,6587
321459,25883
18581480,6887119
18040616,14787783
18585201,7271354
18176624,10991
17558773,43298
18593354,8184331
11746475,15984818
18597356,110206
16118715,48885
342371,13531458
18775775,178669
17697704,6404
18471117,8050
3378965,6250492
18079758,6443153
18300863,41749
17250780,5129673
18302739,989968
18662102,162023
18367554,33408
21465339,76471
18592416,5752359
493553,19317
809972,3161921
18213325,13810432
18686699,6469137
9302673,44037
18325163,5618190
17999968,4156441
6751715,125253
18683839,27167
3865299,6567678
17938451,22602
18169712,2001324
3187852,23419
18661755,6980189
225947,6554652
18742394,7340710
2439915,425585
18688115,12531
8887183,6446815
18515789,21158
17839432,19651
3256553,13536087
18584291,8835
18690744,130698
10865022,6449464
18588799,114504
16039814,6535792
2930157,8268
18773498,6475976
11413706,3071494
6265676,753097
18659364,16192760
18177481,8151452
10852343,5181921
2628328,361963
18805812,5001654
18395230,28010
18772075,8118655
11797636,7109423
18802858,1254282
13409499,4831558
18721065,7324934
18808376,6474204
18681904,6151482
17872528,150484
263091,3163910
19045334,1487748
15940132,143691
17910568,7121791
951113,6542246
17826864,63983
12607944,7259226
18947703,45706
19043319,38706
12363948,292578
17900221,8875
18810117,8550
7305155,5835922
1292667,4739
19209602,70692
13059054,7728
18692790,21778
12160887,17241
18805001,7732
391850,749461
18046495,228089
18939030,1481537
15771855,973
6565366,5031025
10756788,7508
18755640,2730977
18682166,1433597
7172060,8051
16156916,18317
7743783,1002
17713585,11004
18960990,1831
18143832,7816
12750296,7869
24249,500
7864220,5668
9342921,16747
847534,285217
20317261,3407
17159011,65137
6099731,1122774
18885756,3462951
15803170,12452
20433978,3279601
625603,836009
1348596,45315
18900118,8589
18771046,858
20406396,18143
7794447,63760
20442445,24375
513523,10264
9999795,1191318
7716985,2894
18707788,24189
19088812,6217503
17673324,1641
19022707,11193
19404112,23509
12581313,29068
20411784,6654493
9699011,2897630
295016,40311
20493913,5768062
212687,5755064
16443661,6538202
17159189,4959901
20436098,6521173
883801,3449368
19283956,125308
1264957,5758095
241388,1783576
209638,6585767
78082,41542
20567018,3095878
18526170,1079136
19071127,6981255
16204653,6936817
1708541,1244209
18490071,4568549
4944389,5500154
16102159,164187
20468388,1424397
14894653,4465322
18475844,5833
19101576,3162181
59660,22542
6963006,6894757
14303707,46118
248086,6425980
20366962,2957043
13550089,26638
20643214,7032185
16114124,6441991
20340808,2737
18344945,6608
17373746,26886
18702030,2539720
18802141,1262010
20558001,2986789
3115453,6428814
7942008,962319
18754110,359194
18054480,5806018
19326359,99882
19438912,103359
18770284,2357
1938237,74488
18596879,5767872
12712914,5621569
11454877,1395810
17186280,17059
2889212,4500872
396931,267618
20536379,28550
11296523,2896790
18658637,5821204
13815705,153741
19334497,94865
1559199,4773
20507745,2728589
20541920,85384
9112418,252929
19261083,4175419
905049,5430253
441023,16535395
18583178,11789
18401395,45878
20693377,5882
2308993,30764
18305217,4187
31086,87979
20819565,53939
18285893,957
20981513,2875209
1919382,2106002
16010305,31233
21398535,31388
20888461,38662
20765308,23876
19513363,148433
18782911,173264
204792,238874
20964885,77005
6559244,62110
6530808,8833
21459728,43825
9397733,2330
17889738,3012988
15702593,4619485
19547873,15509
20419632,24846
21523308,146600
18218495,33034
3421589,6568
2721469,2996
296587,16494
17924738,6281688
2067457,54521
20875426,12144
14910823,1771
1780471,48305
18281341,86883
4015864,7792163
20806029,13360
13448885,31280
904597,281443
17188067,3105671
20957248,23897
16173923,3017
12750295,159090
19365485,379290
6725896,44306
152838,6800
19522187,6572969
10080434,14108787
16104091,5160667
18641060,14254207
2479403,4489132
9732204,6995972
19540203,4724550
21480824,7059622
21847032,1415338
18138487,7190965
12849260,3646
12924075,5769238
1923566,87712
715277,818808
20589303,26970
947848,5179658
149214,30703
13149117,3098
1530100,5335601
18383197,17765
2112744,3999
2404797,140547
21866357,7061349
10158656,14655
1583018,3191546
6083312,7735
22009174,11057
573346,31845
871284,6994731
21536209,21477
9780099,4229
18332302,19708
21971818,9432
12812360,11188
7884255,179578
18226784,1072930
21807777,179600
20927207,7375780
21979673,1873
32289,22580
20567178,15328
21914422,6590171
20640026,47118
7276331,14160478
152744,2715
2709742,575
109774,2533
22709296,6433082
21539242,3496
21915501,6452845
9428785,517153
17612720,93351
17662965,3536
6982581,227026
1040897,19706
22062120,2313
19139026,1421619
20506085,52320
4170217,7010931
18841647,22493
20711061,120401
314114,3167
6096231,7738947
8666973,6567432
13594969,165105
7362781,5038699
22012747,7060289
7803610,3112212
1033227,7374424
19124921,8126161
291933,7753662
22299304,13486461
20706293,14250598
20785104,7055100
2700933,5784542
885497,4728994
18928810,10841856
6455191,7150768
11678814,5918
87564,8166
22113811,4721318
10454232,323656
15820072,21616
22102072,33467
20458845,22018
7465712,1879
16058610,5295294
21841630,5816
22398187,82969
13151637,5293
22029055,14033
22437126,5333630
22113407,4824985
11737310,7419
18379946,4529674
22431318,25421
15902792,4718528
20750500,18163
326934,5823058
21130121,568672
14622310,179790
22240106,27498
7968644,5895829
368405,41013
22391669,6469948
3327504,117775
21912861,51424
18176666,2448
18667769,6476392
6137055,16628
8134469,43889
22561642,217419
16151341,18880
18746598,41141
13574710,10652
274830,4906436
22468721,982213
16130291,18444
11803993,4668167
21793828,23157
22525612,136081
22525680,4864330
10237806,75867
22020550,5619151
6745896,26957
17234296,327737
22608373,46158
22628517,1217905
18589656,4428962
13418211,6527314
10005645,1258608
827681,1912055
18363243,6608731
15997862,5822433
22694444,13608
11127604,7132113
17375790,6425833
5988850,5816255
22393715,75091
14760527,4541791
87371,7094294
22741361,6862646
20706930,64654
22702410,1366040
301753,5828499
15735090,132350
20344686,7302303
16101597,8073851
17571569,5893561
20728720,8253345
12853426,8119001
22713513,7354860
22818179,4318269
22824553,3080608
22471386,67038
18404289,38065
1425895,37814
6562748,51304
22777486,6218
18712257,23294
22571670,64364
22662570,83086
22588031,107767
5226968,4879423
22772589,7058694
22745986,7372898
22838084,6980925
22456030,375143
18927957,2771724
21914545,7127521
21899425,2951194
19838895,6902956
22890967,7079478
22844768,239128
125829,7171978
3147511,8286871
1059929,7276454
2387220,5822912
22082972,7341481
22694766,8219684
10931598,7074841
20578452,7236200
42691,7768203
959613,8286020
22895738,7056720
22674054,6571986
144794,4693312
20650898,8077080
12389698,7112593
22593592,7373567
710750,5028484
17334051,36346
15792510,6588802
13254159,7751265
19380557,4146484
17257584,6941559
1544079,6423161
6968555,5831672
121178,6993187
16003989,5370827
22908143,484627
22174149,5815432
22886742,835348
16130021,6582
4173112,7215049
23162221,51118
18406158,21625
23158340,23511
22854779,20828
22062483,202867
534715,4428294
23160140,260800
23197199,919801
110248,4019810
5735513,4752305
18303178,3101309
22469871,4086531
20762665,4445700
9754154,4074046
10607462,4394044
22598956,4044314
23163605,4130856
9003854,2172337
22664583,4146527
22743035,5130837
15744141,3399621
12730666,3351600
23085317,124365
6005113,22067
351023,88924
23267257,4145664
145660,39464
18734343,4200652
6950253,159606
23269588,241807
22978682,1555579
224220,5041072
23246704,27032
21408690,147295
17251814,3100200
22916001,4765396
7568425,4074037
16700511,54703
496303,51483
23349787,57428
22027599,4044324
14426996,1178460
18869291,2944726
22590503,16154
20578795,3233626
23006161,108579
13013083,3351599
17731595,125558
23151687,1020232
223734,17613
18630964,53958
23175906,223885
6838686,74489
21399815,2924930
23393898,3043141
16255632,167047
3925836,128487
18877657,3418947
17929199,2992321
13173494,9172
22617192,5895680
11389398,24
24076419,52074
23485197,81096
16280607,41112
21876976,94892
23324262,6579501
23491798,9345
23491080,93728
20502639,73540
22724133,3100202
23473255,3160535
476384,3023434
8495705,426944
55324,68536
12644778,3169806
417656,4106
20877620,73478
18899386,106829
371834,156327
1076753,1005935
12488314,4023658
128073,4044383
21946642,81338
21853678,3111338
23514945,146237
23466527,4074044
23667655,3505204
11864195,338705
25940284,173156
1582037,169992
23571690,242185
23293120,51816
22919146,6887176
21882327,23013
22381065,6888212
22249773,25052
23268862,209
19377346,3100203
23569954,6082024
7952209,30852
80630,284897
23551006,1932450
545421,3111339
2618,24689
9942091,11145
23608504,4051662
669541,7258437
16089721,6331
19058665,272650
23496239,6907727
20723946,30033
12414625,2812835
22354029,48067
17253247,2916205
23589119,5204084
23566385,74189
8978114,117606
23612195,6579646
23017700,4649673
23400620,1142669
20798720,5833021
23587648,14150
3894041,1310735
23709594,6526309
23728241,37123
23553961,1330287
23767964,6265027
22662902,6572366
23678552,5333625
10008,4278425
22453386,6154918
17972688,7092218
262966,140848
20297851,5806077
18465591,51488
2959291,5023
9758768,14759054
10165909,5100095
23633300,7201761
587688,3131761
20809067,8734
24081265,60646
24638828,1657638
23812072,46138
22065160,2945301
1838816,5288442
6467361,194243
22257091,61934
23977334,1463436
6577516,3519233
18500148,65391
17927463,7055294
21816737,5815425
2584614,7022586
15767244,18819
23569178,5436815
18804857,5806079
22249765,237175
22533460,4582548
20797153,4773763
12444,6902888
23771534,7040319
7495363,5804792
24851174,6767293
18388426,6459572
16094280,5351825
15851125,1164465
24874510,3125711
23203724,46474
23432706,5267376
23614726,2895707
24078492,4027380
21818422,266461
18600489,5392961
21416916,8054971
24455791,1111480
13351793,1730
24343909,4467375
8256472,63
24182151,1055
24475309,374590
24481636,12130438
24497270,2849
24424919,15149526
17250975,5894826
23441296,58501
165861,5830950
14371070,6555784
23546739,168903
11107129,800588
24517524,1637550
24547109,7140448
477078,456016
23911382,9802136
250165,4969048
3674269,13544498
22798877,4583781
42714,4071652
18571,1164847
24610957,5243587
535892,36913
24640244,4230687
23585287,7177350
23960397,6574021
23932629,5785094
24780543,3527
27220711,577199
10872535,1687270
16074535,6697472
363046,4113892
6811241,6549865
199049,43665
19286674,194416
1863845,182089
16158844,5056466
489972,1113469
2043575,43784
13513080,125262
6829241,18575
19824385,1054
23864830,769979
18357651,14589884
15721051,6367
6573,9599
18197756,55215
11137919,4513317
18942961,2872571
18054196,5448929
21857473,14672377
23501174,6581301
15802681,38329
24129803,6463529
304401,8154595
985133,46245
2385463,17734732
18337719,6572605
24953409,785914
21873184,6894322
739902,5151
25002451,16305520
20930771,815
16002136,17830241
23718993,14028431
24980343,704
258950,17673530
18143692,8345582
24893479,17892034
24522888,14358948
23668418,7359319
24841650,15127507
25037224,15265325
24981303,16820001
24309641,16835515
24265751,16022936
2224813,13922215
22371324,15049422
25237928,30716
769443,43633
23565008,14851
23834082,47456
25103677,3545
24332065,107079
15733579,1483
13410149,15402
11919653,11728
13360957,8152594
20575425,7814
24885622,16386
24779487,62012
10102214,61426
21523495,16380
20889313,3041
1304519,68790
23638035,7922
17382425,6583
22881433,4194881
6238142,2497
22632259,63278
22036799,3187882
23924229,13421
24883294,7550235
17927956,5792
23791347,33200
12067894,17435
5889987,9950
20930200,6819578
12502226,3277
17557070,346745
19486754,8262
13486177,40882
17660979,44565
25281164,32105
24913142,1476
23223870,68200
25505799,3572
25262615,8306428
949040,4605557
25224752,3370555
722117,7045140
16018826,4912047
21805265,4340854
23449205,15856433
2513007,5687
19485109,4165753
1829115,2546
16275210,1861991
24307444,13275
18114509,26335
25206081,4346642
8466973,5761314
20805402,3414533
7118086,6888652
25381716,5042085
24806808,1251054
25420293,7181038
25140882,5625945
23159652,1354155
18400802,5376394
24903100,6433278
21240578,1388082
9630431,432
14069836,5288487
437228,83085
25379420,4094825
2106193,363130
25182269,1742
25436001,342135
10550095,191456
23167692,7044030
25232065,6089757
18002681,7152490
775503,5821849
25222860,4953639
24421941,4153170
25491363,6968144
6870698,8184486
16121661,5139182
21886690,1248068
18775483,7133276
17161185,6938303
25035244,3145809
25155125,2917917
25060209,6925957
20576134,7391763
17663902,5228256
25169466,187472
23666591,4340042
1393647,7752383
23281939,289489
3487044,12665
25571075,29655
22568547,121729
25104320,5447823
24527513,5768905
25439754,6537386
18810929,2879085
17373314,5238854
19287299,6520834
22916289,4011455
20313252,441872
25189090,5189109
23942402,6880531
14062078,6547389
12407466,5833089
25688314,260716
22127119,2995693
24971510,5078625
4446853,6549512
44678681,485981
25686127,7060506
25716028,6464033
18964659,6466717
25444612,6470055
251197,6604
22878967,10333
12411512,172977
25337672,187491
43535,6563421
25712519,5423542
18247176,65959
414146,6423090
17975557,456208
5900527,6431156
1404813,107170
25837992,4331549
13599403,15987
20748490,7855177
25381750,7303535
10689754,179712
1141442,100752
16045306,386853
17794325,6435350
9347470,4372737
17900858,6441917
25868907,6671692
6011758,138702
21894948,6984304
23156378,330967
18942966,5122405
15750874,47290
630289,4843211
23870514,343171
25888365,3382401
15832350,12696
1845104,447583
1056362,3004356
23650002,777173
13594713,34049
25758497,119933
23146505,443696
18806259,88685
82761,13014
23308960,4822512
24932626,371202
22814408,1100089
874915,869
25999205,662653
2689001,1051591
25901949,3036304
25059548,10087
8479105,4766
23527966,3179318
24862028,6533979
25113747,28756
25826846,4777916
25913044,7021934
23044108,24818
26121811,543080
612143,2761947
15709135,23894
26144382,156522
25155747,27528
25495166,8538
381421,5402447
13273327,9465
6609769,110153
25134433,11761
18121278,16496
26156773,588356
18136725,23417
18763135,3249026
26163864,8380350
26200622,6535756
25089665,5235670
18693742,2471183
25000920,1356336
26032872,6527799
24610981,6468535
22923404,3405346
26630818,3297510
965038,6423449
858526,4115682
19616957,46540
23130126,8695
27157217,3393956
9441277,6573700
26149540,2917423
18965316,6869072
15775344,815259
4651219,7242823
712054,426034
25139342,866822
25358831,5458477
26370821,5047249
26458141,5154295
26208458,5436451
25806035,2156112
25689270,4623294
17835727,5781474
1813172,5368048
25692397,5121644
24962753,4862274
26539193,7068373
17702297,6995709
23822838,5272736
25806563,5752652
25751129,32637
8627191,7568925
26848202,8301757
26078816,14901102
26827480,479779
26127512,7798960
25895669,15289816
6871095,7792877
26711723,16851087
22929578,9081352
15764039,7429243
27204884,10019
26524273,4789680
25590943,1983563
26879331,1033445
26193108,7768490
19469001,6964634
27226128,9756539
25846984,15308360
27153413,5578317
27251031,96469
26235279,12884
22064780,7246581
6962314,4334738
27241996,19666
74854,129676
1658360,7977202
23398649,575225
21770750,1021062
25362312,71090
24572226,2111680
24156733,26257
27113172,636118
25266942,90780
27424051,1468802
23598379,5170071
29488,202260
810293,51563
26805129,9399
21792941,2957451
177406,5627525
26571336,7127292
17788681,75055
12510755,7019579
26831034,14189328
27776020,1873377
27825921,3173836
25539647,1305376
21946881,4499
27427293,1112683
26159279,229443
27395766,489649
17613090,485025
27508183,444045
27878837,2891513
27478333,233269
27804223,3474687
20726924,1605157
475245,1532329
65070,52989
25832342,1058268
28046407,71303
27415324,2894415
27972343,41784
27476201,157676
11503,9853134
25489185,14054951
211264,2131108
26063380,18664453
16288214,556546
27783505,1503841
11804413,181302
28086362,53
27871678,4890069
10695150,580231
28156269,5627
25662070,74538
26810441,4492850
23398625,803796
28218412,3537
27422564,14676611
28166256,374437
28364588,2809023
20869872,2338628
154128,210456
668282,1125007
27917594,18486
23637985,4175328
6572004,477469
12157407,15683552
3149089,5599
20599466,871368
12312842,292970
5385951,14196420
25615392,13583042
25963370,6485347
28260714,39628
26197032,16083673
25219341,7141835
288518,6575052
24898300,15066147
27829116,74507
27156669,3892
22809818,2522
25826381,353134
26117746,3501
48765711,96531
26486242,7844
12530162,3380468
24464234,2282707
28646891,3519
28600603,72401
35965876,138825
28938249,3004686
28596857,2974
18071697,3522
23690157,45141
11341269,14650
136814,2749820
14287847,4918514
27567960,5589647
49038,58843
29170797,14027014
16406114,6420810
23848461,3521
6609563,67406
25771064,3200938
40892291,7074856
158796,1439
27799987,17491
29207206,96150
28675567,3516
10246903,3514
29102404,5763676
27392117,6429
1035361,5195639
15781041,6494034
29336868,74248
28154979,3525
13413944,8352
22607975,289513
19181243,1565
24040192,2578
422134,3517
45421471,600
6276644,6123144
28277894,19753
23622600,71922
572672,3520
22826340,22033
381209,3035771
28937535,415636
29098889,9388
29238350,14056202
13450398,26891
25474267,1446194
27979186,3529
186924,27446
29557344,47072
15725375,2995577
10135719,3526
28452008,3532
25489444,15285057
18488433,14104736
21865508,4719155
27039478,69641
29744910,2350
1961075,6879446
11328077,1432
23473570,702
27860996,1856113
27274908,9824300
27254002,80702
29771209,335181
37984,1166852
6324742,24678
28817400,78754
159666,4916529
15727197,1641826
1918433,4562105
26827865,13649527
18634859,14425604
6423185,14987923
22537700,3500
23471612,3513
28282323,167932
28417004,21246
30010662,865
64710,18067
27130571,8534434
26861818,3499
29896548,3533
7936425,2924010
17252615,2960
29481552,97088
29206290,18731
29056622,190905
29967154,7622
24001,3506
30014696,5767871
13131108,3317
28176378,158735
25682803,2993185
25977218,4559483
30350451,6547946
29802996,47640
7694096,80719
22340128,14972725
23783904,3515
514771,162578
6582496,80808
25085828,570218
23866545,70102
28939912,3524
27252420,27397
6416190,1539
30365170,6371051
26206590,9013543
6287951,2238
27973757,8435
13418820,7275
22750385,4493
27434295,4608985
9936690,15376492
6931717,3201716
23353422,28913
81884,6966248
27420590,3530
4734436,381355
17908309,90212
17407067,4119155
352727,32638
30044143,711
5590168,97313
30839886,287960
16114047,1538
29910050,18930
28932518,4183574
18524112,4418815
30370748,2926065
31197289,10029
6082564,8750
27206534,4536964
31223816,442240
17302559,5878124
30270371,1413437
26814260,622
27416068,6247
6495777,3061
26020008,4402
6449596,5310434
31357476,6457875
21704733,5773036
29584824,1058
29894625,399
31330744,15237154
25748747,335919
31380884,8470839
18395093,5351847
97027,15463
30549126,97444
28939398,2893961
23578,13845104
387562,2929
15845648,3033637
31677035,19053
22712927,67819
31196796,7086012
28209616,8034994
31684955,4505583
30367813,409350
640373,34893
16131120,7170939
30368314,61173
12453610,3301538
25061,4927506
31303378,6479377
31175879,12535
23359246,7114580
22950293,3329076
26216723,13854110
16284959,6306189
31817085,16532
31683094,7115378
47841,6456709
23204877,4876604
31560581,6584188
17564246,5353
31228608,264143
31916381,588448
486453,6526628
25721439,7231634
28461948,6581511
31847388,5625059
24186763,8267477
29099920,131
32283608,8570972
20716977,6575011
32329379,515155
32182433,5222030
104414,6863360
27840432,232862
25064648,5775520
32166140,52609
32494478,8137823
31372026,41193
42581161,72439
2183640,1102395
31823637,4654517
12154294,5623914
16059409,4877970
2315637,5052587
16457402,5334279
349417,11630
32823541,5321310
32776888,6444264
3739051,4867023
9961622,290189
25428125,3184722
577147,4743015
32306550,6897266
33517287,8333761
31859854,6154476
6488554,623139
25150931,6442240
17621248,2867287
421044,2770941
32671739,7155436
32662228,2974095
32999268,169656
3160662,4747988
25629395,6704895
29440795,69003
30848550,4946788
26079602,1238
15819606,14989
32940913,16927
25868031,83714
15721120,5088
31276896,4917483
17794220,1088355
33284048,4345
29429955,18411
769507,1612
23129,38809
33406852,10289
30337170,5091
28080507,14079
30237909,8146
31299479,7363
28273138,8258
11822933,9678
6431633,52627
6341778,1025097
23280166,7491
27233899,1401
32665692,163
1364217,13234
12146528,29182
32991547,1899
33655366,10538
20550148,233
33854202,2749
905758,6942
13382062,3401
18161975,384202
18103276,3049
93276,88762
1223460,1847
32062218,46075
33876808,1934
34209372,25254
109715,31112
33807363,48573
23129715,91185
29123006,2636
29877833,282828
34218531,16491
32883081,22004
33547941,50758
31578642,158292
31438905,2812860
34434639,955517
278430,139532
22725056,247908
34108887,6829
31129279,16881
32485744,50840
31226653,10894
44164286,3901024
33369634,16541
29423731,19683
24819482,2122
12534542,74009
25792596,92055
805843,6414
34686296,12668
34396263,14111
32862495,3206446
7713249,26293
46055096,4090011
34695187,16175
34814551,2121
34630777,11889
33519394,93220
48044,18943
29363222,34820
18725742,33987
2156347,186987
28121630,25092
28595537,4633
34774263,57462
33951242,588558
22864861,2980339
18872437,28375
30231190,5406631
29964043,207379
29532225,4605
29079300,5228
31863495,269098
36302899,589737
34856134,2858606
29939239,253272
16705,371595
20797806,5179
38507978,10482
30720705,7239827
33380504,42540
35125758,3275595
30157940,389599
231721,18485
287530,5240334
35165835,30095
35132746,33876
95626,16168306
348409,7212788
32776116,3091721
35183394,294697
34327331,9559
23532871,797715
46204363,3180513
1240501,21701
34925899,6461551
35168797,1414132
34776015,6925118
21270467,3377501
34845079,42110
30242931,3099087
31170723,19273
35226688,23001
30197319,14558
6050182,3153776
28449231,57461
28956867,15441
35445445,4875841
17694439,1184434
35454545,3130410
35613634,10679
33835745,15448
410389,4221272
22958758,43835
1344318,1083084
282108,8059844
6371455,3097903
34646761,14106658
710519,3620
22208279,1126499
25224652,13143
13170021,41661
35567637,2917433
1030207,2843647
35053682,27704
30340276,5755759
26473868,8423109
10125238,5908
22037141,2949152
35416003,379444
35706684,5095502
2853530,80026
32767572,5808280
565701,419
30183653,5827855
35384707,5824220
35706106,2919206
35252306,5775487
539185,3047
35915966,1030094
35917300,2731702
29093654,6552299
35959233,57639
35851712,23171
331323,11237
35924999,101131
242104,2868833
35880844,26115
36038734,3101322
36035175,12145
668026,207746
763234,6926
36266688,3081700
27154427,31726
28589771,6420295
546170,6869437
36070530,4611069
15717298,4694
18576,8661
34020174,6104410
35883534,6492
34670747,3048234
1256825,3111598
36194921,15266429
36151915,2918424
26401583,13695109
29546259,2958986
32494108,2906285
26263022,60172
258627,261937
26084079,14417841
34441243,2851248
36310387,6517376
33270753,3494705
6065611,3166590
23293849,814354
36103813,18495
36370936,336058
29383696,13562729
2620105,6904806
35075846,41544
3326540,5062
35892215,2949594
34967829,2945688
33559198,4645
36368899,2951796
21479290,1023510
36536175,4369922
40852855,128570
34748077,105839
36420089,2985555
28020938,2987888
36460623,383606
614168,3001246
24035668,31145
35681611,14238083
34680319,3379695
6686308,56353
33358760,48965
35879441,30279
33208115,14239042
36476872,3016878
73809,10263
34610627,8587
36579405,13505420
49535136,6872325
36515223,2989576
35163853,8132662
20660692,26875
17192373,7305383
23341259,7210024
10236757,2900815
36638397,2946451
36672128,38968
36443556,9852801
31328682,580090
34208071,5258016
32446552,4608186
19898523,2885316
36952938,2946462
30069169,6980508
42598449,2936539
36992177,37557
32489971,56019
274746,14688158
26948,87305
29794670,36344
37650575,465
36360655,1276004
21411978,3200239
37833624,14039683
30292329,20295
36420317,7742
24889801,5804101
2061279,5447772
42514635,5404616
35034369,4601681
28953118,51287
12087624,40820
4883204,2803627
36952013,5416819
23669152,8458
36413580,4475715
31224103,804399
6659613,2868678
28818623,14617
42113689,1182751
20922826,849723
35506358,5898355
35427188,3020656
36794488,5780686
2425699,7390210
38227140,72451
37323319,13557729
37459167,639491
35777727,31232
38233379,16304
29904219,60177
38561482,1302285
27250415,2916869
37751162,10885
34758995,10442
39355713,7086094
36793989,31688
35144326,226812
38712751,1011
1738852,23510
38192926,4174
11020173,140329
34680403,4750
36427100,1728
38492247,8249
25226021,12793
37912334,1288026
36011863,7123138
30224579,6452404
34790162,1402383
32560839,7172051
38400912,7044446
13030100,7350392
35081108,2895111
34371109,5011897
35210008,5425858
1846053,894765
35071418,5759214
30151298,3429117
3197724,5765316
39329022,4228215
17700397,2732850
39508658,345869
39196742,5421048
39700953,1064874
39675113,1499778
27244847,74305
29799923,8155887
32180058,7513629
39666288,6561857
49628682,9296528
36463950,6967637
39903598,6209666
39075570,2750123
33973209,1164105
6580986,2961327
20502912,984724
38910952,6524398
30107571,7800147
34857300,6450590
35083833,7264073
41120967,1479293
17195830,1383409
16059441,2997878
26043368,7133283
6219618,1569475
17244702,181668
29213520,3009628
37849013,4698951
23449436,5610666
14447216,580517
41722008,4439177
39982172,527011
39095025,928415
6371243,6557729
13373822,7095091
36576120,1344300
2517439,7784759
48703530,6536079
22424377,5752060
40359784,5442570
40202159,850723
39893030,3301336
1216545,7071439
40620607,6442339
35060774,28544
776877,5761611
38721820,6439443
310584,2664359
119035,6525189
40604020,926628
36421066,4482196
40495704,7964607
38586893,30654
39867394,2766330
40739042,5180626
35902519,6114984
80435,7264269
25692886,3078068
40680586,7326808
30762492,5156226
138878,5829448
28666513,2072970
35407312,7153800
16001687,800019
40007107,1340291
40520487,4788217
38345685,3413449
32759328,1377
33786599,2786374
37975757,6226401
13618431,4147574
14494178,190403
40113250,2793560
41041602,153733
9460091,5922
51187016,4971410
6038030,24655
36605184,22339
34322019,6426921
39218054,899999
41140664,8187076
13572812,33031
33917153,20989
40691782,5344531
13173166,60459
113118,2732892
37576459,19696
36342216,7020466
40579998,108007
22127812,7832192
36056515,3453636
34530284,36320
35969545,4766550
61928,2830341
41023203,5830205
2400864,6590097
36568153,91382
40894779,29184
15898640,6580285
17333180,8944
10374638,3165674
39028798,6572080
24929435,28509
1019653,6577839
41754566,26917
41814388,5124235
37828755,42353
28580054,4948810
271276,6549106
39800760,43613
36233865,14705616
41715096,5754828
40932263,48913
35276908,20850
41434345,5807164
39934931,3184606
40545344,7258893
41081978,6431805
31850667,8343145
36200494,9291
39963794,5363257
17981015,6590310
36430456,6969772
31921280,7235297
42082598,6644346
25877188,24690
42192230,6549373
24158961,4455366
35609015,992351
34568790,12470
42184980,33986
42186115,150482
51077,188932
33283109,6448708
42071093,8058866
42049190,19794
14290831,397
36621812,16290
7891973,5934422
42279595,7031
27161816,3489
34822173,4334648
42378782,4999150
36373372,6637
42386983,2761
36676938,63630
40689907,6470635
11143177,431149
25351826,6926810
31193811,6899829
42073292,3058
38495829,7353243
28801088,8203
42506768,33503
1439798,4524507
42447115,5806657
35770159,26372
31207572,7127884
42410917,7625163
38509967,2752898
28222196,7031278
42402313,4400967
148365,4952447
42740921,5301911
32318912,7203641
33795874,4610
42852140,6550683
26597404,6896405
41562587,6644323
34640995,6950740
41748779,10465
33883976,990148
2842871,2559520
43073123,2040815
40088076,5657
32928987,848
22172801,9833
270687,6524620
35721298,38185
34229824,6893860
43264365,4043
42933229,80212
3851330,8471725
43286371,6599
34957486,7995
43302926,14220
43383510,16272
3695772,7094314
42105401,8361
42085121,12833
43400574,15830
43385933,7734306
8658794,16204
43401240,1967
43453815,7130
34750645,5600
20554536,3013593
20013762,3023964
17409163,7163595
17365139,5827280
35297380,1152342
40931099,2977293
42600148,353686
16097881,69803
13456428,5389056
890210,91085
18339939,1252319
43531827,4520226
40689984,2839336
43355625,9558
43231261,90090
43504141,13574409
1433355,37048
43564581,3092499
41880396,1141422
39733282,1417529
34864678,1204165
31945112,1036925
40696691,1374091
42415263,45816
41065350,176372
42862101,332067
39778773,5323230
39351353,1611087
43698462,15225448
41047644,409113
25264909,6521131
43537082,2928672
43726387,7053742
26270886,181078
13553217,308537
43719900,6455200
43710654,2909019
44055711,7553558
30302081,6885143
40026275,4937202
42025545,6496644
43805098,7922460
35493976,7361601
40933577,2905789
43707264,6565450
42765699,18294819
43919836,1141209
21928,5308032
43526378,167400
183623,5398028
43211870,7074909
43919864,14175077
33898763,2565
43528118,5817
43602698,15569092
42200926,137561
981868,7074786
36321744,16789375
39327905,7055613
6394554,7579036
43610362,17160405
43805016,7223625
43218925,16379953
43501992,7782976
35522807,803005
43616680,509706
40502274,26872
41021181,138514
39863455,16062789
30816842,53249
40676696,1212001
30228538,7085305
3282831,16943823
40590294,7266555
440777,5816813
44554197,11783
44793104,13589
44307017,16100168
44655911,1161639
41741010,38120
42972172,1571853
25548442,7807992
5948054,7327371
45062775,63095
42745440,5263027
28954232,13730
44570830,18002228
35545934,16847770
41720751,19005
45358951,6886702
25524209,165006
25354575,93504
45167104,188983
132609,8020971
15992356,15044420
27866300,1074989
45176456,4382157
24867,16437249
38393457,7336499
28692897,3015727
41165488,4968129
44415628,282885
45719585,221559
34104969,8107261
44200541,6585995
201287,17029974
46188743,2821144
13007738,628636
13573236,7736956
45110961,16640489
1428609,800187
46002829,7043934
815760,16819959
13152510,7992137
46033507,16121977
58728,771
43189596,6950818
42277308,7798544
3195668,421434
22731942,1958136
21864397,30819
45864776,5251202
16247475,463
53231917,3222554
23707663,7414345
22628234,2002988
51080708,8605
44798557,279140
6328461,114283
45650871,7963
17572846,27209
24648636,3352
49496548,6177334
2338635,1357414
38192754,8045260
52059093,40119
45435054,3431194
24740030,8178
49980277,40881
26074199,4149342
43562980,1332605
42643696,2300692
6869581,225033
970602,5049521
35274984,6245
1628966,35023
20517739,131208
26811166,7124038
38390751,1375697
51204182,4485813
52005601,4446076
18775119,2898479
976905,1563059
14879572,5321960
50123985,5921279
39779871,6468716
50838717,197
53130039,13843907
51345489,5763301
49499535,28707
17339474,34055
41888678,9790201
39890034,4452588
17302571,16070
40390773,24952
52195386,1255971
489606,4594585
896536,14167341
48651999,53259
35540804,295231
13573412,64625
44441981,3424683
23278619,444847
51821292,63475
52714387,887400
46261182,209681
43379420,4731222
2508888,6454067
13400,1159886
20510585,5786093
41824802,3072763
44564172,13997171
206120,19595
966757,4193568
51822229,7022046
21428094,44202
42653670,7054485
20362706,1125279
52085785,5158465
33956602,4492558
41221095,7212647
48718015,6938994
35965482,1808111
41151459,5326370
41757728,15538
39295740,7866768
48660853,23890
19425704,4619644
30004485,6580373
51901216,6562809
51822189,13263
23171293,6150699
6364402,433824
40864492,7124795
9500914,6564752
49471895,7212411
10385704,7023103
52754188,7123141
1970506,515767
44536751,7087549
8578291,790918
49904578,5823122
35295069,4339
50968210,2940336
31869108,6592273
586732,9876016
29633913,36935
1544565,1387050
35856709,128070
41952489,1302004
49371810,4413991
53002007,1410883
44283411,1108381
50359100,2617
48730202,15393
4476999,313118
30809677,814936
52159676,801874
45589262,3073528
31378905,233434
34502228,1409619
10157304,4405745
12923588,36378
50069829,2743031
13086578,2792871
50492846,8076193
50700748,1202066
61831,104125
34551009,3452437
52929544,6434323
37569327,22694
48712876,1270552
5953477,40552
7415476,33893
21746534,14901967
44087376,6981057
9296626,1446295
6250504,44023
50714758,1176324
34466979,2798546
21401526,5306240
2464291,1480957
49000290,6589431
48658191,677817
30763001,45915
1451628,2860745
48497891,3407560
963537,1856386
33395557,1039846
50635512,6557536
51312919,31274
24621818,8646
25394434,4504786
44313608,5092858
42858651,15991
17787674,3024821
52494371,1503405
49625008,4859959
50511825,16078416
48847096,2869203
17998741,17439
6944946,824409
40367270,6875729
29217417,5752454
51806919,5132
20543923,1054908
43197524,147
45439818,6568822
43908024,1874732
2142887,1080585
18746715,3219566
17279448,6929462
8579999,6920675
2115195,5227478
239399,14250273
1397673,4201
52521517,5779458
30687041,6538289
51724133,511372
52830931,6433025
37558445,3222582
13573316,6869343
16242289,1466
27569693,7085837
44549137,6599635
43583334,5833418
17701254,72039
147941,7759811
52582260,13880491
35542217,8195738
35898163,10961381
49666965,4462369
50736415,8034143
46194224,3397290
28107444,4961171
16698,4455528
804699,2981932
41574696,3119823
48857402,2770351
52817657,3321132
37930075,10780034
39091679,4397966
13419642,5241459
51093078,3387293
35068650,6914886
1491906,5756812
39907327,1827868
41568614,4790114
42800488,5235537
41147279,4719629
45694113,28572
40525361,4856634
37004370,4340281
43982433,5107011
164238,1731657
35750273,7320506
7743532,7929831
52384432,5401598
10256072,990
48662329,7887786
7153802,1405152
36348525,16939
37539001,4619822
15759610,639265
17843465,164478
22571540,81017
34956885,17082
23236080,512651
50208350,7824085
13069261,900615
36480253,626568
24020362,669979
40859234,475407
36127483,824284
52063193,703723
62811,681236
11099295,489970
7055089,3367032
27174847,491233
50958400,659620
51118555,420122
30347616,881687
24847490,672218
44889984,5758093
50528553,765791
51926728,688171
1821730,637674
52753051,62357
32857181,1402045
36380676,647438
1643812,541628
181481,167915
52568625,600490
40118099,1001895
23163343,151902
48848553,624095
50056671,700880
42592725,4574107
30161025,4506281
35617181,6558842
16006113,15745317
22929586,4478744
29102841,4429773
51791252,6875745
29391367,1451404
27864943,11586
54007470,1054429
45861869,4809796
17448707,4404110
45179431,2967303
676723,4836823
10706725,4106470
29430012,77146
16381931,8570971
29502332,6995343
34857255,4094557
36222611,5834609
8824474,4965551
2512131,4415109
37917113,8933
42963928,7075737
31823135,45712
7613,784866
34667795,11291
50609790,14444
7894237,24425
8541946,7371
6627633,16002
51182650,49941
495369,8993
137997,39467
447996,26006
20433566,25824
397985,11746
108435,230318
2225261,29085
344721,18710
406853,18791
26532744,65678
123534,6468
5924914,4950999
782858,6410
557743,31234
48180,691
292049,101398
129565,45645
3417828,7464
3345951,904939
151755,132225
13708560,327983
521524,13177248
3048530,4362934
1454328,6903512
262116,6570570
896595,3073
94564,5826888
867517,6554386
1247730,7149925
822185,6563368
1485778,8312760
1131877,9815997
506908,944594
706668,4517253
54495,5989661
101027,8426654
21314,3340475
1831563,5438808
131036,3500801
1442364,3023842
1019742,3409997
436061,2060858
780506,5046525
46775,7150942
1057502,8840
2888160,969638
54161,6981919
71680,4486715
8347054,5356562
923993,4400405
207577,5835506
97401,1980985
618806,6644044
54996,119005
42908,114528
804258,4777419
54818,1470927
1862313,4562998
4287968,7306871
91001,837420
496670,221019
476558,6447520
4443585,13561098
851572,4858120
3271062,5391254
102748,5786742
1019149,18967
2870120,3098115
1933005,22348
1498445,5822839
109961,5143595
301561,3060067
6854184,4108184
201642,3219496
904965,5005267
1048041,13658254
630561,7790155
2714859,5400988
3085759,6525174
352749,263567
454575,4744566
279639,2387
2595763,8474696
60197,345572
289169,5834516
1522926,164958
601740,5191012
137551,2034966
804913,5582891
2939815,99117
4440869,16300956
6239731,17900425
5947993,21712
6588451,6551743
23010,8617437
6213703,13746768
380364,14355329
6926398,2731809
3513856,372433
344492,73337
6368230,5752810
10476,17160940
11773,4124788
7669063,288202
6869000,7313508
107966,3388918
132709,119848
2809742,17421
321647,277189
6972351,157036
1430980,6740729
3426873,61509
277928,13879
1202116,1320312
1627127,72819
11474934,72012
28193,20987
236363,296961
386047,5110
468488,311467
2493288,41895
194578,5817154
3098912,6577
658008,893708
6443321,3241692
98566,68092
26920,19316
122556,36719
272254,4627059
60974,70978
7129039,71159
12469,2874371
6589490,40883
2515974,7072888
837606,3507043
6647780,50896
7987239,38231
1694501,116581
204297,4062676
817379,4827747
1688292,1142428
6398011,241301
278656,1806382
270100,431825
14248,2003596
278854,5181752
138165,104557
849915,7376084
6648595,13654965
188242,146033
7530820,1633234
218571,64222
242669,114362
3351607,112914
809372,172271
92581,8052
481335,6406273
3762,1316048
182474,1429989
5953211,3234591
136456,1498
71241,6553256
2288200,31944
36158,6921962
841868,7338255
256390,5269606
571555,2622245
418567,41093
1448236,6653786
6033289,1114699
677378,6705865
220682,8034199
6614154,11040057
350358,2753100
1704719,40541
12079,7082675
352679,44526
7870553,114558
2963410,240484
93280,8557018
6090444,9878015
7506252,8422979
424340,7275511
329326,18233
122943,6547659
675955,7060310
562757,150588
7149234,112258
9570101,16982567
9698340,202782
39738320,91236
2375782,688
7798362,492884
982960,26655
6893353,94000
10378813,18357
3609338,6458246
7665108,28243
3726791,6565
344193,4470653
147312,15820383
1055911,6966491
7152691,4142333
44755,926987
9719145,8163117
8026111,5272674
178100,90150
8363907,11672
106197,2528119
7492383,7751
114316,3352591
10042006,542704
891224,6580262
6359649,25022
7572382,4370
500657,4376
374371,38301
1200231,20105
136666,7162002
10166594,6534906
7860099,14199585
9459078,6552446
1407232,6545412
7861169,6473981
6757337,3340
422732,2287512
888947,4582507
117997,348878
311643,6451816
6918816,124622
963151,50873
1261704,5238854
111312,7485494
11928859,5028484
17970264,6445698
249824,4431689
332021,767317
1851156,4575353
10360228,2408
23277447,5282455
18554,4849738
6407986,7383025
293027,1467
47906,330967
7556058,6876
7846759,2731809
7319166,39788
7746487,21911
630020,52609
3090523,7843051
6382796,169377
8116140,643126
6648822,484627
9403048,4790114
396825,5322924
1729323,4660036
1316382,625
47731,10000
21340,7150198
6643581,6538176
13013592,6889902
299689,7845968
805087,84181
6631480,3472
7140754,3153008
8703197,6214
50479,6923563
551876,17065
3068365,7079478
9719411,6423161
10836748,1265
11175689,3541
10783162,4727364
305262,5135449
3246650,342135
5999817,82603
18377221,5228256
7794853,4750309
9266769,6860574
9471504,5813022
6369020,7375051
542606,1192311
6217765,4930653
959304,5130544
11187203,25422
314986,4866520
5830358,2973783
8164800,7243737
177393,6420147
2607493,7103149
8864817,7134215
875395,4575382
315578,7095091
959330,1406384
8013943,6872503
7802786,1150547
3532485,7047257
11098129,4582548
831140,4496779
9895478,8110729
9991170,5430144
10725481,4106085
2110492,5321576
7706182,2755160
1326919,560012
9953850,8174674
6460716,3001574
701564,4720629
12075543,17258111
164988,18141893
227152,36746
5278191,6469490
554672,4848337
95988,6453465
9581507,7054725
877229,1861991
12005966,4515355
187287,4996736
107611,205589
1145570,58306
25657509,7256929
4652415,8286020
7327301,3780
9893701,3387296
232937,5625945
569618,4103366
2189360,7741564
8467071,6554386
2130908,6964734
732141,7141820
94077,5622223
2842796,13139
266668,4654517
11955138,17061
498744,7135390
8509402,9355
6339619,3152411
11434279,5193034
6436361,7190965
6970490,3301538
21804,2826
12417147,6644044
230853,63607
12010541,4061922
595304,18132401
11557282,60390
848305,627156
8875715,3200239
6640337,37492
3525895,7074741
52228,7151973
7157612,4575345
9975214,143691
12315661,7105827
300889,10405165
12789642,237175
766478,18175
7058894,16647845
126059,6446604
10778265,6432984
65149,614
7242856,3319233
13030113,1077326
8696975,4559822
116413,4728994
4972618,4842866
29015,91382
60498,73754
11065348,8306834
372862,7020954
11495264,4721654
2229030,3430431
9453846,16218
13025493,4608985
119062,5094848
10453085,114998
6887847,4718528
12445194,3151111
688764,4443115
11359137,4347037
2706866,4529674
11799123,5437976
199707,6915131
12152428,800019
15617,4027380
13132472,7112966
8970807,5785925
6049168,58846
191943,7144570
1626062,7354860
2111634,5241459
65955,4695869
7963208,7246093
479594,2060858
13037406,172946
176494,7508
10929475,56019
763766,6518370
891983,5243264
13246033,3251728
852922,6572969
55320,56625
1121430,2992396
7428282,105025
180739,4134859
28167546,6476625
624744,101287
11021753,132117
10565237,34997
282616,7123138
6089860,3132958
20517362,5815760
4172194,7625163
244976,835348
9864637,45927
6905798,18121606
10368531,3464665
7199829,5001
10372526,6860779
531197,9399
318398,585
1417493,6436698
1163885,44526
6664404,7359445
13484999,13658254
13484326,819789
11933,12696
149198,295178
16100308,4201
868,151973
6554248,5444060
11661796,33227
7851207,3509782
2311975,6937037
13423536,5181752
13274090,2776786
13318128,80702
6267708,207356
47180,6876994
13423169,14084
3231008,27498
929500,2903247
11694,7941
6052017,2752928
944555,6886702
104677,7581
9144969,7201181
13554872,6519108
11145697,7091425
10798003,11291
13265443,1228621
297909,626222
12271624,3432558
6422946,4984837
10044193,4188120
10326890,1585457
6676647,3358829
8802774,2924010
13421819,4928927
1269704,7207526
6678971,6444267
9701,1857564
6082973,4880398
592075,5339130
8579486,5334279
13447366,2987
2931120,7012142
674213,6553058
6966227,6570230
13613274,7133283
7151711,12008
169810,3310143
6172915,4530313
13423183,4127279
263173,5331519
501590,6444266
1278811,6535359
114281,5286855
7279151,4575379
525371,96426
12795646,7162059
6037263,6549373
11333985,6451625
9867109,41419
144162,3388865
339215,412433
807127,16155
3431810,6586039
14745384,4062698
6234518,22033
2160446,7009629
7453538,957894
755301,7060289
201641,2958084
10381822,7366597
29133,4445700
2917076,2958515
232577,4499623
1198717,8306428
14427023,6448939
7519184,3051260
1665898,2726790
15702297,4580131
380055,5421050
3564825,27100
6340149,669810
51029,1279042
12322385,4019810
6124313,7212406
928798,249882
9271896,37249
6261122,2965489
349947,5150716
7490651,2895706
7444024,4540022
85211,4984399
494059,1235
414096,1609844
3225007,3185565
11582010,2931654
12724,2937372
2645603,5752457
12770150,5268666
1177434,6542403
6975601,14442
10232994,7242174
98374,28569
33544874,23607
13590988,1141209
13001277,7811723
1429901,4872191
352256,3512511
1561178,4373408
2395279,20248
13512834,7043852
8108609,7373567
14423057,151371
13510123,322733
6699059,6452601
1221903,2503028
67329,4693347
263460,1194527
9477347,5828129
3138618,6576110
2571920,33031
96478,123715
106330,6584188
7977037,1140298
6441654,4292165
6054106,4107194
12794678,7393959
6428089,6538202
25700,7221218
1563075,38238
4566128,77193
6040421,6562243
13827,427437
1244278,2152471
6399288,4658172
11523971,4785031
10245716,4208569
2496956,4735144
7674189,1635425
12510143,8842
13556506,4092090
181195,27206
16032362,65944
6705824,7169602
67880,7141835
7299756,916010
16029985,1899
15801235,6492
16041063,48206
13607560,164576
15995457,5769764
316820,6729028
7884124,1628012
2003094,3099544
840096,3433047
1199553,6536597
6616850,24556
13331182,4610401
14435212,3190846
13578634,7275168
2198397,5918
16079390,153734
45362,410993
16077386,33986
2035356,5921279
16047367,75375
15851096,7169579
16101507,3012335
16377,4906436
4868,36910
225542,17015
3318993,363405
10413697,7271055
13502238,7111589
75385,7074846
1974532,4912047
12712998,6473923
603204,222118
6658211,1271571
1228814,14156852
6357825,306
12988004,4629194
153592,226816
7146693,7520984
474687,49028
6393997,2746690
15958209,6537386
347752,903992
761306,19753
1720187,5287439
8198230,1005984
12862036,3219496
1157260,1330292
16069471,13849789
11332953,3849415
2013,14223455
15734528,2891503
15830337,6574132
13085609,68481
6802629,298438
8572982,6912103
54209,4902564
16073179,317354
13531506,1508588
228204,4476934
16141991,3408349
13425941,6550037
16282197,56880
16090365,452671
9478000,5425858
13116203,1439
10826024,4904146
14411137,84278
7993952,4398628
91358,6506571
12732267,4369397
14627962,16759765
131094,3009541
8483864,4629065
17085296,7341071
242936,6563368
3421140,1023590
7205214,7132747
13036,4074084
10029507,498072
122312,421434
10746419,519355
8582356,4505164
16064899,6936449
74482,7256159
7826204,7756699
11740495,3413449
276514,5267473
12962555,137902
15827382,1827868
636742,5014564
15861292,7026053
1364859,10697
13629828,947
15738256,5308032
16116139,7831156
12473983,5808498
10283434,16244
401430,1194340
17237440,4750548
1369974,2891665
14415420,815
13489310,2594
17259417,6521173
7944987,18282
6232657,5416410
16300774,1262010
12924333,4632663
1240548,6441917
13486788,289513
6336005,7113521
18238,119848
359826,6580373
16059057,57611
6531,8108373
452152,5300
3182582,4887264
7599243,569269
17090721,5131072
7844667,6644836
15616,2261547
6620129,3319050
572648,10427
6797630,21748
10786002,7577
559937,4737213
6816968,2909019
15995593,5990515
156775,23
17334914,4455366
1130000,8415462
12500899,2738500
16180723,6914204
15745258,6925957
11142635,1780
287380,4279785
17562690,4112157
11381910,3097905
1824198,4575368
10347690,901057
6987349,144788
16161901,941441
713076,7559069
15743461,6546441
17554307,6462472
13568261,981834
1421843,5806079
9684201,7096237
6056287,7020466
7018619,8109273
1930592,50316
17229636,4805272
17347879,6428814
17341790,3347
7434464,1366033
10276709,4868074
181886,6462453
209305,10679
105301,5108399
688133,7059361
17561347,5106676
278952,4342615
8005599,3379564
17162950,6953499
408210,7045140
17193192,3036304
1226629,1332605
31266,175855
74788,3980637
17826421,1441
17733268,7020231
60311,5155341
8472378,5303332
6706912,8476149
17839844,61105
14426203,4382157
17842746,96909
3817433,86210
136878,2856948
937913,6474501
17857704,3517421
64276,6995709
16217804,89439
16172345,4330590
6351887,7149925
17865385,3190
17342565,4452622
15841421,2345
2205663,241301
7742801,125308
122648,266945
16004018,3190428
2183274,5806018
14922048,1475821
84060,4519247
46660,5831672
15724524,3428119
16964392,4668167
249043,6767293
173961,6969980
1170470,37728
17911103,1873
17879543,24689
7689968,3770
1422149,6988
17926221,5027236
864432,1290625
15954541,5997227
104946,5398028
3131270,4430
17904298,121825
17926698,6892195
17932804,6470181
17318869,4243254
17694149,1366050
4845427,3007539
9477896,7062305
18002038,7246482
10726285,659
8080749,8449324
16120233,4792225
958244,6585049
564694,117182
4952870,128382
9915450,10033
12852651,2541526
882752,5188888
2413344,5200691
36347162,15292581
105202,15872
10983167,706255
17377749,6534710
18103641,6580285
18103387,6563931
825419,776
18085024,7710196
14387287,6906110
3146329,6517376
2016611,24197
156873,34517
4664989,5403174
18131200,15877
14459358,397315
4310056,4575326
13425570,5186274
56351,4342215
6699199,23924
15714640,4094048
15832231,6160
95429,5260599
18166527,965709
17914163,1180263
407816,6568302
16849951,346732
10103230,5088
18140681,6612545
12288333,4667368
18187149,4737695
18078229,68
842309,6549106
6681613,6863455
17205669,6551743
714807,7064545
4330,4138275
17924822,4430487
11599841,359194
332510,8648059
6356526,696372
10229003,6474204
15733578,6422281
9208676,6875794
18166849,5434809
3214658,4845754
16225719,131
1798329,4824952
15877676,5749310
242446,153738
7107180,516921
3551237,6869343
16130956,18943
18146296,131208
288958,7374424
16301111,10317
18193684,7215619
1097911,762
17665481,3023658
225396,6994731
13101349,345630
18073161,3447
16481471,2002988
10389149,114283
1601709,2457566
13588409,2833117
25935,7012378
6905480,798
515885,7046321
6673178,4586597
7113290,10521
272716,3501390
127439,119376
11426715,504627
3427390,1238111
17729662,7084
18215028,6554504
6376527,6980149
16002525,1853305
10603056,2096360
8712,4575371
8772077,40881
15810471,3248211
96131,811
17860542,4651111
18306560,6125
18275463,7203641
6757966,18486
16282616,63460
33577,6094847
17384676,48465
10973495,3408059
957355,2986307
17325871,19823
10786926,1978003
6604869,8349
13623953,3377941
16157099,2876763
18430594,6536595
11535453,2895111
17854353,4178
2895492,2387
17976031,8546
12742913,91168
7148780,11503
11389327,5191012
3058066,1244575
877693,5117
11822403,3290920
10534093,5423648
18217413,11237
23440143,126453
15790852,13418410
963502,3023434
1518161,17807432
18399828,6996431
7740725,7179522
18588213,17284011
887348,153741
9860784,20850
18002005,6883551
15996236,4581947
15731454,3465557
17400970,5828179
13414829,874602
12917162,328504
6668640,1036615
6352248,6587442
241936,6893037
3924734,3413044
7613887,3027554
115060,1691206
12451769,3380908
18170438,7048010
109794,6983012
18374488,4882127
285746,676070
91017,223343
18166194,6993187
21911024,3418030
17277854,1791
153910,4687048
18802838,61237
17381516,7212411
13144229,4062676
17213837,46245
13688350,5124235
10108198,928415
300738,4951964
18774663,415967
2695142,6550220
17311053,73977
18975547,767547
10754265,267687
6383762,12521
24308,4601855
1162710,2357
15820642,741648
15849310,4946788
6013239,7341041
13228357,3041100
11609409,4416438
6963165,1254833
18335916,2949712
12092005,3353516
10202633,10289
53404,5288487
151928,6556689
6680836,4517253
20433181,2526
3769869,3155383
2858266,5214793
13399046,6540645
18853059,3046613
13139452,7055613
18882632,7255282
14759416,1792
19478042,1808111
492887,4124788
11329767,7388591
6260558,1429808
17786794,2313312
19234450,6535659
20525192,1304470
6598687,48192
11782489,3343
12323980,60441
6321203,8056592
656048,2936493
19358045,7142495
17981458,7792274
20643053,5769238
16069859,7202946
887460,30819
11437571,3023842
20679880,10710
20673914,6553850
1396182,6947727
281346,21559
18054465,7165566
87060,41108
194546,35023
18973367,4116488
1234704,8214
17374235,4126827
17566623,1975671
4446305,239579
18142606,541293
3295855,5029054
18343240,7264269
6509589,16080793
18799225,1771
161557,2838
3171693,6577839
7507890,4506073
6924788,9657
17931757,4838933
696512,4611175
1575104,4384465
17728782,6888652
705069,18235985
1106474,4025590
16130211,3706
7696135,6588802
18272318,519824
20931358,2847963
20549384,6551005
19043685,4191
6750053,4480131
882909,4074051
1334790,4881349
105373,4175419
18580448,8695
103625,13757
18783662,7136995
19468416,4011455
891593,1651952
20746822,17434
89588,3095893
21395464,7122060
1299072,6176
11196970,2860219
18754418,4851199
19068786,3114906
2962331,4637539
21400348,6893188
7117689,4575289
17924018,4693729
15808592,65959
6898663,8944
29648,20379
18809474,4769304
9681425,1122775
9064116,4662744
21399540,23510
596307,5108885
19321261,3064249
856190,4637369
18242339,7086643
126184,7392660
10410683,4414255
11899389,1373880
21404695,5752359
10512209,5805483
16038278,2780539
2467738,18731
15715578,7536047
13449244,8247140
7129192,6547946
11797160,2476
23295237,7172518
18849801,101078
19492453,82570
438257,4370565
533690,4039811
6268632,2987125
1800712,7313508
910152,3456705
19507801,99044
8392871,7044446
20498767,4145664
22007080,4692856
20404780,6536079
18167090,4725841
12787245,28550
1908372,364872
12891160,96150
761197,7152850
18176350,4485813
7997,6950682
1420902,200317
13451613,7737308
9147089,1038226
151685,515767
21971980,1727682
21539244,7111
16077791,16652
11858222,150038
13565227,16204277
22736720,4684322
7713182,3497918
9772406,1025097
21445001,2896790
20691282,688
17320075,6950740
817501,6456912
846941,6879912
16615568,419
22052520,3953740
76703,7539785
18669698,316
1283619,458771
17852083,4562483
9401603,108774
1432778,7091823
19337,788461
15798129,39021
224244,569
17303389,1563059
9264106,7095467
18272743,64364
8883573,4119134
202216,153394
12756638,40563
12839928,7071439
17877542,1049
18246803,2940640
9741111,18445
3577125,7094314
18361473,7226675
22025754,5763301
180806,8033909
376613,11466
17901330,60619
21943866,7059622
21409704,4464118
288301,1943477
7657484,5091
10893214,5815432
1149270,8458
13507661,6433278
275474,3416
8900254,15463
16046401,4826501
22450158,2384
7809221,1202850
22240018,2654606
15698571,7265801
19402121,699143
4905292,1935000
16072107,7742
17317164,4372391
22430102,7105545
679702,1734716
14429156,12470
22059486,1122774
21916526,5804715
20603407,7029937
13375285,6857154
1300270,72401
13419382,3503
22022518,3051490
3595953,8988
19547700,274533
22043566,5049521
7851791,51118
15814435,16161
21457102,47072
21544827,865
16160232,5073330
379352,8184875
22890930,5174152
12977680,4971535
22751639,210456
12218281,43443
632319,160932
22807509,4443809
21915383,240840
21126803,17435
17211366,600
1022883,3720
22590946,5104111
18812351,1058
3472820,65137
21806651,4610
28507,580315
15972,3389
2260330,399
17313660,7380
23082740,194243
20993087,3163298
43822122,1999187
16030663,1538
11324664,12504
15790870,17059
13330670,6252
7292,5298385
21776496,5835922
331883,7031278
23174601,926628
18135901,1479015
105099,3047053
22825351,3423688
18516208,1532329
16248189,5255014
22886199,566
64984,2865234
22306137,1344300
23209889,3185029
13348349,5321197
22962771,4405745
18248513,814936
54825,957028
18047607,2798546
6011949,22515
21529133,1297551
18596873,13450
17838383,984651
17876228,1244209
16133434,4414284
22206795,5114344
525544,5296727
23205584,2613
12577711,8415664
2132778,5616191
2401677,8155833
23155757,2499187
44950,234115
5033526,2957451
1973931,5100743
23277631,5073719
22396223,2963485
320817,3520560
4213261,1873377
4066338,5160667
7832158,1424397
6850768,75055
1006596,5830094
2869504,4968409
23165991,7722020
20632548,6936948
21946160,7850247
8739430,6476392
18879551,3462951
5552212,7520492
23236376,8425041
18008425,121072
404516,7125719
15998465,11081
18164207,6740126
6305272,8079006
22248256,7339622
17838780,7008445
22799793,6885811
23178954,24978
17259605,7276454
21791955,16083673
727664,984659
435030,6474518
17315860,5287392
9846385,4890658
8293822,1374091
23149124,7074112
21532209,8029282
23466526,2765118
20632430,6571021
10800683,4747714
23571662,4109302
23342284,3173295
127016,8596
18458190,13661
372092,5109482
23400798,7358908
9105432,6940334
22564139,7277744
16158498,2882485
18272806,38550
17984139,5228869
16067008,8180726
7788648,7849867
6471100,5893561
21479493,51204
9256545,4475715
3190729,13635
13807518,5209619
23361195,33467
18387799,6521036
22694942,6564542
6095455,4369922
23600175,17152
13631536,5328610
19070784,4465322
23573487,4507090
397046,8588
23444128,4831235
12355553,239949
4121672,1289325
23944776,1285555
21897163,5821204
5990667,7152490
18695189,1654
17445144,25052
206309,240708
19318978,1427650
12987831,5116245
23437606,4541791
1712096,2847546
23172131,4088550
23155890,6608731
32555,83086
16195402,7035308
3284028,6216688
19214578,5779976
22046983,13531492
18219567,5088808
23705558,375143
462550,53519
3765911,13528752
16144323,1499778
23312692,6590573
2971,7040319
23620427,560412
4789658,5765372
248881,8118655
16038470,6542440
24490383,1598076
6975213,8730
22129048,869
9912752,106
1654709,2918731
104696,5758692
15995762,2915870
16249388,5965
6238460,15619
17262126,375626
24829265,13177248
97402,8260548
23206366,74459
161415,338705
18594634,5990662
24397689,4493935
23705211,29542
2096,1410883
6645119,3441
18809168,3242
14501452,5050492
1564300,4494819
24764525,7086094
20622439,15292
7208822,54389
6571,291916
15817667,9629
23939992,3617
13500754,3064305
15780279,7811273
22736757,3074905
18114460,14192453
407305,22543
2104061,45203
24987485,1388082
23489047,3618
22741957,8202129
24018203,2750123
23461945,8416438
13554019,1912055
23847226,13623
13628818,3405346
21899819,6521131
18337656,6245
11736574,5801
24624670,7047863
25030592,2868678
15869173,6519692
17334484,6154918
13410147,276660
17340720,73149
10079,42211
23251157,120395
18904109,4704809
20627408,815259
26088905,7123498
17258293,5137530
18460726,2001717
17610238,33907
8734498,506633
18630962,3009628
7892578,2884305
22433663,4968129
22022320,7085837
9364112,1023510
21777373,6044755
25056379,7172051
21801065,65583
151561,1067608
526927,4615197
25372804,1397570
1786638,1069006
1040474,8286265
24313378,58480
10471443,88445
24222291,8153734
24178465,13549895
23633542,105839
325661,58
25314661,6445292
1557943,588356
21220669,5367341
11419229,34820
332754,10746
20483093,6585212
18513555,7022361
15710999,762973
21421126,630
1496002,426944
18051,26
25206202,4390441
16431540,27045
2341319,2884275
37506437,82467
1055927,4841825
93008,8126161
15773615,6884399
17790667,171379
21885423,41762
11980262,4595087
18365945,6558842
25155127,33876
24232495,9867438
18630547,7872519
22974288,92097
21488063,11713
20759481,5365291
20344467,1217905
23844390,107170
24649825,5214733
205973,119888
23433546,5339
404874,157663
236202,21686
125157,2993185
5982482,7414345
10430194,3153776
18453789,4574972
1926218,6437086
105744,16202
25127693,7124795
29457229,6888697
6082729,16961
8521767,25307
19212783,2559520
25509471,966591
25321126,4721536
25129557,962319
21856367,4401574
25460392,7258437
25456498,6896405
2436099,6421828
21943097,6256
3761596,16094
20871515,295246
24012225,18067
13258435,8343145
2978918,3240453
1929182,1270552
17131849,10896
15778735,7178194
5509321,580494
18943004,175556
424125,11679
18306138,12980
24781686,7021276
18008080,3080608
114511,1445909
16108628,6534462
1275105,1506712
18939770,60435
421398,4428
1960591,7048334
7117617,6941668
50388,7873610
16248281,536013
17250818,17054
17622784,8732
13628172,6863565
25961617,6549307
24484719,370361
9703922,2646
15719625,656983
20452094,7754966
3104267,7141792
547162,7074943
632901,5771850
25897988,38159
915957,4533716
16093551,7374777
15706711,80134
2193694,6474348
25572565,6576876
6072038,2980235
21801491,3329042
2009585,5737121
26123576,7023272
11835207,2832
9747085,7335383
17272496,792
15853577,5819370
12317592,8446650
12294752,7142872
12864422,2924955
8521630,59490
108064,6561688
7993133,7717
23341863,27847
20754848,1408429
17826001,439887
26200615,40636
23317538,7139136
23592537,4260
18090077,13652897
25179602,8312760
24871159,58572
26240757,6448979
17884042,4280
14760370,225231
25358860,5662
26206774,25376
24466484,1785
310298,4763
23153154,12090
6476709,15873
13481307,17693
22822933,3465
18139966,4632661
198331,6692215
26770768,2759153
7904158,790441
1280946,445303
7455044,2917920
565428,4349837
24241151,108424
491887,24514
8251596,91791
12900806,108173
4617242,25456
22663390,1166430
23398925,5074920
26144113,58484
24888548,8389735
1029807,4674
19049001,9885
9707047,6887314
18455413,5780686
239734,1226977
23287159,42861
20542754,1858
25395792,2658
26206540,8446300
17472088,5760737
20351505,3365457
25176099,76405
18231367,7168230
22609866,2657
313159,126459
27844439,2917917
96630,545
21955937,88314
26850573,80131
18396,4656955
10235919,42697
35728,1825
20696430,3317
11516221,4856232
20821619,16549
25192041,2633
23374690,2931
27405244,9222
8628126,5775520
7839887,125558
27777437,7385
21765249,5323
27871551,7565
22822684,6281688
7249263,548551
17331327,8726
28205678,4046
1308827,14139
4744535,7383937
14617526,58918
16026493,5223
980397,35822
17229241,9972
20774673,8050
310975,389474
25309550,49625
10937499,73310
16093761,25254
1348222,11654
13480043,22832
23019123,26335
27798954,233
17339804,17597
47122,13943
17882618,17287280
130179,114453
28556695,16481
9018860,16927
770670,196092
7606133,65685
22455180,6942
28646887,127374
2403024,1438
28938376,6223
243746,175329
18751334,1351903
25310640,17699
11612989,67037
25440667,174767
6511517,62650
10838787,18819
28676463,79535
69089,762707
28007748,296961
8553757,3961
15782868,9759
636638,14015
20962083,6466778
25731953,13830
21531503,146237
23383631,11672
29373453,3275
29007324,45898
15812794,37774
15762116,6760
17801961,2609
23579238,42919
26860475,177305
544359,40974
18339155,85989
8035533,8716
29421260,1294984
105423,3301336
12892470,22680
18518269,22067
13497161,8719
9583237,71059
22907051,10992
8524960,50886
29401094,10318
70716,12584
28407752,3490
25461925,14079
6048170,201555
5278010,4152482
17886138,12581
14032,6944
24912294,3148560
22568295,4536964
6944454,44037
29962194,2622364
1930851,2751
6123855,6420702
189096,6404
8525294,16204
22076621,15295
142845,16
21115925,7211470
23510662,2994705
6720473,2713
29983622,2617
25326901,24655
6911038,13434447
17707599,311174
29746038,28375
10865206,31688
241385,10333
18346461,5060731
6564228,9226
18684631,2560
28869025,48067
11368523,167047
5181,7066576
22622092,34429
9639774,48960
278262,988142
7769217,6934883
30223075,402788
20896128,2327917
253878,130704
26791029,11349
23929334,10987
7775841,44942
484094,1003655
30015623,159
30201642,80212
10380819,44023
12888602,61958
9533280,27779
18659174,8734
25636475,13705
28678675,14032
2542652,24844
26117436,395
6480584,19729
22738649,49612
18619593,32279
1257209,7231
28929184,215710
13120951,6861666
25836083,5812874
17563539,8146
2278903,14080
18709117,4410813
11103746,74489
29589014,3033292
25258507,38217
27483931,49111
23430483,17064
23757205,14135080
31322049,7010931
30798378,426034
27827010,3083854
32180812,419233
17802766,22370
29910761,8120
19542831,5350056
32533899,1264
15790878,520296
1350666,809148
25746478,4379
31361931,12605
9408864,2614
22429484,14454
25722620,2715
6933,19860
29742151,5023
10336669,32638
111017,431149
17612277,3198951
13674,27841
32841355,76471
19020662,6331
9652941,156327
25394547,1074866
44179,1956402
30826171,160069
29989809,703032
27974102,14469
6071912,4866
9347101,4764
24502526,485862
29010394,8794
12359733,3450
48654,107767
18881657,5263027
10851378,19005
7237456,6585223
31148884,6467335
10299349,71688
17571236,5366587
1551211,75822
18298683,6587
905,23113
23009011,202867
182354,18741
10116968,6451976
25197374,12772
25171653,16496
27242752,5825070
13421882,9233
32027286,6583811
32488750,9800707
10801335,38951
19767682,8587
23699996,93345
43190272,387985
21539951,1692594
1035,2803627
17130362,435891
27736,137561
52292181,9678
28913,1428675
33848507,6423089
34008848,4105961
30622617,3619
20735648,18879
43681826,114752
2514766,232825
12646050,5782568
616661,4318269
24931522,6470635
21853667,6423103
119822,7812495
26114149,65471
28238538,5767306
29580303,26897
128944,66700
23247997,3283808
34094274,904440
25790952,2925639
23714109,206712
34496453,11586
26837303,4773763
32492969,144024
643992,18225
1056627,7353006
15787647,2846074
22058540,151324
33727826,8516
23987897,5204084
32452118,18341
30464437,178234
15845426,68959
24611981,4189235
32852209,98389
7389,23001
590563,1011325
379107,2916205
20423212,125736
34349035,4405738
30639084,2766223
175993,1637418
34536232,389017
15836516,59839
24795872,20983
35618843,2362
722086,5815423
223313,1136158
400299,4336590
6536999,3050316
16057525,4649677
20980648,32430
6344629,99326
21085730,91578
34207784,4104631
13581290,58527
2794815,59749
23502345,8476
24478401,47247
23257157,34893
15824406,5825906
989097,2704714
34751153,3406550
18810983,34946
868820,504038
29938403,403230
7096916,13557729
30652105,99573
24131241,5989
33301765,214232
20322555,133217
18656055,3534
2218352,82244
32862986,38066
34455842,21172
24790901,4254441
30213217,11646
32673847,7275
1616595,175035
9646747,4461106
36174366,54208
33623041,4110498
165422,5741473
35506630,9237
34952988,2994743
28140749,71155
29337220,11214
19444003,6878170
6283596,9219
16048211,7364393
13053752,4917067
35555628,5625577
547943,5098
32734992,117786
36000833,1063732
440424,54493
34637518,2753100
119537,256
22940706,6469080
33020060,6464662
30047544,2741079
36052454,40202
33957722,688826
6215421,6452152
29772863,33918
26401648,5436815
1353409,18686
27037952,4983116
36269215,22782
25271044,37171
22889766,5253622
20335171,54970
35180905,5771399
10749266,21618
2473508,60589
33836972,4918224
99177,5252348
2020983,15035
23587617,97199
23299427,552384
18589374,1120685
29613832,5399365
27161821,1476
23337384,87306
25665301,5272674
1910949,4807573
3120195,9915
44784,13778
370523,3151
35441918,105562
6279702,8583937
12824229,6511338
817020,7623849
36059185,221559
35158717,363130
33388416,5448974
35879356,3379695
4052800,9788934
25785810,74506
53415345,41313
25232816,3099070
33151799,36347
20734875,23992
31830406,5775596
29237221,3335
34207756,1083757
35487868,5778769
19094282,2883386
34298337,4605557
37459284,2802356
22701540,5934418
36498092,24558
18263530,6573921
36559024,5154295
35117279,1647762
6403740,50325
13629443,30757
16089464,1455
29894572,10017
22037732,16166
28112739,4302108
128477,6498645
33233771,2812835
37554154,9290
29536283,10020
37832924,5070015
38896417,815278
34964944,3297217
8853299,3053826
32674365,183479
30375755,114442
2554587,3095919
34704992,5823058
37643484,1164465
17621856,6437480
36336690,2852315
6172169,6406273
34348320,102062
36372914,5288442
243604,710888
2255345,47104
34272482,7505427
2495056,11882
25692730,8393981
12406749,4540172
31867358,7759811
38587288,14577
223634,311849
38723459,15613183
20561606,30891
34796986,9550
36233827,205
36100966,93757
35297562,9013543
39293656,2867678
26248,13311
36493667,6940748
29938031,5392961
36688428,12676
35689990,925098
17237713,87209
23463,482295
18398970,3565
816664,14053
33292759,51490
39805449,622
29430832,1276004
6810679,5351825
38211095,4703645
3916451,5347676
29875935,5246
32922841,33949
13455572,4760403
35534628,134964
12988400,27704
619962,3915
39341080,57798
18775059,98880
37423253,14493999
18044412,2098
23244956,281810
34950852,1045593
39721638,4408937
13555207,4780234
35297272,963811
12985407,5148629
29095402,1022900
39099072,881203
14963401,4711
40742431,3276202
30038654,90150
24961129,13597
37930995,5869
32179889,4949972
28370086,8179815
29543118,5951
17465443,44085
30730779,4811802
1277611,5251266
443769,2546
36341895,3212743
39486441,5820388
38236342,215765
32861576,3489
41002978,6459705
40386365,1399
36913511,13799
30748899,3165706
17571466,166614
113124,1985179
311908,6433264
42401404,8924
34467031,19026
67464,19909
61554,7305
32585958,4949584
31300,3038151
28332646,197865
40096371,114266
11360946,1830698
43315837,17277776
35202012,4436873
10828639,4774653
39821652,5804101
40207004,7273843
41712081,114722
22311899,15865
41456256,3232449
41128906,4112359
28104735,36276
41114285,117884
41452001,3061
41719794,822
17573690,7210172
38101530,7008472
41184315,6463048
18007965,19109
386485,16495848
33572350,6450490
42172916,15149526
14372602,489648
41453385,5687
35724289,4353071
38320465,6545553
11054124,12441
36354471,6921962
40852256,2887
29938032,7136914
30363757,9788932
25521927,91589
35829046,3220024
42612771,5404227
34941426,16939
42594754,7056935
34642932,9761937
27132330,145047
41064887,5040774
24680494,183819
36105772,3529
38714650,15890
18770,5819761
25250548,17439
24641800,3431194
18570069,217759
115738,469075
18693922,12456
43233085,5237
208181,1219600
36185239,6568981
43313967,14589884
33971015,4018722
942240,5386283
43374092,7055470
47881,5441417
34640668,234724
18742824,6980925
43186831,5094344
13605603,6067088
43440962,13741856
129215,5095502
41219348,13370
94654,49177
389904,2396206
18273727,19038
207631,5145808
7906937,407963
11079931,5686
31423684,5329
38140860,357601
1294874,8865
36546966,5294761
43712621,2771724
43593807,31631
43683104,1339
32860095,3874378
43581127,137095
43235179,6478179
43072813,600253
43833982,45687
1877024,1362939
41059130,1102395
43745934,7025
44024113,4708
43453264,223088
17829423,4273
42649157,5309857
13538797,5368636
42635382,4615776
25163753,40593
92488,4774429
25816896,16175
35408327,6903411
41827126,1498
32075842,306449
25614298,49417
30807879,4983102
42850976,8347
43521844,335919
13595811,7134317
4152549,9899961
1696150,21004
34453613,3532
28428971,4939125
179004,93970
41210706,7751
44594828,211268
20501604,27372
17407126,10917
40640552,44924
40744419,36615
36127456,4432
25570870,257934
43207003,428923
7962312,5044405
41456850,4640495
2294990,51027
25147035,383606
35264777,3539
26195972,322069
317556,6597
41047974,8788
36481118,2766469
35356380,2063919
40776644,5073459
3394,13369
7557043,14151380
46006841,6938229
671934,1041872
40589790,1448
22012290,4339
70236,6984726
44090705,466
36562225,14482
51282440,15016763
32823881,13275
36613747,6953434
29633584,6749587
39218044,319345
42687171,850093
43840632,9494
37806505,4945190
29731650,8359
39508601,375
101911,88301
32181253,40648
49431519,6423090
2132744,5816255
49526689,9699494
42201996,68992
27750416,7285
41741139,15445
33858244,2340310
19082,52320
43818816,1501041
38674,2821144
14435351,3033809
2171148,12942
39964740,16839
32716442,28828
586741,7209
27426036,282885
32558283,1370283
26215628,5813830
29429581,7
13637141,11166
51012255,1413437
3244570,63898
51966347,6542656
18634307,7680
2651902,114656
9803042,6485178
39907932,17674
15825243,215013
31428970,4384611
105146,721
41948764,31232
43330899,16386
17614824,20357
40698264,3275595
30745337,5784345
455519,121027
35707080,12064
34016492,5265998
17465709,4025591
42356004,939363
35716532,12577
41793518,2751666
137795,6551789
39938412,5188180
24485589,4370
36368759,6994777
36336428,38954
40819222,45592
315272,5085738
40726583,17450
28268515,16819959
9106528,3098
43188527,24902
31804439,1405152
67697,6583
40364332,2956496
35512560,474991
48925302,171079
990165,290189
1492378,38328
34219841,848
28945665,13026
48764478,56977
48658183,6538289
40087230,16722065
105021,2782
41104077,1914334
35098024,61173
81844,5213951
41866268,3033637
6609748,7956
31616105,5076
33383034,44076
22718684,787031
43811339,38285
29486065,45115
34404420,678030
28462198,4519652
6355195,1187587
27246123,7319216
53011908,4606082
13412334,11395
6004960,685277
18310407,41895
1299904,14987923
35890044,5406182
139874,1895943
49344772,4376
40539663,1599723
871223,1530940
6919484,19316
30763895,7103
8111461,12465
6076462,92881
24481072,2955
17160398,4864634
6381729,26957
20724717,14175946
18554223,61248
43885673,3126353
250066,64974
35206846,14787070
52963444,7350402
36412998,22485
51576664,2824712
24386240,5334470
48924428,217172
35197947,7927
35427016,26076
26026066,3023973
22722805,7116
34230867,93012
6260873,2578
23398790,4570807
11455485,4952
23160974,588448
43497241,5571
50908627,994873
23514087,13800950
25135194,7213961
50737142,45967
10706629,3681
20567918,3429117
37482047,7349406
21524446,4462369
48753639,5032367
28507386,38120
42633866,1116816
15899156,4086369
32041114,184459
320012,8674
36204876,22665
4148167,75395
28925565,104943
49951858,3058
53207500,568999
81042,6957
44509971,3431863
46210749,14924773
34381333,112258
36804340,130345
24554547,10758
23433197,8532549
15889822,5350
704584,63630
51449747,1218
53339295,10015
53195814,690619
52758336,6451162
16085482,1715786
7125012,56224
60432,7360513
6730176,6862831
25648199,2729597
955942,194416
39323821,28186
34138475,124526
50083522,19053
43387496,176372
52496385,7390938
166897,7884394
49090746,4041697
4191136,843200
43126457,5180626
51335759,169656
12913453,269069
18392983,4877970
30237061,157146
10340846,4039811
53427168,317
41473872,175855
34985,767547
25420459,4018722
879162,805184
7015635,410154
52129515,1501668
48551868,122676
2438254,7625163
6162567,16147
53008849,18146950
33257757,3046553
40390755,29479
50992902,16939
24594095,107170
31450960,8589
106123,33505
40032385,589
21473632,169377
28757261,8688
25003696,5822342
18924227,27276
24961285,108173
31851019,128647
6540794,12736
15722810,16893
31408829,17727060
43485109,5103
42772256,19475
1227282,6429917
32982636,8835
13572249,22645
28217757,8730
53033618,1077166
6723396,5783095
539181,13957
59369,10917
130519,14002
414692,86949
342362,3354
233292,169468
2553472,20058
44399,14032
534480,18879
229033,80212
687619,2891665
715857,3305
2741718,52342
112191,545
6004850,31234
630238,8342063
747558,9226
2368714,4280
50181,1244
53130,463
2875746,1858
2413237,2715
3071102,8842
3400647,4432
2134448,4764
357787,575
296363,3961
4608,1069006
6553258,7798899
6456111,2935695
62482,965709
1743208,39788
261911,3358829
4313522,5375385
3217673,191681
3061,52609
734935,6779
6877819,19811
4605,2345
302059,3016386
123544,6214
1271501,70495
6772065,5815249
55707,928415
43401,1441
1527733,3501390
904959,6492
41701,7070007
959520,102203
112472,41954
5957074,6522939
910966,1224900
270367,113328
11716,226183
4947431,470018
12532,123715
6555412,67389
37587,48067
6344783,257934
316967,68904
321646,13421
369783,54106
105040,3408059
1689657,194929
114158,5023
425809,3159984
2909013,16649
1200976,4452728
89585,4909104
3029362,8759
81070,2051832
266782,50416
1651811,7127292
477359,3331118
1775979,189368
3921,173
868782,4812450
115279,20524
1703611,2384411
87578,7963
143367,161395
174709,570218
210483,10679
527497,6913760
3062392,1274765
194161,515
1405527,202867
260659,73528
937628,11166
1216187,131
451777,169869
7932190,125786
45852,4512899
38401,15500
29415,73115
807532,86404
713055,246438
868422,165519
5820658,5813022
707225,2119605
396647,5544
1097676,137261
6693257,55728
3181986,5217
31617,73531
201388,25334
16738,4493
8456388,3892325
336895,2980475
626119,522
6559778,9074
111626,15481463
7365018,3223459
6922805,6705865
12098,8734
1047113,6760
8572,292341
1159461,5052587
3431100,27397
175624,157708
47907,21911
169914,28647
1425745,6477649
35136,3347
8144969,17208
13255743,3201662
65056,5051193
1212543,3904620
6124621,4419823
3007030,3008434
3454387,362020
10588,11653
1722607,17054
139820,5269606
359677,137902
6613398,51606
9563972,3565
27985224,3420702
1690088,2812835
1960570,3054679
6338778,11624
3026129,10746
459984,2637
1000171,8052
2610426,16
1796726,4831831
5278069,59975
1695356,281754
2670656,57462
9937948,4873609
9720853,172897
278198,138207
10042039,4711
1036746,4229
49607,14068095
8507286,5371253
8134092,120835
553907,7114860
675931,159
3316103,9834164
21188,59705
656876,3447
7924836,4428
7482,14525
38030,3329076
29896,4476934
27055,232211
11803203,7577
5421978,375143
377898,224336
1799478,3161782
2914005,4105961
6687602,29133
15763039,28544
6261078,38329
935055,148847
10415997,6869945
575405,8635258
1855100,5116245
1854090,29132
5989586,7419
843588,3114906
9512909,20248
142529,1943477
2574805,7391763
16282176,8409136
9761911,492884
6631700,17283584
6371432,4430
8270466,669810
78131,615274
2606124,101301
2314553,13544350
3090716,2931393
1961516,5106676
108981,3465557
218453,11798
7530,34227
2989254,17521786
393841,4134859
7469886,3051260
565335,5446913
156867,3490829
3130076,14134437
7549146,48192
11700412,401
10043433,71688
7815775,4279785
7148931,3506785
503490,2754194
8621850,27788
2494295,150038
9567095,5625577
28305,60281
175395,61124
8125720,153441
383143,677817
6520659,8750
10052622,2622245
233922,21618
236974,5131072
5332742,3039394
431791,1922565
6270483,6913856
9753960,3340475
482988,17195825
1663,33503
302546,4053429
916652,118456
10255180,62707
1420126,2766469
1366182,5286855
11466078,14831545
7146180,1113469
5116791,7045571
2349071,5814224
2110478,15558568
50755,2232265
5899954,30691
6004932,3220024
872761,221833
15721,2876763
7757584,3290920
199712,348878
5288813,3105432
6874258,4715219
15698436,62999
393715,142270
6668774,7913140
1856289,188932
62220,14165949
12360292,280382
8722916,42851
3331089,1980985
8542898,2761
12374308,408638
10779433,4488054
727543,3379575
865365,4743015
9692475,2799806
11826008,15808130
9368029,5042181
11421250,14469
75493,25765
166857,1091207
232965,2970435
7111400,5192439
391660,19838
208204,97710
67196,2974095
136967,102967
6406146,6880615
12352814,2982825
132694,1036517
416378,15590
126896,5856
884204,3112212
496139,129036
2339514,162726
206868,2001717
10660886,72439
688770,4846190
126710,209546
9806382,58306
3845819,18930
10425098,73754
621697,6218
71943,4700469
503206,4648669
1304584,81639
8430015,5197636
10852202,95409
11498,7088116
551925,3346176
6120298,247470
1626065,6929011
2111628,4662744
427281,13916081
809248,7075143
403016,9987
10929478,5184237
7776209,6548857
8801412,2778471
8187210,3513697
607466,200033
13296330,5570720
6653364,5393357
1488965,140720
13101962,772663
368731,22042
11098153,1312879
10710395,5944
11021735,4763975
10948015,5765468
9931820,33227
10889279,18067
2986392,1974
9571478,56019
6149331,4464118
6940642,6154476
7291338,274735
6721774,30033
8428985,391476
13218385,1530940
1532027,16080793
269751,5276341
13451872,8107261
2342280,6375
13055310,1783576
12815803,5121644
614699,4725841
7199828,160567
1132805,3221509
421518,3152329
1666365,49609
4936457,3380908
6365996,351681
1243919,3617
6855820,3125711
7945293,4330590
3421761,6445698
7568452,16549
13108416,38138
11448751,87534
7493011,13902004
13411067,2869632
9834882,42378
13030276,16430142
13186804,1163390
17733475,45191
658351,7211325
2017109,7237199
337048,1744933
5711852,5298259
415699,2992396
11973176,4610078
13577533,4958441
3951006,13747
31964,5275947
13141821,8687
951061,5014564
9127010,1164465
13512970,4629194
3973261,7271055
13127703,2578437
446886,6485347
1773085,88445
9872049,5339
109510,3498720
514126,4651111
150122,2741432
7943089,1040250
13557068,6216688
130837,5771853
142911,6476317
283490,387136
126185,4309838
85306,2986307
8400680,7294
13317882,5303332
14744502,6905688
126818,1265
9939976,3041100
71648,53574
6944566,4737695
13580618,1331533
248876,269098
11225502,4885418
49195,4582548
1188313,7078761
2411725,74511
1243310,2945688
92104,401053
3874108,1043099
9810413,21477
247526,5179
232674,5018116
345167,3433047
13163842,284450
18057,39621
7904453,2884780
38504,5448974
5853,2040815
295621,24655
837197,7734428
11987358,6521036
496040,3111339
10316626,4443544
10499521,13747693
12295571,7239827
237120,7255282
115014,1823273
983567,713
1465117,60478
11515955,1599723
6944881,5251026
100849,1413437
92266,63983
648165,163130
114421,31107
7619178,6483061
1115905,4147315
21323,7902
9581107,89439
12913027,8649
277630,37795
1300866,245368
1339116,1217665
7967299,5832728
11788404,50303
1059184,1194527
194330,1443712
545047,2493
2874429,1949
326023,4416438
6933135,588558
15995904,990148
6387925,3342174
8083820,30074
13556081,4824952
16032311,4019884
5975,47499
13486597,50873
866402,130698
15995770,2096360
220168,3090
11737139,3353516
12900847,24556
1711487,3620
11201324,7153840
7527073,1428675
418740,4445700
508486,5145808
12568374,3486415
11983951,927454
15851056,3406550
448797,41193
7740142,696372
1538543,218598
226800,415967
348585,272424
7010683,36346
5562914,861
1235535,4788613
7039742,38652
7204637,1330292
529346,7150857
16047677,345630
152407,13857001
10518423,5351849
15761358,614
849197,2526
16090231,5092
16165191,7558024
5756191,7025
11093722,49538
12387529,1692594
16080744,94091
206662,200317
8746609,38301
8499247,5186274
14622749,5046440
7182626,79589
826466,1411964
8388506,4810094
296892,6151349
13550817,110306
5624125,4559822
13742264,7079
6507754,56224
760984,4692856
9271388,7177350
13302279,86241
13221027,5360335
2031004,164576
1831100,10289
13579899,7142445
13601922,1192311
663387,5828897
13604047,151371
1630653,546427
2467723,16304
8100015,3389
6037675,5070015
359823,34049
6926832,5799428
17911101,4737213
12091089,4629065
5975891,4951964
288803,5108399
8545134,2755160
13581177,6900
19140,7581
3955551,1049
8434300,5027236
2145681,7010931
2167967,10896
1636228,5054179
9667161,5441417
3255666,6841
7737852,3100202
14533359,46474
310026,7353473
13448881,4103366
16078616,776
12461366,2936493
7331942,6637
580446,4581947
1139452,3023658
13408967,7085837
17061673,4774653
16207330,10885
15802906,4606082
16157097,3371
10962217,5804715
10664655,3509782
10650227,5342951
78275,6526584
11064477,3099544
17562528,2987125
184786,1406384
765609,4342215
1067549,4116488
13488155,4637369
48124,3027554
15754577,5265998
15797028,49229
53206,4384465
84022,4637539
17209291,6989
6237982,630
8518669,4273
15707018,2973783
18188118,57983
16111209,5300
11131963,65135
17620918,5350
16161536,1240
16090876,15905
3554621,1262010
17347895,2897630
4404736,947
750917,239579
769080,11315
6309380,3535
8005597,8051
12621987,881203
7151337,2408
60220,569
17282940,4917067
1516821,13450
17193176,18
428368,8249
53524,6810
6065179,4178
427248,5325
132587,52627
17840057,14635
11161724,4841825
168568,3541
1907154,6208
7966861,7130
17848362,11237
16119160,721
967662,53259
18393,4999
15707037,704
17377344,8164
10616927,1954
252474,7
17456010,3242
23793335,2448
13497718,6125
726441,81466
6957921,6988
9987430,7799
9639648,10264
10796226,18062
8355571,585
16100254,7717
3920088,3843
7494887,11593
12987127,3706
16202167,49
1144907,656983
3491171,11081
6251445,988142
17926791,1315
1416652,4191
16268982,2041
16253820,941441
16316508,15292
15706926,363405
10430822,4727364
294321,7128
18002243,17015
12337271,1077326
2986286,359109
17164129,1304470
22698732,3618
624053,2895706
262438,49177
15768848,2987
7216476,569269
169762,6912759
16052055,4260
1129916,3097905
16079959,191456
7955,8596
10562648,15873
23110100,10074
899079,36746
64949,274533
428018,1373880
13224793,14617
13605858,6980508
17701621,12521
15808466,8349
30002,3095878
19387,15872
135278,106
17664771,40593
2909728,762707
4135492,11633
15827440,153394
580967,3390621
18047851,49625
6307106,566
17726764,5347052
12136160,19093
17621426,26372
7985791,15907
1291989,2941486
980533,3163910
16095661,1996867
16160045,24902
121064,800019
9576458,4292165
18071020,1651952
20567,4074051
15096138,4996736
9762,594951
535734,122302
11393302,15035
151718,11664
17980174,5350056
18211118,3449368
12467867,123719
491312,4695869
18041705,3009541
100424,146986
15715105,1467
9477224,143691
13831122,3023434
11307144,38120
6609552,370361
15818527,1140298
12844575,3387296
5055097,4086928
822469,1290625
3673997,58846
775338,1857564
14643361,504627
12998104,5028484
301023,3046613
3652717,3408349
37564,2313312
8427264,4611175
747637,3095893
9912786,4126827
5886310,4086715
17342390,12542
17557906,6887314
17288137,815
243427,5735
89969,4379
7725665,3849415
2939358,7350402
10433006,8446300
17264519,5835922
18056159,3275
17311105,7128
17856376,7411671
580789,4372391
10661603,48192
7962457,8265649
18145146,16204
6583215,86404
17855087,6214
12764606,38185
4371521,2905018
18144608,14721075
1846465,1633682
5422154,14053
17993295,7742330
17950402,21007
46612,3299
16163982,713
16217442,13847588
332768,8550
12961481,6114984
16069805,686103
8177525,14754830
437586,4608186
9818442,142410
10719342,188760
18469721,117290
6398924,36615
87747,3285599
9883224,5847865
914211,39788
452211,3462059
12993530,5109302
647523,5042181
10459279,58306
325916,1644459
15701521,572844
9212008,2941381
236867,4983116
17016986,1448
13640691,7024412
16089217,4881349
13038008,5448455
8675098,4979194
6584140,3506785
18873112,162726
12002008,2765118
7093421,3369
836290,797102
13157992,2935695
8609337,830098
20416277,286014
1043247,128668
12683634,279593
15600,53024
18478373,7209
131155,800019
18986477,4890077
17662400,140274
18759843,35258
523793,2870525
476575,70495
18487669,7524066
1804120,89439
17221425,159447
6433665,2497
7704789,163681
39096,12046829
6486273,1599723
15942653,6538289
19004928,16100168
483137,178832
18938110,3159984
17909684,247470
15793161,9858074
20673738,5765468
12866296,15328
18816539,8596
18167690,11162424
20976263,1406384
1867344,6939747
17738185,63898
6509552,27788
18604211,420047
20664992,49177
18662420,3878
20757657,30860
3399370,625
6682525,5753963
13358016,311723
9761341,5246
6507760,1002
89365,3439713
18141785,3486225
18219495,21748
12113809,767547
1635496,2684108
18587171,18256750
12572995,1913011
15823426,18684
15810878,8055
18813006,97710
17190935,4120927
20519516,15830
6380842,3706
18360387,7451
9819894,3618
208913,3290920
20836218,10330
18785785,5106676
59851,7124795
18631867,70312
2135550,5197636
20906224,3873
3634680,1455
250964,17303430
15839322,1091207
16118972,9599
18079492,28229
18871297,15092970
17934520,19811
8527790,33227
2854462,8378370
17979809,410653
13551039,10264
4082807,15872
18758062,2578437
181239,4983102
2978264,5152
15997156,49377
15821325,34227
13037526,6367
785947,6417
18821012,5310434
13249650,168324
11866694,6875794
18362193,3509
154629,16
7980104,13957
13642753,19823
359848,973
8257810,3501390
21539243,3028
8786340,6535623
17981276,7967704
17342414,3358829
784470,123715
982250,7136914
7342071,51484
72707,2895706
232708,13677
2233882,4637539
845139,8565
18065780,211268
6708360,435477
603260,6429834
1421769,941441
17856000,4494690
1497534,3095893
6765667,8300313
8253037,5350
13120397,4728994
7827689,4831831
9676707,27837
21899701,55215
16130141,975649
15810405,3472
20635765,4872191
21939203,2965489
5948950,4849669
398152,7581
22025733,56224
18114057,73754
11138998,4192988
8662494,2533
18194358,5623
21857790,4601855
15701850,7730599
18331180,2894
59962,2345
13537542,54106
1384415,773189
20652686,785914
21861048,498072
15789177,334049
22433174,4575371
20740634,268304
936503,3027554
18586409,6422281
7187530,7023272
17981391,5275947
18751851,1949873
12795738,4039811
1917763,4586597
20561851,164127
17410811,370361
6765788,12304618
402994,3539
22031476,1240
1092572,5289246
13547381,6922565
15783714,5833418
16064400,7520984
6097431,12942
22760930,25422
22836086,3433047
20371824,450867
16086077,165519
22668785,1113469
22547731,19026
17403101,2958084
831829,2737308
22301647,4724550
62555,12696
11836562,3354
10319829,118456
12109310,3319050
17798647,6574132
12213062,74876
13542909,5151
11037016,6944
16100436,54493
3212989,3039394
1789979,2992396
13574515,6134
22884686,6429
21531437,3420702
22324898,15810938
14456,8393796
21851827,5784345
22960481,590243
1793854,4841310
6487832,132117
3971037,4723295
23571639,8002
13584309,5599
3003723,41313
17348129,21477
28802599,13388
18220922,2986307
17469607,3297510
3490300,67487
156597,7032185
6652346,1609844
12605487,345869
168283,706255
7132429,4764
22306115,97313
21948349,7
21803375,5437976
3246942,4907787
9277339,5298259
4330937,12950
15798786,6983012
9253252,291620
13240806,14032
23206360,4382157
9975463,8617437
1269436,7243737
10974100,17061
25787175,3408059
17905477,353134
17969685,72439
18667954,13900
410368,2729046
18584440,47672
22914299,5228869
15713696,17597
22246200,4684322
7302402,327737
26198419,4430
6452731,4110498
5072179,1059425
22850084,2331
18160512,2799806
24557830,4046
21567666,445303
78257,2041
344846,18067
9768692,721
919231,6460381
2679060,871368
9754897,4462369
427795,3500
6136573,1270552
13547958,7215049
22836165,7223625
21539471,5132
732350,3184722
6613399,11654
13360383,65959
17665970,22159
136405,16904020
20439619,6445698
22732546,1201952
1966332,22694
840375,2778055
18773475,1730
16250940,5934418
21468667,4725841
23343446,1508588
10662433,2560
7487212,1409619
14744153,205
19413261,2940640
6588092,4342215
20176578,155717
647685,6473923
18599909,1036615
16922991,7112180
34838876,257934
23462889,3201716
345301,144020
9712800,3513697
16137069,1468802
2643388,2960227
17797635,66631
7548010,290189
21479287,3489
18585092,6942
3371137,12833
23566413,7753662
23248431,128382
3980838,6436698
9470575,106
19325752,7139136
14289567,274533
604562,197
17458393,54552
54597,6551005
17697619,7492436
8883501,2526
7105495,47499
18478915,5813022
244775,22370
14713720,1552790
16117182,1480957
8735747,5193034
23432413,1411964
17345258,3090
896422,3510
13611440,7082754
17284141,947
717811,7121791
239595,1503405
17949524,4428
18107951,5997227
3786877,7751
16076228,16903
1660955,4370565
621394,18062
98248,6546441
18513423,19708
21856443,137902
23245664,4826501
20342214,52609
22806018,14301132
815870,1375008
190396,7380
22934219,4191
1540890,699143
6765675,1467
451521,7568925
46722,6994378
16040242,7355350
16077684,7256754
315894,965709
3428818,3114906
208493,6466154
10002866,13450
1688677,3849415
23268552,42775
23635862,374590
17465447,3447
437993,6938229
16147670,7105545
349562,6980508
20543348,1532329
17991040,65137
23246963,7074846
19504319,16218
18249406,155517
23208397,928415
17665185,4971535
17586459,7798960
13417349,6476625
154244,6876994
17452010,4432
7051464,2849
9969859,5174152
15822571,15854913
13410144,1373880
28604340,685277
1789758,10405165
7268003,4882127
19397891,1176324
18134856,1446194
15755751,3379564
25030603,2503028
6334867,12676
22041245,8622
17450124,626222
20454672,1330292
17264459,815
17605317,7059622
5198729,1438668
298472,7226675
16053100,10442
22042627,615274
65093,9987
6326462,166104
19862844,585
321982,6446604
65261,5557309
9955669,2936493
18249282,2732850
23705969,5773
19544817,43443
752875,2226
806140,1895943
622052,7150768
11213563,1825
17656909,14135080
24641336,18130
17987508,4894804
24939112,6573131
18693865,17059
24235077,4694
10429527,1873
24766606,30913
432162,1742
13515101,6440220
3347728,1077176
18868171,1446223
3156448,316
20518786,342135
23354073,614
6951263,8184875
1755359,1443712
25156675,8164
18142403,295178
22704965,1013808
14412458,1647762
22025184,375
21781544,4917067
16074409,4476934
168622,1265
404403,7025
24422234,2617
84067,1235
25160737,5131072
22029330,7061349
545382,45592
6536261,3049
6577838,93353
9854833,20357
22736752,3314165
2883244,7577
11069481,8108373
114550,569269
4631495,1499778
817357,5430144
8309123,3222554
6069,1421619
466523,4711
25359392,5829056
18042652,1395810
25688796,70885
18397729,2327917
12953520,2383
22666463,7014283
23266015,4866520
21531395,6541926
19395125,79589
6670958,2993185
6340287,978484
21775677,569
22670973,293
12730706,18907
98658,27944
17686,7215619
20894027,7717
22032673,871371
2895061,6434584
23268397,1630
9832370,11679
1270360,3409358
547280,599916
431178,1335181
22381622,3541
820905,26417
259861,23613
16720,2499187
18911319,5285
25615424,5160667
7045275,4952
22855313,1503841
24484737,6461519
32417,3167
2635557,305400
876732,45922
23399228,1479293
17828166,4443809
11066823,6343
25176151,6556689
25500800,27397
24270387,169377
23158936,3565
426840,6670530
18590519,401
1437380,4
25395596,1194527
26013033,4464118
20980976,7285
331196,7477505
26200598,2111680
15928972,6160
5962031,65189
13260536,24556
25904361,1074866
25829774,2979
111516,7445352
17928198,4175419
26257634,843200
252786,27318
18273131,281810
243953,3506
24457496,994873
17838913,4465322
23237424,306
16153477,32674
25606670,17015
22853617,6893037
23663829,643126
1256318,52320
6571027,16051684
491888,1069006
19140641,6981617
47853,7618677
25061922,1977411
12375518,16341016
57882,13452447
24173870,14551237
24888554,338705
18877915,17595
19062,4499623
15802693,150820
10832473,11466
23214652,1050
3493565,753097
2078505,3046613
23270403,1304838
24988236,5139707
22402229,14132438
18467815,3099544
23602722,14053196
20910533,38550
114160,18002228
27428153,5618190
7336810,25018
7306380,14675561
12462627,13505420
158969,2261547
26618003,13978873
18394,8427107
14432989,6470568
27808997,7105753
22472103,48557
1032784,13974
15841863,266945
24396871,7094314
25344650,946870
28001704,7827599
25191992,8509533
24396269,7418796
3268867,3780
417466,2884780
22859802,150038
2389632,55943
11490714,836009
26007617,12521
3373625,8187427
15808242,4559822
296908,15905
8935302,13414088
6476153,5752145
9861455,6644108
27847598,4919495
1578586,104926
2099147,15515654
5989602,36636
17341550,9759
1471786,3389
6532891,8394519
694226,34820
20690722,6251
10431144,2821144
28412980,5918
24570442,7155040
3280430,65591
118690,37814
125615,33876
3355365,8281047
25945080,630
22028061,20273
23374189,2871046
23201208,13543645
10442229,4576669
17789080,346732
15765590,1100593
22908802,15454955
11253505,1304470
19904043,28574
28646882,8294174
38647,2749
22522167,16560
23867347,23419
20257447,132091
2643052,4633
25574495,6537142
22031920,6993187
25394438,27847
1028853,6876
18772784,4118351
75626,266461
19284270,21944
3789846,360816
23315843,13734129
28195898,1077326
26112711,259488
24944824,22665
20818650,4279769
9319468,50886
29327525,16202
18527475,8051
18385703,225033
20261886,5425858
18041068,266470
905736,29542
11405802,8512303
26815400,4470653
264892,4648324
8680025,345630
25886430,6431805
17311008,23890
20495415,11230592
6609548,696372
17342750,6863139
23549715,4381074
17265217,2762
25198931,86778
26401035,19971
6957226,15906616
20721930,8382246
25410471,10721280
18106337,22542
6740252,589737
5941013,15269309
8985054,2546
24064307,704
73384,88445
151848,6880127
13549694,1612
17165926,12605
18823,7576208
21141003,4400565
133465,13435165
9817161,6469490
16074645,2893961
10029438,3064305
18804219,7074943
24860071,6433278
23732458,8545130
20419314,24978
13371322,6915245
12882368,1966614
30651396,15127507
20494896,15194090
24605318,51304
17728543,5441262
16068457,3617
826396,9432
10813206,8050
19083215,322069
1424941,14852052
8437576,2752928
22550324,3190
17337179,2001717
13784983,24689
18604542,3130410
7133724,4841825
17736859,38065
29358514,7154841
23256188,2715
712636,2408
13599050,26
1193177,186921
22449285,2889003
25784766,8347
19084101,42110
25836072,25334
17383125,7579036
31214909,4493935
25205331,7577278
25322556,4774653
27036528,76405
23664726,10289
29985060,7327341
18168527,42530
31558768,4738
27204692,15590
111285,28569
208977,5217
6371719,165466
32141480,937465
30742690,5293
7312149,6760
23493256,10006
23399267,9399
32498180,12455
84004,6152084
17286863,2096360
18782124,173491
575838,1244538
20764632,4074051
67825,11081
6124984,6252
32327701,1598076
31362039,811
13152672,589
20697563,28544
29416663,9241
16559545,25307
2710628,7168230
16181516,7267239
5405887,9885
32671298,10896
17621103,639491
30533129,7189251
30332310,1407193
1145529,656983
28781531,22547
13584313,546979
19863984,5835506
32860128,2869923
6276888,3242
17332641,2493
29379532,16943
9373606,8730
18626111,99482
18715849,27212
44185,4835954
6525532,5339
1801487,5300
836640,12940
6468812,2891665
6006715,3116926
51784,27341
84134,6410
10374910,17171397
32312162,33502
6236733,7077541
6694,2876763
8034945,44605
98897,3200239
15758076,910997
1844874,10318
401912,11162
7822045,153394
697446,7363
16071656,108424
463355,95863
12841070,8885
974742,73187
28258282,7540
31702803,9494
2495967,4273
14935061,6872506
12033364,1412372
33506827,83085
13599681,1691206
33809003,4338
10498695,23294
33854460,11211660
30243618,19405
33290690,2868833
1319778,17564
34038977,431149
11748550,2448
17666976,5376
262308,45712
625836,36122
20578927,4174
23488367,2238
30191641,8993
18815488,61659
22461198,4352895
422463,361963
23743718,6950740
11500827,29527
21853708,24425
25069081,23012
6783427,1654
25007713,27427
15770865,1244
24887441,45645
12274880,194256
11365802,232932
32310231,6457598
3164044,8063818
18501670,12350
23866547,4624490
35648512,164153
23492504,170658
30078416,12452
2049763,144405
24939286,1262010
7620565,130698
34692909,88685
22936744,159
24131400,4760403
25828477,27500
18693910,121072
35400826,7415
1616596,4353662
22668729,49625
13491269,18710
13354244,16002
8715124,6468
8119966,3670
32903079,5031025
293427,1838
10036485,7464
33358438,18791
7958727,500
21822422,5223
5660074,819789
18298132,5144
32488960,6765
5710584,52683
532856,1708173
35433958,220718
32315853,90075
35716920,566874
23282635,20775
25897851,2063919
33402176,67388
15780691,4404946
1345107,9121
23381707,5056466
24389206,40563
33602101,26917
29430512,991815
20631345,47406
22875089,8695
614863,25892
9898339,47407
3326541,538830
192175,267
4526763,3462951
29430746,54640
68588,9388
17072247,4999
6686342,8073851
29356722,4049430
28367520,3432558
35535000,148613
23201282,29581
35335039,4228385
11168,629566
30227925,1189727
23110300,94917
7657773,25283
2702176,132923
34828719,2381414
17567722,952450
37969723,4159043
1201589,119291
17855438,1933178
34208026,3482597
36194389,1386480
36223358,2614
205057,3114442
18343587,470018
23615955,15560
22821553,96160
29499458,291916
29454499,3400034
766020,4535325
36629470,2739864
27245604,976279
298827,1286626
81966,4553401
1498723,34263
13490765,5244595
31324863,552953
5895010,4605878
23411534,63983
33526058,545
7656222,4787929
19107176,477469
1296090,151703
31158752,1407724
34065268,621283
34080512,13778
1034151,1310735
30755001,1305854
35276743,2880724
40805986,1055
26800047,5698327
1450407,1369219
85320,4414255
31821390,1094582
23586787,4839848
28279142,1202850
27158739,33295
22320456,3502
970556,2051713
38649517,4907104
2737076,4563849
35819891,348878
17611937,1426893
10066982,5014564
35396707,4662239
7241962,19956
18748705,7032634
14744397,2966631
30076608,1120626
39285106,32402
34558350,73777
29893128,274225
43086508,74046
38502123,6554652
23995516,3497918
24012054,3058
20757532,5409576
33017592,6423291
39301534,550322
20444816,4384102
34702311,5251227
22825544,452671
35570957,2152471
18635079,13984955
39899742,1427650
13632835,9277972
176579,2856948
35226779,8179036
6652478,1496392
37420706,183852
132380,88550
37914571,73340
39293044,183491
32333026,34049
34386617,7027857
9838569,5806077
13612968,6464656
363423,874602
13352649,6917662
26596693,4575289
18404427,3173295
35481012,2738500
25893817,9387
40230256,5191177
40581923,300129
449940,25891
23042087,6540193
25735273,2413
3084704,1122775
32487439,26897
123060,5555591
7348445,23821
34947549,25765
25817162,4615197
36010223,5782479
27260024,1146028
66421,12447
34523154,4662744
22838262,10675
24287135,193302
39856747,865450
18755773,5081840
17822261,26735
34910209,4050842
181800,3110994
31206384,38066
28684451,21038
31123261,200317
33233541,6378
39962976,7278256
29958272,15292
125962,2737023
41710052,3036304
41716679,28517
30523827,2530
23268300,71688
24396857,357601
36587026,4810094
40548137,92198
29548040,7047282
25950435,24655
23524878,4762686
42273812,7150857
25913856,13608
39925875,29182
27035829,7941
39217207,18967
42499072,5819370
10117103,6941
53010,4881761
27861740,56083
23411600,6519
41970176,2644993
35533431,4851199
780687,764862
312435,11633
15814459,6420295
1943742,16304
37839105,29011
25777957,359109
3277224,10657
35618037,7311265
25351586,25205
224787,336058
14182,52050
21206786,14006736
36298554,72451
6993091,5238854
270259,6551820
42603261,690619
27276365,5329
2278470,25052
42904213,164187
46004545,58
29523636,8184589
40936527,21578
42651348,4124788
43521136,6421828
26465051,7108778
34233016,5806079
43127287,541293
30352348,6613718
2921701,4086715
7713104,698943
35428622,5360335
28373853,64204
40640782,982213
31423227,6547901
35290994,6505947
383626,6533979
31439349,835348
42378325,375143
27504442,70762
33098666,26813
42436131,1585457
6940978,4260
44286428,3170422
36268259,12581
32998876,63095
8038695,4368571
25027372,13369
31563982,4172510
24974015,32598
35687089,58846
21460333,3380908
44350409,2987
29939266,6558842
16173573,4719254
46018491,12075
58957,3152411
18029,19954
19101293,101070
34504470,138825
39834758,79576
44771157,5436815
35489042,7255282
34100891,10801588
6040582,79582
38812872,151973
13610958,762707
7825273,5141436
36151939,2755160
290037,5076958
1603277,106463
39679355,267618
42861725,16583953
28412693,13730
28755320,4711014
42405120,3530
26352855,209672
17736248,4800397
2564295,403
43063328,4470204
2660440,988142
35678887,4507090
28669595,15873
43812941,1875994
30038977,5325
21968646,5778769
29236882,44885
38885711,3524
6252152,2347
20958250,6550683
8476057,4308706
35432292,6412
754619,3583
1272069,3097905
52769291,4598040
34997093,1020792
40130254,1899600
3252262,6021
21396155,6606362
33956433,6426921
33252316,18341
40875419,5027236
52395040,8056252
10073929,6001
49551172,9355
37684,13561098
9803043,6452404
43487599,175855
29940520,3220024
30040068,4808225
1365225,10366
5500,7935185
10048834,6463529
34234639,5184237
18668035,415967
30516268,13663
28873,19838
30185489,5186274
40121328,21911
25868918,797715
18213783,131683
809294,6905991
57277,267499
7530990,5265998
17346698,7201761
37811512,221559
411199,4836823
543888,25031
22928874,21616
24086831,4116488
36310803,5815513
35084223,164576
20945941,48222
32802993,578
39703569,43329
45914943,2987125
12320360,5791
14743247,769
36289256,26886
27066890,6943
20786893,72237
15742316,168076
44525305,18317
13542772,6467808
1344150,51424
23732637,53259
3495961,5255014
18594335,9057
49349033,7019990
44421460,90077
103123,13728
50516718,1315
48577263,4384465
50227987,140329
28087,214
30057557,4018722
20743633,4606082
33232963,2713
35663086,9558
45034602,3353516
42250852,4637369
32195037,4103366
17189707,32594
6746349,3406550
185099,44926
17202780,7825
9682918,67031
20526226,18874
38892853,56162
22292505,10665
11763831,16218424
391805,70993
6557009,3619
5999903,12076
22304875,854076
6085955,46474
33870454,13166
35068562,94838
3437883,3200938
6482276,28525
13162096,4489
8977434,4278425
45319506,88924
50001486,49
48903727,61105
1832682,12471
42109975,212530
41549869,6915386
35557661,11139
18163929,34893
17853192,27881
41740211,6988
3340980,1914334
7453975,33359
25484579,359194
12366143,58564
6713700,6913817
37801467,109260
53115681,15948260
22694936,17160405
26189334,119888
778304,55603
33225153,143178
44583515,7000989
39218373,292656
15409120,19005
738448,3350660
22024242,537929
29354848,1210526
17679196,6330
44019067,23510
659002,9857503
45046527,702360
45276694,48206
27242422,112477
52666668,250531
41431674,8333761
49609750,4897401
526170,1142669
42036534,18819
41571753,285453
8185871,86097
41732557,12692
181503,11593
25603222,95190
40874079,80213
26163894,6950682
27401866,81466
33844994,5181514
599052,169934
25452568,3066198
31520883,17140043
48726765,51589
7385537,15619
36636249,19909
7291282,14635
26247053,4467375
5201079,369852
30652362,4075932
29363942,830417
46206730,6435980
31452932,17010346
53439962,7254542
52951980,4208569
7132470,6089757
41961994,1348627
36903182,127216
36203081,5828904
31189177,239579
49045735,12915
12465583,6969772
44794080,1250276
17837762,4449940
24579549,45898
8563495,1136158
557804,505129
30139738,2613
1292343,8532549
46154617,202260
32903085,6518370
53984364,276660
218181,15372062
12918218,3362
26596477,5184163
6147461,7212788
9810317,6125
4555016,13139
6759939,16979140
70897,821970
37077841,4968404
28862528,769979
7117958,3504189
25800049,4046931
5470,137553
4327066,6587
18525356,6456709
33160963,7324934
6163301,10746
84405,7205478
1561323,31019
1689454,783644
427282,6576110
250645,30802
95532,172490
2894779,34878
682919,2924803
162497,3222
50316,39272
539116,121825
39939,7032815
2401014,6538202
2150355,96194
320216,9018
14326,13026
1100160,6435350
103979,7134215
2580855,695300
3258948,4867331
37474,1405152
239395,849723
2213336,4515613
550074,6425833
551094,40593
1849,4533489
385255,5771850
48270,58918
1580497,5779953
440358,4765129
1054736,3512511
217355,6887119
539391,8573550
6304133,6557939
4003289,1451404
1515067,6550037
310986,2959167
4768404,240840
1913364,5192439
84699,4592125
767642,4838933
643483,3013593
108590,5008815
2445353,3500215
4899946,3980637
6272008,6546779
340704,1370283
315783,3205604
165904,5819903
35063,4366316
750672,4721536
523974,4091571
836944,5781497
6671724,5073330
46506,363130
1451403,8314513
5571,6452845
2344522,5817154
2043412,3525941
274242,4479520
298381,3087007
1833035,1211464
7896141,2892465
6772035,1496494
5848,5621569
5065783,5804101
532939,4769304
1419383,4773417
904966,50873
56464,73149
1034995,3007539
5972086,499602
7006136,6563933
225590,3184606
6665361,2654606
90536,4095366
156780,37557
2861844,5752457
41423,5389056
6326345,6608731
977399,4768200
1287272,20983
1133635,5141393
76808,20248
111902,4349837
670371,5069337
260740,12695
184999,2853933
500717,5769764
568175,4511390
6966342,99042
2179832,239949
96980,4253534
474113,1426987
6087665,1152342
4889214,1598719
231113,3092499
242800,1252319
1448327,1239
334805,1003283
836224,2986789
6526307,1138074
781226,296477
2075601,2903247
601369,669810
7734702,81338
14896,39464
1814637,217013
41950,23511
1229210,93504
24081,27
377679,1120780
8104355,103963
272607,7200339
329082,24446
659578,5031312
900426,3345
28229,919
176896,7066235
534274,15151
63504,2007
6452760,74489
41777,880695
3110969,5029054
2233479,3527
171368,268722
25717,613899
7741369,901
771493,4595087
530905,18540
31366,91382
2974893,832647
6381988,2977293
16739,4345
5986336,9876
8180960,99882
54990,3953
356728,6463076
580452,4012
2276518,2047242
56961,8120
8554593,1831
205012,696805
1163472,1374091
196550,5451387
4719340,140848
9518460,5783229
1864679,741648
1523438,2839336
6559144,1461
1701815,7417674
170136,2833117
2502880,3005246
2554533,122662
25207,17049444
6706969,1949
139826,193
81050,1624
363245,5619151
9536317,59282
2082405,9550
555253,4349456
5153988,6432984
1072833,4552803
796429,128454
440520,903
741826,7256031
206857,5411
93220,4785
6979554,1017809
9860074,3137322
132643,393138
7768184,6869072
728447,1817749
1159958,15643705
2930911,2746690
2583110,12099732
390786,7328363
1218077,7799
9700422,6938728
8824,8253345
2816931,6878177
617811,15141636
979766,2735638
2251776,3072442
421127,4057
10014675,13661
106924,4668238
30329,11016
9698893,6996754
1544060,2384
32434,15292826
3699512,1318
420277,3074905
90840,884754
623366,15340999
7169459,7245062
809635,536621
23549,10105
6948489,962319
382419,5448290
6395660,3020553
6268156,226816
974195,176156
2514258,4126827
6296341,7906
9555234,1769816
7652090,486777
23617,24901
3090715,11116218
1211405,7123498
6404356,47640
9129549,146538
675626,7377033
61985,5333638
1962363,142894
145168,74640
6887333,7476951
41704,4867683
864554,4656955
7863604,6928304
331253,3009736
10191869,46273
67376,138514
1532071,14951361
10300171,13965390
66468,4705977
9879625,14220219
138551,5622223
9462364,96375
6609535,61707
9592500,5754446
337825,6451816
662564,518966
582812,163328
11253978,879722
86009,183472
537148,745063
162326,26891
300043,72888
1257996,2769036
9895634,5808420
7675580,676070
590210,49028
1207061,5821204
883195,72887
1175227,99326
3430774,8258
2884299,49193
2477801,6572406
1108884,7536
590820,479779
108982,182835
250361,5158465
10390269,11187
7178978,6462047
7040389,3487
2483453,267992
162331,523285
59882,283238
6829957,3160535
969310,4106087
218463,3161
1179956,3161921
1104776,7071439
171012,79632
8509434,678217
176521,3203095
169881,50274
6013895,6996147
685342,14056202
9706047,463173
1238099,99650
12078495,4037220
2672877,1734716
2370330,1234979
288956,43391
64380,3101315
44488,10003
7903901,155829
14623558,879
436904,24374
570633,4620021
7995207,7769950
2060194,970554
7923163,16010461
181416,52989
77125,7190350
1250373,6861265
8491419,2921810
2392599,3015727
1704756,16747
1727625,4414682
1262999,319940
102736,17262171
7078265,1686343
6075576,125253
355406,14220737
14183,14160478
585135,2926065
6728427,1999187
8882181,8306793
503207,6546
11286888,161054
427062,51768
610189,59204
48266,6905360
559777,11859
126066,74189
140360,7847846
1284350,747437
317159,13562753
253071,14031444
9669355,483588
8609296,163027
13517,3351454
12298867,2728107
13354919,8866
1030297,6579232
34002,16166249
454236,7338088
373184,7008445
9883317,6547
1682248,39691
12183002,8588997
9713347,4574948
2992647,46498
10155409,1141204
218859,1373542
9338051,3043141
13283620,354572
873,4719155
12565115,7184104
5224732,14151000
116483,168255
957346,3351599
12557776,9756539
6436039,15054219
13484974,6937308
1091478,4984908
945882,175329
13142429,377744
626685,274523
6071049,4331713
470693,5383019
7775569,4575294
13519812,3308452
2684609,899519
239912,64085
770873,47104
6186292,1806374
2763297,71922
6537138,8206823
1883336,14708215
11503582,11680644
11837482,3390621
657466,491465
2979661,7044274
847791,696572
13573091,13528243
2857200,5189109
6759158,2740425
11978186,13659072
311980,14109315
13035050,5763317
8077674,410418
59558,14771062
3034429,6442339
10046958,4147574
255371,3409564
11420521,674626
3249541,6993053
3728095,115012
1838719,1355145
62309,2114
448711,1806411
9218545,6471423
891972,1806419
7932775,555041
7148737,6580285
634636,4074037
998178,4506073
1118654,686916
13081566,6577839
97380,2986988
10464,588558
13403151,842700
14059679,22339
1198715,13853200
247136,4889328
14563,432859
811054,7210211
8786358,2994919
8065164,12063025
13552159,19093
23468,2762865
25673,5297089
12037108,13452251
2468596,7176
7011879,88014
174704,15308360
2213063,8611387
1619504,904719
7080507,4200652
409583,38951
3182869,14389603
11216783,14359228
6521646,203238
1645897,3111598
11778281,457300
25468996,23001
313260,117606
44874,3026532
12651506,53958
1445289,10317
498428,8186541
12394032,7035308
761126,8422242
33544,202867
8189310,6911915
11166889,37123
8728667,1935000
1577936,4916087
6019755,6217869
820966,713646
3759847,3456441
1773771,4467098
2443,3105995
238943,262084
16442,20828
702040,2945688
526024,207379
13010942,5414544
15995416,4023658
3064126,4680370
16058070,6981125
2066292,14050716
7359788,5434809
15721932,14859335
13423043,157676
621461,9803069
8870923,85848
175038,5438818
1249377,199260
1541856,4254441
194630,33918
257140,8623004
327676,7249070
15850976,241807
213548,6553241
6713108,397315
3764135,1651879
12151246,68758
6390780,181078
137670,8312675
576729,4077568
1284103,1125673
8144079,13994795
384818,7768490
15761330,6152059
15711694,4721275
8431116,8076768
87804,3095919
7309475,6082024
7199961,3054679
10998596,2928672
546296,62448
13594857,4071546
10533446,4916529
49253,8886093
257070,6524620
102916,628636
121013,4844891
276342,7047979
927244,3338052
118149,68536
12413953,837420
6358586,151371
17032324,23069
1082318,29183
12074927,644
16138637,5400052
14741177,8988
4583489,67037
71299,2924010
11055130,22018
413326,33986
7881882,4503081
13039,138425
7553188,1268493
6379485,42211
4183437,1276004
644154,13911702
6085158,3237942
135573,4086928
7804200,771
3253215,260800
6440609,351201
13538641,15558568
490966,369288
15990986,4660036
11758226,5808498
1544749,5337544
13125879,987885
4507,21167
6559902,6506537
16122322,4152482
13438677,31232
9728843,8587
13411677,375488
93370,2353
13579914,26978
12590,110519
7268250,26638
16165295,7034649
17230551,4652058
884430,93709
5264136,2354638
186443,4017727
11062291,3145688
16093390,824359
15760523,173156
77721,4000
11099156,9788934
92653,77004
359788,1178460
1689292,16549
8339150,2313
9335839,16939
242795,3297526
1678745,32468
80634,4116
572633,83234
17285643,172487
16078602,3153786
13483989,4827726
878460,509706
75856,7266415
8441713,6535608
13506543,51816
10841115,223462
371022,48067
568592,537990
10482783,8734
58199,51646
17562618,125558
11363759,24474
10866880,2966348
16115625,5378690
6566558,2924930
1998200,1387927
7516243,1441
1550091,1020232
7179038,881203
335459,5738
17238573,1023510
7235208,17054
12630771,7869
13595311,28083
6287290,74488
6484927,4176632
10338405,6779
8352302,2992321
17348729,1657638
11029842,70853
13650334,16865
31799,746724
17341747,58248
8983685,7849640
10927555,100752
115037,1414132
264446,1555579
11603886,14434144
2887157,3073
10844109,3783
10790376,4221272
6261394,284897
12359912,5544
13531845,4778
16006883,17065
1994709,7195
17733636,5827587
8366788,10860694
15726423,194243
17561160,5790
9867149,539672
64359,60646
716523,6366
7936123,40882
2587444,37060
133729,4937202
984133,4619485
16106760,8111
252460,5556678
1004096,3439922
17841297,214673
6345452,272650
8578795,51488
707633,7303048
3074889,31233
1512465,202312
84078,1209
6488284,21625
17911079,16328
15954540,9144
52083,61934
590342,94153
8569170,3108215
2667281,111948
100213,5023
10638,1387050
17926865,30681
17185511,9559
6562799,198456
743357,137261
13539142,7127292
3002310,44202
947362,5869
12162809,5767871
3373276,8080
2811,10420
397370,58194
15801485,15402
6828896,2875209
296201,1774448
18039261,7070007
1602815,29068
11923853,6590171
10344732,7771337
13557166,7792163
6386363,8278
11156028,281443
13507512,4242
158007,213527
3573476,3012988
6376695,6968144
740454,4229
2332145,64025
2714607,7111433
75639,33274
18006867,3368
15827442,5051196
1036717,16244
2714797,351550
9597831,24826
31557841,2131
6759138,5989
6308347,33362
17857684,6986
17913073,77023
4675719,18479
17280880,90091
7733054,1429844
6760388,26181
10372556,13898
12515237,36722
69516,8722
16248148,103243
9412869,11095
12716423,54711
10389150,46204
191212,821537
6908579,21346
5322135,7518
15085368,6039100
13562901,20730
3211176,8725
144127,35105
12849258,967839
3375131,27861
11353976,89552
24671,11094
17332435,25838
507086,120341
6077869,2059918
11653832,3080
17297873,5116
17881311,3162
18192699,5086768
1676414,78407
13113584,24824
11788440,87184
9198592,93526
487238,7920918
17370576,13050708
17732274,4019884
13171348,16345889
7332753,14921899
17409068,13435870
16190863,10074395
6986084,16953774
930428,14941662
2072511,15100575
2585588,16694297
2488196,13967180
9759300,3377941
13147661,8316649
18387010,15218531
16119167,16448164
6383944,7276000
1726276,5383015
6668703,6871844
17906054,14472017
7765477,8434126
13564754,122092
18626866,1284060
18620005,6492
647682,4823432
18141125,60390
869969,14165949
4845,3041100
2249507,459128
263021,1183644
17383763,4836172
4360,412433
211780,790918
10222566,7729333
18173687,3111339
47944,1290625
236872,3165706
12412151,3321132
872477,4431689
6845839,153734
221817,1628012
1277911,2812835
939467,386042
17074998,1312879
651964,3379695
13505666,6863455
20694404,548551
10373917,3408349
17186369,376407
1855163,2232265
7864312,1079136
10237603,190922
18250100,1122774
17084242,2483710
18430056,14131888
19545312,8993208
17268898,14220714
189080,40311
869609,8570972
13587039,9236423
18488022,378688
1312348,70102
20368405,9772554
1293796,13929232
13233578,7481351
13498996,15606198
18753304,4718528
10299092,6562809
533038,3041690
37040,4414304
20601464,604905
20407756,520207
377163,148847
18588815,64138
18678972,14815127
18628751,559634
18586193,14132699
18490665,577285
64251,603838
6609745,2860092
12817476,8108086
17834453,45115
18454599,8279711
777459,7125422
184825,37140
20757675,1563721
8242755,8759
17829939,9792949
13166638,1408616
6357389,3200370
18898739,558089
13131625,64974
18105943,5822342
206893,4401847
10453436,326310
20734410,10029
17039870,14161844
11891486,20104
372091,4878053
13495346,11630
820591,7600824
19450550,14251172
6280283,3490
13148060,6561195
8466327,1167639
9740107,62263
77738,2013872
13144806,7271055
20626416,5627525
1399057,182823
18190098,14007877
503488,301395
15864513,2799849
7038489,2729597
2084781,8349
20573773,1106214
4526691,17450
10285307,103359
17856081,13854110
19265116,9831667
12905583,485025
13563669,57198
21803389,2783820
3221533,170342
2417267,1399009
359994,4113966
166814,321303
6049224,6459679
1197752,333491
18104734,4981568
5071325,767177
12191758,6423090
28748,5831455
21325281,5044405
9468234,169656
1246570,850093
91174,2995577
18362184,4927506
10881616,4862005
80697,1153072
1321937,5774172
1689153,6878020
18519955,6569
1215263,5130924
5111318,6583
18926659,456208
8673931,3720
9532429,2274221
16103347,76981
825750,2897449
10452269,4536964
7187391,4651111
961537,2744713
1025845,90581
4035,6154476
297514,555805
15824027,8532238
2893595,7159848
224257,2937053
6810289,158735
18910,16487840
136640,3486415
7493659,5761194
13036575,269069
13577865,7155436
12988092,1635425
17912521,8075676
11599,160033
20805606,14872541
16289369,7782976
2230284,260080
21276354,4743015
6081032,18294819
126784,6704895
7739858,7178615
17317648,41542
888958,16071
19067282,2958717
1123827,69003
19226636,17452454
22172055,4738726
33405666,965819
5758016,5335865
16170621,47556
133830,303669
16003843,78305
1511158,5374297
17874069,1051591
16240980,2456075
13414594,468200
21848119,124727
17731118,2983974
13556450,34683
7556893,1169504
9682235,26805
2442529,6092607
462924,4586227
20640618,15987
11221285,1429808
18141171,3449368
20774307,6887220
2495127,2958515
18191952,4735
18169955,111002
17937445,1377
216420,3212742
13513136,174708
18668056,4579328
687314,117184
22707677,7033774
7027412,4385839
19307664,27704
13589131,22546
22727454,2906892
2650685,25372
18134178,7047005
11572026,125308
413085,4824952
21536711,93726
17226437,5393357
15831624,36346
50381,11664
3258597,4485813
122138,4629194
22182961,91168
18734992,14109538
20819208,2870363
22365433,4513317
12040782,1886
22963655,670859
9795263,2743065
16152890,13849167
23270305,167932
12472085,221874
19481739,6940748
23285908,386853
1395714,130347
2054513,1857564
12577643,75395
15746101,4735144
313599,7940084
23166681,13613071
22246225,195778
17412895,4687048
23245312,3075
22813724,580315
21432436,63611
1503057,92650
20552801,6431540
18363728,16961
11617031,4951964
6238944,5028484
13606971,3387675
23236763,38598
1845050,5204844
21446326,1010543
5978522,10039
10315529,2885224
22742420,8437120
10834766,843234
17714301,51118
17656749,16143
19199460,1407654
21567223,4996526
18311425,504038
13496093,2664359
10783094,150810
13356671,1489978
14402206,7352883
18142171,227394
23489268,82467
8293843,42559
4288998,4959901
21459155,437669
15830590,8260548
6817093,5786100
192176,6862831
1385643,566
265205,24516
160769,6216688
13010571,99117
15727152,3190846
13356913,6994777
6167746,6478179
23608455,5668
1425260,1446295
23612703,7765793
20642360,34160
18342317,4163137
21362707,2994581
22882294,33987
112139,7515504
6235270,3162181
8076919,6542440
18631810,6914204
54595,6879912
2068265,294697
12366032,7507927
9667290,83086
20979794,89881
16099205,6966605
20555526,6425980
375642,1112683
624988,4466615
6467362,3432663
1874364,995289
2812905,4983109
690563,1806413
11539731,4864634
6953778,5500154
13560337,4496779
16080353,7086643
763362,3279601
20320920,2973783
6659732,88507
22096445,1479015
16025807,6449730
759175,7152490
19172484,4122718
679464,6888652
22882303,7121802
10156954,8446330
17281362,203307
8529716,35771
24641431,22583
775160,3015432
23007471,51746
1215358,22584
22962355,15686
13573576,22587
102104,8384103
9334058,62809
20256737,53520
1003604,50964
10321640,93488
22293535,29837
984782,39090
8111382,49928
17415480,34604
24285685,348771
6749815,98646
17181855,32312
668645,28778
13105,14190
14739812,60399
2216760,66573
20550280,7428903
151390,135106
17299113,62257
1688672,7373225
21066604,10122
16130105,77318
653043,227771
420755,36556
6681393,10994
63699,82948
24543876,11155
13529208,9212
21454658,62997
23464432,46118
17369312,2725867
17927412,5108399
1950545,542967
9269044,6924906
22093774,4605557
510411,1312067
17408503,56
22583454,2916869
23269110,56019
12804544,1569666
20307078,3965895
1014568,108173
22594999,7276793
22924864,7179522
16053291,3198951
16168599,2941486
98836,7024176
7144495,989968
23705985,7231
374188,1029223
20685373,4070110
2116379,107767
559899,3301336
1740577,4143867
243991,5255580
1293881,7258437
25335119,613805
10785670,5264554
17331340,3222611
22737576,2531619
31442336,81017
12896829,2741576
17925553,5193750
172490,2861133
11341362,6950511
9550301,7737308
12355524,4116660
8662827,71878
16114807,6426714
13560655,107891
8767940,25883
23882,4575285
23199351,2915851
22044623,6862711
640892,3461537
46261,5423648
22574156,6943520
82814,7122072
24950568,87305
21782752,6535659
1527414,10517
24699867,6572366
22618173,315657
837316,51204
7101838,13247662
6642732,7010859
25467491,1375697
21805738,6934883
1310812,5825070
7005584,1858
7632051,1637218
17978278,6935253
414147,3028584
4312852,5767306
13109354,5142014
74725,1045593
23005036,175143
22907159,253326
22173461,6572080
12945191,2951194
22843028,13817906
11487809,2968625
25399822,12010447
18144105,5446309
17688,4984923
18132923,8391110
17802356,6243370
25768540,6585593
158788,15890
232922,7066657
16074805,221556
25676863,2771724
21811725,2868678
7896558,41942
16147869,5263027
639894,6430657
15747708,6888029
174845,221253
23663098,6924349
389210,3155383
2418888,118639
1774421,6423161
102180,1938234
16107050,9013537
9755769,2768002
25726634,16094
74997,7047863
8736477,15463
7796735,22089
18343407,2917917
49045,8660
78523,165150
18595546,6572847
25873202,2961327
18364309,852078
25007393,6966274
22812333,6198966
18296136,7824396
23500254,6479377
855317,8126271
24892572,6855918
9248826,27621
20995607,6451983
15873785,6173870
16195152,1818261
8372642,7169602
13328197,4178213
7935992,26335
26225008,1025097
310299,6519003
75506,6871145
13376363,13513927
23521419,4178
13647887,5137530
3059244,234115
16099393,13848822
9335032,131208
25838513,6925957
29658,144323
15818254,12937
9336262,45315
8430056,7172518
22774741,2751
20505830,5274234
12352541,570941
17202329,2860219
17826082,13557729
8385294,8716
22608127,2905789
25717713,676993
27239472,2887
24888562,5687
16093933,7539785
12005234,3112488
13601853,8393971
2243611,10521
10697608,7060159
12592685,4930653
27250025,10000
18680106,24690
22593010,204863
693238,6887314
18920603,4077950
18803442,7131935
258915,36664
27869931,2803627
14487872,4346642
44856,6430957
1453138,1954
23827762,5204084
25118397,3153776
23505601,5768905
25068547,4062698
129582,1217665
9579882,14171086
28255122,7628
25935780,5735
18602075,172977
32184984,6592100
20501122,4025591
23433810,5922
86312,7111
1592908,7224014
13155430,7375780
253984,33952
22372242,5555317
23697916,4763
338234,8074853
12700790,13275
4128760,13374043
134225,6893136
4836504,5296727
17234935,142411
20833988,6995625
25223115,87104
17724864,1383409
124312,50568
24885710,21318
126769,8365086
26365013,3467563
918725,75375
25519820,5805455
2367495,317354
20446082,207356
27863883,9867293
25992990,43586
414062,117366
10377982,37249
10291143,1038226
11168429,7353006
20990952,396931
24910237,5091
28090093,4341021
11332804,3163298
27418455,26011
24612533,12470
24607565,531506
15832,1192311
26063675,7031
25739173,7374721
26586108,16927
6699443,1251730
25391705,18016578
724935,12504
13737,5288442
23349181,7068373
28790776,10015
554165,59165
11633,1063732
25710705,458771
7337871,5767496
26699573,1390474
21865587,3247006
9912400,414681
8585924,1563499
11346278,277536
29911128,6547893
6501849,985261
23853376,5893561
17349076,2402
20718586,321391
21233769,2841445
22884430,6606543
13513468,21981
18340366,100964
600791,6519692
7633800,3449712
16254389,4831235
683898,105297
18188390,72680
11680475,2980235
10634569,546427
21402833,7104022
66038,5018116
243827,6474348
33628293,335532
25727080,161149
18619149,190403
11155184,4647433
11541309,141337
20646135,47290
49691671,2782638
28135773,4959678
349990,5351847
17830028,6534195
135742,7153730
320197,3525958
13529076,33467
12391594,4719762
23548141,5221828
965343,3151111
22558348,4062687
9583247,2638873
28094772,3499509
6931096,1978352
18866743,1166851
317278,5762535
31280904,2904716
6359293,1373005
29146099,68959
18359904,2329
10959251,2741432
10211746,91085
6328360,7020231
28082617,620500
1162714,4589999
11029892,3098318
23120629,241828
22693211,253358
30513683,145946
14395,2918916
12503306,2869305
10938612,4428962
380057,110234
30968750,5445024
30172212,7032108
1454374,4059028
24830026,5080042
23847971,4105707
31362199,3240453
16047078,2457566
32107,4772
17465645,228
19500066,7135042
28511564,4500872
1981112,5024658
81922,5180626
18847326,1438
1354,12144
25266010,5051585
19661852,3499
7289702,5360266
16137205,411345
21912276,470871
21566797,14655
26874911,4773
1061962,6900
281818,14558
20640318,1903
22551747,16380
439065,2122
28369891,288
26635970,53501
20338342,19683
2052978,7074856
11663719,177344
12910067,6889132
24954329,7922
22494161,4426297
30342568,16541
7200351,6926
29366784,29479
33223742,27281
17340017,1271571
2028,3242814
34094311,12585
26891268,1428675
775366,371867
17130393,3150553
924497,44048
70562,18943
109714,12145
30810128,17434
30212015,24846
24938699,37202
7907680,6989
25563125,231799
11388271,5768
13394791,16633358
32478519,7103
33199662,22017
1252707,6208
10459088,5194
3325998,31145
34009974,3532
33608150,5657
31194923,15448
7146457,16893
22740195,963811
17667009,40507
8341860,2929
983294,15907
34533486,19879
9719387,1476
28220899,7130
25898599,16892
118769,6067088
30241888,3513
484714,15516
23275188,3505
25467324,9222
24377372,3681
13320466,6469948
18604079,5401598
17468561,9237
23592235,25
30364140,1637418
15723882,8649
33258604,521676
25273619,4242577
3175530,8924
24131307,240708
1586764,8588
2334800,60177
21421192,9629
16081717,3441
29843226,237194
4923952,38569
12550743,426944
77589,15572575
2008298,6857956
35287817,11761
274619,14175077
1273773,272814
25054961,30095
13129925,8476471
30054609,14617
18621200,16789375
1641409,630107
24557764,4443320
32467509,6810
25430584,18
860471,36746
1030296,10074
7733705,5134726
16126395,6913760
26819691,8842
29940879,14137787
71121,6982197
34299826,8306309
11910,7055613
1093795,5833089
25677827,3035791
34662229,14469474
7862151,162678
30643163,3267859
28686887,3206446
1282954,2759153
16166626,11362882
6968772,8685
21402336,4992939
9337370,18059969
15705091,35548
26098978,1238111
26030692,9802136
19243883,296961
7283975,15042820
764356,7091823
22446624,6153502
25542986,16592288
25576158,7085305
18021978,17629655
36596346,156327
36218967,16948228
764861,7512686
13006132,7233168
36448590,4420439
31217886,6462472
332348,162578
25636235,17198563
36097796,15236270
35002080,10788120
33241740,7151973
24944887,15549537
27230661,6518189
77733,6984304
13569942,7079
34208038,5589647
25158237,6541797
40411388,15852393
10252302,5169298
27213253,3440476
23309607,4527833
36070934,13922215
18774897,3212288
34389270,6571327
76548,4390676
18428659,16027248
9447,4842750
25975406,7703847
24187925,15237193
35615224,282885
27917957,15066301
37026011,5780686
50852,107170
23513381,15111490
5148645,15299782
24476986,8719
3950400,16982567
32855718,4730894
34964971,1049
29424910,3961
11295616,3874125
15797397,15984818
9780389,16062789
26089799,5753331
36559425,7414345
33040829,7471
19192437,4971410
35629654,2018995
25311520,6466778
1057293,4379
27276264,7707972
34841365,6860927
36347810,5101663
12715691,194416
895807,1795514
879201,2867678
31434533,10909117
14483180,6582756
13258964,15193340
33244832,16437249
32439383,5218508
18779708,14834224
85866,128570
18527496,298419
18851126,15236443
7663506,16527452
3384017,6610348
23851442,4506280
40528642,63630
7507944,15298200
13612965,14358948
9826870,5018174
25453690,63669
33819853,7248579
35234740,3071494
1127996,8534434
213349,4695869
27984883,15044420
39221201,8509171
25304410,4562483
2326576,14324685
311909,1242391
22878504,120948
23753284,6568891
22882847,2362
30653837,110897
1451091,16640489
22837054,3229682
37638234,6200344
40557032,7690844
6967247,6521036
30001662,7212606
24828950,6539577
1231621,176372
35022102,7330360
30008950,242473
30975382,5100743
27429963,7172051
39916,14301938
38269042,7098210
12969636,6995343
40384576,8177011
25829156,1808111
30133993,7142164
15826934,6927588
37546378,7727258
5947,1125279
26192646,5241459
34725078,5618396
36220363,7558024
38333054,5116245
40225198,6446220
29938354,1054429
35604686,7868651
31438461,15559824
1984222,6570694
6353166,8265262
29350590,8029282
27687495,7701589
635112,6522690
35080212,7266984
25638179,7374777
217381,6561688
34726469,7360513
21435166,117418
13538833,8343056
34964938,7041163
2796617,4876604
36575774,9878015
7029838,7144570
29630399,5865943
25751208,6586130
43815153,1386355
17557622,14250598
31202255,1452751
34776099,6584188
4438553,5779458
24044596,3213942
38096786,5456168
34568988,7053742
36952596,6592108
25190993,4658054
1282266,4946788
26116505,6540645
34667403,6519108
33828743,5965
314316,7083050
43325703,4736939
7683075,6470181
55448,4942228
9526993,4093537
7236820,13531492
30212829,3190428
34525316,14978590
38893704,3456705
33986959,15263286
45160724,4202238
17453303,2946208
1971990,3379575
25116648,2041855
37706827,6448939
28245707,13849789
35072052,5827290
7227391,3001574
176943,7855471
29756850,3298167
1381000,414286
25111119,6581511
2491571,6542403
36419262,4476044
17981399,141588
36058466,2753954
28425193,5700902
37658988,4590885
20344952,68975
1494241,2633785
35592061,332067
710499,5815249
17286692,356164
26597611,6427435
132543,10022
6098855,4890658
35074316,292562
37173847,82603
33852393,117288
28594377,6563931
22875097,65944
5999228,41419
15842230,322733
36319758,15721192
29456569,6949604
31327371,6587174
39796904,7873610
24565248,5366587
17286033,6589870
6333807,6471779
367334,7244853
37639299,3084389
34761718,6549127
171535,8152912
33574173,6571021
18658342,43414
36307237,1329767
36326842,5367
32721793,7163319
13610518,3370555
39961590,4996736
33217250,6940334
30858,6946973
33163388,6654493
30971755,7174451
42844533,13485858
52708823,7242823
13572289,7141820
6771443,7847481
17705692,6517376
10611711,4480131
45043778,5416410
26404001,7173188
35297386,7181481
36066197,6265027
36118582,5763298
40542933,6521898
27710148,6655354
36118682,7202043
36489672,7113521
32388712,13979798
51781351,6431156
34872713,4665585
22926200,7116
40209370,7800165
33158532,5403174
1140987,6941315
43925876,6863360
36217425,6740729
15812696,7145403
48577242,5833
38531884,3342174
18307852,7256865
28458598,5046867
37539893,8416438
35688170,5878124
36615592,6551789
9661294,126447
27833866,28186
1072093,13649527
3450744,7734306
36798291,7054725
41704268,7866768
15740553,6549307
2099342,6916215
34875703,6568302
795803,4280
29985976,4859212
18586487,4887264
30375777,5752359
11224849,11072
34495927,1302285
17557711,4842866
32939643,1805363
49537004,11672
555048,5761314
406575,4623294
45991174,8309933
8275050,320930
41818601,28756
35106178,1487748
41946894,4161740
667104,2911935
19288199,114266
51225070,222977
33230583,3081700
31423133,31468
22717666,2851248
39295318,4116333
37708024,181668
5273533,51535
25446323,179612
36117813,1353301
3085858,7798116
6003269,303578
16373837,150484
17230517,93971
1435283,363405
208706,1881
6004951,21949
19065680,4445700
25195596,4800268
45730161,7092218
15846835,12080
45046808,104514
15833906,60394
17902551,3128
8773729,188932
26196150,108692
9790971,109116
52722291,822
7840996,381478
10419181,884168
43575675,101108
31373184,33503
41720140,711
38619022,140720
39555142,2176559
50786753,432
27276324,14086
52208003,3518
34506913,2761
50837006,2983296
7787235,12903
36631066,6356
40660159,13311
23657454,2040815
96119,5658
35165738,990148
41824023,4415
39847584,5030
25029396,2778471
43862295,992351
46254846,50303
391603,7625163
5989631,43692
485025,319610
6130850,30691
18300172,3956
34649348,5328610
52152720,4402
7748196,4309838
1931239,128353
35003282,4577916
34272476,104438
1625966,8222
27998615,6952980
27212866,2637
44890112,16667
43232391,1433597
6011732,38285
12633800,1495208
214641,584702
43606187,3505204
1384924,138207
30302447,643
27845366,19794
26721488,3465862
4477,3166354
2898332,1388082
169503,1744933
22337524,8525486
38123080,8881
5941296,8726
53483124,6376
445024,5415711
25089757,15481463
254499,2883386
240617,7621
53144646,5763697
3018111,59542
44794098,4829
20262017,16593
44890081,5804890
41473839,13562729
42617681,8052
30319094,30278
533998,6705865
23589862,14434845
3260326,7113
9071883,861
5996120,17854
6898978,4493
40702154,14926073
40956551,1270681
94944,570218
35216509,7385
58576,5821849
29430869,4007
36680734,6427599
2808945,363307
28645638,2891503
1618417,6223
333766,13263
99951,7872519
3230480,17295
1518737,1194
1235056,6525189
250524,4448056
1336275,6565405
1014069,14521
220680,7075737
40287,5039646
1007870,4562866
999655,20105
269041,13453
372850,6446815
92500,14441131
845868,15865
773961,6081661
235786,2313312
503773,16174
555136,6520228
129972,46293
3399331,5775524
302431,875661
25071,5808070
327336,5117
6713322,18770448
1271502,1365301
6137430,6550279
1256621,6880615
140088,16904
115033,172897
195211,6949005
92138,5140626
2063563,3534
3789901,6534462
4703166,7374241
4339138,6551150
1801070,4376
25933,2932249
2142060,3347
2114866,112914
895005,38530
244466,2279340
3398701,7239827
42157,468339
114178,3503
109726,1335531
1363590,5214793
1576334,6054407
6439770,5303667
2076055,7112437
3569961,5050492
99452,2978240
3854232,8648059
5996621,4429
6643948,1141422
6571963,1861991
3978,4912047
2223353,7173896
821026,8546572
181729,5339130
7171787,6550220
2459677,2009672
1327050,4165753
149704,3023964
566850,7141792
1419166,3525980
129659,4811802
6574915,7734428
831893,2704714
2506250,1408607
47733,7127010
50664,6996431
1455558,712666
473869,6470397
134958,4611069
169676,4413363
1269234,2882485
7181610,1129509
876234,5061231
3146634,162930
2911138,22602
16488,380896
117835,365485
3165887,4327590
148216,7211470
817378,7912393
17744,2849943
5730888,37183
7707148,22024
10765,59446
320247,1789991
609518,13757
1259971,419233
569050,55481
237900,16561
2029932,17554
72694,2962276
763031,50896
8456385,4900163
6203395,202719
223145,12019356
1404756,273519
1286711,5812874
851592,275908
1004183,4981400
8431510,3430431
215791,7020590
1551510,2960636
7998835,7351013
497121,6876233
6663818,765650
19133,6451482
511241,69414
38989,5143595
1305001,7012702
6441387,41895
2380313,1089938
7980229,4488054
159788,5306959
55386,125882
4723885,5989639
764704,7328484
828987,3145809
129956,87050
1404411,232712
329736,4412038
2338190,5353965
7150757,38217
43603,178235
227789,4142333
6601221,21155
198639,7102827
51637,262616
3112733,6026
6325689,6613
55776,13554
7456726,4885056
9535775,4987522
2670654,6553295
7888799,2789720
3555477,17064
1156197,5131118
748523,5386283
24073,201386
5252140,1915619
7719324,119848
140503,5406631
12335,7768501
59818,2967303
3287096,6929010
1702668,3405767
445426,423336
6608160,6802954
120728,7048608
362212,292027
1035021,156523
684770,1598928
411460,7124364
4468753,8065413
1480335,11349
2283880,4905702
9736277,7690616
7704492,6577118
158685,3496532
17829928,4768755
3176299,1111480
301438,7232683
84148,6929011
655782,6583811
412969,173493
107791,5779758
173307,3343132
17781,62524
10301321,6443964
59569,8294375
23244,7122826
420125,7377203
8532187,5821344
379701,9836555
11191602,7046321
7741065,5363257
178466,4416306
7467724,1651952
21607,7129454
1090318,4904383
5995752,3392912
3237324,3353667
7997987,1226977
655739,7092321
50923,4292165
6803572,5347052
2906724,3396910
8602369,3497970
7152212,1140298
247094,4788613
11775787,3023434
1042174,3399621
139958,3111338
6621215,223885
246414,1029349
3238393,4143266
8289097,4372737
7869869,191456
557700,823146
3246957,119376
11156050,504627
2328316,1248068
6155,3169806
6829958,4814317
8610438,1415543
787546,3465557
67872,143691
533639,3387285
388219,2916205
1838612,3100203
1232796,4074044
640594,4044383
290252,79922
7469133,3508354
11995,4556932
12489539,3228055
99230,767317
2364629,4336590
206553,1956402
1239219,8427881
7881742,800187
899411,6447937
1654216,166672
45033,6549299
6681400,4980097
7283762,26878
346211,4330590
921735,3167424
1772413,5763039
238344,7060187
6428672,6575825
136963,6568974
386477,1530940
482977,5306992
5479405,5085738
2593876,5286855
13001038,4735949
3188186,5199006
68842,1164465
11783587,6959231
932049,12063495
233933,4145664
9659034,14031633
298468,4785031
3665783,6871210
6816823,4279785
4838255,6574168
7049405,8192745
241101,3479028
6795139,4340854
11530122,4921525
74556,13955925
2195295,6469975
1626066,6572969
61931,14097832
1355993,6965359
129216,6448459
11098832,7094711
1062516,6584183
8664,6472437
165357,8344109
116581,5446689
7685,7057418
7790460,6451162
110382,9414
4343353,7496678
9733619,6887772
307576,10143249
10841337,5757332
1038850,6888697
13424287,3128303
167845,7789423
10876598,7056140
9296389,13023
12574,6563368
2684654,14097819
4591230,13754171
6751356,884212
13420948,53988
76970,223343
13108754,18141780
13554073,179153
12796583,6860574
7092490,13810476
8478990,7127375
6469944,4754377
149403,4401574
3121162,4439177
757196,560012
9031163,7520394
1453991,5202680
9723754,8041886
12081764,7105371
7091296,5823376
13618467,4949584
86699,1049315
11423066,4767719
478744,7022586
81935,4114729
6052079,2933059
508957,6554504
12680575,59346
1048940,4458708
133486,6458246
637966,14684499
591965,14924267
2855,6475976
417807,8192911
17617913,3402847
138897,7795802
6620483,6548741
12063560,13857113
149622,6948816
54823,38392
1721893,13479611
283101,9851210
9874973,2761947
6761053,7111686
13625504,4687526
6624899,196561
1932042,3365457
412287,54201
6746528,8333646
252464,14073855
12096557,6094847
1788325,7181862
7048818,6245
1205982,4113638
12971285,8306834
8748031,8377979
12084655,5351825
443078,6466370
23289,8324619
6696420,13630160
10561549,6644044
77837,14180086
35545,4693312
233664,4027042
15740496,7142495
341242,6521131
6496815,9857002
13384,7944475
2185,2770941
17853463,6894322
97006,4665230
8589321,14031571
3534884,4384611
4776866,6439440
287632,4575326
4685,2982045
8077593,843820
4187533,14115788
7942534,9816754
92301,8180726
248378,6553850
477520,6549373
11091004,19630
17208764,6459302
1132976,18250
248884,6428814
13560388,6889902
1187526,6904400
11324152,73977
1237013,5990515
11451112,6570570
1717889,2738676
314362,3249026
3119662,16161
335397,20849
11766885,3009541
4441294,34997
64179,5822912
15839572,5785692
1091593,6926240
272773,306449
15748293,7256452
15995436,75091
336886,7221218
401060,5141623
1148307,3023842
2093404,4885418
14289725,5421050
12745053,123719
294368,3413928
815890,2896790
3617118,7152850
15704567,4796697
194611,4096668
11433851,7054485
7171880,347385
232033,93970
201817,4629065
126137,4509656
7821831,4820876
13531818,1423732
8514712,287923
280958,20987
1639512,6342
124110,5272736
8694522,4712387
6791610,1413437
97008,5816079
10776592,7151265
4700482,8202129
186420,2770351
161363,4752305
11080460,4611175
15761362,87534
6617506,3028982
315039,3023658
329136,3001246
1869060,6951730
60600,2931654
10559187,17100054
543203,5761936
9692847,6606349
393902,17064986
140688,8794
246056,2687
17133266,5807106
13421636,5350056
44188,1840202
2389174,20295
8501350,27167
1341846,44037
7969396,25375
3486266,32699
406660,58124
7306325,25376
15743742,56353
12176602,9226
1024240,12534
13034086,442240
521942,8132662
8828604,4610
15755355,27276
93372,12130438
13579908,1445909
16045953,16496
100834,153738
652558,5815562
6044042,188983
15844617,7101854
6561068,6444303
862007,14888625
741238,6452869
76237,6581244
359829,972688
7058362,4873609
234559,3251728
13319632,375626
95241,648748
94667,3227101
245832,4692856
251180,57462
16219204,5130089
158277,5124235
998209,1015012
5205697,6458884
809403,4792225
8849382,4362934
6773503,7122060
13280482,6578005
961949,6545672
8580616,9172
9275067,119700
423124,12444
12846322,7219081
16098291,8189910
12924307,9345
17562672,1375073
1011839,5824220
16111980,4641776
107318,13652897
15774058,9720
6215420,57983
13538348,7791215
17348772,7212505
1317,2132743
10358250,8555975
388431,14759054
11422916,6924387
100343,6671692
7507938,29655
463,16287225
7983432,7778742
1069451,6014380
12985143,15109469
2663313,300536
1081976,9013543
9852877,16902
10558077,127642
599721,16642745
15847065,15305372
228669,8529755
6916800,1067608
7556413,2938140
84077,32590
12469002,5816
67933,16819959
9797936,5272674
7787252,6485178
511613,16360992
17853106,4128
1000783,157146
18042061,7064949
17975383,6473998
7664735,53574
18922,7157771
9748274,118226
3290542,556546
1165925,634694
1378221,2925644
181401,6569504
16032344,3448642
259319,2974095
17934849,6572605
13347358,8434062
17830225,3095878
9484114,15149526
10586317,1410883
2750303,5609032
420474,6941668
17984047,16121977
15853240,5359114
4174529,292970
1557369,1244209
12707296,1938
2879,1538
11080437,15049422
13413649,589770
15987008,636118
11100788,7992137
8043282,14558709
18070142,218843
10241239,5447086
16281004,6547632
15763784,2974
10151228,2798546
7182,4715219
3133038,1302004
18217772,4698951
1117634,313118
13615853,3513843
418621,1268083
416722,1273315
17905432,1340291
6379752,2043856
7507946,3602
17409259,18575
18281513,2463923
7959424,16083673
12384972,1285555
246258,1039846
809428,1424397
116356,4805272
152931,4859959
17568984,19012
15804232,32638
6079129,821504
23300,3234450
17725556,3452785
18251073,97088
4566521,132509
15823461,1036134
7933377,41322
4315013,394156
480443,1330133
17204568,736364
18337873,2967123
4388466,6606423
71653,5768323
13057447,7257579
2261584,12180
13508378,78111
6293922,5754406
121457,1030094
1146093,4957267
12362559,5539927
17735326,19417
18331335,66391
7491882,256775
6794736,9640
18383137,99836
16081836,2696
16071790,4024
18163180,4430293
6861156,1713021
355704,13856
16173110,56747
82199,110249
9475091,1858606
240537,19053
11968674,837019
6955283,3206478
17166165,194929
13568555,5300466
16159648,5286605
303948,833687
957379,4968653
17372057,31265
32856,378988
6565080,4125517
112247,4540022
9305694,2744177
18135071,4575368
6716,4530313
7343231,4094048
167216,6448210
1451580,298438
10327048,37450
328469,230018
17883157,418792
16101135,5767014
297478,18327
6284107,171132
24334,4393443
11380935,336468
872468,1484001
15797509,8604
15793626,3431194
19162170,8573519
871761,4310788
3607394,234253
2023060,6446003
6515858,16779020
109421,2561527
1070529,16159
505636,4521954
17317588,14426270
13551244,71097
37527,7142048
2253258,8433496
124853,14158778
17833808,7132491
13120076,7190029
6348864,2995331
6509099,4699881
1836143,17846991
10560791,7348701
10227185,6586039
19297208,7201731
13493852,7020232
11611689,7020112
6641640,7045040
7976897,7044696
13599291,6940792
10407213,1166890
5632318,7232488
18481773,6903476
1553928,6887429
16000963,4684563
13498,2040451
17981453,4399719
1243240,6831429
20758493,7105826
9331081,3378120
18583137,6905660
1384596,7024194
1485911,6590573
16000996,7106154
13165171,7235442
3292665,4420440
580905,6875805
6272048,7733640
13262061,7085025
48841,57639
16299700,519355
19272774,7354860
16068797,3080608
13037689,6739100
17612258,7093158
19258731,375142
9003982,61935
876843,6861340
20317262,5200707
219545,7090926
1009140,6888013
20888431,50040
12069434,28710
9998825,61322
19862263,61972
13602393,10305
20529909,61955
35125,6950002
17412099,26242
32858959,6806438
7192385,28055
113387,15085
11538073,77093
256506,28709
10652379,7125719
13497756,10178
15750610,6887277
962671,53212
16037779,70026
36241716,3488182
167530,3499511
18642552,7127330
18662771,3034502
8139160,580494
2330827,173
10278211,19886
1533417,24781
246262,7313776
21430091,6968046
348187,6936948
85854,6936449
31490,1226213
18717917,2936846
20560219,7068560
662961,28712
291551,7136995
4882340,6819578
7958702,12793
1005680,13285
209576,1899
983546,61922
317081,5034532
6548470,6470937
1421759,61230
3451949,393902
6316205,12732
11276293,798
6184032,8236
13365907,1401
124749,11029
20491654,4822
17981721,184312
18258717,5237
19164621,4339
17563192,18313
1211251,1429989
7001377,5449170
17189948,61231
17798233,7271073
13528436,79805
1746329,49185
22236956,4807116
39855052,4572127
21814415,5363
15851966,6179696
8435071,285217
11328737,17029
22013709,9931
886066,1365267
22315043,4904483
207806,3447947
17415726,957894
45895148,3873156
3388877,135707
15738302,12425
21560819,932941
17905237,1204165
3506974,1440114
213198,2880531
13634800,1264747
13108849,1164105
2009369,72678
11953074,1010796
6806633,543080
18624809,3493753
18712263,88506
8329361,5858
22030093,484627
142079,1181053
17800143,5832728
19464153,6472959
127419,3115036
2326098,715443
727215,6442340
22547900,3377501
162374,57721
7138346,6966621
15808302,484534
21827600,6459115
16489807,6508920
3866127,6888220
11540514,3407883
2031853,4705142
22540002,2918405
9692878,104728
16051428,6434323
9378740,2278
5294,182166
2578867,6976339
17213973,1301011
3429863,1506100
1396066,6456912
12408735,20322
22319080,14368888
393898,1379540
15248989,4590272
17668631,6442338
18776164,5313027
27277484,428662
18579799,368094
20306461,5376046
1711689,8561992
11476593,4088448
18631943,6483061
18243325,1074989
6552717,10739
20661893,5446599
13581798,7031196
15814895,27372
10917937,122302
265858,15710595
8074838,8062229
12750745,5778099
7992563,110982
28650,8847571
708432,5989889
133268,8186033
11808153,7074909
14059726,374504
611057,7397563
590744,15016763
4495772,269342
32987,5833183
13500070,381166
101571,28010
9232932,4773763
21416728,5375319
13541076,3140554
20412983,7044446
90994,6592670
13261413,17216
239810,1036736
5956378,5407300
22706350,5267305
971277,931363
5980364,8628144
18009797,6459572
1853774,3352591
13604637,66240
855727,2489840
6377233,256405
8293863,56370
18798988,7224009
2978548,409350
21965351,15967758
15738354,317
13546981,131
7492119,16688665
17934399,13451733
17169024,6483825
20548917,16074134
15754545,2951648
18459190,1273937
9988148,8286393
1520869,7014015
18957266,401400
17558048,4678519
21472139,429
18159177,281286
2861035,49103
22587069,13353
20023,93345
8683,14759336
12165278,3329076
3079543,16644188
10631307,14529180
17999567,7360516
20511904,7020203
54594,1586352
20798954,15647085
7851203,5052587
22405578,1216796
16034400,14903705
21526646,711301
21000538,480279
18140842,16222010
15793074,15214827
17787759,10803986
9253236,4096595
4616864,412370
22913073,15154365
20706651,5416814
1657392,8137823
18659365,7485811
6467360,15504358
15801762,7963
7575266,15613166
21239135,6599
1375896,7350402
2432721,308392
23854995,15139238
17316770,70916
22914687,2565
15710557,26771
6069156,10089
22844784,25421
9977836,233619
6553,5353
5704478,5179
8585118,4788791
21882146,277189
1856004,858
16156006,58851
22030418,80212
17678077,165168
22700430,12577
15717850,910229
18138222,4787578
7242119,3020684
18283770,7060690
613229,7419
13060924,7030941
11017211,4996938
50750,5350164
12166282,5600
8890606,4720363
7084002,5381542
11301,4717601
22842939,5430977
18008074,45927
19193315,5610529
20351509,6559537
153191,4342615
891671,5347676
12956766,9206
16230498,5241601
19549803,5252348
17822248,827236
107338,3517421
1484149,6554179
18242995,4615776
18599776,5257588
6425814,5406182
9640837,5444795
18041750,2839407
24501994,4416438
1711389,4864330
22609434,5331983
22146939,4949972
17668976,4902564
1686820,5188888
911645,1330287
764360,5073459
20613439,3429117
3730554,17440931
20708785,156522
710582,147857
164836,4078652
12506550,8547032
20958463,5764521
12138494,89622
1902917,5031409
5715698,7809260
887573,8360
23931668,4077598
13073519,9059
254704,5395324
22176808,5447785
282987,5095502
15737115,8059188
23387007,7066594
25270605,4485046
10846330,6883928
81612,5188441
16006282,5443292
18430452,4846217
2884065,5894605
20519000,6937522
18187566,4645418
25305006,992207
11637339,6983518
280313,3512625
21530082,4092090
15722284,5198413
114812,5822521
22405779,4650525
6064622,1041311
17378579,5816255
15942674,5625013
338480,4794993
12446825,5438242
47586,95232
8388983,6545553
131060,7008806
13235689,8294123
22124901,6522996
10644585,6942370
1742699,6449665
18898806,4967856
3006702,146449
11102353,5747496
23213844,7742
20601872,6527314
24864614,5824197
17183049,5234352
9429803,2168689
23286130,60349
12946981,64216
4485,6521221
47952,5368048
15703297,3418947
13436969,5763250
18042658,4492558
25693031,1141209
3425041,2917641
25636797,5818641
25560247,153732
300118,2946327
475166,6585212
9310626,5816392
16152988,1975671
21420475,5601445
16252384,7262875
6619072,6475203
25154365,5436451
2282267,6995709
13167818,5288487
124248,28375
22341258,5836011
25770899,1005984
24664657,154116
21422053,5074920
1397889,6449653
498664,6541039
17999258,6869934
126780,4867939
13931214,28550
25517477,7103320
18273875,1611087
404857,16995026
9283551,23
18924775,8296035
13420993,7031278
9396242,4678212
18680897,4958072
2726437,7777382
59196,9885287
23261012,3519233
21796750,5448528
988783,6580373
16107148,4566700
18527499,7257030
147602,894765
9764,712951
17412093,7754966
18754663,4417507
359273,777491
18488996,97228
9842869,13846469
2554680,4335031
31493,3415603
17279452,49612
17860848,4471993
12436013,7264881
24700453,13014
36172914,5321960
68980,5242774
24809194,15206427
13572607,5081315
23978331,5170063
12685077,8694
15757490,3280629
13333127,7304443
953199,14588817
2598854,4099
26188624,6590097
19145369,133710
684911,9072
20420053,2887586
4133254,7114446
13626818,33653
18085456,5758689
16204119,281127
7600056,1346588
7706939,4181354
26009668,2036975
23669798,2895707
18982011,3180076
21911333,8403611
65151,8433369
522726,88036
25923750,35022
9499320,1131057
24702709,11461268
17257862,4349709
22468601,2982705
7967592,7083697
2243610,7075118
23124475,2310121
370353,6436872
22775126,21701
13166686,7154717
26079978,5139046
20737459,42437
17286747,27206
27804025,5263939
18395,7359478
22910141,4962929
20736462,52047
6623279,5828060
13123724,5398028
18367641,4416228
2644049,2884305
27391993,6469080
116256,6870903
20893053,183332
24359139,6989845
66504,4892535
354258,5804086
6993562,1256582
27205036,7133401
15737855,6877440
17263383,502875
6439991,7849833
559984,777375
5977846,440975
43514655,2515462
13167157,5294594
9167283,2922723
1144682,7791305
1341454,5059002
22629933,13849930
27384662,7033186
23341602,13434447
2181092,15450606
25222064,3353674
25313804,4776262
22977097,4863270
23882129,6451319
22753975,2990843
22366806,5409221
50015,172512
23689723,3396842
16088879,6469976
12341309,14787783
17290682,4600197
16014216,5126125
26812769,225692
388304,344618
26619069,6543330
22399098,805184
6558237,4488686
17333244,17739
27111724,4293114
20795069,59857
23271308,3125711
333090,14001187
23614512,950140
18270938,3319171
28263880,345739
7827755,2909124
14759570,8527134
10914555,4051426
28699335,81583
29376730,2879846
17333325,4522
27302332,93220
13055971,2967267
23549564,6553058
968997,97284
28923193,7172819
1181790,7169681
24892774,6476425
29452847,4668167
13623846,5778695
449189,7075077
22209849,5777960
10320031,6893644
10284337,5622429
1480211,3425627
26511,136085
14781219,4789022
9649333,7044596
20568133,27100
25748202,2951796
4276937,5808280
22543948,7173392
22568336,4653530
29763318,5228940
25517205,184987
744320,1005935
9749318,37048
13536961,18880
10000269,6432921
23643,4524507
16156472,7077654
23215457,2884866
20239325,71155
23346643,7151039
12087796,4388953
13702177,3488176
24842414,2188726
27558677,2747995
16119664,110742
20582,10418
16038301,1856035
12563176,3165930
15909649,63879
27395364,13839926
27873539,3340
22889752,108391
23450924,5759858
31128746,2960
5327823,7341478
28928548,11236
31128311,101301
280021,23924
18078029,8669
15295255,66268
23966802,15066147
9654370,84803
22750233,26071
122968,8188329
28286630,4890069
25296980,22528
23305978,61946
610718,6543431
31390356,3061
30985265,13891
27389652,143643
25474173,230100
6349050,54752
26869849,463450
28965554,6526628
6922259,6948910
13532244,20107
18373208,433276
16150320,1539
164955,133854
13421358,41093
30122796,24183
11672159,3435507
25921191,8659
25744542,102967
79513,2622245
25867345,2905269
21570571,205372
8756919,492884
23534737,21246
2966878,91102
26176930,6585259
8700172,222429
28798394,14525
245325,9074
12359323,3317
22825631,310364
17289943,59705
33628259,1011
222146,29
372100,16758360
27502,2940336
31130173,3495853
21412236,7574275
18405346,17297
39884337,90780
26875267,4633123
9875421,6374
2045705,8203
20926136,9374
10771667,8750
22430367,5228
2026509,990
2768195,35848
33970555,3106975
31352452,30654
27388497,74538
6465693,7772751
12744030,993682
24931454,575
25994864,171184
18375774,9863205
24453321,7267515
28413171,6473981
333082,5741
34038913,4318269
17260659,44281
926257,15429
15767265,4888965
15710197,220502
6203295,857886
18378827,282933
34832903,169189
539511,4113527
24728470,101983
33670544,8171
33516776,12261
10081805,186655
29233981,4481447
29342351,72031
33857557,43504
22054905,4158220
30192405,6499
28052452,28978
34803468,380
27470470,7161243
15726202,6426025
25839111,145512
27015399,6896405
59865,9785
35067504,6404
132274,24892
42955,12808
29492747,6424546
274618,1186320
638595,235
12125412,650994
35648420,24008
16065960,15811
77602,64736
6784734,5823355
18467818,149171
7301460,38662
4244856,7184
2232057,6517993
8629457,11298
180371,77397
35185652,71956
36528522,5263703
36173954,3525
29874077,49986
34235166,4258
12017247,11728
2399519,5855
25896387,6450261
23199714,2508
6027047,7505
27110284,2060858
9617677,164139
27274207,6572575
5995681,4904826
17738514,5783658
1085402,5403323
24396856,3371
4886534,4673950
3452378,2274690
25541292,2705823
19433029,113936
23860372,5333595
26864835,1245772
4472257,4327516
185171,11291
16351,2093764
34208078,3395431
7767021,4094993
624716,6586877
36348348,3140086
3833,521916
151080,3425403
12212365,4108184
13041042,3464081
11017669,2980674
13033042,5265619
32077652,4115952
36164647,4730228
35457416,4774430
33652251,1103981
11664488,3106563
13123877,2737333
12190308,4171164
28217831,5458477
18428658,4191725
9824,4965551
466175,4087495
159346,4846190
35248615,980856
33947154,2919562
36068270,2917423
859358,4668756
32852855,4639655
6603615,4784370
36249634,4823543
22071505,4542621
37522397,790143
1932424,6585995
16059346,4015097
10039557,4178161
29959587,4527734
542639,2299445
209835,4665259
135611,1187290
38419,4710952
35064610,2830569
26816071,7160910
28954126,219
290389,237175
16059838,130272
16186558,13747693
33505986,463
2082136,7956
216214,1847
33393754,211631
18108757,28828
4365058,1922565
34963585,28785
36347764,31688
32607656,221833
3954368,3843
38233068,4911650
40054659,7789445
40042603,6176202
33216493,5015496
32497565,1598929
3319544,40572
8678285,1463436
29541508,7341923
10577,6565151
18623290,6544571
25896664,2839406
1148113,153441
34321642,6644072
6504894,7193011
40676609,3176814
35214054,151399
23001504,293603
22909327,7056935
35458732,3112212
32193050,1224900
7790308,8476
9720878,208650
33790205,7115378
34848819,4519463
20564091,5502079
22883285,376347
276123,2018764
27859952,117369
1608094,155990
162084,294144
37492535,4878191
40881013,5585398
8498964,2901559
511527,3091065
49577,11047
20886746,732829
28684604,12948
23848809,243395
35655179,5525538
27209235,127404
13142835,165682
40384335,16525871
18716127,1018547
36110970,2776647
34392663,6586258
62666,6653763
2906337,2553605
1913599,13499920
27908353,3014313
42088871,5829145
17087,5829057
13789008,7023081
28664911,7319205
32941909,7143940
26245817,6586254
32604387,3452783
876582,45915
355267,4937879
28675749,3953740
22233312,27857
38355098,175196
35529570,6552307
34506937,2088666
29010395,2949712
27211901,4853485
6668056,224531
23068264,4968409
2054144,1462
5606499,15635485
7465733,5364650
43550735,2780539
2490758,5806018
28014255,3413044
32721063,4798562
41081436,10765
350790,128466
43808771,8483
149056,2995925
6731958,32595
30110704,466494
302457,12772
1014792,4502237
44299691,38840
30197979,33546
44003554,7048626
17835351,3093075
45160773,33919
29893495,8446300
27267112,57739
29772079,38658
9099787,24953
23258935,18393
309455,35238
44553093,9325
24903940,6815
16306,25563
39784571,20404
18879278,98909
38322122,10017
1374307,67070
34760487,4332478
1785300,14403
42983724,68990
4590725,389792
32326398,1569298
38672820,3072763
231532,3314
43924017,559563
41448081,72703
15832899,51422
19447,7702
20613055,14680245
18753178,8155887
42186465,230318
36323316,7536051
118824,80769
33158544,4443115
13451196,8105
16189423,16073
49386971,6549397
43185372,84278
29703658,17928992
2713810,7617
52306589,2946451
209571,38266
49855901,10710
730652,7350392
43230340,14031468
97642,7275
12202654,42041
45174910,8987
13252041,297306
40640622,7368938
42927316,6567915
39885168,353227
41188622,7074112
862965,36320
31925314,5428994
29635592,6984726
179609,7009633
21853663,7153800
6498410,7094294
43813944,6463824
30047246,7146180
41165062,5181210
1405569,8241647
946011,7581125
36076501,6521173
28051948,5194503
34834774,6434411
13278591,6578897
546570,8123510
29241321,6535756
27427165,7213842
4564612,29535
20411265,7338591
42973369,15365638
35003682,14164688
40700317,59874
63657,24009
26198496,14121657
48694889,8421372
32320661,6538545
41150498,5049499
48577217,4730698
44146682,92796
46060955,8187351
50054687,6893401
26848495,6453465
33358204,6428810
4990362,5157472
38470102,2731809
40045459,3509782
25812847,27528
42075068,6244
3561915,6151581
7602135,14537381
6327634,72545
15834961,15016
6778214,3387889
11537536,4429726
6215212,2936539
9948187,15180818
6931439,5626138
32902750,3033257
39864037,26796
6996965,7171528
32854499,5249972
117133,40881
169879,14195702
327246,1025280
10717345,4965585
35098822,15418106
18693623,14879229
48570925,7047768
615921,5560132
23734476,14751141
38100513,7200721
40651820,7235297
35068452,5156403
13644336,5105090
35605654,7142258
40514431,8425041
41840754,5322924
9415946,14126721
13318867,4025590
41639186,2033695
13908082,341927
39937617,64364
17384176,282919
6798263,19729
76336,5832198
3031350,6466369
627984,421434
23746004,7267262
5986665,3409997
275245,13695109
31928977,165105
123471,75497
17983125,4649677
52378676,4062676
8509122,137386
79428,5045068
10098951,2898479
1002994,157663
40136628,8440277
23286828,644355
42861019,116581
23171368,5049521
27064401,13525505
32819894,267687
5948907,4899786
28195608,3500801
25861860,6206
20262016,4648176
18775623,10315278
141498,8732
35284579,6923685
30073848,6916708
9599543,969582
10144145,13467894
860534,8039839
53103895,35023
18165902,7113091
682765,6567825
3234419,2002988
2100173,5295120
6101138,5134701
29983711,8171797
22037424,6947727
20405520,11586
28096541,4400405
25733965,94091
225468,52794
784803,16391
399758,6573431
95531,57461
411496,4201
526518,2357
888620,4106
452939,1301649
28488,15108914
2480546,8591
23194,20560
1823114,5362029
42990,1127619
50605,7105888
1478563,10518
40865,6522939
1223837,26930
2351970,12479
6981,6997216
533762,13835635
5204219,8178759
28756,6434797
120992,22414
440419,1783576
774088,7124717
2603528,8424949
366821,7101954
5711724,8628046
226354,4373408
666276,5154098
1488541,7465440
50840,8328556
2598001,24827
18154705,5380331
239917,8596769
2141382,53984
530449,21970
1833668,6475432
6671733,2769254
4540242,2113294
169710,14161619
2808430,15068246
50615,5990698
301823,13552274
555507,4632663
373009,6906923
6263078,658679
1312205,7247078
28677,14133843
6690630,8427101
688993,9759281
1311496,6624921
77998,1155469
6978327,6952120
266689,4786551
76822,6578811
15151,186987
1630443,1361508
6338123,6999316
1054035,14118411
2342881,7150942
1128364,6315922
5451,2885331
1755494,6443901
42144,7153244
359759,3287392
1114381,17086835
7548073,7336499
69826,6887024
5987863,51529
86888,7706842
2715056,7124834
466223,5308032
1327308,8280771
178196,7358908
6277793,6953499
722192,8195738
4951846,7086124
2090400,7560530
608823,3103486
2207115,6937874
1621228,7131722
407493,8507331
3407823,8312760
6609490,5444623
24783,13549895
6335324,6740126
53440,8118655
58094,5398582
122212,7277744
7642668,7849867
320553,5298385
2913393,6150565
54442989,2883330
72481,4792103
1106766,7178194
46761,481586
374835,7393090
6795627,13665730
499784,14055550
181116,5247133
2616682,7060641
72695,7122185
511239,5864492
174682,7213367
1179814,5752854
4731555,6434441
8456384,6423738
8464587,5753842
999733,6566802
304001,6916388
887089,6897529
1611127,323591
896880,7722020
8802454,2881569
7266674,6209666
38988,4998021
1466282,6917576
7214797,131337
6695665,13763089
441046,6939916
385544,4475715
7132358,5805483
619162,5990137
1852779,6873915
242383,8384946
6070992,7046523
1290703,6657062
18212,6474993
1240370,5820505
981885,6923531
2338189,5298148
9537345,4801312
7150756,6646379
7106633,5212441
8456930,15518935
342240,767069
3804289,682506
3488337,15932535
52877,6430924
4656655,10949813
341553,12636907
19916,13817015
699678,15925577
216048,114528
3254180,2981670
501740,6912312
989560,58029
32556,652133
14688,6859476
750497,85545
1146742,14255708
121367,15003836
993839,6452053
1044141,6582864
85894,33773
11328754,6550013
633425,5625783
253635,13857001
1297201,5258016
807609,7210024
3484728,8530750
2788968,15388346
40532,1771
1077304,11890
247979,6557536
332402,14473460
8562078,32912
3116205,16991064
947771,5822839
1989743,6576504
2077035,6455676
413736,5761580
1973304,588356
6019879,306733
550122,5806570
1169051,6567678
3299872,6893006
108449,3381686
8225495,7218927
4468819,27148
7904429,6422627
8525631,13020518
8537060,893282
2145942,14091259
3970111,14469
7791679,7093630
735365,415731
10342824,4414232
744260,51913
481912,14542471
2331988,1134015
175504,47792
3359941,7170939
10755183,9833
359195,6439800
6517322,2918731
6662410,5406978
1198929,6443334
463936,6904806
8705483,5684
188271,5768531
462691,7659
263550,11195
9572372,209681
2604811,1571853
49250,749461
6851258,5415675
6202108,301032
7890058,384013
618196,171758
2950153,6982829
1813077,92064
5552256,3083854
10762478,26957
264944,4443219
76523,105839
150549,4893553
71462,62911
6829959,382356
4683304,535923
492461,6333276
2255270,6552299
802705,6582961
5599045,113844
900668,119830
12293263,6692732
9245360,6984661
8348904,21050
23183,63659
2999282,6903911
5989424,4017568
5640796,1319884
3275,4512899
259065,84420
11501131,5763676
151697,4505583
283506,456016
2311354,1219684
5364206,340256
11605486,1762294
1020689,6441991
463688,5432373
7907267,16358838
6387180,18002918
184815,4287922
7600897,91236
7775631,2996650
12828506,3024821
8507619,4030
7934326,6928878
233920,183005
298461,15266429
8164,19387
172791,7979840
10118917,5830526
105742,83308
688097,7010931
8626964,3185565
6895017,171079
3249855,6872325
245056,204538
2020935,2522
355715,26738
10442127,8384108
49614,7244984
5985254,6238
11343466,49229
10532477,9343
11155935,1728
12305237,7189594
6091142,3842
9647896,8427407
1913655,7086094
891922,4369922
15995446,7054788
40787,72538
110394,2742697
2225238,6423103
10322007,5832146
9415966,17410394
1462020,14672377
1038853,15957275
13414407,8379833
10095135,7075053
9326,4489132
209881,2999765
14996,6441917
11483373,3194936
3224911,6423058
123578,18930
9764206,6523267
1285706,12712
11328946,37519
106129,1294984
10957730,6423084
7204415,53936
13540524,17553
180748,80941
151313,821097
13027304,7995
13553789,7902
13549707,4826
10420416,5272063
10262157,6424947
8544261,4875659
1070551,96514
11724850,36719
13556706,4975888
1169937,6569301
1178134,18206
47305,16017918
2662604,4112359
69448,27034
716066,4877863
11875734,6950698
16695,7010202
9476308,941508
2917083,4323055
7687223,170847
6541058,27498
1188314,5787303
12354504,9852801
240141,120581
413794,5057003
3492194,3367040
212474,3241692
4052814,5405098
13600351,30279
15740372,18032451
657163,4195533
1591730,768
7623106,26372
8411750,1549088
10517686,5806715
13269,14972725
13572765,4143142
15767870,8326636
177413,6547911
43992,4146527
2104,124923
774416,114998
131625,7179557
45903,7149797
15756284,444289
13563876,667257
7788,12542
248882,6949037
2809718,4567126
13626628,893708
1673447,2880618
1237015,971110
12547098,772663
10657859,5857424
23316,5289059
13547971,5344384
15798672,117157
69947,3354316
9792028,22552
6322018,70978
14129280,157036
12594758,43790
15704515,3029755
621184,2851725
184374,7091425
1244160,13746768
112725,29812
1241365,3090287
11673015,8063
12561005,6430013
22339,41938
42382,14419895
12963179,5157058
706525,4265796
1014879,7093656
6530493,2340310
8427566,52181
6751262,619104
588508,24101
787062,8635086
332350,1083757
16082287,2270
3089202,385819
862364,126211
11881560,478426
873890,72183
746936,395900
28440,4627059
1079897,5260599
799691,7705004
13490992,63867
9798177,140762
7701720,15287815
8583108,869
45119,22067
384786,1141311
13608557,72819
3494684,68092
93374,14808492
13579924,804399
8600651,5179658
20416,7056784
476103,14612
418812,335919
406404,6577
13151179,41141
359827,6159227
10364135,233401
9264113,4455250
6423507,448774
1761266,353110
2187393,64654
660619,14535111
16310114,207734
15735609,8186010
12203874,3510974
6800563,4079914
12398,43530
1797901,85858
15727792,32137
16106444,596826
13627457,11562
13641118,48436
17562656,909933
1440362,1064072
255049,16119185
852431,6924413
114510,2949938
10853751,242592
8567054,3144604
8734164,14482
9689379,296522
841711,40146
8714272,1641
17348806,2828923
7303610,1397190
1316,4389465
388432,3507043
12034734,191014
7828967,2874371
15743701,217171
953713,29303
11785661,3020656
664328,53762
74258,2282
15743017,327983
14061520,1932450
12352843,6123144
13572813,12352
17229437,11075
17303494,24271
252471,17421
17664573,372433
6325305,4526501
137996,7390210
842264,40883
5682419,4040343
443774,117775
17160819,135726
15776615,45191
97751,43393
12028681,4519652
17455456,7154859
13542868,217419
15727340,35444
2356574,7101
47955,24732
14331167,25281
4108195,6702514
17163274,9685
13549137,118313
12139936,6746
9780676,4041697
16143103,9950
654812,23013
7946252,3167197
7193298,3085799
33333,225944
13305176,30502
10398200,7308
7848726,9002
355434,5751
16037555,65798
15805400,221608
1638863,34031
580918,2633
12974770,4090011
4634266,45539
7824057,22580
1099660,3032451
5648871,12437
2221542,2904306
17157641,43186
11325353,2578
7356477,83846
7325821,64280
420297,6927799
15715844,7025554
48562,6644836
16650238,7141779
187220,6537898
37780,6625020
18232090,6440245
1547026,6585459
2205963,5622888
17698064,6948888
4870,4406722
154924,6871799
1549209,7123081
18342940,6868739
10671152,7061084
1357658,7087549
2622893,7072888
13504055,7085559
4626738,5823058
13069215,6872165
11980409,6983412
7401958,6451625
17832986,4849861
945144,4336642
117486,7056502
3360369,1731936
13598284,7508
3083278,8635258
230817,1908773
12569498,4827747
16052597,158105
13451182,6980448
1298205,3431863
3386492,5342916
6680748,7758781
16117991,13650648
17907218,4107194
15854532,2975887
11355995,7016408
4992745,760392
13722578,14158009
998367,7114860
11186443,5826852
15242,14192903
18683541,3395248
2140899,6536659
174621,7142440
17436867,709041
9083904,2909019
192888,2918424
203064,1194340
18982597,3219496
8246566,7798544
16072999,6950818
17732928,7277852
596687,2300692
17342184,246753
18392767,101078
9102634,6177334
6604600,6583988
18478300,5921279
16130414,14777224
11819981,7276454
258657,7362213
17315828,3484883
8614954,1731002
124982,7209983
16193562,6857154
6361846,6980189
17251103,7365697
12445556,7203641
303615,76983
5058,946017
9656388,2052146
17557803,8061325
1610563,130345
3759,4499919
18159376,6545102
237186,2903928
7981382,5321197
7716966,7419665
2210839,2754194
18209305,4634239
2422256,8249
19794,4051662
13994240,7372483
17875988,7443962
15825775,5304118
18189375,7083639
13611056,6588786
20758497,3185029
16199855,5209619
1642216,7084178
15704281,1288026
18853467,39402
20550167,8516
170599,6570635
207199,6879435
104979,190887
216849,58251
15840340,3198692
20580333,66186
19250100,67939
1090876,34660
17570843,6545412
20317264,6878970
47301,7077963
147569,5047249
11138172,6872556
1053783,6912429
9097523,1421560
16156292,6895711
19454729,6940644
11515298,758992
17671956,1130537
10307460,6693551
18223667,7060310
6017893,5785925
17162080,7056720
10184855,3156101
13555269,6580884
10752995,6445758
6353230,7048010
99714,3372702
17834399,6966029
13363742,2884988
15801668,6217503
710095,8301734
20549003,7212647
13531021,5828499
21749388,4893389
21461080,6436063
18051419,5833500
5460223,6953434
1914593,2962410
16193495,1100362
110985,9792476
1027539,7874960
1881256,5842140
264894,259275
18223036,7123774
18780453,6868657
6183552,8190083
9408479,2741079
20808947,8147151
1270698,4052093
3243378,5341602
570911,8685878
1530099,6995972
563309,14029383
15793052,5142501
12842996,14160972
17931653,1254833
21451485,6859298
7040680,6581091
18214491,7160783
22038362,6474518
367367,7150198
18692432,11117099
17834866,13805947
17375011,5041314
15783386,7181038
22570515,126217
9996645,7236797
21421460,6448768
17664863,3501244
1123469,67473
17667354,18457
21464239,7041089
7990228,2867761
13049688,7082503
19398743,99140
259737,4461
18337069,15511
17973716,24514
21454223,13808122
11385079,3092531
21904213,9204
18215033,1366033
13450407,13574409
12086690,23704
138074,8538
55002,7055100
338877,5202174
22030479,23138
13414964,13856506
22595235,7792877
22667306,13505006
276288,2786093
18194121,8157232
17297135,11078
15825366,5234997
8082030,25423
19455434,38932
22719301,10333
12368900,16489099
6115321,7491463
18847626,7328358
883196,13925960
165867,4984399
17213964,8432880
17017077,11785
13511041,292746
868198,5074162
122136,6550149
10638323,847789
23174415,62899
3761750,7391149
13630629,14144882
18871456,5251288
13581794,7638903
8230578,12980
179436,75887
12577683,191362
23248185,4939
7048787,39628
23267501,3577
16135176,19733
23259483,6941142
8287510,29333
15710492,505695
17334773,415636
17692997,9788294
9525559,36103
96128,6576876
73810,304026
15749268,4314
4103283,7045302
12058835,5003975
17312327,6536019
12522,5243264
681404,2156112
18069353,6915179
12038002,27694
248074,59333
23431912,6903411
8293872,2839305
18591715,1362751
16001302,1250965
18667942,5298677
8114604,6551743
6531211,27692
10282745,2921645
13568546,4831114
12513514,8081100
439982,13911602
23612467,15556782
8936442,158904
52101,14070842
17977697,5786637
13647884,30819
17212972,2851889
21894440,142270
1342830,7084780
21937380,128952
13518112,5828179
8262268,52310
2867094,5324316
13096848,22548
399260,13854848
15801764,846687
22300355,30510
4428697,32105
6650487,6903962
17286818,15095061
23929340,1082290
735708,1145220
9335564,7074841
22337223,5101707
5121710,7127521
21805511,972440
11720382,9845429
20934963,11889
9571767,13583077
3207584,9699494
660280,223845
16163769,17727060
23626326,6916557
12613710,13921633
20830845,28024
6652169,3039800
18303623,3087199
6406025,14219
22864838,21158
13076542,6572837
22469648,110206
16081268,541994
13549408,735413
16158817,2938554
1736540,16272
17412763,578581
1291491,8389735
25231849,160069
153019,7177350
20860778,5001654
12607983,14002
17437203,41749
29118,4149342
355871,83937
21400046,58997
15762662,8125999
598535,7276650
15942801,21071
17204850,10275
8066786,1089965
16104633,1351359
11982625,495679
22074335,2920063
20821097,426222
22360831,5784542
24644767,80984
18478848,1482834
545759,90070
22914214,7845968
23593519,6937440
77264,6494965
25160929,21913
9669552,6526309
12832413,1894662
478246,7980470
25087746,130045
8934126,15934854
18404155,6458922
23236648,267230
1427086,7160450
6599344,5153546
1606158,16625
9813838,6994731
1031803,1402383
3181151,137270
306399,2741092
13413022,7060506
15723025,66476
1389596,1724698
25118424,1980985
6234781,7973
6154130,2993356
13502958,205051
1216096,6534710
5248524,85596
18113200,7235116
25674350,17654525
24790258,41588
47621,13671097
24876097,198837
268402,1005381
10048876,103706
22475984,49111
6314529,481146
12625769,14430590
490196,90825
17930732,82111
32561,16856659
19405479,162927
424604,17122075
23507971,7622
2296628,618968
18007670,491233
22360832,11646
16047633,6474204
22056297,164478
25393801,491250
13037601,541628
22559347,13418410
7629854,489970
1523931,457864
11214970,920483
6447729,696355
191411,3473046
18715527,114504
2597783,13043
26044593,2104491
9751511,988402
22028638,6606656
1644076,117227
105399,804168
5904562,624095
583569,12505
3183888,13544944
15984412,6937037
12413949,420122
36178177,13323
142094,3426131
25632020,4114862
6593318,22515
6482182,881687
13607457,512651
16388,4473599
13107443,13263928
25519195,714628
52374,4519247
26195721,10476658
24551791,5758093
17571567,824284
14699938,7313508
1587362,3023973
25613183,16192760
16101072,196092
6935672,5138460
26330759,6761864
7432449,14124424
8439862,40574
20434940,626568
23644595,220799
2152080,5769238
25470835,5209
10149142,52074
19065,167915
7840156,4448408
8200523,117057
22367862,5571
17304053,2001324
19195803,36332
810294,2985039
18054175,669979
9263730,4125353
17376994,600299
6514476,6573921
1518712,2788
17617617,6437238
1073109,6191
25573718,700880
17372210,647438
25977648,15015247
23706176,48885
1691909,1001895
426492,1734192
29456,475407
4745993,47834
6149437,14078
2584808,17167074
23277298,199737
409377,14552097
91494,1262619
25255576,17370591
23289498,16831695
10532409,760524
23664763,12476
25843415,16857084
28673199,13868164
27754902,8138287
11340555,134408
163608,21475
11040554,7200219
22892115,8202337
11468322,6422844
3772126,4783513
6913778,7754879
7931350,43298
17237260,9848315
11640615,6025722
29212968,7369992
24396333,8379774
11071581,4623203
8642793,6534660
2452102,4121444
22842257,6570748
1892318,4494819
17936599,146033
28231804,5763924
17287242,635978
23535031,7438861
12329859,6477108
1300,8096132
23483599,3035771
9706777,7409177
24872910,5627
12885815,24678
26626309,15683552
21120258,16369688
16057621,7106986
254520,14676611
23298761,4602925
820273,7108634
23848300,5786398
13192084,6563987
6467235,3380468
13521382,6497033
1044518,160932
17823780,90212
24866809,9853134
2903049,600
10444674,1058
300782,6547946
15757665,2782
15854740,8108
23153351,17350
30762640,14980420
5992529,399
2141384,40398
55096,12433
6905134,158170
23507509,5534755
26400307,7150202
29405093,5625972
1542713,6450109
25059564,283304
27209375,56067
27420709,8190017
27874214,2931
559299,5465469
18160126,17130322
17343329,6591372
29544464,17999118
28941426,4141708
26008775,15799129
31128868,7336269
7153518,8196241
89915,8107261
31696574,87189
95833,2471183
853825,14028431
24019187,16090821
22455215,14831545
26109394,7391763
89186,24844
28116858,7938095
21938952,18139063
8593100,981834
80207,14269
2273,7460109
26838113,17298543
29467564,17147855
23164911,17449677
370152,90866
26360935,15265325
23310751,1000381
25215710,66700
108315,17959878
11781431,15600590
691336,43613
174160,27209
18454480,17243035
17925085,5155577
17972364,5756901
684505,17035725
13496201,4512224
3467451,5209023
18799330,5260005
23399036,2815365
20986243,1356336
18867493,14342697
30336289,4157600
18191815,2846074
7693863,5755802
8515851,2860745
7391168,2869203
888001,7994
1664298,5391254
33113328,147
34037801,5779526
31424202,1311839
1870244,9016
28486344,926628
15823419,1270368
16131399,2872604
32858967,1108381
128670,24189
24880187,814936
24790033,2766330
205662,3073528
25690721,7773619
25667474,2690927
11940644,75055
6979760,5810891
9644001,6869213
21791408,6877778
34688189,136075
355862,3936
22343695,1238
846201,5088
32412614,3453636
24448535,1504898
243400,20258
2807835,3621
15817912,6218
34731534,9291
451180,56977
25908870,4529674
449164,13635
16240720,5187408
16059149,7134811
7737810,5413978
119264,7238592
14059464,3202468
11266086,3400294
22668848,3501047
29345814,2964333
29492090,6860161
25507389,99044
30780073,6525721
52408,4382536
44119,3351653
35645311,6981057
41859258,7038204
1981412,7075073
4357092,7212917
12840933,5155341
16065965,4824985
195788,246590
33236889,5038699
28446637,4837396
21681,8178
8864550,7047591
17851972,15935234
22703049,14610
35411583,3092532
51881,6897717
33387751,1325722
787903,6563363
28220985,8057961
2590404,4820
373969,8328801
23164927,9831660
16032012,5108648
29915957,510084
7283983,4109302
23848242,29085
17061189,4721654
20617544,326992
13815,4121709
34511672,801874
1942288,18282
19390931,531738
6561620,6591475
35506139,26546
2081954,5761611
974193,383606
703356,2767598
23281789,5440457
23719270,4831561
25170761,3112114
27118640,38
36395095,265887
2003370,685776
24722065,5596285
17703212,2101628
35478658,6568395
17331408,8126118
19107177,5310508
35852112,6998567
1951436,935639
36260386,182648
36068301,7068395
19536001,827948
33623215,135564
27414462,6427017
17261185,1977
4371304,103838
35084084,3405346
26816090,250553
27840608,6568811
30123268,1055374
85373,3487702
416553,5404616
26156469,5302476
287510,4747895
33413929,13022
34223569,831631
67724,5308881
20402708,5829383
35989512,386969
3607898,693999
817418,2789878
16061473,4698899
12056521,766542
25960401,6642384
35924698,4528549
16096968,6949698
7938057,7062017
33113864,9740
147512,3502341
1231900,311365
424959,5771515
9000679,5898355
1170307,1395455
9606506,17047
29246432,13435
25335032,153742
40242059,438483
4437202,50885
35429759,591748
6930706,203076
30630813,151717
10982182,922699
33536,56750
437261,5593912
36465433,40636
39400222,2407
35237033,166635
40023698,29947
25401191,14410
26100693,6447559
13586980,1317372
33304394,16652
39859994,164141
39005738,15263483
26014651,2980337
24828922,87205
29725377,339789
30134847,1711
256328,3373
22813628,4839210
36545927,784067
38232339,3247178
40176428,29970
15832002,8650
93273,410118
39716156,5182891
38613789,72529
40505249,1179982
17086,34336
6515834,171515
35055177,18161184
23008136,7076636
28220739,45882
1865263,2881050
18453110,51724
22208252,8305735
17315359,696185
41816145,6948607
28666778,1431814
188506,24956
35506211,11145
33543926,8564
12160906,4026
8802664,72605
43558176,26814
13630723,67032
24463265,6430414
34447556,16839
1902160,64845
780726,791996
9791108,4187
42927536,1544
33916024,57189
18049017,5784534
36304187,33998
40570981,13638502
32938229,3046553
44430810,150802
23208482,20062
18927810,878225
903058,1127
32054185,438
43285514,26306
28448287,1022900
23398933,6669
38612475,5944
32855079,183819
37562255,52060
16034483,96426
92280,99703
33805430,45141
43902884,51918
36260155,1633234
247819,36910
223049,367338
13153693,29963
34941200,7164245
381817,289513
8514342,1392861
18782912,7569561
36448554,7715
22050353,11978
13552499,10547
42595826,2711612
747060,1399243
8892690,17435
26167891,6899829
40807852,969638
865124,30055
49856452,5251202
19064765,13847
10908487,4994753
33369920,38697
23197553,23162
1658265,4261
17924987,5167118
16074560,5070344
43746510,6470636
44034089,8187644
10201216,7440
24022624,1709433
10361904,618846
45880884,3084517
19233301,1292596
39352771,6439448
25822042,3235992
12511434,6893860
21897166,5167134
185060,3219566
17204058,4146823
38371889,6645709
22445807,6761251
31227053,6922292
37976138,7126347
9396310,2739138
29608974,26773
6680506,23212
34449406,6566039
9778945,7383
17874415,257093
35069181,6877480
477107,2777625
50529297,379900
36303302,75499
49377095,7040319
10224031,150477
46227112,7067421
49537696,2957043
44289602,4744654
40863452,171882
23453680,16049951
52121594,117205
8471387,42408
37756667,15952
37822534,474489
8478144,35503
44280849,73699
13595758,5845
7821928,234593
5948972,2989576
28575699,296913
21483104,17889528
36310591,2843991
22673665,7696082
39804828,17246036
40651780,14221782
20981355,16068526
13577861,16706932
28819821,5050571
715060,1853143
27161964,17039168
43594325,16883153
40121959,17280645
18243223,16987401
9316098,1299199
35340556,17051451
5865595,17054622
27131248,4596718
38452813,8119789
52894528,17071577
6470560,16062751
30255936,15136965
34203086,12159517
6757498,5183642
12529003,5399219
23201695,16148451
17252575,14671253
40500085,16048696
8301964,6551780
39298122,14951568
17606014,17863957
12426366,15141492
36989042,16344312
12034735,16843217
32145091,15396319
20262014,15852879
13412477,16068544
41573198,3003728
29625895,16278742
38885373,7710193
38926487,15945524
13614924,11573940
11235712,14926516
18071437,15100007
33626292,76360
52407918,127176
35059670,7210822
14553840,14112802
16204601,2130
929827,8056539
125496,4135488
622340,16817128
839811,15450609
97153,349971
817221,7031977
669,7732746
678344,16022936
364662,15941035
21788,5577825
348468,5757413
235875,86085
2692615,122741
2206390,23509
272211,5817
397813,38328
257915,38120
1147591,1233745
185695,24818
389715,5009570
34789,3123300
2171355,990035
2254925,1472137
418884,630285
12872236,387985
1218856,137534
179073,2726738
24899,1100089
502301,7381751
354475,1095066
47912,273399
92771,12267
123969,50090
487582,91
116982,5759214
13596612,58934
58973,33461
37240,171139
1831214,6429243
128881,953612
68597,567167
281912,4115682
1154601,221019
47578,11735
1148745,97199
225850,16201
17876863,26457
1064655,6892195
218460,5934422
4735808,6150699
30394,42122
1265382,234088
153219,82260
113015,52832
1741794,6470435
5851400,14199585
102119,81096
26324,54989
6989790,6521880
37693,6897702
6051891,32278
1090695,5039882
359756,7287
1114380,29574
91519,14080
817216,4338999
15430,5759879
1516736,2287512
815394,6162
216419,2880615
837872,116405
54143,101046
60973,4463221
62035,15248
1257963,4011131
39392,54475
6067041,435114
1619837,64199
867623,96023
1641944,6953962
5640763,24902
455034,6104
486175,41348
1401344,460870
933863,1351903
3628422,11582
16900,1026961
92408,10108
2189079,1058653
4714389,5135449
72441,922006
268565,1550534
2176204,4934302
16745,8835
8456387,7305355
999729,2629753
6811525,13234
2288199,7844
1998422,34171
109508,14591153
5985359,45497
750692,1003655
882649,5143
875775,6585392
1164622,17623
619154,47391
7226664,23988
173548,34713
695440,3215812
69864,8224116
199929,4561709
477453,275246
6345977,927454
1504693,6477718
6903603,4196336
250355,7103548
48462,7579761
227541,16484850
1450355,4727364
9402429,1410104
55360,13496855
7549760,8043779
7494451,4598939
259978,8283031
2023294,341493
2570082,4114218
6366371,5559570
43613,4100629
6661120,3087558
6620246,25415
66459,15804
9724246,29064
834670,58971
6279483,46600
4898280,56892
742811,589444
7869294,8079735
4469001,229975
7939025,3496
6930002,8567
104700,4141
6201757,5821247
10717284,5244478
459744,5792
5948912,29437
6979656,15549108
8017501,671563
6512108,69550
511152,14206027
6506701,16770310
9608954,5308345
10812824,32472
1655668,17566
415819,49398
303580,177309
1469982,6468845
58069,1230
2931286,46027
809515,1256505
3115950,15180134
8508126,14719441
774726,7336971
7119358,15496
2101630,15426714
6691862,58605
8379305,11377
8017244,430550
830122,4809593
859315,140825
7907274,1070423
6666394,7461124
9134721,6895412
15829600,92891
6829960,5132689
722292,35822
363397,1128687
5151434,4993895
1977849,3453827
2368651,142602
11217236,16059
143878,5431334
8038053,127669
10176320,6940359
83501,55349
1563635,3494705
6109109,40811
4035164,6113
6465697,15423
11719570,3799
92161,28361
10841866,8415755
30919,46245
135448,21261
6996,289426
288957,27422
488029,223411
551932,8179815
2360064,122999
25383886,323927
7721416,16759765
267745,8382772
20105391,371093
9895334,5774144
1258572,8915507
9466892,7172290
392583,315693
443327,95897
417007,6859115
310740,4110655
5978729,6576619
1340021,2476
482889,119881
667969,283031
298463,59717
13026464,3536
9923510,4905619
6728378,96546
103867,6182432
3134656,12667
13548118,103594
7843637,27420
159444,3275595
9797075,42288
11167915,2927839
5296227,2034966
32666492,6440505
3100159,960964
7435535,2962652
303311,16810
801878,61859
882885,13591
256470,47072
13298684,1068756
6313970,1418272
142573,10697
13106674,2303450
664326,18486
50799,2951738
5318660,13893
1990017,40851
44734,7190
13347796,44085
11547868,4119155
358149,1727682
3237352,104161
171087,7145854
539051,1244575
11175319,901977
3680404,99727
13510745,4719213
11200811,3960446
7971382,222118
8874858,33478
76973,5213272
6644604,60609
6794439,6953230
8834274,931581
3098445,70695
10710915,21982
13417404,8435477
13603299,8075577
8125716,57108
435307,22393
11080683,21798
9436327,204893
9238826,25022
2594322,5231
48538,14257878
11904233,1853305
283488,2730977
19510,5388148
411746,939363
11345988,5992469
505453,5548
2191637,3360355
7661718,7064545
35448,2824557
862779,5154295
6069525,1892912
700919,1054
216445,13833459
6082787,2295135
10818383,11449
1141139,4478744
781182,4180597
13623149,4519171
460327,318719
7932433,4646361
19826986,161399
6633142,142899
15767792,17082
35238,2900815
535179,449499
12015,217735
23222,2754199
341865,15348037
131628,41661
449241,14870
13578340,13370
11055784,29974
1237016,1378543
6560220,9465
10394216,3468012
6784686,7023849
1025039,345637
248510,19706
280499,268199
8146,643309
13036048,645867
15995468,7008611
9792034,223787
59285,7123141
837188,53249
16072114,42016
14290346,7134270
1217102,8154896
25295,487718
392337,466652
518853,6949817
537613,6583484
1021656,13710620
905264,7212411
5700,7112966
6386792,7164331
26010780,7271036
16154376,137554
6505012,1161639
4672074,7079478
8836003,8546
16123515,3098115
6304929,6462059
656047,13844702
49231,69415
13824169,3048559
23910,36571
506127,41013
365331,61509
49461,7223602
8679438,229227
160109,72012
9394189,5369307
10697575,13819
546443,13091
12078346,63027
13629830,824409
7137826,19830
16003134,731384
2097938,16491
13280044,2995242
93376,14023886
17238125,324557
45786,63670
7051716,1549
174057,83934
1051071,14549850
354,142353
11289729,72482
36178166,99685
7173435,40
359821,6433789
8558857,62875
6609626,3025
12832043,13803
16065550,148413
3009998,33031
16112809,60159
13696,38329
322274,3465
12015809,1899563
477728,6970
2830877,5686
4312567,5672
1474687,43698
959314,2031
286792,2977095
106124,406326
12693556,68509
16033880,169954
6376720,51217
53009,12465
1824219,14589884
657382,63607
11955586,1254084
17306084,43665
9550264,25108
9708616,6975
13136581,4027380
6449903,16024
3397706,6859728
13449269,4402016
2511677,8073005
13825165,5158514
17283753,13751508
651132,7066576
4863341,6437480
5630235,5088808
1761943,7048334
8273915,16628
13416769,170001
17336458,6425423
17734262,619755
28459,10652
1395362,16917
66470,87907
824078,157708
16130753,157738
539363,1246638
17668276,175203
543477,50786
526550,1339
15791131,37297
17436944,265964
13722526,17408604
17280934,95600
746520,203311
15767282,435742
17299586,568672
4335756,132132
13090234,6511568
2363379,7091608
1557366,3272078
11094530,5766021
34811,5580362
1703322,6953498
110388,20100
17179167,9239
16008733,5344
171094,639
10757749,493639
8529474,12665
354712,29874
13512259,2119605
17286431,7769770
17948895,32063
13436382,2717365
9633221,17561
137665,209975
18343870,70860
13449858,6642057
301141,17560
17839594,3085098
17833729,4992618
17832415,7810781
16168821,120361
616049,19687
42270835,6926290
13993941,14919141
18044947,21198
13147885,4097828
13528506,241301
3336844,27405
957282,968814
1024684,225455
127337,1605157
1256185,162305
17927759,5778736
24345946,77456
17936957,5228256
17666097,26099
1371718,5441556
9828862,4396266
189111,11308331
5824806,43705
192204,2772067
13246071,4740874
12955672,2976
1442238,6562243
17786125,58843
4185796,5808041
898056,195779
7351,4831558
6540270,1032457
297676,22645
13586518,688672
30382,160342
3444292,8344230
61915,108281
18283363,253359
17921659,480048
569399,1562881
65514,45968
979795,200052
208159,4766
9424173,16386
211439,116353
13100288,16799
11699323,7075765
6464060,31464
17886564,5821134
12314065,13828309
16240988,31845
1212946,195727
8009281,2072858
1440265,6637
1097732,36065
6308030,43825
6544386,1455604
13129612,5825284
342827,13078
18730333,2631049
13239849,8688
20758512,718346
418202,84728
67862,68301
696513,7735
14649474,3252016
15793153,596797
10414822,3119823
833565,35864
10830932,5340891
434880,87979
13027097,51586
18242099,49507
20643434,6998426
17875978,727021
18210684,6510612
20317266,13910112
2378672,17991
17999747,86003
129510,5253618
641928,4067029
19578066,105764
362145,43734
1596788,37983
18223628,7855857
18739024,19490
20501051,3999
339339,7367271
3133562,6521302
16092141,13360
13633498,5882
15828645,6445292
13488875,3149556
13633301,3724
10168286,4355929
1191895,3305
13409145,4857747
1037241,13787639
21896439,85384
15726997,13845899
162308,23906
912218,5822433
5854563,3465954
9491580,1152125
89612,8375
3179891,6691397
4715963,31234
6177946,6902956
17941816,52342
53931,4413626
244100,45816
1389703,7330
371156,106251
16565828,5437311
15793051,94865
11334433,517286
11660204,18879
12323770,515767
15757971,4678361
20319997,5240334
5974286,48305
15952351,3187882
1738684,22493
18154,269662
21796912,9020
4222676,5203560
8514779,61565
3262139,8337233
18807786,6485347
20442109,6905688
22877940,7565
16156355,15044336
11693145,8030505
21394373,238874
1545591,3098
28668534,4794656
67647,8149302
14743629,5625955
12003802,1912055
22019590,3105671
17469361,7611199
12987179,17293
21538656,77005
22668749,45878
20872449,6544265
27313330,12806
275470,1690113
153462,657510
18778808,14577
15775189,259177
18599901,5362400
1991683,146600
981262,7095467
15714709,102203
3960273,8343145
22550087,86883
21846948,7267637
15808436,7065134
131797,1089947
7141417,6540025
1003985,5041454
15816412,8157754
18456598,6331
15832845,6548216
10783349,121724
752886,125697
2029736,18175
8734158,5345100
1146750,7266412
8293890,555976
22915617,1191318
13511036,3087787
2842492,6588742
5960371,7057541
20632650,96909
8144897,7056501
15835877,4809447
23174439,6995777
1861535,6903785
7794506,5764273
15837539,68766
1493389,1423331
17791526,6572063
10599735,6423066
10381472,7068528
18693362,4070864
8892943,7021239
8126204,12693
6121374,6861666
8074845,5085491
52740,5823760
22589377,18213
15807056,6546176
50607589,6553256
15808774,3414533
8567584,4112244
9859436,88609
2378914,123108
17304282,226035
17693017,3369676
11521304,6613775
18308526,8180684
197515,5834609
2691613,4141543
423681,5773867
4103282,12397100
50548,4867010
300196,2965405
932634,4489392
611843,9756
10426868,1289325
16078317,5046525
260776,1276146
10689770,6875729
461718,5172000
15723902,5624352
1100375,4857038
17713832,62652
12176927,2856938
22820427,3132958
1404932,1967
22084404,4755913
41999,7278507
23612407,38335
410237,168090
21412466,1868743
20883640,5989256
20940407,6564058
18052066,7336975
750165,1670544
18885416,7352038
11510229,8178850
18659745,4186057
2507629,1978003
9379365,7060507
18529022,2979761
694270,9815997
20486912,7171979
13570725,2895111
836339,7264582
17286958,2726790
21532198,329391
4428698,2620426
1596376,1214140
16135109,7373567
16137548,8186543
7841672,1080585
308532,3020406
22845021,7246093
750693,15860946
17251556,5267376
23700870,46540
18656310,13667660
23822521,4524583
577060,8185415
26596,2565200
7453425,10681321
6365315,7242698
12519325,7077315
19615646,8102183
6293883,244917
1306954,7212904
22340465,190328
22011936,142845
157526,6470349
372493,5176055
17798654,7032966
10230238,3378360
824762,5779328
12079188,45230
219812,14150
520111,2919028
22559534,3601
3100880,3959
1480102,7770350
19288260,46688
228539,3249277
20518878,77098
420753,4559483
22735108,5449734
13528381,6449478
9583669,2870615
2832015,64565
287571,46097
18657122,3220311
24968047,7949493
6716024,5862552
7293597,5821744
171351,7383937
18681071,6765086
311696,4455366
20793484,2820543
359786,3510823
22446955,7047233
20808606,5153812
2167585,148435
8104960,7376191
24966418,5129391
17303844,49420
897426,4524759
24976329,7303535
14741167,15225011
12555973,4326634
25006545,14119749
23432705,16325
19102837,5042085
1260916,16154
227903,6155239
25597461,4202173
22980201,7267068
23498189,585620
2465823,5108885
10367431,4173006
25576253,5198894
682173,140320
2909981,4755802
991849,6539315
17338668,3335769
23269991,4862274
17278,53519
22892956,255710
18667798,269168
25565443,752898
205014,6561659
13411546,737162
10308381,316262
18370024,6791810
25625586,10520
3556696,8187396
20557345,9263
906860,581549
25451022,2917433
1120851,5560488
24517372,7274465
27262418,7215201
13722527,5348132
605609,7198606
22814157,6883551
14498145,236939
8732153,8162873
25859656,18111
47633,328151
214434,4890834
6943146,4832976
11799340,4122904
22699416,23651
108359,895265
25835662,47312
17369219,945430
646170,7246822
22886708,5859247
8174285,4911639
25370574,5815760
25698394,6846
9751518,308137
26188373,33794
23847950,11912
1557354,7341071
465003,7163011
23237685,903992
28550,828
22046823,156980
26026345,50937
605571,168647
22595737,355175
21363330,1603038
19066,49292
2455753,7096237
17465485,149093
17863,3091721
23492669,512116
25121911,26975
18081112,7734038
6716452,178856
5599436,480635
4534451,184459
12890787,1065386
18405704,137561
10900231,121789
174622,59323
23161212,29357
16158525,24823
41055,313356
10215337,4125251
18404310,191681
433027,59327
24431618,7476171
23161556,414358
23211458,248952
17185936,14417372
77505,912359
385185,152474
18957343,64430
28470369,60281
24059,15321
15769772,3948
22758459,189701
17455042,21152
18138189,2875124
324296,5804715
22024901,6255
23621715,4480304
7340350,3000192
24264796,7273
12113,3163926
13499078,326338
13451598,5306
362199,4879423
26539950,6869343
1845953,10673
18170583,8286020
13130990,288853
160425,3496825
29093183,459627
24204235,3073046
8701129,7124965
15810115,128487
23245584,4981510
16060302,3435784
8433105,8319172
53494,4946067
10414930,10319
3892210,33408
29478816,6986143
30090416,5753883
30091943,159606
1871187,4781149
17287009,6907114
23310175,7832387
25084828,67123
24268361,543507
7356329,46974
22529434,1279042
21971350,437652
744322,177048
279691,7243288
17336894,74510
11256624,7038328
22571652,7105783
20484545,6465905
13425592,14015
7044136,603
13041,7123001
23763,5778128
29075421,4043
25716705,247057
18265371,4892512
16154069,4200414
1888246,2120057
15829871,51936
25663912,7213477
389704,5775520
18062640,410287
15981669,253272
18774981,59668
1602960,42572
110863,3912
22396569,1374842
10297024,25890
20706295,1115809
13497008,6462473
20986946,3892
18462640,520296
1765082,117297
31850872,6163186
18656280,187
15849318,6563750
990921,3913679
18693743,904939
11781490,52527
9315614,7043934
370045,60459
12049592,59543
6434232,132350
25756989,18445
1172822,55397
30893014,71991
20409985,9890
26109094,38809
148050,59670
23122464,424161
7502918,11102
22375881,6437086
1591114,4391
19187435,256
23014513,232218
2815672,7372
870334,14670
22909838,19696
29749107,8170
7799139,1409320
22859522,136081
689225,11315
31423551,3989
1031,7340518
25072476,7728
462132,74899
25243735,91947
74405,63
26458135,3488
25970680,6444714
13272633,363635
29758019,7220500
32849218,7141835
25373472,34645
32521178,7737
13828409,5307361
25139420,306882
22881797,2727135
4110127,4390441
22611804,5165049
17912981,2994743
15782369,8034143
9860272,190578
886095,30764
22609024,7222174
71182,8549468
19561922,546812
84036,4094557
22917641,5072761
20426917,46138
26008758,59151
28446327,39412
3099875,63950
34838422,3355188
31701675,5138153
38469,5172646
24932397,45680
35642291,14033
1367916,23798
16065950,44806
6449208,140547
5491797,21986
15843083,6800
6488057,57239
34210334,8187822
2198274,4262038
19297566,6580622
16041712,4444279
35269924,13602847
7044549,204497
10471419,717781
287737,406026
11223480,14137019
12753882,6702562
11986492,79743
9428981,159090
18949637,14195250
10886612,818808
3326542,6934863
28220660,622455
30173564,7259236
4679892,32665
17728877,5073
1758929,8833
16247648,3410564
25736973,30703
28789711,534366
6781646,4784496
359855,26970
24683749,6914411
1266344,8180038
16254443,2321
130002,7848587
59232,16061597
24377513,12540
32877734,6561697
29202332,327493
22855252,1126499
9568262,31280
13580268,48397
150251,645812
20589263,23876
9565639,517153
1240723,51518
1099919,17765
34186238,6154020
36492422,6158855
33574161,13477757
16169527,19654
192975,4164705
336734,5173683
518439,1803294
10602457,321854
36682968,18351
26816107,120401
13402752,1161372
34850243,5338829
63114,491426
29776988,13390
28217808,13442212
1016881,4773114
7737834,5275002
2714960,5763802
503342,4124325
25779667,4766257
27478744,7093718
34262106,3101322
15705280,174586
31572149,88922
29203113,6445712
19874150,4654517
35433683,5887184
34504722,4079661
449034,7052378
18209411,515155
28585313,5269418
25988934,2003596
18619212,7374424
216160,7847942
1120128,994651
69719,15258209
83506,7248355
3738515,6887176
7313408,8184061
19535135,6421342
23206604,4899743
27190530,9081352
40378737,6425797
4006,8193655
16073766,96214
36307982,8553639
248170,7373215
10075553,15492016
33801718,13919697
26242790,8474696
19317324,20559
201126,7226502
37764880,4191700
17900715,6446071
32141849,8522361
23012543,7383025
29146570,5306442
6435965,7422779
26215723,7160746
18938315,6571986
23524626,14178108
22324189,32637
5978724,5402447
30341585,40173
8480480,7201427
34373438,20561
17856572,10182
40511517,58947
41150385,7787822
29532177,6433082
5054490,104928
42095111,7505427
2500202,7372108
17344336,1228468
16117978,6563773
36373463,3400721
16093810,386455
16241160,23157
36307674,7559069
31581220,7390938
35702808,7058694
35154365,7237845
29154543,91148
16085007,98320
35604728,20602
110395,7010248
29567266,26874
9999,16215
43550983,5283343
45242,849
15814383,573667
841275,55094
40727203,43970
28150977,262262
7932145,10885
24612266,7258750
18873517,7043626
161297,13705
22604311,13997171
43842423,36913
35672007,1813
13489919,338068
28588459,353300
912147,5732
37930803,63011
109515,25536
12377445,18985
32867934,18134
6124415,29365
127447,13013
35193684,9810
16164271,199175
12959743,126468
25602380,73021
1991039,43219
34735014,6575323
6270134,15959
52415538,723801
29919756,588448
38580292,2396206
40221876,19842
17664625,8355
2687519,4946569
1239129,4099565
48499480,17490
49856511,3063319
52291658,880310
13446828,5432973
25154582,3107669
13336392,7075649
33138615,2978367
178759,4674384
43961,4794070
38598541,164958
35879387,1499302
3084002,177047
41219986,3987354
218902,1239645
27169925,374429
24850378,26767
39926005,23124
1108130,33297
25853078,76342
21018113,1159886
38309785,61073
37969554,439723
17874438,10747
6573379,24508
22608738,64177
42848696,38954
42932929,22996
13508021,948856
43880319,26946
6359825,52218
48512902,3096722
38362765,70180
33984056,43625
35495848,5112
18160307,132260
34152811,7779
17262155,48890
25015110,7372540
13420463,11390
15738358,7847900
16411948,6964634
40181531,6465608
12539265,9233
6225943,5778057
10689442,4221284
10746622,153341
15716209,12531
12711889,7375051
10497786,59654
10196362,8027118
35388030,11047747
36351890,83727
562747,5129
2760915,23113
11889677,9876754
40646332,20842
22549202,3535
8369940,6442717
839157,581405
37514017,22796
7452300,7388591
28404628,7103149
34144464,3318712
283689,6885143
23615684,46158
17663753,6937431
8560132,8126161
34499210,10992
38738413,5752454
29567845,10538
22509955,53
33395889,13177248
18720186,7792274
42185079,14048112
52166786,7453351
36373825,5833382
45420379,6941559
52756905,285033
17566864,345548
52745490,5826888
42245770,9829396
20758093,15544
15287893,3020417
50694870,622
26245850,17652304
1648132,14817232
45240918,8306428
332751,6593194
44871,7390378
1201724,15014617
2171936,5387969
248622,7314291
146776,7066195
923935,686174
102534,8044263
2243130,5822460
806122,13672918
5623268,3099070
55354,381355
146738,1214964
403129,3175884
1522679,13141635
208124,4888434
18495,720759
87664,13080665
121490,6579843
35899,7034107
5885743,566047
1033541,631148
1122786,1228621
86451,6888589
137277,6983227
50831,8064114
3116037,3871461
214340,965908
78426,132599
9569,8687
203979,13879
85744,6701541
136542,4319300
64773,47991
549454,7313491
31324,96767
327281,46137
1354214,2953380
291252,17664485
47582,28345
19154,8584484
3733663,52691
763426,8435822
4986712,8570709
3196021,216871
87992,8148760
6297286,62567
1480082,226812
102132,9296528
614467,6894995
29556103,21618
2760362,1272829
2727169,25492
109498,8025754
1460064,8340367
369030,18233
359757,9822956
1114379,1716404
298419,7064611
813710,8426845
700262,1391437
846355,1349820
944213,6895396
60971,8301288
1112516,12238370
1100282,11139229
1164589,7112488
19298,137836
1330492,6886702
153197,5418337
2650688,6857137
598495,6923522
3412334,8195700
6498268,7276641
1153485,4019810
6145714,14157664
4714565,2059134
880409,13705141
3010034,7034900
116297,6969980
8456389,7438764
7663384,4044314
160629,5782281
5980748,8444601
6514109,6572590
128436,112402
382865,9757614
578241,7875459
213367,7255637
1598040,7214847
2427,333002
8649380,5237606
6621214,8265129
282240,6920129
230213,7752396
405552,119696
1397679,4573983
2584942,9761333
7090484,8430542
1319311,6982524
730250,4412897
6052385,8002815
1425672,6489221
6007953,8435023
2333,2854971
299085,10920862
639833,7808827
6139012,677817
8998651,16070
7890530,4464
397956,6546134
150473,1202510
31384,7810871
1926498,8280613
9955231,82608
1374111,3413449
739424,3188348
101887,8334506
298019,4063407
16556,6704768
115306,8323893
7231,7312935
6537332,36718
5280587,8183714
2064078,7738947
744834,7327303
204479,8530035
105571,8055612
5289303,8508392
3556730,6921962
219570,10020
4467968,44810
8076411,7732431
5973099,10724
101399,8388159
9916282,6937581
11262,83082
114135,7258893
497648,6965463
804742,410598
1441722,7403605
4086725,14220
11415233,337831
526852,8202181
1605399,8101198
3093647,8281044
10791451,13528752
8782738,5829316
7944608,4807995
337008,6466717
66675,8285526
7507889,6421299
86452,17688519
8089484,8142045
6309782,3401
1835479,8270293
21643924,8319206
4959384,31107
9521859,7170636
881649,7084793
156990,2802356
782178,53350
10421550,8281030
8726184,6927274
10381135,8119001
2487131,17886409
12483882,7704200
7602227,4777916
479650,7851984
9922078,7578129
1241571,18443440
6501392,17783031
41589,692384
6091609,6870069
10297152,61277
7973350,7271643
233907,18143421
6406200,7135531
50617,8505145
9461085,39755
107799,18044547
139373,7170947
2226289,17678976
10439971,4008
11429971,17703160
190344,17343003
3919080,17797267
2804962,2897630
664566,6761008
3294302,7359319
833550,7374732
116367,18144557
1775733,17092057
10318844,17145712
588625,4633020
529582,7134317
1099085,17272080
133620,206712
52560,17590955
11344948,65391
6049962,3414331
526672,17892078
12052534,17203500
1101665,15455603
738540,15075747
11671,16785381
11284808,17673530
5884279,16305520
9517449,8123982
6037286,2766223
18891914,83837
879659,16974988
11482,12855
13282921,7771489
76952,17203508
1083382,17734732
216537,13536469
13078860,17649349
1273062,144024
7061696,2891513
251648,60478
9311559,3474687
11526739,2669655
1764154,4708
242654,30460
1178136,1569475
10660836,1355383
1002498,123023
283508,965
13415069,97398
674495,5758969
190556,6522377
2412176,63475
8248617,7267049
14828027,1195439
146219,53241
412286,1060890
202018,1417512
59748,80430
6043104,3047053
6610562,15221803
3472342,228089
1311355,7344123
12430573,984630
10113312,5441368
8540960,204004
313267,128447
14945048,24401
1129616,3075526
77959,280994
6148816,32005
37623,45383
7245795,1846048
15767855,6556
111044,12936
19077876,25573
697409,37848
138680,4301652
187315,19595
5220293,113780
131624,29227
114006,52706
13629912,6233754
13563869,8381790
11835768,9693
10098640,6568781
590962,50314
7221800,5960462
2618807,5268
351037,1109606
15846228,74331
15995246,27855
13085293,77556
3156245,438383
8726694,1202066
5931169,3175914
15180457,4481473
13044955,13018
15852992,110226
486319,51229
378519,3470494
12393316,7162059
674640,903782
15735460,4970672
12213159,7162002
384217,1304524
235185,58932
203265,7535683
6962221,4841217
38617771,76819
1625089,44709
11530656,6017756
25418,15123
13224631,8295652
16036611,866443
16210411,15342319
106807,8152318
169872,29503
10257535,226584
6961997,44545
8311265,70692
1824216,2098
13404803,64625
8639887,32349
953401,6450188
6359599,8180338
93375,397165
365047,158821
1052648,8305829
40261,51606
1151805,72841
13722924,3424060
88885,8119270
11448421,60059
343192,249882
9893355,327671
368124,6595492
1806144,237871
362591,54931
1879966,11503
109387,7341021
537116,26977
236558,3888197
1931593,34517
99757,19753
6041626,118712
12814594,2023476
13155343,8656
20451857,1709397
6508077,5171636
3395770,115943
1868421,61382
18223625,179578
13382965,5524398
12951824,4399255
11508357,253175
95914,5333625
1657361,2945301
641936,5351849
14622971,6538688
2065828,5054179
50461,5815435
10627210,5816770
17414621,3201662
7163871,4750818
8664814,5421048
7666723,5815423
532608,4449652
11508183,6448958
6790927,137082
205650,4737213
7351985,72932
13022577,502766
824728,7155023
17622147,29184
13488738,6428028
17676690,92960
1927997,4619719
11048703,149625
3212848,7277
12025117,5837868
12885741,5768552
16152797,4649673
539436,28699
15982604,4968442
288088,30762
16140467,5833021
13299748,5757970
9666444,5622767
6734445,17505
8477626,5303332
10835994,5761118
16173781,5771853
17823473,7491
6605685,5218360
2549,5767141
13629892,4737695
15778636,41825
18088413,5022765
720533,5145808
7887877,1802339
15770551,5100095
6850317,2889627
925283,5070015
15713419,3396559
16248264,31683
96965,6421982
266485,3104347
12991060,28707
17932619,158096
18039219,4581947
15730656,5441417
817377,6578895
460645,57473
1907716,47260
8457961,10780034
10555031,6564711
190238,882738
8524429,5830905
4455195,126839
2888926,2944621
999074,145593
1871379,93351
11105002,301406
13512781,150289
18002947,2838
13425917,20989
343061,36523
5739373,405461
13230186,7012378
13637705,171517
6357433,8445092
5983946,145092
12981613,31679
307220,775856
372623,4347037
11210761,154108
1996765,8717
743817,11636
8273636,5826393
377991,11188
14480004,8056653
2535743,4123439
15989598,10679
3011919,386609
19197225,5589359
663914,583864
17277755,81642
12567576,8190287
202464,288209
559625,1442964
146559,504754
17253002,14471
12195724,1975540
8706170,4730192
11082037,926977
15060,124522
220755,648242
5819399,830529
551983,4577748
2781662,1350949
13562054,327990
8673932,6535253
1661460,270447
648010,60631
36588,8525346
20758519,360817
17043706,407773
16142151,238767
15726780,17479222
13455459,4447332
10425958,429058
8935883,5335793
9283478,554273
528361,4431550
292846,648243
7193970,42508
20946280,5843
13451563,37607
8433695,106464
19253120,2266124
13514559,21574
13157070,7276673
21841757,484018
14758892,3498027
7877758,7338
1677996,104017
20417707,132379
18241740,1442992
15940448,6574446
6278245,17042
18788435,16807
8472514,14470
12092375,16623742
18143768,979378
6327610,936802
21491054,16589
8678316,1218557
237020,696188
6380494,320741
18005647,7231329
270340,45103
11890811,4747506
16085488,1442928
9794577,8914
16281720,221506
21403405,12736
12220082,14529
1614290,8789
17199775,996558
15700405,356424
119013,4593149
18012909,13580456
1085376,3509377
15981709,33907
21948425,15091
9369881,439887
22151316,150338
857705,49378
17334266,17074
5956547,5280531
18651980,10791
830382,15708586
4099,543719
14289261,972702
22092528,7088116
16101026,454774
9791910,3927354
2270400,5951
13505200,18015
20597658,568999
8288779,14151
6922718,5737121
9661208,93094
17887021,6861359
4228673,815259
19500522,7759811
22057549,5824327
389707,53176
23240336,2974398
10626634,20379
22555388,12758
15812170,7384403
17834112,1791
6419292,39021
8997745,9811081
6476887,694013
298739,68
20767943,756
12679402,3343
25856,68467
22477,5309014
186337,4024160
7071785,50316
13041100,7942666
22963656,21072
13074999,5349971
20559695,1173340
845331,12008
254659,3387296
17185682,4011455
10765906,976887
13586756,3416
1417705,14031516
6398450,9011987
18134905,72401
22416496,45596
8074831,2826
190054,60619
2320230,7078175
9846485,8449324
22930159,1780
17985066,534074
21406652,6554510
25246975,1261540
16048280,82542
11367737,96150
13624584,4112157
6477793,4878292
12972637,6905137
133018,3064249
17693021,4409125
309205,146797
28294,18731
15748217,47687
16074568,1792
18805911,5363529
1677880,6949889
10085898,3622
19777989,7127317
7787487,3119590
877598,885506
17832046,78754
20806202,2862091
269795,5287439
7202372,16270
886620,1439
12160933,6577129
10021764,27446
17699906,416529
22388165,778428
439981,14425604
23612396,7092778
177333,45896
18760891,4750
2535,506121
12000129,7142865
18071980,6583160
13615755,82939
17737981,2979481
133017,3620
22212838,38651
20618110,5012636
12754069,4672071
1547361,6175529
22007695,18514
12989100,7716206
13733,15094092
7147517,64324
3596725,183343
17739489,6793
21442771,15856433
4428699,11624
18691014,43220
20760400,468569
17192054,7142846
10383217,167605
4901378,4436951
20976417,4105961
85317,49284
1944019,111012
17570274,73812
2628667,3432323
824765,1366040
11278959,49347
17949010,4397939
12986169,419
500719,4541791
120566,89095
420735,6886454
9470106,8589
398145,90150
23256978,4419823
3277674,7060319
12456972,11327592
13491829,4422750
22175890,2938289
6280641,12545799
18221995,181627
12593546,8341870
10996959,42993
109901,7314133
17227745,14237686
25081922,7159820
22886104,14719991
15743305,4475986
2447010,6494034
1705697,4065582
255685,3270624
18105262,963528
21922393,4201035
1198981,5349775
26636254,63842
25320990,4619475
22521951,2907092
22390073,10209362
1312352,3378512
18693621,5181752
25000053,10802967
1490767,99119
19308365,5299577
21588076,5895012
25669499,4183574
27778826,5268402
575135,4882486
365257,4725624
23472563,6506571
16286376,457
6484568,7738043
25072821,43028
23847973,8337569
256976,5355357
9386880,14648928
387627,3862145
273331,6979258
25311963,101857
22553196,5763301
10207851,31428
23830659,90
1945842,54450
7829373,6583169
9795894,8317784
6288206,1305302
13432683,6525174
22609257,298660
8373331,6554852
13418790,4386032
11204517,7415461
7171620,15322
16152258,163
6269012,6549865
16161852,8559965
12087888,82531
26134245,4398628
26067192,8174674
11322991,36857
23497722,46603
17193828,2064510
13241511,3090079
15924002,6472019
6649318,430291
25033533,17740534
968330,63189
6862,4381088
22877206,8282534
1654076,14594440
6284956,8204028
1103211,1040250
11438693,7106591
20490970,8133160
25530340,2616
3143473,16722065
20737479,14746831
13643709,8304404
17838388,22496
15727199,58634
24838293,127875
22791973,3119
18693771,7359318
5486,3100494
13270,6697472
321441,15165240
114134,14358410
28247930,6571558
23245731,15117530
6124293,3160009
24873017,161893
22836575,9829470
20599898,280917
18296529,4884769
22390262,245011
26186298,724397
31178193,63837
96739,101286
24357777,9941
2295713,68912
17340753,5600739
26150825,27641
21350894,3513223
24966094,6878
18114578,7164089
11962848,5765921
78216,129470
12814556,54194
18114185,5818
17566814,274511
4026382,7927
15808728,25133
29509876,5309857
25547711,7178100
3849637,122727
20691534,69014
16052983,447
26770411,22889
424307,12126
9628743,1466
1274366,486329
129562,6895821
6019841,449547
7188088,128947
25371234,6829
2112260,166393
11594289,268407
26068847,7689
27272223,45528
11282392,32549
18498565,133538
89796,48450
15812211,9657
12788665,776
22747926,54066
540372,6172
769254,1675648
20011917,7816
492050,5775606
851993,47421
27779008,10991
15808839,6526
26792284,6533463
15714701,19316
18684302,5328518
8914351,4263
15788244,3578
21529344,294649
579696,29482
24308751,59150
25553727,56060
28505629,117884
21845122,125282
268172,88527
29954513,6153795
27650036,36203
3785646,12424
266203,67379
73449,3450
22873629,404733
1109962,5247949
209176,90669
17221418,14210392
14663202,10130317
17932303,13846794
1579805,273456
28698036,103302
981674,1110703
32852494,4450877
11231500,70906
163597,56328
266315,264213
13330370,2862581
5965768,5124
26458136,14965
11738128,4453723
25139443,410154
74023,6569002
2615,5134400
21806701,18088754
3068583,3161479
29215404,14571
28588568,13794
25454883,55743
31944708,53559
51652,397836
245,45852
1275466,378242
15836079,4515355
35642332,7830264
22917292,6879391
31451267,8224327
16092672,7314497
859500,262549
884259,7222939
12788061,7046353
26891429,196350
8539932,61173
11529239,86265
413678,485441
13513248,1432
16065963,29824
22717420,34300
26072623,185549
31805700,6425233
32794590,13072
882541,119005
25575635,4654545
5949,5385512
31284338,2897172
28517453,5295294
3526,8025
11902346,237385
1142145,7216573
25591735,999096
24805680,1604141
6387525,85088
18038947,8118570
14885892,2765967
7142382,146783
9434882,6464549
14623839,8189131
989584,135786
23281902,7010508
37510880,108368
17261194,121651
23259316,133
35795918,4122
1035124,19106
15721624,8865
36382516,1046844
24303811,17373777
29746614,110787
36350024,5441376
22855253,8166
33296129,95013
17397913,207466
26571344,96899
37512822,2792871
31451186,1441644
36515426,5768678
34348269,6864345
34681350,238
38137746,5662
30977572,4302108
835,640021
12612942,4563332
31573378,9814414
9895917,1124
36106288,7327976
132876,7074741
38390771,317481
33917881,1692594
12818399,7256929
25658482,6612545
294754,7264269
24039408,7811723
9315328,7392660
12141601,9884202
809134,1417633
27812298,4784416
3297694,11463
23492681,280382
3399321,647654
25816352,1682579
769515,568102
37784674,5356695
76022,106417
34913575,62999
26112217,81639
33007105,4810291
31938717,28946
6971900,6879528
201901,17146284
157456,14735317
26029281,20850
118065,8472193
12791521,397
34197480,205589
575836,972433
22590196,6885618
22753116,10482
203968,14989
17884769,8271629
289028,6477607
40053041,4126453
26802440,4595152
2159136,35371
1051549,8054971
5749851,1225855
36689878,395777
17881,4020319
17625212,617200
145270,5768410
33359265,7465201
827985,6876613
30842268,2469379
43558243,6445584
9663879,8319783
41743264,4686521
42202166,8137449
29000955,7024003
29864658,7113774
23630649,4044324
23902117,4483963
13161686,4130856
2059842,5443935
32602422,10961381
1069621,7171510
7803,3100202
167913,5181921
40776163,7415085
338551,5321488
34997447,3105432
17973777,7148329
31841813,4906436
42773125,13531458
28889274,13536087
38507847,92881
36368624,4981235
18490657,1562974
13037619,2313429
25813942,5130837
32600741,7351172
13417272,7353474
49856637,4397938
1973951,720522
52844904,1000848
40189670,1061015
14760974,1417529
27405006,2882570
38232344,2915870
49573443,440541
30259893,7340710
173129,720524
39735912,838424
1458813,2882488
51803274,7143377
25030631,2809603
13096218,1208906
23257059,7171978
40259644,6469137
13167112,8320107
15761389,1406285
17278226,3351237
40538709,2833211
35993820,8605
38560268,7109423
41473851,1348229
180078,5030329
35715518,6535313
11023952,2837276
762202,5365116
36531567,129676
127570,628707
16006199,4472103
36640079,19666
33282947,3336797
12469702,374437
17701160,5214322
16006132,912366
41880043,714267
17831940,5099267
8581223,4852211
74274,26257
272102,747586
13496161,74507
6215124,17152
6224528,4845754
15991449,684330
1980195,4790114
37640241,3044063
7785536,334378
6145314,6542246
36959639,346422
43452918,2301413
17160008,1332
42660831,41784
32622432,4334738
22979094,3309862
12980161,5831998
7183665,1393700
1604447,4476200
17663768,3378392
13436366,6941383
37810456,4575283
18383325,2963250
23008469,4848577
17080950,6916481
39083635,181302
18630840,126557
42994020,8155833
43198002,6479383
20657436,8179717
17853340,3045001
15994711,6627289
23219490,2833588
332753,5195639
164783,1305376
30120345,3102205
49737,6586456
946836,7732
50544,5357264
207864,7166895
549455,2793859
59721,6872972
309335,22595
721227,1565
162900,244859
1457464,5831852
1869622,3060064
2824517,14420756
902555,2882578
875643,308611
2422554,3238619
1223238,957028
387595,5820784
1007334,46243
97715,7351754
2502336,71090
430450,299121
121581,4658172
3505944,40411
345919,2749820
96263,5130544
59889,1003078
64397,5259422
385530,714250
536790,5578317
64881,5093234
336025,4567695
1449897,2980339
147924,5373159
8675,575225
73189,4279057
545935,7192434
6440814,5753463
949410,62240
2250457,24349
24152,1393698
907432,12824805
12528,1023421
33453,185465
666349,6527379
50902,7069686
570758,10838
209222,7101722
2056877,5514598
1416653,2902054
395006,1308530
51684,4721318
800282,3358483
80521,5448397
1741793,7019579
5512,32401
3275890,5752621
907668,444045
5985337,2769171
1893174,2282707
1460626,14178590
1385692,7872181
839499,3286440
96979,2936248
84586,3031418
43334,6433641
827902,847484
34295,706298
1272809,7977202
60975,918374
474195,720534
77092,6592273
271265,11237
483646,139434
6679309,147436
708921,2863794
28825,14350226
7264409,4789680
226075,101287
175249,1645153
2974889,803796
239546,116623
1918158,266774
754587,83091
108924,5019771
1091800,6913270
107943,806500
7181792,191475
522421,144358
5666555,5626120
1008856,6894841
85310,8158089
4542235,41954
1278131,7246581
74034,1649365
9123956,230226
6121380,5804836
6989670,4634532
7982114,4971182
798148,335181
1063599,35509
57732,10427
81051,7294
6924458,3190288
7147249,20524
2440646,4894926
1556485,3207108
759910,42919
60212,3515
56157,781400
6987558,72467
721017,33384
1098720,36734
448644,6897457
92544,5288391
303513,275136
4765019,14473
878675,9068
1612302,12633370
227113,10209
256522,6951433
8226034,5825906
1763722,7123984
5206311,10087
875302,5278438
96475,81218
519087,343941
10048521,6082927
7208139,6153571
7727548,9222070
6077427,799335
362,4583365
8105187,2303385
696511,5169935
8491354,84181
7323094,6861964
1088664,7154678
31156,76423
6501231,6920675
3070680,271908
2933268,7311870
11245,7159818
23226,92739
1032295,402788
78208,17439
2403681,11525
9260669,5370827
9481431,3373281
60100,6980925
8234195,227026
160069,7768203
718862,26875
398660,115220
6282146,8072579
10473353,7680
1445805,15106534
122619,4968129
6644111,36347
161956,285716
6334008,5774768
8926934,5211061
11871888,7022472
1319521,1304269
1874883,266178
50784,99961
204097,2885318
3437354,7325371
8466310,41495
9280551,7237069
966972,5615767
9754997,45160
11592546,6452601
202183,909675
5155532,8415360
5945363,3027946
115030,14106658
3271565,7314368
6048944,925519
169959,142717
1192193,4896735
721704,8056299
298422,320625
22992,13810432
582324,70090
3119173,3241992
8207176,7259226
10502331,5396796
227111,4468300
2375406,4457932
6370307,29593
828393,25413
7362638,17613
285692,17549479
6766638,82718
8079528,32807
12862773,25926
6308079,4848874
1949780,8346774
13276602,28115
2978375,2742325
3133001,33472
1571436,4548465
29435,122886
80520,71248
6139137,25885
6641821,7623
76976,125127
760306,4693729
410766,7349406
709882,15367779
1721146,5761575
1160501,6904638
13549704,65135
6401956,41193
5822252,3114972
6254678,4392029
2920620,109005
8672656,7109855
359638,538003
640975,13634
1078638,25545
15762433,50071
10692829,924207
1178130,11663
767893,7054610
13122386,209576
283486,8084931
43702,43784
297225,5234
87547,5235537
6064635,15291385
7517343,7580781
9583227,9420
12531317,4706667
15707940,42464
570393,26839
9771,18049968
11104728,49014
6567050,90990
158856,63807
10581266,2014
6658568,13597
7524258,13669
342309,37795
2217429,39326
640097,16863060
940017,50948
3280203,3174636
362788,5891761
2270120,18235662
8766710,2766469
10114213,7044164
739942,15845960
172228,5667451
3525382,275163
8711937,15112866
4772110,1112988
13550349,16951538
1125258,64222
29794,19476
2272632,35696
275842,3509474
32443,14789183
787194,87937
15044233,47139
955725,237997
5778773,7553558
2848257,1280953
10788918,16175715
13629118,4875990
10335318,870
411854,14590452
123706,7769192
563308,1908102
2694762,7794228
16068357,8163113
15982689,7948011
6866818,33958
1527187,456850
338046,14680878
859806,507943
6480516,17086985
15723445,13867230
11428799,39099
7968653,4087274
9656636,304225
13504368,2753938
902743,74519
16051778,33505
6916518,19472
194742,118294
646175,4219886
695219,4996827
10673164,4702581
7029690,78736
642462,10082
511854,32303
3992758,55547
320407,1077166
13015054,38631
12387493,59060
6118160,6873499
66080,227160
133411,7340907
3971916,408864
4709866,136951
2146370,45309
361015,18411
217248,4993028
13562746,75626
6523157,11091
13088316,8477
7123240,133505
1824195,5760057
61963,7213028
13418456,10886
930750,12930
13124125,2769891
1809275,83714
138555,48593
8445408,72120
843099,4433334
6931693,5323
2250,5310
355371,121579
11958033,5397725
2139008,2971335
14744085,73494
1846820,15569092
13502274,179712
6562804,5407284
2834778,1088355
1087203,3131761
6441638,6496644
17697775,7162084
12021796,10812991
16002011,6567007
8884616,6914886
28883,8109231
392274,7123641
15982246,2003542
216019,6914503
7831608,6457442
15778506,72986
716097,777173
64701,4410813
12885820,5031290
17899424,433824
17794709,5254629
7097183,3180713
2143461,23894
17262735,5607272
17823022,7231796
17268689,99849
85907,5005598
2187466,304949
12426354,4105887
7619076,5117017
644478,1772201
15720662,180389
10132245,803937
18069284,6450275
1462251,82969
10065610,7306658
17861,2878245
466537,746687
15744064,4116143
129787,5365396
84725,14507930
3392412,7488961
17673002,28463
15820492,826097
12558094,8158940
9210534,790155
529241,7329194
71904,700231
133008,7020317
17878281,8283255
684559,4768959
12352225,7075461
8688108,147221
182543,204812
3266670,5824402
1470281,4866
13623777,5815432
18656563,4958172
10101733,164714
13380664,4107314
1570434,6439905
18224451,5374565
589118,24610
109946,17272
2945730,145435
17177675,311098
17973247,2686
3764768,2988406
74787,6573685
70925,1499928
18364994,18100
2411046,5090434
251462,229517
19279632,4699869
663175,21387
769212,36935
15817834,7921
17411903,4730323
8173649,13996
12997477,4486715
356487,74572
17234247,5356562
12046085,4444277
1696295,8058866
15803562,125736
12043511,6444457
5522977,13130384
46144864,7320
13503581,6542535
9760895,17326
12267664,3501
1440229,337
6492737,4369397
1973573,7142650
10389604,31457
17969353,3736
17890597,52627
115998,14780791
19098092,4875841
398155,6884399
13479267,7212486
13586985,7266555
1029232,5318234
1860927,7848006
19000878,4497
2226274,86098
1101287,7082675
11816100,50581
13532194,449017
17252914,12694
179737,6452992
19225358,6545942
18072883,4605
7294729,9849648
33574,2964069
13276458,5806989
13502742,6450403
869040,2858606
9078,3472732
16077527,9601
2204611,355692
394237,63843
451152,5213951
21894325,28719
15765030,5286911
17229930,5154640
19093998,74688
7992477,5318881
6222164,13681
20927491,7013486
28827,4862
21454390,6568822
20959438,4938076
16173854,4703223
8927883,108693
30386,3406353
1362980,120204
855084,108726
244105,2885316
15724511,268816
6408236,5784430
6785706,52862
14641450,6897368
7030007,16908
19135072,5229169
13310624,316779
119014,7058401
1070138,199919
501710,8202895
17164633,6580037
18401124,7303088
21422345,1396694
11579476,70854
13612397,7223544
2956997,6904740
21489272,8985413
4390036,29500
173363,161908
16065672,6151511
18515966,5751472
13092528,28244
5823490,13852
7885220,27379
22529375,6533956
400716,5691
22587504,6263
6599175,13867
16081320,68537
6037288,89275
18113449,20903
22461942,67276
15711420,76172
22174098,1048676
17992789,6590310
127804,486041
173438,28939
20650678,280493
18367834,5779976
18490684,70744
5167648,15018472
487188,17212
7108146,6470282
21980271,231
22144858,5346249
96442,2924554
2278387,90864
2258548,998418
20649133,4413250
9308682,706620
47778,923789
327322,4404110
13166599,57651
17902860,6869437
13615414,74480
1594681,6451976
15782111,46130
345396,7257823
9970421,4337880
17185680,6479371
3064146,408387
13182968,3063220
6578822,2951405
904547,1212129
19091520,21135
773693,121814
17206123,202733
18216364,2192
6590600,18232
9411636,150702
22010107,44061
991531,1218
22043862,27280
18775359,2946462
13665100,278272
12988059,2901151
6626887,908
10996993,386001
18455834,6584173
18722894,3352
16044540,202936
11699349,13654965
20294199,6186513
356321,41557
34448,6446070
7907192,249843
4974052,6155057
130149,4100198
13854,5829287
6060899,6153801
22913102,4547288
162334,64028
11359684,4102055
17384514,103080
21541107,6423098
23203786,713872
197743,2741166
59963,6552219
6767583,1292475
22666906,190441
210486,324680
23612390,7084
476749,154791
23571512,4262
696514,10741
12153939,6585049
18618994,6423089
7310861,2918488
15832932,5827833
22774596,4436873
10109832,4083670
289739,3162779
7195070,5820379
798617,121585
6260420,43988
837039,4340243
18222556,1958136
16207483,127191
12812788,5806657
3863892,5424285
21893797,239128
8496929,5807648
6037649,38301
8504556,599584
75522,19038
6491221,4928927
456773,4370
10503370,6162355
780845,5416090
4939112,519824
6892626,38531
7684993,5565007
20298090,5326924
18889290,7193037
20740042,3471272
12080917,132984
21861357,142
10682,374096
21460477,7579562
530487,306578
415486,151109
10244260,43615
22968018,4310294
18870458,1398739
7775755,98732
22180659,19568
1479939,14919501
12034748,332761
24641473,971054
25405623,162739
10049435,14196420
20757186,3004686
11544476,8848755
23659068,45429
22370053,846795
12467865,14133209
20686674,14036073
9791117,250363
6390652,427164
12048398,71170
453835,116858
13611043,138518
53199559,4327262
25581772,22476
956734,6463605
18140699,46051
3351599,174088
17674540,357053
6047331,6561539
19456807,5109680
16047646,15287947
10075354,258634
23785086,302544
13345288,9432970
22358119,7231634
764061,1949712
13415801,24820
17728721,3234402
13326677,821338
14488058,2022437
18187833,14189328
11277076,83288
18301739,191523
25978748,521346
24742504,101968
871634,60697
213885,7058999
1070245,4874365
5875579,80719
18295858,56223
313110,6562093
18667753,4999130
858726,4686337
2192348,29868
6034422,1042875
930014,13081
16103256,1337488
21467844,13922092
16283340,11882
25778909,8175172
340816,126453
7688040,92333
25731237,6904187
2325248,9219
13529557,389474
26059690,14821620
26159625,46209
6250071,406864
22521314,114722
6354310,24381
20509356,5765897
24645767,40416
17828679,5098
3296447,238158
17887117,43211
3702423,2904199
685172,2956016
408478,60750
22798869,7358493
10768069,95802
20336347,74060
93485,482295
13615001,14199891
6774007,4432824
12543045,80808
733730,171414
20601638,190905
23361313,132420
26040385,652387
83408,4750548
17920313,6075654
2419417,11337
4530,14027014
13010376,179790
11238,7304368
125984,7790775
24987649,6569952
27225750,68992
25129233,61015
12930410,23194
25399706,183479
8856411,5828897
77378,319770
6670783,784866
22611561,11783
303639,6485158
20666676,70679
26226538,53047
18377974,173610
20438264,6930079
19359191,4700417
15850317,13978
6912781,2350
9516694,22782
9755855,4351137
25074178,29805
25241450,17219
2786389,6304
18029845,8359
22749536,5189455
127639,43999
7069669,15996026
22756871,64459
1197083,1273965
21851568,29611
68571,5815425
23433222,14431821
3487446,27620
12625589,19929
280005,21049
25744928,7399794
22076576,4665180
24392720,44565
9810,8864
18219,15898105
17302526,14035479
29917,18686
22155714,76408
30850859,13810481
219106,109491
30239970,8512129
31579906,15193868
32450284,620872
22551809,15108109
6470723,530925
22490206,14925989
769111,5346515
684507,6971371
8015389,702
30071504,3381921
25328105,7544723
25310948,15290124
33628600,6649
392873,14775687
845099,9869819
15753732,9831940
12389865,5831995
10912,304060
33814737,4874967
275237,5772357
6332,6994530
1040894,14612163
42883,14739467
159322,18253
19162293,2780312
16566,14775703
17285989,1010469
13539914,7415163
23110418,3099087
24988967,13878462
24524971,15225881
5887399,14739487
17333174,14465
11998032,7010806
16175248,8343921
24993743,14592942
1706523,14417765
247,5429018
2689809,13233457
153865,14223581
9829306,15025863
23288266,8286265
32933947,14987480
23456314,13810480
80110,4083774
8891927,14427775
165070,14427770
35642504,14928833
1257262,7029938
18375241,4453287
11890974,6588802
28108998,132378
29618105,6517970
16127265,18155920
33123322,3149946
1056157,1648980
19491823,4831237
385,1425968
32027656,559
10598752,301002
592102,1112218
2069500,660996
22010102,202269
25663606,8317803
89190,2860732
26878525,385966
12988106,5417692
1203668,5619121
209525,6470339
14623833,4346631
1697732,5025975
5189965,6862646
19283880,2748537
23285659,944594
37652976,1346213
28363987,5834730
35873899,410993
22855256,5831353
20763060,1119407
13396557,2981902
28691932,5124208
29571151,2489785
39856344,15423679
35894727,99642
34776052,4057853
397884,2726745
34220606,1224940
16010894,1083084
245344,7255882
38606901,5446825
36461680,1200273
15096204,6442184
37971720,5768136
28233096,3452437
15813648,794450
27469201,5127816
23991122,5200121
279456,3165674
16149624,6234
35046241,146374
6437016,6565686
83502,6429004
2810453,112041
15014,283727
31223848,4556168
149812,5428435
25152171,2739770
833130,5784961
18126247,140894
10751324,5264406
20444408,339420
21829482,4574107
22740704,11137
582638,4899797
3239023,2172337
37595054,5726831
32620304,4831653
19051804,5779056
299091,4849738
22594223,4934832
590552,290125
11448085,9876016
189369,503388
16059524,4582507
10734210,4575353
25639296,2878278
21865546,90455
21535713,6420856
2320474,5836131
43545436,3200588
5198367,5093822
22591,5382492
35225667,2767681
6724830,5872743
38235092,5406425
24584984,2766097
66855,5281706
24892804,5400814
3697202,5201320
40782259,5394148
76507,2975929
138456,5415656
1071257,8361
29414792,4183
16109080,270477
123653,16967
236557,142462
30032626,158276
41451741,48403
826344,36686
33106729,40820
40939999,33
41035725,1563
12553432,25619
44067496,12935
23960812,74916
27261708,128235
36274082,67038
40899464,1219754
44160985,19051
8762337,261291
96038,105578
241011,2121
49856699,14740070
16154574,32232
35489958,83397
35439559,9252
35403058,411898
37805207,5371025
41453702,1229712
37797086,4435742
1095061,4495290
39357430,6455200
17212769,8509799
7850899,6925461
25580844,80760
43812922,4861860
41222378,5780445
37845319,6894289
18406704,6552441
36292872,5767418
41719463,5170812
43587341,6151349
52016138,7011191
42769202,5834274
57220,7010364
25773842,163635
4745196,114873
46134255,6553830
13542982,9870934
23754884,13776517
27426044,4188120
9902726,245963
49127259,284450
7913735,16917872
18278281,8446215
11410553,5757470
17254682,13499819
16046267,2880005
3795557,7751604
5894822,4280686
27977894,888893
6537155,60210
40060191,17203795
40724188,6585288
38457048,7214756
7027569,7026053
18135437,2126339
28167132,417798
6272532,3089348
35603805,897415
330729,6922360
41150380,6549285
50435274,7104482
28166910,6597
22968117,335757
29934250,796191
10114276,282532
16129174,600812
38953131,106554
16104005,6552446
234888,2563980
43509498,8082028
872840,64115
450534,71118
10913394,246155
2969587,22485
50045334,273817
17829722,3186713
36511805,3126353
1838917,2789569
475920,6590
20256513,6582
35024713,39621
18912241,71059
6120219,14339388
42180039,6587255
16126020,7055034
3311,268018
1426794,26791
233330,8075159
14095,3517050
68086,4898740
203310,7065436
462883,847247
91517,366842
140422,6878696
348623,13610
15832573,287931
460069,6553694
82765,14108787
221682,296979
503019,1178445
144634,5390088
1036345,15268418
1304028,6877693
115468,4828830
81010,4730815
153198,8573907
948212,167400
128277,11010807
96267,282917
864778,73540
3735283,17333
5975921,54427
69981,591961
483057,45706
263991,1435362
874787,7752383
435495,1284067
544595,3089
959614,67081
2056879,436431
1832906,94147
413256,832040
102114,7723
823182,2863757
6421633,11038
184997,26853
31474,794164
706476,5416535
112081,45306
2288045,127314
1114382,68613
239823,112719
15449,7453846
331010,8109273
805453,12072854
352985,8395003
24525,175006
536302,15242937
268016,8201104
1442300,7179363
59417,8441158
97800,5421591
843162,6944240
1880336,6960454
6693402,7414488
149153,15275778
72155,838305
2747288,1658710
5983725,859143
143889,6224
1948985,8201501
37477,7214107
1529902,4805989
102239,240484
880386,5107659
56301,7108329
81049,8133574
1091815,1323371
54822,7232341
1471061,6579281
8528007,14213892
2138727,6264
279524,1114699
915753,13342
3979,6900024
5708234,6457440
212957,3072557
84829,5139621
6055166,4128041
2039933,5782912
7932994,6037984
1190034,6951311
1202675,8352
2050211,287960
166794,7436684
85826,6831459
4079518,4770
4391475,4123171
29954,4671716
2918809,18470827
7553944,931248
7980210,372995
703055,6587449
1296964,304436
540667,18332475
7405508,15715539
758679,8414787
7890152,1709139
78392,102987
1643889,2594
363453,6977170
397225,8077396
4915352,7144849
2981718,6420069
6961797,7305459
1763725,3393956
5206342,12020546
543061,8386732
516784,108007
1269548,7063660
6572846,6543639
9446471,5246010
2688737,5266193
