id_award,nom_awards
1,Independent Publisher Book Award (IPPY) Nominee  Business (Finalist)
2,Romantic Times Reviewers' Choice Award (RT Award)  Fantasy Adventure
3,Goodreads Choice Award Nominee  Fantasy
4,Goodreads Choice Award Nominee  Nonfiction
5,SFBC Award
6,International Napoleonic Society Literary Award
7,Theakston Old Peculier Crime Novel of the Year Nominee  Shortlist
8,BTBA Best Translated Book Award Nominee  Fiction Longlist
9,French-American Foundation Translation Prize Nominee  Euan Cameron
10,IIII2II I III3IIIII12I1IoII IIIIIIIIII IIIIII  IIIIIIII12I III3IIIII12I I
11,Romantic Times Reviewers' Choice Award (RT Award)  Shapeshifter Romance
12,Goodreads Choice Award Nominee  Romance
13,Mythopoeic Fantasy Award Nominee  Children's Literature
14,ALA Alex Award
15,Corine Internationaler Buchpreis  FOCUS Zukunftspreis
16,West Australian Young Readers' Book Award (WAYRBA)  Older Readers
17,Australian Booksellers Association Book of the Year
18,Lincoln Award Nominee
19,Locus Award  Best Fantasy Novel
20,Mythopoeic Fantasy Award Nominee  Adult Literature
21,TAhtifantasia Award Nominee
22,James Tiptree Jr. Award Honor List
23,Arthur C. Clarke Award  Best Novel
24,World Fantasy Award Nominee  Best Novel
25,British Science Fiction Association Award Nominee  Novel
26,James Tiptree Jr. Award Nominee  Longlist
27,TAhtivaeltaja Award
28,The Kitschies  Red Tentacle (Novel)
29,Caldecott Medal
30,Kentucky Bluegrass Award  K-3
31,Young Hoosier Book Award  K-3
32,Goodreads Choice Award Nominee  History & Biography
33,Carnegie Medal Nominee
34,Weatherd Award
35,RITA Award by Romance Writers of America  Best Paranormal Romance
36,Romantic Times Reviewers' Choice Award (RT Award) Nominee  Historical Romance of the Year
37,Buckeye Children's Book Award Nominee  6-8
38,Red Maple
39,PEN/Jacqueline Bograd Weld Award  Biography
40,Andrew Carnegie Medal  Nonfiction
41,Pennsylvania Young Readers' Choice Award Nominee  Grades 6-8
42,Booker Prize Nominee
43,James Tait Black Memorial Prize Nominee  Fiction
44,Kerry Group Irish Fiction Award
45,Romance Readers Anonymous (RRA) Award
46,Canberra's Own Outstanding List (COOL) Awards  Section 3 Fiction  Older Readers
47,Aurealis Award Nominee  Best Young Adult Novel
48,David Gemmell Legend Award  Best Fantasy Novel
49,David Gemmell Ravenheart Award  Best Fantasy Cover Art
50,Lewis Carroll Shelf Award
51,National Book Award Finalist  Children's Books
52,Pulitzer Prize Nominee  Fiction
53,PEN/Faulkner Award  Fiction
54,Dorothy Canfield Fisher Children's Book Award
55,Bluestem Book Award Nominee
56,Locus Award Nominee  Best Fantasy Novel
57,Goodreads Choice Award Nominee  Paranormal Fantasy
58,Missouri Truman Readers Award Nominee
59,BTBA Best Translated Book Award Nominee  Fiction Shortlist
60,Premio Strega Nominee
61,Australian Book Industry Award (ABIA) Nominee  International Book
62,International Booker Prize Nominee
63,Romantic Times Reviewers' Choice Award (RT Award)  Best Young Adult Urban Fantasy/Paranormal
64,Governor General's Literary Awards / Prix littAraires du Gouverneur gAnAral  Fiction
65,Goodreads Choice Award Nominee  Fiction
66,Pulitzer Prize  Novel
67,Arthur C. Clarke Award Nominee
68,James Tiptree Jr. Award
69,Goodreads Choice Award Nominee  Middle Grade & Children's
70,WORLD Childrenas Book of the Year
71,Edgar Award Nominee  Best Fact Crime
72,U2U UU UU  U U UU (Hooshang Golshiri Award)  U U UU
73,U2U U UaU U U UUU3U U U U  U1aU  U U
74,U2U   U U UU U  U U a3UU   U UUa  UU
75,Orion Book Award Nominee
76,Women's Prize  Fiction Nominee
77,Andrew Carnegie Medal Nominee  Fiction
78,Weatherd Award  Fiction
79,Urhunden Prize  Foreign Album
80,Los Angeles Times Book Prize  Fiction
81,Dayton Literary Peace Prize Nominee  Fiction
82,National Book Critics Circle Award  Fiction
83,The Center  Fiction First Novel Prize
84,Chautauqua Prize Nominee
85,National Book Award Finalist  Fiction
86,National Book Critics Circle Award Nominee  Autobiography
87,Golden Medallion by Romance Writers of America Nominee  Historical Romance
88,Audie Award  Mystery
89,Falcon Award
90,Goodreads Choice Award Nominee  Historical Fiction
91,Margaret A. Edwards Award
92,Shirley Jackson Award Nominee  Novel (Finalist)
93,Mythopoeic Fantasy Award Nominee
94,Barry Award  Best First Novel
95,Anthony Award  Best First Novel
96,Dilys Award Nominee
97,Minnesota Book Award  Mystery
98,National Book Award Finalist  Nonfiction
99,RITA Award by Romance Writers of America Nominee  Contemporary Single Title Romance
100,Jane Addams Children's Book Award Nominee  Older Children
101,Dorothy Canfield Fisher Children's Book Award Nominee
102,Gaylactic Spectrum Award Nominee  Best Novel
103,Prix Masterton  Roman traduit
104,Goodreads Choice Award Nominee  Young Adult Fiction
105,Marsh Award  Children's Literature in Translation
106,Zilveren Griffel
107,Royal Society Science Book Prize Nominee  General Prize
108,Grand Prix de LittArature PoliciA re  Romans Atrangers
109,Prix Polar International
110,Rhode Island Teen Book Award Nominee
111,IRA Childrenas and Young Adultas Book Award  Young AdultaNonfiction
112,Missouri Gateway Readers Award Nominee
113,James Tait Black Memorial Prize  Fiction
114,MetA3 verstinA knyga Nominee
115,HOLT Medallion by Virginia Romance Writers  Best First Book & Nominee  Long Inspirational
116,OKRWA National Readers Choice Award  Best First Book
117,Florida Teens Read Nominee
118,Orange Prize Nominee  Fiction Longlist
119,International Dublin Literary Award Nominee
120,All About Romance (AAR) Annual Reader Poll  Favorite Couple
121,Romantic Times Reviewers' Choice Award (RT Award)  Futuristic Romance
122,Next Generation Indie Book Awards Nominee  Regional Fiction
123,All About Romance (AAR) Annual Reader Poll  Most-Hanky Read
124,Prix Goncourt
125,Barry Award Nominee  Best First Novel
126,Macavity Award Nominee  Best First Mystery Novel
127,Anthony Award Nominee  Best First Novel
128,Hugo Award Nominee  Best Novel
129,Nebula Award Nominee  Best Novel
130,Prometheus Hall of Fame Award Nominee
131,John W. Campbell Memorial Award Nominee  Best Science Fiction Novel
132,ECPA Christian Book Award  Bibles
133,Premio Viareggio
134,INSPY  Speculative Fiction
135,Los Angeles Times Book Prize Nominee  Science & Technology
136,Goodreads Choice Award Nominee  Science & Technology
137,Newbery Medal Nominee
138,Massachusetts Children's Book Award
139,Prix MAdicis Etranger
140,Barry Award Nominee  Best British Crime Novel
141,Rosenthal Family Foundation Award
142,William Faulkner Foundation Award
143,Grammy Award Nominee  Best Spoken Word Album
144,Authors' Club Best First Novel Award
145,Balrog Award Nominee  Best Novel
146,Pulitzer Prize Nominee  General Nonfiction
147,Guardian First Book Award Nominee
148,Ryszard KapuAciAski Prize Nominee
149,Samuel Johnson Prize  Non-Fiction Nominee
150,Kiriyama Prize  Nonfiction
151,Crossword Book Award  Nonfiction
152,Audie Award Nominee  Multi-Voiced Permance
153,Milwaukee County Teen Book Award Nominee
154,Eliot Rosewater Indiana High School Book Award
155,Peggy Miller Award
156,RITA Award by Romance Writers of America  Best Romantic Suspense
157,Audie Award  Romance
158,Goodreads Choice Award Nominee  Mystery & Thriller
159,Hugo Award  Best Novella
160,Nebula Award  Best Novella
161,Locus Award  Best Novella
162,Philip K. Dick Award Nominee
163,Prometheus Award Nominee  Best Novel
164,Goodreads Choice Award Nominee  Science Fiction
165,Orange Prize Nominee  Fiction Shortlist
166,Laurence L. & Thomas Winship/PEN New England Award
167,Financial Times and McKinsey Business Book of the Year Nominee  Shortlist
168,Spear's Book Award  Financial Book of the Year
169,National Book Critics Circle Award  General Nonfiction
170,American Bar Association Silver Gavel Award  Books
171,Retro Hugo Award Nominee  Best Graphic Story
172,Evergreen Teen Book Award
173,Soaring Eagle Book Award
174,RITA Award by Romance Writers of America Nominee  Short Historical Romance
175,French-American Foundation Translation Prize  Fiction
176,Buckeye Children's Book Award  3-5
177,Nene Award
178,Pennsylvania Young Readers' Choice Award  Grades 3-6
179,Golden Archer Award  Intermediate
180,CWA Ellis Peters Historical Award
181,ITW Thriller Award Nominee  Best Hard Cover Novel
182,Goodreads Choice Award Nominee  Humor
183,Locus Award Nominee  Novella
184,Prometheus Award Nominee
185,PEN Translation Prize Nominee  David Constantine
186,National Book Award  Fiction
187,Booker Prize
188,The Best of the Booker Nominee
189,Lambda Literary Award Nominee  Gay Men's Biography/Autobiography
190,Gustavus Myers Outstanding Book Award
191,Calinia Book Award  Fiction (Gold)
192,Edgar Award Nominee  Best Juvenile
193,Calinia Young Readers Medal Nominee  Intermediate
194,William Allen White Children's Book Award
195,Independent Publisher Book Award (IPPY)  Historical Fiction (Gold)
196,Eric Hoffer Book Award Nominee  General Fiction (Honorable Mention)
197,Foreword INDIES Book of the Year Award  Historical (Adult Fiction) (Bronze)
198,Prime Minister's Literary Awards Nominee  Fiction
199,Criticos Prize
200,Australian Literature Society Gold Medal
201,Australian Book Industry Award (ABIA) Nominee  Literary Fiction
202,ALS Gold Medal
203,New York Book Festival Nominee
204,Paris Book Festival  Grand Prize and General Fiction
205,San Francisco Book Festival Nominee  General Fiction
206,Hollywood Book Festival Awards
207,London Book Festival Nominee  Young Adult (Runner-Up)
208,Moonbeam Children's Book Award  Young Adult Fiction - Mature Issues (Bronze Medal)
209,Paris Book Festival  Young Adult
210,Next Generation Indie Book Awards  Young Adult & Nominee  Chick Lit
211,San Francisco Book Festival  Young Adult Fiction
212,Maine Literary Award  Young Adult
213,International Book Awards
214,WH Smith Literary Award
215,London Book Festival  Poetry (Honorable Mention)
216,New York Book Festival  Poetry (Honorable Mention)
217,Paris Book Festival  Poetry (Honorable Mention)
218,USA Best Book Award  Poetry
219,San Francisco Book Festival Nominee  Poetry (Honorable Mention)
220,International Book Awards Nominee  Poetry (Finalist)
221,Readers' Favorite Book Award  Poetry - General (Silver)
222,Great Midwest Book Festival  Poetry (Honorable Mention)
223,Amsterdam Book Festival  Poetry (Honorable Mention)
224,Kurd-LaAwitz-Preis Nominee  Bestes auslAndisches Werk
225,Grand Prix de l'Imaginaire Nominee  Roman Atranger
226,Goodreads Choice Award Nominee  Graphic Novels & Comics
227,Dutton Animal Book Award
228,Duff Cooper Prize
229,Illumination Book Awards  Holiday (Silver Medal)
230,Paszporty Polityki Nominee
231,Nagroda Nautilus Nominee  Novel
232,Janusz A. Zajdel Award  Novel
233,Jerzy AuAawski Literary Award  Grand Prix
234,European Union Prize  Literature  Poland
235,Nagroda Fundacji im. KoAcielskich
236,Nagroda Literacka im. Jerzego AuAawskiego  Nagroda gAA3wna
237,Sunburst Award Nominee  Young Adult
238,CLA Book of the Year  Children Award
239,Diamond Willow Award Nominee
240,The International Literacy Association (ILA) Children's and Young Adults' Book Award  Intermediate Fiction
241,OLA Forest of Reading Silver Birch Award  Fiction
242,Rebecca Caudill Young Readers' Book Award Nominee
243,Australian Book Industry Award (ABIA) Nominee  Small Publishers' Adult Book
244,Queensland Literary Awards  Emerging Queensland Author
245,Europese Literatuurprijs Nominee
246,International Booker Prize Nominee  Longlist
247,Publieksprijs voor het Nederlandse Boek Nominee
248,J. Greshoff-prijs
249,Prix MAdicis  Essai
250,AKO / ECI Literatuurprijs
251,Prix du Meilleur Livre Atranger  Essai
252,De Inktaap Nominee
253,Libris Geschiedenis Prijs
254,Prix Aujourd'hui
255,Brusseprijs Nominee
256,Cundill History Prize Nominee  Recognition of Excellence
257,Hurston/Wright Legacy Award Nominee  Debut Fiction
258,Washington State Book Award  Fiction
259,Sunburst Award Nominee  Canadian Novel
260,Canadian Authors Association Award  Fiction
261,Rogers Writers' Trust Fiction Prize Nominee
262,Audie Award  Inspirational/Faith-Based Nonfiction
263,Kindle Book Award Nominee  Mystery/Thriller (Semi-Finalist)
264,Readers' Favorite Book Award  Romance - Contemporary (Gold)
265,Kindle Book Award Nominee  Romance (Semi-Finalist)
266,Honorable Mention
267,Premio Planeta
268,Premio San Clemente  Novela CastelA
269,ECPA Christian Book Award  Christian Living
270,Readers' Favorite Book Award
271,Shirley Jackson Award Nominee  Novel
272,Readers' Favorite Book Award  Fiction - Fantasy - Epic (Silver)
273,The Kitschies Nominee  The Inky Tentacle (Cover)
274,Dragon Award Nominee  Best Young Adult/Middle Grade Novel
275,Locus Award Nominee  Best Anthology
276,Iowa Teen Award Nominee
277,Locus Award Nominee  Best Art Book
278,Goodreads Choice Award Nominee  Picture Book
279,Michael L. Printz Award Nominee
280,Michigan Library Association Thumbs Up! Award Nominee
281,PrAamio Rachel de Queiroz  Best Novel
282,J. A. Hollon palkinto
283,Macavity Award  Best First Mystery Novel
284,Anthony Award  Best Paperback Original
285,Shamus Award Nominee  Best Original PI Paperback
286,Edgar Award Nominee  Best Paperback Original
287,U2 U1UU U UUUU U1 U (U  U) / International Prize  Arabic Fiction (IPAF) Nominee
288,Prix du roman Fnac
289,Prix des libraires du QuAbec  LaurAats hors QuAbec
290,Prix Renaudot des lycAens
291,Grand Prix des lectrices de Elle  roman
292,Prix roman France TAlAvisions
293,Grand prix de l'hAroA ne Madame Figaro  Roman
294,Kusala Sastra Khatulistiwa Nominee  Fiksi - longlist
295,PEN Translation Prize Nominee  Sinan Antoon
296,ALTA National Translation Award
297,Man Asian Literary Prize Nominee
298,Norka Roots Pravasi Award Youth India Award
299,DSC Prize Nominee  South Asian Literature
300,Audie Award Nominee  Teen
301,Garden State Book Award
302,Andre Norton Award Nominee
303,Gelett Burgess Children's Book Award
304,Michael L. Printz Award
305,Coretta Scott King Book Award  Author Honor
306,Boston Globe-Horn Book Award Nominee  Fiction
307,National Book Award Finalist  Young People's Literature
308,Waterstones Book of the Year Nominee
309,Premio El Templo de las Mil Puertas Nominee  Mejor novela extranjera independiente
310,David Gemmell Morningstar Award  Best Fantasy Newcomer
311,Goodreads Choice Award Nominee  Fantasy &  Debut Goodreads Author
312,Reddit r/fantasy Stabby Award  Best Debut Novel
313,BookNest Award Nominee  Best Debut Novel
314,Audie Award Nominee  Young Adult
315,ALAN's Amelia Elizabeth Walden Book Award Winnter
316,Audie Award  Solo Narration - Male
317,SCBWI Golden Kite Award  Picture Book Illustration
318,Calinia Young Readers Medal  Primary
319,South Carolina Book Award Nominee  Young Adult Book Award
320,Iowa Teen Award
321,Reina Prinsen Geerligsprijs
322,The Inky Awards Nominee  Silver Inky
323,Manchester Book Award Nominee  Longlist
324,North East Teenage Book Award Nominee
325,Christy Award Nominee  Suspense
326,Readers' Favorite Book Award Nominee  Women's Fiction
327,Global Ebook Awards  Speculative Fiction
328,American Institute of Physics Science Writing Award  Scientist
329,Bollinger Everyman Wodehouse Prize Nominee  Comic Fiction
330,Pennsylvania Young Readers' Choice Award Nominee  Young Adults
331,National Jewish Book Award  Fiction
332,BTBA Best Translated Book Award Nominee  Fiction longlist
333,Independent Foreign Fiction Prize Nominee  Longlist
334,National Book Critics Circle Award Nominee  Fiction
335,Jewish Quarterly-Wingate Prize
336,Grand prix de l'hAroA ne Madame Figaro  Roman Atranger
337,Strand Critics Award  Best First Novel
338,Deutscher Krimi Preis  2. Platz International
339,SCBWI Crystal Kite Member Choice Award  New England
340,The Inky Awards Shortlist  Silver Inky
341,Goodreads Choice Award  Memoir & Autobiography
342,Judy Lopez Memorial Award  Children's Literature Nominee
343,The Magnolia Award Nominee  3-5
344,Coretta Scott King Book Award  Author
345,Anugerah Pembaca Indonesia Nominee  Buku dan Penulis Fiksi Terfavorit - Shortlist
346,Premio El Templo de las Mil Puertas  Mejor novela nacional independiente
347,eLit Book Award  LGBT Fiction - Silver
348,Locus Award Nominee  Best Science Fiction Novel
349,Prix Aurora Award Nominee  Best Novel
350,The Kitschies Nominee  Red Tentacle (Novel)
351,Locus Award Nominee  Best Young Adult Book
352,Lodestar Award Nominee
353,South Carolina Book Award Nominee  Junior Book
354,Goodreads Choice Award Nominee  Business Books
355,World Fantasy Award  Best Novel
356,PEN Translation Prize  Ibrahim Muhawi
357,Romantic Novel of the Year (RoNa's) Award
358,Nautilus Book Award  Cosmology/New Science
359,Society of Midland Authors Award  Adult Fiction
360,Newbery Medal
361,LovelyBooks Leserpreis Nominee  Allgemeine Literatur
362,Zilveren Vingerafdruk
363,Palestine Book Awards Nominee  Shortlist
364,Red House Children's Book Award
365,Gouden Lijst  vertaald boek
366,UUaU34 a U34U U Nominee
367,St. Francis College Literary Prize Nominee
368,Gumshoe Award Nominee  Best First Novel
369,Locus Award Nominee  Best Science Fiction
370,Australian Book Industry Award (ABIA)  International Book
371,Walter Scott Prize Nominee
372,Childrenas Peace Literature Award
373,Adelaide Festival Award  Children's Literature
374,Aurealis Award  Best Fantasy Novel
375,The Inky Awards  Gold Inky
376,Australian Book Industry Award (ABIA) Nominee  Older Children (ages 8-14)
377,Edgar Award  Best Fact Crime
378,Premio de traducciA3n literaria Valle InclAn Nominee  John Cullen
379,Premi Llibreter de narrativa
380,aae3  6th place
381,Will Eisner Comic Industry Awards  Best U.S. Edition of International Material
382,Valtion kirjallisuuspalkinto
383,Washington State Sasquatch Award Nominee
384,Premio San Clemente  Novela Estranxeira
385,Best Turkish Novel of the Year
386,PEN Translation Prize Nominee  Alison Entrekin
387,Walter Dean Myers Award
388,Bram Stoker Award  Best Novel
389,National Book Award Finalist  Translation
390,RSL Encore Award Nominee
391,Schneider Family Book Award  Teen Book
392,Pulitzer Prize  History
393,Henry Adams Prize
394,The Society  Military History Distinguished Book Award
395,Sid Fleischman Humor Award
396,John and Patricia Beatty Award
397,Calinia Young Readers Medal  Middle School/Junior High
398,Calinia Book Award  Juvenile (Silver)
399,Oklahoma Sequoyah Award
400,The Story Prize
401,aae3 Nominee  Translated Fiction
402,National Book Award  First Novel
403,Reader Views Literary Award  Teens: Young Adult (2nd Place)
404,Pacific Northwest Library Association Young Reader's Choice Award
405,Iowa Children's Choice Award Nominee
406,Rebecca Caudill Young Readers' Book Award
407,British Science Fiction Association Award  50th Anniversary Award Best Novel of 1958
408,Prix Jules Verne
409,Bram Stoker Award Nominee  Best Novel
410,South Carolina Book Award  Young Adult
411,Cybils Award Nominee  Young Adult Fiction
412,Guardian First Book Award Nominee  Longlist
413,Costa Book Award  First Novel
414,Anisfield-Wolf Book Award
415,Lillian Smith Book Award
416,Tanizaki Prize ea 12a ee3
417,Rainbow Award  Bisexual Debut
418,Colorado Book Award  Literary Fiction
419,Commonwealth Writers' Prize  Best Book in South Asia and Europe
420,Literaturpreis der Jury der jungen Leser  Jugendbuch
421,Rainbow Award Nominee  Best LGBT Young Adult
422,Stonewall Book Award  Literature
423,Prix du Meilleur Livre Atranger  Roman
424,International Dublin Literary Award
425,Atlantic Independent Booksellersa Choice Award Nominee
426,Commonwealth Writers' Prize  Best Book in Caribbean and Canada
427,Hawthornden Prize
428,Sahitya Akademi Award
429,William C. Morris YA Debut Award Nominee
430,Los Angeles Times Book Prize  Science and Technology
431,Locus Award  Best SF Novel
432,Grand Prix de l'Imaginaire  Traduction
433,Dragon Award Nominee  Best Science Fiction Novel
434,Audie Award  Multi-Voiced Permance
435,South Carolina Book Award Nominee  Young Adult
436,Dylan Thomas Prize
437,Sunday Times/Peters Fraser + Dunlop Young Writer of the Year Award
438,Goldsmiths Prize Nominee
439,Europese Literatuurprijs
440,Andrew Carnegie Medal Nominee  Nonfiction
441,Goodreads Choice Award Nominee  Memoir & Autobiography
442,Orwell Prize Nominee  Political Fiction  Shortlist
443,Women's Prize  Fiction Nominee  Shortlist
444,Locus Award Nominee  Best First Novel
445,Compton Crook Award Nominee
446,Audie Award Nominee  Best Female Narrator and Winner  Fantasy
447,The Kitschies Nominee  Golden Tentacle (Debut)
448,Goodreads Choice Award Nominee  Fantasy and  Debut Novel
449,PEN Open Book Award
450,Dylan Thomas Prize Nominee  Longlist
451,Edge Hill Short Story Prize Nominee  Longlist
452,Children's Book Council of Australia Award Nominee  Older Readers
453,Prime Minister's Literary Awards  Young Adult Fiction Winner
454,Australian Independent Booksellers Indie Book Award  Book of the Year Young Adult
455,Queensland Literary Awards  Griffith University Young Adult Book
456,The Inky Awards Shortlist  Gold Inky
457,Golden Duck Award  Middle Grades (Eleanor Cameron Award)
458,Keystone to Reading Book Award  Intermediate
459,WILLA Literary Award  Historical Fiction
460,Scotiabank Giller Prize Nominee
461,Ethel Wilson Fiction Prize
462,Tassy Walden Award  New Voices in Childrenas Literature
463,Shamus Award  Best PI Hardcover
464,Edgar Award Nominee  Best Novel
465,Georgia Peach Book Award Nominee  Honor book
466,Goldener Lufti
467,PrAamio Jabuti  Melhor Livro de Arte
468,Exclusive Books Boeke Prize
469,Flicker Tale Children's Book Award Nominee  Intermediate
470,Agatha Award Nominee  Best Childrens Young Adult
471,Charlie May Simon Children's Book Award
472,Writer's Digest Self-Published Book Competition Nominee  Mainsteam/Literary Fiction
473,USA Best Book Award  Fiction: Chick Lit/Women's Lit
474,National Indie Excellence Awards  Chick-Lit
475,PrAmio LiterArio JosA Saramago
476,Josette Frank Award
477,SCBWI Golden Kite Award  Fiction
478,Goodreads Choice Award Nominee  Chick Lit
479,Pulitzer Prize  Drama
480,Goodreads Choice Award  Humor
481,British Fantasy Award Nominee  Best Anthology
482,Scotiabank Giller Prize
483,Canadian Booksellers Association Libris Award  Fiction Book
484,Alberta Readers' Choice Award Nominee
485,Lambda Literary Award Nominee  Lesbian General Fiction
486,South Carolina Book Award  Junior Book
487,Oregon Spirit Book Award  Young Adult
488,Missouri Truman Readers Award
489,Premio AzorAn de Novela
490,Dylan Thomas Prize Nominee
491,Desmond Elliott Prize
492,Geoffrey Faber Memorial Prize
493,Women's Prize  Fiction
494,Specsavers National Book Award Nominee  International Author of the Year
495,Goldsmiths Prize
496,Rathbones Folio Prize Nominee
497,Oxd-Weidenfeld Translation Prize Nominee  Stephen Pearl
498,Goodreads Choice Award  Nonfiction
499,Goodreads Choice Award Nominee  Young Adult Fantasy & Science Fiction
500,Nebula Award Nominee  Best Novelette
501,World Fantasy Award Nominee  Collection
502,PEN/Robert W. Bingham Prize Nominee  Shortlist
503,Shirley Jackson Award  Single Author Collection
504,Los Angeles Times Book Prize Nominee  Art Seidenbaum Award  First Fiction
505,Lambda Literary Award  Lesbian Fiction
506,Dylan Thomas Prize Nominee  Shortlist
507,National Book Critics Circle Award  John Leonard Prize
508,NAIBA Book of the Year  Fiction
509,Kirkus Prize Nominee  Fiction
510,Brooklyn Public Library Literary Prize  Fiction & Poetry
511,Will Eisner Comic Industry Awards  Best Publication  Kids (ages 9-12)
512,South Carolina Book Award  Junior Book Award
513,Nagroda Nautilus  Novel
514,Calinia Book Award  General Literature (Silver)
515,Seiun Award e2e3 Nominee  Best Translated Novel
516,RITA Award by Romance Writers of America Nominee  Paranormal Romance
517,Calinia Book Award  Nonfiction (Silver)
518,Los Angeles Times Book Prize  Young Adult Literature
519,Deutscher Jugendliteraturpreis Nominee  Jugendbuch
520,Booktrust Teenage Prize Shortlist
521,RITA Award by Romance Writers of America Nominee  Young Adult Romance & Nominee  First Book
522,Odakkuzhal Award
523,Minnesota Book Award Nominee  Young Peopleas Literature
524,Left Coast Crime Award Nominee  Mystery novel with best sidekick (Watson Award)
525,Guardian Children's Fiction Prize
526,Bookworm Best Award Nominee
527,Audie Award  History/Biography
528,Angelus
529,American Book Award
530,Ars Translationis
531,Schlegel-Tieck Prize  John E. Woods
532,San Francisco Book Festival Nominee  Children's Book (Honorable Mention)
533,Kalevi JAntin palkinto
534,James Tiptree Jr. Award Nominee
535,Nuori Aleksis -palkinto
536,TAhtivaeltaja Award Nominee
537,HelMet Award  YleisAn suosikki
538,Specsavers National Book Award Nominee  UK Author of the Year
539,James Fenimore Cooper Prize
540,eLit Book Award  LGBT Fiction - Gold
541,Prix Renaudot
542,Prix Goncourt des LycAens
543,Prix des prix littAraires Nominee
544,NCR Book Award
545,J.R. Ackerley Prize  Autobiography
546,National Jewish Book Award  Holocaust
547,Prix Conversation
548,National Book Award  Fiction (Split award)
549,Goodreads Choice Award Nominee  Horror
550,This is Horror Award  Novel
551,Goodreads Choice Award Nominee  Fiction and  Debut Author
552,Reading Women Award Nominee  Fiction
553,Bram Stoker Award Nominee  Best Young Adult Novel
554,Locus Award  Young Adult Book
555,Nautilus Book Award  Multicultural & Indigenous (Gold)
556,NAACP Image Award Nominee  Nonfiction
557,Lambda Literary Award  Gay General Fiction
558,Locus Award Nominee  Best SF Novel
559,Seiun Award e2e3  Best Foreign Novel
560,Winifred Holtby Memorial Prize
561,Rhode Island Teen Book Award
562,Sheila A. Egoff Childrenas Literature Prize Nominee
563,James Tait Black Memorial Prize Nominee  Biography
564,Costa Book Award  Biography
565,Los Angeles Times Book Prize  Biography
566,Deutscher Krimi Preis  3. Platz International
567,Corine Internationaler Buchpreis  Belletristik
568,Calinia Book Award  Nonfiction (Gold)
569,Locus Award  Best First Novel
570,Arthur C. Clarke Award Nominee  Best Novel
571,Maharashtra Gaurav
572,Jewish Quarterly-Wingate Prize Nominee
573,Colorado Book Award  Thriller
574,Anugerah Pembaca Indonesia  Buku dan Penulis Fiksi Terfavorit
575,PrAmio CamAes
576,RITA Award by Romance Writers of America Nominee  Young Adult Romance
577,CLMP Firecracker Award  Young Adult
578,Goodreads Choice Award Nominee  Debut Goodreads Author
579,Anthony Award Nominee  Best Novel in a Series (Bill Crider Award)
580,The Royal Society of Literature Ondaatje Prize Nominee
581,Locus Award  Best Science Fiction Novel
582,Prix Aurora Award  Best Long Form Work in English
583,Canadian Library Association Young Adult Book Award Nominee
584,Amazon.ca First Novel Award
585,OLA Evergreen Award
586,Lambda Literary Award Nominee  Gay Men's Debut Fiction
587,HOLT Medallion by Virginia Romance Writers Nominee  Romantic Suspense
588,National Book Award Finalist  Autobiography/Biography (Hardcover)
589,ITW Thriller Award Nominee  Best First Novel
590,E.B. White Read Aloud Award Nominee
591,Massachusetts Book Award Nominee  Children's/Young Adult Literature
592,Borders Original Voices Award  YA or Independent Reader
593,Texas Bluebonnet Award Nominee
594,Society of Midland Authors Award  Children's Fiction
595,Das politische Buch
596,Bram Stoker Award Nominee  Best Graphic Novel
597,British Fantasy Award  Best Comic/Graphic Novel
598,Sunburst Award Nominee  Adult
599,Prix Elbakin.net  Meilleur roman fantasy traduit
600,Copper Cylinder Award  Adult
601,Audie Award  Solo Narration - Female
602,The Kitschies Nominee  Red Tentacle
603,AmAricas Award
604,Pura BelprA Award  Narrative
605,Grammy Award  Best Spoken Word Album
606,British Science Fiction Association Award Nominee  Best Novel
607,British Fantasy Award  Best Fantasy Novel (Robert Holdstock Award)
608,James Herbert Award Nominee
609,The Magnolia Award  9-12
610,ATKV Award  Prose
611,Prix MystA re de la Critique  Best Foreign Novel
612,Anthony Award Nominee  Best Novel
613,Hammett Prize Nominee
614,Preis der Leipziger Buchmesse Nominee  Abersetzung
615,Mary Higgins Clark Award Nominee
616,Goodreads Choice Award  Mystery & Thriller
617,Hugo Award Nominee  Best Novella
618,Nebula Award Nominee  Best Novella
619,World Fantasy Award Nominee  Novella
620,Evergreen Teen Book Award Nominee  Middle School
621,Publieksprijs voor het Nederlandse Boek
622,Rhode Island Teen Book Award Nominee  Honorable Mention
623,Buxtehuder Bulle
624,Dragon Award  Best Science Fiction Novel
625,Prometheus Hall of Fame Award
626,Booker Prize Nominee  Longlist
627,Commonwealth Writers' Prize  Best Book in Africa
628,Barry Award Nominee  Best Thriller
629,ITW Thriller Award  Best First Novel
630,Edgar Award  Best First Novel
631,Romantic Times Reviewers' Choice Award (RT Award) Nominee  Vampire Romance
632,Miles Franklin Literary Award Nominee
633,Locus Award  Best Non-Fiction
634,Helen and Kurt Wolff Translator's Prize Nominee
635,Guardian First Book Award
636,Agatha Award Nominee  Best Novel
637,Harvey Awards  Best Cartoonist ( Jeff Smith)
638,Dayton Literary Peace Prize Nominee  Nonfiction
639,Carnegie Medal
640,Kurd-LaAwitz-Preis Nominee  Bester auslAndischer SF-Roman
641,John W. Campbell Memorial Award
642,Ditmar Award  Best Australian Long Fiction
643,Premio Ignotus Nominee  Mejor novela extranjera
644,Reader Views Literary Award  Spirituality/Inspiration (1st Place)
645,Michigan Library Association Thumbs Up! Award
646,Amelia Elizabeth Walden Award Nominee
647,Cybils Award Nominee
648,Grand Prix de l'Imaginaire  Jeunesse
649,Australian Book Industry Award (ABIA) Nominee  General Fiction
650,New York Book Festival Nominee  Wild Card
651,Hollywood Book Festival Awards Nominee
652,Locus Award  Best Young Adult Book
653,John W. Campbell Memorial Award Nominee
654,Grand Prix de l'Imaginaire Nominee  Roman Atranger and Traduction
655,British Fantasy Award Nominee  Best Novel (Robert Holdstock Award)
656,Deutscher Jugendliteraturpreis  Bilderbuch
657,Hea Lasteraamat
658,ao 2eaa aaa12   aeaae
659,Whitbread Award  Poetry and Book of the Year
660,T.S. Eliot Prize  Poetry
661,Forward Prize  Best Collection
662,David Gemmell Legend Award Nominee  Best Fantasy Novel
663,David Gemmell Ravenheart Award Nominee  Best Fantasy Cover Art
664,BookNest Award  Best Traditionally Published Novel
665,Goodreads Choice Award Nominee  Romance and Debut Novel
666,Deutscher Jugendliteraturpreis  Preis der Jugendjury
667,North East Teenage Book Award
668,Goodreads Choice Award Nominee  Debut Author
669,Anugerah Pembaca Indonesia Nominee
670,New York Public Library Young Lions Fiction Award Nominee
671,Colorado Book Award  Young Adult
672,New South Wales Premier's Literary Award  Christina Stead Prize  Fiction & Community Relations Commission Award
673,Commonwealth Writers' Prize  Best Book Overall
674,Australian Book Industry Award (ABIA)  Literary Fiction and  Book of the Year
675,Nita B. Kibble Literary Award Nominee
676,Akateemisen kirjakaupan myydyin esikoisteos
677,Kaarlen palkinto
678,Prix des Libraires
679,Prix Tropiques
680,Literaturpreis der Jury der jungen Leser  Kritikerpreis
681,Prix Gabrielle-d'EstrAes
682,Aurealis Award  Children's Fiction
683,Australian Independent Booksellers Indie Book Award Nominee  Children's
684,Bram Stoker Award Nominee  Best First Novel
685,British Book Award Nominee
686,Oregon Book Award Nominee  Fiction (Finalist)
687,Spur Award Nominee  Best First Novel
688,Anugerah Pembaca Indonesia Nominee  Sampul Buku Fiksi Terfavorit - Shortlist
689,Harvey Awards Nominee  Best Graphic Album
690,Will Eisner Comic Industry Awards  Best Archival Collection/Project - Comic Books
691,Prijs van de Nederlandse Kinderjury  10-12 jaar
692,The Magnolia Award  3-5
693,Desmond Elliott Prize Nominee  Shortlist
694,Women's Prize  Fiction Nominee  Longlist
695,Betty Trask Award
696,Specsavers National Book Award Nominee  Books Are My Bag New Writer of the Year; Specsavers Popular Fiction Book of the Year
697,Green Carnation Prize Nominee
698,Nebula Award Nominee  Best Short Story
699,Aurealis Award  Best Young Adult Novel & Golden Aurealis  Best Novel
700,British Fantasy Award Nominee  Best Horror Novel (the August Derleth Award)
701,Leeds Book Awards Nominee  14-16
702,Great Lakes Great Books Award  4-5
703,NAIBA Book of the Year  Middle Grade
704,NCTE Charlotte Huck Honor Book
705,Prix MAdicis
706,Scott Moncrieff Prize  Geoffrey Strachan
707,Pennsylvania Young Readers' Choice Award Nominee
708,Pulitzer Prize  Biography or Autobiography
709,Batchelder Award
710,Angelus Nominee
711,Prix CAvennes du roman europAen
712,New South Wales Premier's Literary Award Nominee  Ethel Turner Prize  Young People's Literature
713,Western Australian Premier's Book Award Nominee  Young Adult
714,The Inky Awards Nominee  Gold Inky
715,AKO / ECI Literatuurprijs Nominee
716,Lucy B. en C.W. van der Hoogtprijs
717,PEN Award  Poetry in Translation  Richard Sieburth
718,PEN/Hemingway Foundation Award
719,Internationaler Literaturpreis a Haus der Kulturen der Welt
720,New York City Book Award  Fiction
721,Flicker Tale Children's Book Award Nominee  Juvenile
722,National Book Critics Circle Award Nominee  Biography
723,Andrew Carnegie Medal Nominee  Nonfiction (Shortlist)
724,PEN/Robert W. Bingham Prize
725,National Book Award  Young People's Literature
726,Independent Publisher Book Award (IPPY)  Gold
727,Barry Award  Best British Crime Novel
728,Macavity Award  Best Mystery Novel
729,Anthony Award  Best Novel
730,Dilys Award
731,Los Angeles Times Book Prize  Mystery/Thriller
732,Hugo Award  Best Novel
733,Nebula Award  Best Novel
734,Anugerah Pembaca Indonesia Nominee  Penulis dan Buku Fiksi Terfavorit - Shortlist & Sampul Buku Fiksi Terfavorit - Shortlist
735,USA Best Book Award  Chick Lit and Romance
736,North Carolina Young Adult Book Award  Middle School
737,Massachusetts Children's Book Award Winner
738,Romantic Times Reviewers' Choice Award (RT Award) Nominee  Scotland-set Historical Romance
739,PrAamio Portugal Telecom de Literatura
740,Yunus Nadi Awards  Roman
741,RITA Award by Romance Writers of America Nominee  Romantic Suspense
742,Romantic Times Reviewers' Choice Award (RT Award)  Contemporary Mystery
743,Grand Canyon Reader Award  Intermediate Book
744,Charlie May Simon Children's Book Award Nominee
745,Calinia Young Readers Medal  Intermediate
746,Romantic Times Reviewers' Choice Award (RT Award)  Best Young Adult Novel
747,SA rlandets litteraturpris
748,Bokhandlerprisen Nominee
749,Havmannprisen
750,UPrisen Nominee
751,Stora Ljudbokspriset Nominee
752,Goodreads Choice Award  Business Books
753,National Book Award Nominee  Young People's Literature
754,Stonewall Book Award Nominee  Childrenas and Young Adult Literature
755,Maryland Black-Eyed Susan Book Award  Grade 4-6
756,Jarl Hellemann -palkinto
757,Deutscher Jugendliteraturpreis  Jugendbuch
758,Romantic Times Reviewers' Choice Award (RT Award) Nominee  Best Young Adult Novel
759,"Best Artist ( Alex Ross) & Special Award  Excellence in Presentation AND nominated  Best Single Issue or Story (""Marvels #1"") & Best Writer ( Kurt Busiek)"
760,Best Publication Design
761,Christy Award Nominee  Visionary
762,Batchelder Award Nominee
763,Vlag en Wimpel Griffeljury
764,IIIII1IoI IIII2II I III3IIIII12I II  II I I1IIIIII14I (I' IIII2II I)
765,Kindle Book Award Nominee  Suspense/Horror (Finalist)
766,Shincho Prize
767,Premio MazatlAn de Literatura
768,Goodreads Choice Award Nominee  Mystery/Thriller
769,Mythopoeic Fantasy Award Nominee  Childrenas Literature
770,RITA Award by Romance Writers of America Nominee  Long Contemporary Series Romance
771,Text Prize  YA and Children's Writing
772,Dioraphte Jongerenliteratuurprijs Nominee  vertaald boek
773,Premio El Barco de Vapor
774,Prix europAen Utopiales des pays de la Loire
775,Barry Award Nominee  Best Novel
776,Bruce Alexander Memorial Historical Mystery Award Nominee
777,Edgar Award  Best Novel
778,Florida Book Award  General Fiction - Gold
779,Naoki Prize c  a aaoe3 Nominee
780,Orwell Prize  Political Fiction
781,Premio Internacional de Novela RA3mulo Gallegos
782,Prix Femina  Atranger
783,Premio Fastenrath
784,PEN/Faulkner Award  Fiction Nominee
785,International Dublin Literary Award Nominee  Shortlist
786,Kirkus Prize Nominee  Fiction (Finalist)
787,Independent Publisher Book Award (IPPY)  Historical/Military Fiction
788,Alabama Author Award  Fiction
789,National Book Award Finalist
790,Aurealis Award  Young Adult Novel
791,Gandalf Award Nominee
792,All About Romance (AAR) Annual Reader Poll  Favorite European Historical Romance
793,Gordon Montador Award
794,Teen Buckeye Book Award Nominee
795,Prix Aurora Award Nominee  Best of the Decade
796,Cornelius Ryan Award
797,Audie Award  Fiction
798,Martin Beck Award
799,The Center  Fiction First Novel Prize Nominee
800,Mythopoeic Fantasy Award  Children's Literature
801,Cybils Award Nominee  Fantasy & Science Fiction (Young Adult)
802,Anthony Award Nominee  Best Critical or Nonfiction Work
803,Agatha Award Nominee  Best Nonfiction Book
804,Prix du Festival d'AngoulAame  Prix du public
805,Festival de la BD francophone de QuAbec 2010 - Grand prix de la ville de QuAbec - Meilleur album de langue franAaise publiA
806,Joe Shuster Award  Cartonnist/CrAateur
807,Prix BAdAlys QuAbec
808,Lambda Literary Award Nominee  LGBT Sci Fi/Fantasy/Horror & Transgender Fiction
809,Rainbow Award  Best Bisexual/Transgender Sci-Fi / Paranormal / Fantasy
810,National Book Critics Circle Award Nominee  Biography/Autobiography
811,Sidewise Award  Long Form
812,Locus Award Nominee  Best Collection
813,World Fantasy Award Nominee  Best Collection
814,Prix Ozone  Roman fantastique francophone
815,Royal Society Science Book Prize
816,Young Hoosier Book Award Nominee  Middle Grades
817,Maryland Black-Eyed Susan Book Award  Grades 6-9
818,National Book Critics Circle Award Nominee  Criticism
819,Susanne K. Langer Award  Outstanding Scholarship in the Ecology of Symbolic Form
820,John Llewellyn Rhys Prize Nominee
821,Caldecott Medal Nominee
822,Book Sense Book of the Year Award Nominee  Children's Illustrated
823,Charlotte Zolotow Award Nominee  Highly Commended Title
824,Vermont's Picture Book Awards: Red Clover
825,Charlotte Award
826,Maryland Black-Eyed Susan Book Award  Picture Book
827,Calinia Young Readers Medal Nominee  Primary
828,Irma Black Award Nominee
829,Christy Award Nominee  Young Adult
830,Cybils Award Nominee  Young Adult Fantasy & Science Fiction
831,Independent Publisher Book Award (IPPY) Nominee  Fiction - General (Finalist)
832,Schneider Family Book Award  Middle School Book
833,Cybils Award Nominee  Middle Grade Fiction
834,and Nominee  Best SF Novel
835,British Science Fiction Association Award Nominee
836,Premio Ignotus Nominee  Mejor novela extranjera (Best Foreign Novel)
837,Prix Tour-Apollo Award
838,SF Chronicle Award Nominee  Novel
839,
840,Wellcome Book Prize Nominee  Shortlist
841,Hammett Prize
842,IAFA William L. Crawd Fantasy Award
843,Mark Twain Award Nominee
844,South Carolina Book Award Nominee
845,7th & 8th Grade
846,Prix Femina
847,MadaralA Roman AdA14lA14
848,Premi Llibreter de narrativa Nominee
849,Children's Book Council of Australia Award  Book of the Year: Younger Readers
850,Kids Own Australian Literature Awards (KOALA)  Older Readers
851,Queensland Premier's Literary Awards  Children's Book
852,Prix Julia Verlanger
853,Grand Prix de l'Imaginaire  Roman francophone
854,Independent Foreign Fiction Prize Nominee
855,Kniha roku
856,National Book Award Finalist  History and Biography
857,Fletcher Pratt Award
858,Premio Nadal
859,"Hugo Award Nominee  Best Novelette  ""Anxiety is the Dizziness of Freedom"""
860,"Nebula Award Nominee  Best Novella  ""Anxiety Is the Dizziness of Freedom"""
861,"Locus Award Nominee  Best Collection and Nominee  Best Novelette  ""Omphalos"""
862,Fantasy & Speculative Fiction (Ray Bradbury Prize)
863,Stonewall Book Award  Children & Young Persons Literature
864,Los Angeles Times Book Prize Nominee  Young Adult Literature
865,Deutscher BA14cherpreis  Publikumspreis
866,Locus Award Nominee  All-Time Best SF Novel
867,National Book Award Finalist  Contemporary Affairs
868,Prometheus Award  Best Novel
869,British Fantasy Award Nominee  Best Novel
870,Pacific Northwest Booksellers Association Award
871,Anthony Award Nominee  Best First Mystery Novel
872,RITA Award by Romance Writers of America Nominee  Novel with Strong Romantic Elements
873,Romantic Times Reviewers' Choice Award (RT Award)  Best Paranormal/Fantasy/Sci-Fi Best Erotic Romance
874,Beach Book Festival  Romance
875,Christy Award Nominee  Historical Romance
876,Orange Prize Nominee  Fiction
877,Tasmania Pacific Region Prize
878,Ockham New Zealand Book Awards  Deutz Medal  Fiction or Poetry (Montana NZ Awards)
879,Premio Internacional RBA de Novela Negra
880,Grand prix du roman noir (Festival du film policier de Cognac)  roman noir Atranger
881,Scott O'Dell Award
882,Calinia Young Readers Medal Nominee  Middle School/Junior High
883,Goodreads Choice Award Nominee
884,AEGON MAvAszeti DAj (AEGON Art Award) Nominee  Shortlist
885,Grand Prix de l'Imaginaire  Roman francophone pour la jeunesse
886,Christy Award  Visionary
887,Will Eisner Comic Industry Awards Nominee  Best U.S. Edition of International Material
888,Goodreads Choice Award Nominee  Poetry
889,Goodreads Choice Award  Romance and Nominee  Debut Author
890,Locus Award  Novella
891,John W. Campbell Memorial Award  Best Science Fiction Novel
892,National Book Critics Circle Award  Biography/Autobiography
893,Kurd-LaAwitz-Preis  Foreign Novel
894,Unabridged
895,New York City Book Award  Book of the Year
896,Dayton Literary Peace Prize  Fiction
897,Minnesota Book Award  Novel & Short Story
898,World Fantasy Award  Best Collection
899,Financial Times and McKinsey Business Book of the Year Nominee  Longlist
900,Whitney Award Nominee
901,Letters of Mormon Arts Award
902,Bobbitt National Prize  Poetry  Poetry
903,T.S. Eliot Prize  Poetry Nominee
904,Sister Mariella Gable Prize
905,Los Angeles Times Book Prize  Poetry
906,National Book Critics Circle Award  Poetry
907,National Book Award Finalist  Poetry
908,PEN Center USA Literary Award  Poetry
909,Premio de la CrAtica de narrativa castellana
910,Premio Strega Europeo
911,Premio Francisco Umbral al libro del aAo
912,PrAmio LiterArio Giuseppe Tomasi di Lampedusa International
913,Premio Nacional de Narrativa
914,Commonwealth Writers' Prize  Best First Book in Caribbean and Canada
915,John Spray Mystery Award
916,OLA Forest of Reading Red Maple Award Nominee  Best Fiction
917,DABWAHA Romance Tournament Nominee  Best Paranormal/Urban Fantasy/Science Fiction
918,RITA Award by Romance Writers of America Nominee  Best Romance of the Year & Nominee  Historical Single Title Romance
919,Montana Book Award Nominee
920,Goodreads Choice Award Nominee  History and Biography
921,Pulitzer Prize  General Nonfiction
922,Independent Foreign Fiction Prize
923,SAch Hay
924,Nikkei Asia Prizes
925,Giaoi thang Hai NhA VAn Viat Nam
926,Miles Franklin Literary Award Nominee  Longlist
927,Australian Independent Booksellers Indie Book Award  Book of the Year Fiction
928,Prix Elbakin.net  Meilleur roman fantasy franAais Jeunesse
929,YALSA Award Nominee  Excellence in Nonfiction
930,Costa Book Award Nominee  Novel
931,ITW Thriller Award  Best Young Adult Novel
932,Edgar Award Nominee  Best Young Adult
933,CBC Canada Reads
934,Toronto Book Award Nominee
935,Rogers Writers' Trust Fiction Prize
936,Theakston Old Peculier Crime Novel of the Year Nominee  Longlist
937,Keystone to Reading Book Award Nominee  Intermediate
938,NCTE Charlotte Huck Award Nominee
939,Sydney Taylor Book Award  Older Readers
940,Kentucky Bluegrass Award  K-2
941,Charlotte Zolotow Award Nominee
942,South Carolina Book Award  Picture Book Award
943,Flicker Tale Children's Book Award
944,Golden Archer Award  Primary
945,Buckaroo Book Award
946,Indies Choice Book Award  Picture Book Hall of Fame
947,CLEL Silver Bell Award Nominee  Talk
948,RITA Award by Romance Writers of America Nominee  Inspirational Romance
949,Great Lakes Colleges Association New Writers Award  Fiction
950,Utah Book Award  Young Adults
951,INSPY  Young Adult Fiction
952,Romantic Times Reviewers' Choice Award (RT Award)  Best Paranormal Fiction
953,Goodreads Choice Award  Horror
954,Rainbow Award Nominee  LGBT Cover
955,Hurston/Wright Legacy Award  Nonfiction
956,Claudia Lewis Award  Older Readers
957,South Carolina Book Award  Children's Book
958,Ambassador Book Award  Fiction
959,Romantic Times Reviewers' Choice Award (RT Award)  Romantic Suspense
960,HOLT Medallion by Virginia Romance Writers  Romantic Suspense
961,Gayle Wilson Award of Excellence  Single Title Romantic Suspense
962,PEN Translation Prize Nominee  Margaret Jull Costa
963,Evergreen Teen Book Award Nominee  High School
964,Anthony Award  Best True Crime
965,Premio El Templo de las Mil Puertas Nominee  Mejor novela extranjera perteneciente a saga
966,Gaelyn Gordon Award
967,Sunday Express Book of the Year
968,Vlag en Wimpel Penseeljury
969,Texas Bluebonnet Award
970,CWA New Blood Dagger
971,PEN/Robert W. Bingham Prize Nominee
972,Thomas Wolfe Memorial Literary Award
973,Audie Award  Children's Titles
974,Arthur Ross Book Award  Silver Medal
975,Canadian Booksellers Association Libris Award  NonaFiction Book
976,Samuel Johnson Prize  Non-Fiction
977,Hessell-Tiltman Prize
978,Irish Times International Fiction Prize
979,Adamjee Literary Award
980,Book Sense Book of the Year Award  Adult Nonfiction
981,Ohioana Book Award  Fiction
982,Chicago Tribune Heartland Prize  Nonfiction
983,National Outdoor Book Award  History/Biography
984,StAtnA cena za literaturu
985,South Carolina Book Award  Young Adult Book Award
986,Keystone to Reading Book Award
987,Will Eisner Comic Industry Awards  Best New Series
988,All About Romance (AAR) Annual Reader Poll  Best Contemporary Romance & Best Romance Couple & Honorable Mention  Best Romance Heroine
989,DABWAHA Romance Tournament  Best Contemporary Romance
990,Barry Award  Best Novel
991,ITW Award Nominee  Best Novel
992,BEA Buzz Book  Middle Grade
993,Specsavers National Book Award Nominee  Specsavers Popular Fiction Book of the Year
994,New Mexico Land of Enchantment Award
995,Calinia Young Readers Medal  Young Adult
996,Christy Award  Contemporary
997,Ditmar Award Nominee  Best International Long Fiction
998,Analog Award  Best Serial Novel or Novella
999,HOLT Medallion by Virginia Romance Writers Nominee  Long Inspirational
1000,Bram Stoker Award  Best First Novel
1001,RITA Award by Romance Writers of America Nominee  Long Historical Romance
1002,Leeds Book Awards Nominee
1003,Sir Julius Vogel Award Nominee  Best Novel
1004,Aurealis Award Nominee  Fantasy Novel
1005,Friedrich-Glauser-Preis Nominee  Kriminalroman
1006,Warwick Prize  Writing Nominee  Longlist
1007,Cybils Award
1008,Jane Addams Children's Book Award
1009,Washington State Book Award
1010,Ohioana Book Award  Nonfiction
1011,Wayne S. Vucinich Book Prize Nominee
1012,Leipzig Book Award  European Understanding
1013,Prix Jan Michalski Nominee  Shortlist
1014,2 U UU Ua U1U UU UUU3U U1U
1015,NAIBA Book of the Year  Children's Literature
1016,Preis der Leseratten des ZDF
1017,Retro Hugo Award  Best Novella
1018,Audie Award  Science Fiction/Fantasy
1019,Grand Prix de l'Imaginaire Nominee  Nouvelle AtrangA re
1020,Deutscher Krimi Preis  1. Platz International
1021,Last Laugh Dagger
1022,Costa Book Award Nominee  Children's Book
1023,HOLT Medallion by Virginia Romance Writers Nominee  Best First Book
1024,RITA Award by Romance Writers of America Nominee  Historical Romance
1025,Maine Student Book Award
1026,Will Eisner Comic Industry Awards  Best Publication  Kids (ages 8-12) AND nominated  Best Reality-Based Work
1027,Judy Lopez Memorial Award  Children's Literature
1028,Bluestem Book Award
1029,Kirkus Prize Nominee  Young Readers' Literature (Finalist)
1030,Rhode Island Childrenas Book Award
1031,Grand Canyon Reader Award  Picture Book
1032,Pennsylvania Young Readers' Choice Award  Grades K-3
1033,HOLT Medallion by Virginia Romance Writers Nominee  Extra Spicy/Erotic &  Best First Book
1034,ACFW Carol Award Nominee  Speculative
1035,Sapir Prize  Literature
1036,Jewish Quarterly-Wingate Prize  Fiction
1037,Christy Award Nominee  Historical
1038,Hugo Award  Best Short Story
1039,Aurealis Award Nominee  Best Fantasy Novel
1040,Best Writer/Artist ( Isabel Greenberg)
1041,Odyssey Award Nominee
1042,Edgar Award  Best Young Adult
1043,Flicker Tale Children's Book Award  Young Adult
1044,Coretta Scott King Book Award Nominee  Author Honor
1045,NAACP Image Award Nominee  Youth/Teens
1046,PEN/E.O. Wilson Prize  Literary Science Writing Nominee  Shortlist
1047,AAAS/Subaru SB&F Prize  Excellence in Science Books  Young Adult Science Book
1048,Utah Book Award Nominee  Young Adult Literature
1049,Romance Readers Anonymous (RRA) Award  Best Alternative Realities or Time Travel Romance
1050,P.E.A.R.L. (Paranormal Excellence Award  Romantic Literature) Nominee
1051,Michael Ramsey Prize
1052,RITA Award by Romance Writers of America  Best Novel with Strong Romantic Elements & Nominee  First Book
1053,Agatha Award Nominee  Best First Novel
1054,Kodansha Manga Award  Children's Manga
1055,Phoenix Award (Children's Literature Association)
1056,Nihon SF TaishA Award SFae3
1057,Alabama Author Award  Young Adult
1058,Grand Prix de l'Imaginaire  Roman Atranger
1059,Hugo Award Nominee  Best Graphic Story
1060,Best Writer ( Joe Hill)
1061,Goodreads Choice Award Nominee  Best Graphic Novels & Comics
1062,This is Horror Award  Comic
1063,Christy Award  Historical
1064,Boston Author's Club Award
1065,Young Hoosier Book Award Nominee  Intermediate
1066,West Virginia Children's Book Award
1067,Jefferson Cup
1068,Boston Globe-Horn Book Award
1069,Irma Black Award
1070,British Fantasy Award Nominee  Best Novel (August Derlith Fantasy Award)
1071,PEN Translation Prize Nominee  Peter Bush
1072,IGN Award  Best Original Graphic Novel
1073,Massachusetts Book Award Nominee  Fiction
1074,Calinia Book Award  Fiction (Silver)
1075,Hamilton-Brackett Memorial Award
1076,N 341212  N12NNN N12  123N    N 14 N234   2015 3. a NNN34 14NNN34
1077,Don Carlos Palanca Memorial Awards
1078,RITA Award by Romance Writers of America  Best Contemporary Single Title Romance
1079,Prix du Festival d'AngoulAame  Prix Russie libre
1080,Goodreads Choice Award  Picture Books
1081,Romantic Times Reviewers' Choice Award (RT Award)  Historical Time-Travel
1082,South Carolina Book Award  Picture Book
1083,Flicker Tale Children's Book Award  Picture Books
1084,Keystone to Reading Book Award  Primary
1085,Wanda GAg Read Aloud Book Award
1086,Monarch Award
1087,The Magnolia Award  K-2
1088,CBI Book of the Year  Children's Choice
1089,Clive Staples Award Nominee
1090,34NNN o12 3
1091,Oxd-Weidenfeld Translation Prize Nominee  Lisa C. Hayden
1092,N12N 34N12  XXI 2o
1093,Locus Award Nominee  Best Novella
1094,British Science Fiction Association Award  Best Shorter Fiction
1095,The Kitschies Nominee  Red Tentacle (Best Novel)
1096,Reddit r/fantasy Stabby Award  Best Novella
1097,Macavity Award Nominee  Best Mystery Novel
1098,Shamus Award Nominee  Best PI Novel
1099,Borders Original Voices Award  Picture Books
1100,Los Angeles Times Book Prize  Current Interest
1101,Kiriyama Prize Nominee  Fiction
1102,Crossword Book Award  Fiction
1103,Prix de Flore
1104,All About Romance (AAR) Annual Reader Poll  Best Paranormal Romance
1105,Romantic Times Reviewers' Choice Award (RT Award)  RT Book of the Year
1106,Romantic Times Reviewers' Choice Award (RT Award) Nominee  Scotland Set Historical Romance
1107,Christy Award  Suspense
1108,ITW Thriller Award Nominee  Best Paperback Original
1109,Arthur Ellis Award Nominee  Best Novel
1110,CWA Ian Fleming Steel Dagger
1111,Walter Scott Prize
1112,Spur Award  Best Western Short Novel
1113,WILLA Literary Award Nominee  Historical Fiction (Finalist)
1114,Brageprisen  Open Category - Crime and Thriller
1115,All About Romance (AAR) Annual Reader Poll  Most Tortured Hero (tie) AND Best Buried Treasure Romance
1116,National Book Award  Nonfiction
1117,Oregon Book Award  Nonfiction
1118,National Book Critics Circle Award Nominee  General Nonfiction
1119,Green Mountain Book Award Nominee
1120,Somerset Maugham Award
1121,Bollinger Everyman Wodehouse Prize  Comic Fiction
1122,Saga Award
1123,Book Sense Book of the Year Award  Children's Illustrated
1124,Mitten Award Nominee  Honor Book
1125,Goodreads Choice Award Nominee  Graphic Novel
1126,Costa Book Award  Novel
1127,"Hugo Award  Best Novelette  ""Bloodchild"""
1128,Nebula Award  Best Novelette
1129,"Locus Award  Best Novelette  ""Bloodchild"""
1130,SF Chronicle Award  Best Novelette
1131,Theakston Old Peculier Crime Novel of the Year Nominee
1132,Christy Award  Contemporary Romance
1133,Ethel Wilson Fiction Prize Nominee
1134,New York Public Library Young Lions Fiction Award
1135,Andrew Carnegie Medal Nominee  Fiction (Shortlist)
1136,Sunburst Award  Young Adult
1137,Prix Aurora Award  Best YA Novel
1138,Cybils Award  Speculative Fiction finalist
1139,Copper Cylinder Award  Young Adult
1140,Romantic Times Reviewers' Choice Award (RT Award)  Epic Fantasy Novel
1141,British Science Fiction Association Award  Best Novel
1142,Compton Crook Award
1143,Andre Norton Award
1144,Dragon Award Nominee  Best Young Adult / Middle Grade Novel
1145,Endeavour Award Nominee
1146,Naguib Mahfouz Medal
1147,UUU  UUUU UU2 U1UU U UUUU U1 U (U UU)
1148,2 UU  U UU  UU   (Naguib Mahfouz Award  Literature)
1149,RITA Award by Romance Writers of America Nominee  Contemporary Romance : Long
1150,Kindle Book Award Nominee  Romance
1151,Sibert Medal Nominee
1152,Boston Globe-Horn Book Award Nominee  Nonfiction
1153,Costa Book Award Nominee  Children's
1154,The Macallan Silver Dagger  Fiction
1155,Eliot Rosewater Indiana High School Book Award Nominee
1156,Prix littAraire du Festival du cinAma amAricain de Deauville
1157,Augustpriset Nominee  Children's and Youth Literature
1158,Deutscher Jugendliteraturpreis Nominee  Kinderbuch
1159,Lord Ruthven Award  Fiction
1160,Christy Award  Contemporary Series
1161,Specsavers National Book Award Nominee  Non-fiction Book of the Year
1162,Penderyn Music Book Prize Nominee
1163,Romantic Times Reviewers' Choice Award (RT Award) Nominee  Young Adult Novel
1164,Mythopoeic Fantasy Award  Childrenas Literature
1165,Costa Book Award Nominee  First Novel
1166,Locus Award Nominee  Best Young Adult Novel
1167,RITA Award by Romance Writers of America Nominee  First Book
1168,IIII2II I III3IIIII12I1IoII IIIIIIIIII IIIIII  II3I3IIIII12I III3IIIII12I I
1169,Norma Fleck Award  Canadian Children's Non-Fiction
1170,Red Cedar Book Award  Inmation Book
1171,Diamond Willow Award
1172,Muhammad Hasan Askari Award  Urdu Translation
1173,Harold Morton Landon Translation Award
1174,Schlegel-Tieck Prize  Ian Crockatt
1175,National Aviation Hall of Fame Combs Gates Award -
1176,Goodreads Choice Award  History & Biography
1177,Lambda Literary Award Nominee  LBGT Childrens/Young Adult
1178,Gumshoe Award Nominee  Best Novel
1179,INSPY  Mystery/Thriller
1180,National Book Award  Poetry
1181,Whitbread Award  Novel
1182,Will Eisner Comic Industry Awards Nominee  Best Graphic AlbumaReprint
1183,Premio El Templo de las Mil Puertas Nominee  Mejor novela nacional perteneciente a saga
1184,Kiitos kirjasta -mitali
1185,Neukom Literary Arts Award  Speculative Fiction
1186,Jr.)
1187,RITA Award by Romance Writers of America  Best Inspirational Romance
1188,Debut Author
1189,David J. Langum Sr. Prize  American Historical Fiction
1190,ACFW Carol Award  Speculative
1191,Cholmondeley Award
1192,Eric Gregory Award
1193,HOLT Medallion by Virginia Romance Writers Nominee  Novel with Strong Romantic Elements
1194,DABWAHA Romance Tournament  Best Novel With Strong Romantic Elements
1195,OKRWA National Readers Choice Award  Novel with Romantic Elements
1196,U2U   U U UU U  aU
1197,Best Artist ( Fiona Staples) & Best Cover Artist ( Fiona Staples)
1198,Best Writer ( Brian K. Vaughan) & Best Painter/Multimedia Artist (interior art) ( Fiona Staples) AND nominated  Best Cover Artist ( Fiona Staples)
1199,Lambda Literary Award  LGBT Nonfiction
1200,Helen Bernstein Book Award Nominee  Excellence in Journalism
1201,Kirkus Prize Nominee  Nonfiction (Finalist)
1202,Audie Award Nominee  Literary Fiction & Classics
1203,Goodreads Choice Award Nominee  Historical Fiction and  Debut Novel
1204,Lambda Literary Award Nominee  Humor
1205,INSPY  Thriller/Suspense/Crime Fiction
1206,Sydney Taylor Book Award Nominee  Teen Readers
1207,Children's Book Council of Australia Award Nominee  Younger Readers Book of the Year
1208,Prime Minister's Literary Awards Nominee  Children's Fiction
1209,Marfield Prize (National Award  Arts Writing) Nominee
1210,World Fantasy Award Nominee  Best Horror Novel (the August Derleth Award)
1211,Premio Literario aLA CAIXAa / PLATAFORMA
1212,Premio El Templo de las Mil Puertas Nominee  Mejor novela nacional independiente
1213,PrAmio PEN Clube de Poesia
1214,Keystone to Reading Book Award Nominee  Middle School
1215,Anisfield-Wolf Book Award  Fiction
1216,Los Angeles Times Book Prize Nominee  Fiction
1217,Hurston/Wright Legacy Award Nominee  Fiction
1218,NAACP Image Award Nominee  Fiction
1219,Book of the Month Book of the Year Award Nominee
1220,Aspen Words Literary Prize Nominee  Shortlist
1221,Los Angeles Times Book Prize Nominee  Mystery/Thriller
1222,Prix du deuxiA me roman Nominee
1223,Prix de l'Algue d'Or Nominee
1224,Royal Palm Literary Award
1225,Kodansha Manga Award  Shojo Manga
1226,CBC Canada Reads Nominee
1227,Libris Literatuurprijs Nominee
1228,Anton Wachterprijs
1229,Selexyz Debuutprijs
1230,PEN Open Book Award Nominee  Shortlist
1231,Calinia Book Award  Caliniana (Gold)
1232,Sunshine State Young Readers Award
1233,Ditmar Award Nominee  Best Novel
1234,Aurealis Award  Best Childrenas (8-12 years) Long Fiction
1235,Zilveren Zoen
1236,Sunburst Award Nominee  Young Adult Work
1237,Romantic Times Reviewers' Choice Award (RT Award) Nominee  Paranormal Romance
1238,Society of Midland Authors Award Nominee  Children's Fiction
1239,Jnanpith Award
1240,SPFBO Nominee
1241,Reddit r/fantasy Stabby Award  Best Independent Novel
1242,BookNest Award Nominee  Best Self-Published Novel
1243,Audie Award  Nonfiction
1244,Ohioana Book Award  About Ohio or an Ohioan
1245,Kirkus Prize Nominee  Nonfiction
1246,Orwell Prize Nominee  Longlist
1247,The Baillie Gifd Prize  Non-Fiction Nominee  Longlist
1248,Bread and Roses Award
1249,Jhalak Prize
1250,Maryland Black-Eyed Susan Book Award  High School
1251,Calinia Young Readers Medal Nominee  Young Adult
1252,Thomas Cook Travel Book Award
1253,Kiriyama Prize Nominee  Nonfiction
1254,Bookworm Best Award  Best Series
1255,Romantic Times Reviewers' Choice Award (RT Award)  Best Historical Fiction
1256,Utah Book Award Nominee  Fiction
1257,J.R. Ackerley Prize  Autobiography Nominee
1258,The Royal Society of Literature Ondaatje Prize
1259,Samuel Johnson Prize  Non-Fiction Nominee  Longlist
1260,UUU  UUU U2 U UU U1 U
1261,ASJA Outstanding Book Award
1262,Helen Bernstein Book Award  Excellence in Journalism
1263,Alabama Library Association Children's Book of the Year  K-1
1264,New York Drama Critics' Circle Award  Best Play
1265,National Outdoor Book Award  Natural History Literature
1266,PEN/E.O. Wilson Prize  Literary Science Writing Nominee
1267,Great Lakes Great Books Award Nominee  6-8
1268,The Magnolia Award Nominee  6-8
1269,Will Eisner Comic Industry Awards  Best Limited Series AND nominated  Best Cover Artist ( multiple covers) ( Mike Del Mundo)
1270,Audie Award  Biography/Memoir
1271,Premio Roma  International Literature
1272,Penghargaan Sastra Badan Bahasa
1273,Audie Award  Young Adult
1274,AML Award  Best Young Adult Novel
1275,Asian/Pacific American Award  Literature  Children and Young Adult Honor
1276,Corine Internationaler Buchpreis  Weltbild Leserpreis
1277,Barry Award Nominee  Best Paperback Original
1278,Prix Maison de la Presse  Roman
1279,West Australian Young Readers' Book Award (WAYRBA)  Younger Readers
1280,PEN/Diamonstein-Spielvogel Award  the Art of the Essay Nominee  Shortlist
1281,Strand Critics Award Nominee  Best Novel
1282,Lambda Literary Award  Anthologies/Fiction
1283,James Tait Black Memorial Prize  Biography
1284,Mississippi Institute of Arts and Letters Award  Literature
1285,National Book Award Finalist  Fiction (Hardcover)
1286,& (Paperback)
1287,Lauer Lufti
1288,Saif Ghobash Banipal Prize Nominee  Arabic Literary Translation
1289,All About Romance (AAR) Annual Reader Poll  Best New Adult Romance
1290,RITA Award by Romance Writers of America Nominee  Historical Series Romance
1291,E.B. White Read Aloud Award  Older Readers
1292,Alabama Author Award  Juvenile
1293,Goodreads Choice Award Nominee  Memoir and Autobiography
1294,ITW Thriller Award Nominee  Best Young Adult Novel
1295,Grand Prix LittAraire de la Femme
1296,Pennsylvania Young Readers' Choice Award Nominee  Grades 3-6
1297,Macavity Award  Best Novel
1298,Agatha Award  Best Novel
1299,Oxd-Weidenfeld Translation Prize Nominee  Don Bartlett
1300,Leeds Book Awards Nominee  9-11
1301,Openbooka12 c  a123eaa1 a
1302,Canadian Library Association Young Adult Book Award
1303,McNally Robinson Book of the Year Award
1304,Nebula Award Nominee  Novel
1305,Premi Protagonista Jove  Categoria 16-17 anys
1306,Harvey Awards  Best Graphic Album of Previously Published Work
1307,Ignatz Award  Outstanding Anthology or Collection
1308,Prix du Festival d'AngoulAame  Les Essentiels d'AngoulAame
1309,Will Eisner Comic Industry Awards  Best Graphic Album: Reprint
1310,Goodreads Choice Award Nominee  Picture Books
1311,CLEL Bell Picture Book Awards Nominee  Read
1312,Will Eisner Comic Industry Awards Nominee  Best Continuing Series & Best Writer ( John Allison)
1313,RITA Award by Romance Writers of America Nominee  Traditional Romance
1314,Aurealis Award Nominee  Best Fantasy Novel &  Best Science Fiction Novel (Shortlist)
1315,Washington State Sasquatch Award
1316,Heart & Scroll Madcap Award  Historical
1317,Janusz A. Zajdel Award Nominee  Novel
1318,Mythopoeic Fantasy Award
1319,HOLT Medallion by Virginia Romance Writers Nominee  Southern Theme
1320,OKRWA National Readers Choice Award  Paranormal
1321,All About Romance (AAR) Annual Reader Poll  Best Hero AND Best Alternate Reality Romance
1322,Romantic Times Reviewers' Choice Award (RT Award)  Best Futuristic Romance
1323,Iowa Children's Choice Award
1324,All About Romance (AAR) Annual Reader Poll  Favorite Romantic Suspense
1325,Arthur C. Clarke Award Nominee  Runner-up
1326,Goodreads Choice Award Nominee  Food & Cooking
1327,Christy Award  International Historical
1328,Literaturpreis der Jury der jungen Leser  Cover
1329,LovelyBooks Leserpreis  Fantasy
1330,Ambassador Book Award  American Studies
1331,Massachusetts Book Award Nominee  Nonfiction
1332,Nienke van Hichtumprijs
1333,The Charles W. Follett Award
1334,Clara Ingram Judson Memorial Award
1335,James Tiptree Jr. Award  Retrospective
1336,Kurd-LaAwitz-Preis Nominee  Bestes auslAndisches Werk (Best Foreign Work)
1337,All About Romance (AAR) Annual Reader Poll  Favorite Funny Romance
1338,Romance Readers Anonymous (RRA) Award  Best Love & Laughter
1339,Favorite Books by Romance Writers of America Nominee  Favorite Books of 2002
1340,Strand Critics Award  Best Novel
1341,National Book Award Nominee  Fiction
1342,CMI Management Book of the Year Awards  The Commuteras Read
1343,Gayle Wilson Award of Excellence  Inspirational Single Title
1344,Komikon Readers' Choice Award Nominee  Best Graphic Novel
1345,Saltire Society Literary Award  Literary Book
1346,RITA Award by Romance Writers of America  Best Long Historical Romance
1347,Edgar Award  Best Paperback Original
1348,RITA Award by Romance Writers of America  Best Contemporary Single Title
1349,Sunshine State Young Readers Award Nominee
1350,Oklahoma Sequoyah Award  Children
1351,The Magnolia Award
1352,Lamplighter Award
1353,John Steptoe New Talent Award  Author
1354,Premio Nacional del CA3mic
1355,Mejor Guion y Mejor Obra EspaAola SalA3 del CA2mic
1356,Miglior opera lunga per il Gran Giunigi di Lucca Comics and Games
1357,Premio Nacional de CA3mic
1358,USA Best Book Award  Fiction: Visionary
1359,Tata Literature Live! First Book Award Nominee  Fiction
1360,Asian/Pacific American Award  Literature  Adult Fiction Honor
1361,Bram Stoker Award  Best Fiction Collection
1362,Shirley Jackson Award Nominee  Single-Author Collection (Finalist)
1363,British Fantasy Award Nominee  Best Collection
1364,Internationaler Literaturpreis a Haus der Kulturen der Welt  Mirjam Pressler
1365,Premio Elba
1366,Premio Campiello
1367,HOLT Medallion by Virginia Romance Writers Nominee  Mainstream/Single Title
1368,Kindle Book Award Nominee  Sci-Fi/Fantasy (Semi-Finalist)
1369,Maud Hart Lovelace Book Award  Division II (2nd)
1370,Virginia Reader's Choice Nominee
1371,Harvey Awards  Best Manga
1372,VLA Graphic Novel Diversity Award  Adult Honor
1373,"Hugo Award Nominee  Best Novelette  ""Guardians"""
1374,"Locus Award  Best Novelette  ""Guardians"""
1375,"Analog Award Nominee  Best Novella/Novelette  ""Guardians"""
1376,Phi Beta Kappa Award in Science
1377,YA Book Prize Nominee
1378,Montana Book Award
1379,Children's Book Council of Australia Award Nominee  Picture Book of the Year - Honour Book
1380,Aurealis Award  Convenor's Award  Excellence
1381,British Science Fiction Association Award  Novel
1382,Prix Bob Morane  roman traduit
1383,Cena Akademie SFFH  Kniha roku (Book of the Year)
1384,Premio Grinzane Cavour Nominee  Narrativa Straniera
1385,MetA3 verstinA knyga
1386,Warwick Prize  Women in Translation Nominee  Longlist
1387,Romantic Times Reviewers' Choice Award (RT Award)  Best Urban Fantasy Novel
1388,Children's Choice Book Award  Third Grade to Fourth Grade Book of the Year
1389,National Book Award  Children's Picture Books (Hardcover)
1390,BTBA Best Translated Book Award  Fiction
1391,PEN Translation Prize  Bill Johnston
1392,World Fantasy Award Nominee  Best Anthology
1393,IIII2II I III II14II II III12 III IIoI  IIII II II III12I - III3I I IIII3IIII II
1394,Minnesota Book Award Nominee  Young People's Literature
1395,Audie Award  Children's Titles Ages 8-12
1396,Nero Award Nominee
1397,Indiana Early Literacy Firefly Award Nominee
1398,Pennsylvania Young Readers' Choice Award  Grades 6-8
1399,W.H. Heinemann Award
1400,Governor General's Literary Awards / Prix littAraires du Gouverneur gAnAral Nominee  Children's Literature - Text
1401,SCBWI Crystal Kite Member Choice Award Nominee
1402,All About Romance (AAR) Annual Reader Poll  Biggest Tearjerker
1403,RITA Award by Romance Writers of America Nominee  Regency Historical Romance
1404,Whitney Award Nominee  Best Speculative Fiction
1405,Audie Award  Narration by the Author or Authors
1406,Independent Publisher Book Award (IPPY)  Editor's Choice
1407,British Fantasy Award Nominee  Anthology/Collection
1408,Audie Award  Erotica
1409,Christy Award Nominee  Futuristic
1410,Silberner Lufti
1411,The Macallan Gold Dagger  Fiction
1412,Palle Rosenkrantz Prisen
1413,ITW Thriller Award Nominee  Best Hardcover Novel
1414,Colorado Book Award Nominee  Young Adult Literature
1415,George C. Stone Center  Children's Books Recognition of Merit Award
1416,Romantic Times Reviewers' Choice Award (RT Award) Nominee  Sci-Fi/Fantasy
1417,High Plains Book Award
1418,Christy Award  Historical Romance
1419,LovelyBooks Leserpreis Nominee  Krimi
1420,Fraunces Tavern Museum Book Award
1421,PEN Translation Prize  R.W. Flint
1422,Sizzler Award
1423,All About Romance (AAR) Annual Reader Poll  Favorite Funny & Best Contemporary & Honorable Mention  Best Romance
1424,All About Romance (AAR) Annual Reader Poll  Best Romantic Suspense
1425,Whitbread Award  First Novel
1426,NBDB National Book Award  translation
1427,Romantic Times Reviewers' Choice Award (RT Award) Nominee  Innovative Historical Romance
1428,Australian Romance Readers Association (ARRA) Award Nominee  Favourite Historical Romance
1429,Blue Peter Book Award  Best Book to Read Aloud
1430,NestlA Smarties Book Prize  0a5 years
1431,PEN Translation Prize  Stanislaw Baranczak & Clare Cavanagh
1432,Prix des Deux Magots
1433,ECPA Christian Book Award  Fiction
1434,Independent Publisher Book Award (IPPY)  Visionary Fiction
1435,Arab American Book Award  Children's/Young Adult
1436,Cybils Award  Poetry
1437,All About Romance (AAR) Annual Reader Poll  Best Historical Romance Not Set in the U.K.
1438,Australian Book Industry Award (ABIA)  General Fiction
1439,Gumshoe Award Nominee  Best Thriller
1440,Prix du Festival d'AngoulAame  Prix du public Fnac-SNCF
1441,BDGest'Art  Meilleur Premier album
1442,International Horror Guild Award Nominee  First Novel
1443,Literaturpreis der Jury der jungen Leser  Kinderbuch
1444,National Book Critics Circle Award  Autobiography
1445,LIRE Meilleur Livre de l' AnnAe
1446,Michael Shaara Prize  Civil War Fiction
1447,David J. Langum Sr. Prize Nominee  American Historical Fiction (Honorable Mention)
1448,Independent Foreign Fiction Prize Nominee  Shortlist
1449,Los Angeles Times Book Prize  Art Seidenbaum Award  First Fiction
1450,Sakura Medal Nominee  High School Book
1451,National Book Award Finalist  Arts and Letters
1452,IIIII1IoI IIII2II I III3IIIII12I1IoII IIIIIIIIII  IIIIIIIII III3II III12II III3IIIII12I II IIII12 IIIII12I1IoI IIIIII
1453,Nevada Young Readers' Award  Young Reader Category
1454,Pennsylvania Young Readers' Choice Award  Grades 3-5
1455,Maryland Black-Eyed Susan Book Award  Grade 6-9
1456,Oklahoma Sequoyah Award  YA
1457,Parsec Award  Best Speculative Fiction
1458,Podiobooks Founderas Choice Award
1459,P2-lytternes romanpris Nominee
1460,Boston Author's Club Young Reader Award
1461,Locus Award  Best First Novel and Nominee  Best Fantasy Novel
1462,Edgar Award  Best Juvenile
1463,Gumshoe Award Nominee  Best European Crime Novel
1464,Ambassador Book Award  American Arts & Letters
1465,Mythopoeic Fantasy Award  Adult Literature
1466,Red Adept Indie Award
1467,Anthony Award Nominee  Best First Mystery
1468,ECPA Christian Book Award  Marriage
1469,Monica Hughes Award  Science Fiction and Fantasy Nominee
1470,FAB Award Nominee
1471,Best Artist ( Fiona Staples) & Best Cover Artist ( Fiona Staples) AND nominated  Best Writer ( Brian K. Vaughan)
1472,AND nominated  Best Writer ( Brian K. Vaughan)
1473,Goodreads Choice Award  Graphic Novels & Comics
1474,"RITA Award by Romance Writers of America Nominee  Romance Novella (""Blood Lust"" by Vickie Taylor)"
1475,Audie Award  Inspirational/Spiritual
1476,Orange Prize Nominee  New Writers
1477,Audie Award Nominee  Teens
1478,Red Dot Book Award Nominee  Younger Readers
1479,William James Book Award
1480,Spur Award  Best Novel of the West
1481,International Dublin Literary Award Nominee  Longlist
1482,Minnesota Book Award  Childrenas Literature
1483,and  Goodreads Debut Author
1484,Jock Campbell-New Statesman Award
1485,Retro Hugo Award Nominee  Best Novel
1486,Prix Goya du premier roman
1487,prix Lucien BarriA re
1488,RITA Award by Romance Writers of America Nominee  Novel with Strong Romantic Elements & Nominee  First Book
1489,Royal Society Science Book Prize  Junior Prize
1490,Zilveren Penseel
1491,Boston Globe-Horn Book Award  Non-Fiction
1492,Calinia Book Award  Young Adult (Gold)
1493,Mythopoeic Scholarship Award  Inklings Studies
1494,Sydney Taylor Book Award
1495,All About Romance (AAR) Annual Reader Poll  Favorite Contemporary Romance & Honorable Mentions  Favorite Romance & Favorite Funny
1496,Favorite Books by Romance Writers of America Nominee
1497,National Book Award Finalist  Science (Paperback)
1498,OKRWA National Readers Choice Award  Inspirational
1499,"Sir Julius Vogel Award Nominee  Best Novella/Novelette  ""Angels' Judgment"""
1500,National Book Award Nominee  Nonfiction
1501,Orwell Prize  Political Writing
1502,National Book Critics Circle Award Nominee  Nonfiction
1503,Pulitzer Prize  Fiction
1504,Danske Banks Litteraturpris
1505,O. Henry Award  'Passion'
1506,Prix LittAraire de la Vocation
1507,Prix Jacques-Chardonne
1508,All About Romance (AAR) Annual Reader Poll  Best Romantic Suspense & Honorable Mention  Best Romance Couple
1509,Endeavour Award
1510,Shamus Award Nominee  Best PI Hardcover
1511,Japan Adventure Fiction Association Prize aeoaeaaa14ae3c1ae3  Best Translated Novel
1512,Kusala Sastra Khatulistiwa  Prosa
1513,Anugerah Pembaca Indonesia Nominee  Penulis dan Buku Fiksi Terfavorit - Shortlist
1514,RITA Award by Romance Writers of America  Best Erotic Romance
1515,Locus Award  Best Non-Fiction/ Art Book
1516,Orange Prize  New Writers
1517,Sami Rohr Prize Nominee  Jewish Literature
1518,ZAota Sepulka  KsiA A14ka autora polskiego
1519,Grand Prix de LittArature PoliciA re  Roman Atranger
1520,Pacific Northwest Library Association Young Reader's Choice Award  Intermediate
1521,Utah Book Award  Children's
1522,DABWAHA Romance Tournament  Best Romance of the Year AND Best Paranormal/Science Fiction/Fantasy
1523,Hugo Award Nominee  Best SF Novel
1524,Locus Award Nominee  Best Novel
1525,British Science Fiction Association Award  Best SF Novel
1526,Harvey Awards  Best Graphic Album - Original
1527,Townsend Prize  Fiction
1528,Children's Choice Book Award  Fifth Grade to Sixth Grade Book of the Year
1529,HOLT Medallion by Virginia Romance Writers  Paranormal/Time Travel/Futuristic
1530,Book Sense Book of the Year Award  Children's Literature
1531,Agatha Award  Best Childrens Young Adult
1532,Internationaler Literaturpreis a Haus der Kulturen der Welt Nominee
1533,Premio Biblioteca Breve
1534,Premio Sor Juana InAs de la Cruz
1535,National Book Award  General Nonfiction (Hardcover)
1536,Prometheus Hall of Fame Award Nominee  Best Novel
1537,RITA Award by Romance Writers of America  Best Regency Historical Romance
1538,HOLT Medallion by Virginia Romance Writers Nominee  Paranormal/Time Travel/Futuristic/Fantasy
1539,Orange Prize  Fiction
1540,Prismas Casa de las Ciencias a la DivulgaciA3n  Libro editado
1541,Balrog Award  Best Novel
1542,Pulitzer Prize Nominee  Biography or Autobiography
1543,All About Romance (AAR) Annual Reader Poll  Strongest Heroine
1544,Goodreads Choice Award Nominee  Mystery & Thriller and  Favorite Book
1545,FCRW Beacon Unpublished Award  Romantic Elements
1546,This is Horror Award  Short Fiction
1547,All About Romance (AAR) Annual Reader Poll  Best Hero (tie)
1548,Grand Canyon Reader Award  Teen Book
1549,Anti-Booker prize  Novel
1550,Schlegel-Tieck Prize  Anthea Bell
1551,Lionel Trilling Book Award
1552,Romantic Times Reviewers' Choice Award (RT Award)  Medieval Historical Romance
1553,Edgar Award Nominee  Best First Novel
1554,O. Henry Award  'The Kugelmass Episode'
1555,Obie  Best Play
1556,Costa Book of the Year
1557,RITA Award by Romance Writers of America Nominee  First Book & Nominee  Young Adult Romance
1558,New South Wales Premier's Literary Award  Ethel Turner Prize  Young People's Literature
1559,Children's Book Council of Australia Award Nominee  Picture Book of the Year - Highly Commended
1560,Canberra's Own Outstanding List (COOL) Awards  Section 1 Picture Storybooks
1561,Abridged
1562,Fiction (Paperback)
1563,OKRWA National Readers Choice Award  Historical
1564,James Laughlin Award
1565,Colorado Book Award Nominee  Genre Fiction (Finalist)
1566,Obie Nominee  Best Foreign Play
1567,National Book Award Finalist  First Novel
1568,Grand Prix de LittArature PoliciA re  Romans Atrangers (tie)
1569,CWA Silver Dagger  Fiction
1570,Augustpriset  Children's and Youth Literature
1571,Slangbellan
1572,Minnesota Book Award  Novels
1573,Emperor Norton Award
1574,Florida Reading Association Children's Book Award
1575,Missouri Building Block Picture Book Award
1576,Charlotte Zolotow Award Nominee  Honor Book
1577,Buckeye Children's Book Award  K-2
1578,Premio Nazionale Nati per Leggere  CRESCERE CON I LIBRI
1579,Whitbread Award Nominee  Novel
1580,Goodreads Choice Award  Poetry
1581,Geoffrey Bilson Award  Historical Fiction  Young People
1582,Canadian Children's Literature Award  English Language
1583,RITA Award by Romance Writers of America Nominee  Long Contemporary Romance
1584,RITA Award by Romance Writers of America Nominee  Best Romance of the Year & Long Contemorary Romance
1585,Washington Children's Choice Picture Book Award
1586,OLA Forest of Reading Blue Spruce Award
1587,Harvey Awards Nominee  Best Inker ( Danny Miki)
1588,Audie Award  Literary Fiction
1589,Kirkus Prize  Fiction
1590,Premio Strega
1591,Kiriyama Prize  Fiction
1592,Bad Sex in Fiction Award
1593,Nautilus Book Award  Animals & Nature
1594,Massachusetts Book Award Nominee
1595,No. 17: The Delugea
1596,Best Writer/Artist ( Mike Mignola)
1597,Nero Award
1598,Lambda Literary Award Nominee  Science Fiction/Fantasy
1599,Arab American Book Award Nominee  Fiction
1600,Oregon Spirit Book Award Nominee  Young Adult
1601,Goodreads Choice Award Nominee  Paranormal Fantasy and  Goodreads Author
1602,Gumshoe Award  Best First Novel
1603,Los Angeles Times Book Prize  Best First Mystery Novel (0) Edgar Award Nominee  Best First Novel
1604,Prix du Festival d'AngoulAame Nominee  Alph-art du coup de coeur
1605,New South Wales Premier's Literary Award  Christina Stead Prize  Fiction
1606,Commonwealth Writers' Prize  Best Book in South East Asia and Pacific
1607,O. Henry Award  'What You Pawn I Will Redeem'
1608,Semi-Finalist 2019 CIBA Dante Rossetti Book Award  YA Fiction
1609,Janet Heidinger Kafka Prize
1610,National Book Award Finalist  Fiction (Paperback)
1611,RIO Award of Excellence by Reviewers International Organization  Humor
1612,New York Book Festival
1613,Prix France-QuAbec/Jean Hamelin
1614,Prix Ringuet
1615,Prix France-QuAbec/Philippe Rossillon
1616,Prix des Deux-Magots
1617,Ruth and Sylvia Schwartz Children's Book Award  Adult Middle Reader
1618,Manitoba Young Readers' Choice Award
1619,Rocky Mountain Book Award
1620,USA Best Book Award Nominee  Spirituality: General
1621,Christy Award  First Novel
1622,Christian Writers Guild's Operation First Novel contest
1623,Audie Award  Inspirational Fiction
1624,ECPA Christian Book Award
1625,All About Romance (AAR) Annual Reader Poll  Guiltiest Pleasure
1626,David Gemmell Morningstar Award Nominee  Best Fantasy Newcomer
1627,Davitt Award  Best Adult Novel
1628,Pulitzer Prize  Poetry
1629,William Carlos Williams Award
1630,34NNN o12 3  3rd place
1631,Snow Willow Award
1632,Foreword INDIES Book of the Year Award  General Fiction (Gold)
1633,PEN/Martha Albrand Award  First Nonfiction Writers
1634,W.Y. Boyd Literary Award  Excellence in Military Fiction
1635,Multatuliprijs
1636,Driejaarlijkse Staatsprijs voor verhalend proza
1637,Victorian Premier's Literary Award  Vance Palmer Prize  Fiction
1638,Premio Grinzane Cavour Nominee  Narrativa Italiana
1639,Minnesota Book Award  Personal Voices
1640,Children's Literary Classics
1641,International Book Awards Nominee
1642,Bram Stoker Award Nominee  Best Fiction Collection
1643,Next Generation Indie Book Awards Nominee  Motivational
1644,USA Best Book Award  Best New Business Book
1645,Global Ebook Awards Nominee  Best Non-fiction Book Trailer
1646,Rheingau Literature Prize
1647,Tassy Walden Award
1648,Next Generation Indie Book Awards Nominee  Multicultural Fiction
1649,Lambda Literary Award  Gay Men's Fiction
1650,Five Parrots in a Palm Tree Award
1651,Hollywood Book Festival Awards Nominee  Wild Card
1652,Readers' Favorite Book Award Nominee  General Fiction
1653,TAhtifantasia Award
1654,William Saroyan International Prize  Writing Nominee  Nonfiction
1655,Agatha Award Nominee  Best Children/Young Adult Fiction
1656,Foreword INDIES Book of the Year Award  (Bronze)
1657,IIIII12I-I3III14II12I1IoI IIII2II I IIIIIIIIII  II1III3II IIIIIIII
1658,John Burroughs Medal
1659,David Unaipon Award  Unpublished Indigenous Writing
1660,Golden Crown Literary Award  Lesbian Dramatic/General Fiction
1661,Diagram Prize  Oddest Title of the Year
1662,Silver Quill Award
1663,League of Utah Writers Award  Best Ebook
1664,Young Readers' Choice Award Nominee
1665,Children's Choice Book Award
1666,John Florio Prize Nominee  Howard Curtis
1667,Shamus Award  Best First PI Novel
1668,Lambda Literary Award  Drama
1669,Next Generation Indie Book Awards  Animals/Pets
1670,IndieReader Discovery Award (IRDA)
1671,Stephen Leacock Memorial Medal
1672,Bernard Shaw Prize Nominee  Peter Graves
1673,Lambda Literary Award Nominee
1674,Deutscher Buchpreis (German Book Prize) Nominee  Longlist
1675,ALA Best Books  Young Adults
1676,Alabama Author Award  Nonfiction
1677,White Pine Award
1678,Openbooka12 c  a1 aoa12 i14ce
1679,J. Anthony Lukas Book Prize
1680,Bologna Ragazzi Award
1681,Australian Book Industry Award (ABIA) Nominee  Biography
1682,Premi de la CrAtica Serra d'Or  novelAla
1683,Prix Aurora Award  Best Long-Form Work in English
1684,"Next Generation Indie Book Awards Nominee  General Fiction/Novel (Over 80,000 words)"
1685,Lionel Gelber Prize
1686,Isaac Deutscher Memorial Prize
1687,CWA Gold Dagger Award  Fiction
1688,The CWA Dagger of Daggers Nominee
1689,Australian Book Industry Award (ABIA)  Newcomer and Nominee  Literary Fiction
1690,Dobbie Literary Award
1691,Minnesota Book Award Nominee  Novel & Short Story
1692,Dundee International Book Prize
1693,Aurealis Award Nominee  Best SF Novel
1694,Guardian Fiction Award
1695,Drunken Druid Award  Book of the Year (1st Place)
1696,"Analog Award Nominee  Best Short Story  ""Breaking the Game"""
1697,Eric Hoffer Book Award  Commercial Fiction
1698,Montaigne Medal Nominee
1699,Kindle Book Award Nominee  Mystery/Thriller (Finalist)
1700,National Jewish Book Award  Scholarship
1701,Present Tense/Joel H. Cavior Award
1702,Australian Book Industry Award (ABIA) Nominee  General Fiction and  Newcomer
1703,Goodreads Choice Award Nominee  Food & Cookbooks
1704,WILLA Literary Award Nominee  Original Softcover Fiction (Finalist)
1705,Vuoden johtolanka
1706,Kindle Book Award Nominee  Literary Fiction (Semi-Finalist)
1707,Sayembara Menulis Novel Dewan Kesenian Jakarta  Pemenang Unggulan
1708,NIN Prize
1709,David Gemmell Legend Award Nominee
1710,David Gemmell Morningstar Award Nominee
1711,David Gemmell Ravenheart Award Nominee
1712,London Book Festival Nominee  General Fiction (Honorable Mention)
1713,Philosophy and Religion
1714,Goodreads Choice Award Nominee  Goodreads Author
1715,Premio El Templo de las Mil Puertas  Mejor novela nacional perteneciente a saga
1716,U2U   U U UU U  aU U
1717,Christy Award  Contemporary Standalone
1718,Whistler Independent Book Awards Nominee  (Honorable Mention)
1719,RONE Award  Suspense/Thriller
1720,Shirley Jackson Award  Single-Author Collection
1721,Chanticleer Book Reviews' Somerset Awards Nominee
1722,Ungdommens kritikerpris
1723,William Dean Howells Medal
1724,Darlene Clark Hine Award
1725,Lambda Literary Award  LGBT Science Fiction/Fantasy/Horror
1726,Audie Award  Audiobook of the Year
1727,Anugerah Pembaca Indonesia Nominee  Penulis dan Buku Non-Fiksi Terfavorit - Shortlist & Sampul Buku Non-Fiksi Terfavorit - Shortlist
1728,NORCON
1729,SKoW Award
1730,Paterson Poetry Prize Nominee
1731,Hugo Award Nominee  Best Novelette
1732,Locus Award  Best Novelette
1733,Theodore Sturgeon Memorial Award Nominee
1734,Asimov's Readers' Poll Award  Best Novelette
1735,National Indie Excellence Awards
1736,Premio Ignotus  Novela
1737,Premio Elba Nominee
1738,Gouden Strop
1739,National Indie Excellence Awards  Business Entrepreneurship & Small Business
1740,Grampian Childrenas Book Award Nominee
1741,Premio Ignotus
1742,Prix des libraires du QuAbec  LaurAats quAbAcois
1743,USA Best Book Award  Historical Fiction
1744,International Book Awards  Best Western
1745,Readers' Favorite Book Award  Western Fiction
1746,Global Ebook Awards  Historical Fiction & Best Western Fiction
1747,National Indie Excellence Awards  Best Western
1748,Great Midwest Book Festival
1749,Sunburst Award  Adult
1750,Next Generation Indie Book Awards Nominee  Inspirational
1751,San Francisco Book Festival Nominee  Spiritual (Runner-Up)
1752,Booktrust Teenage Prize
1753,Hadiah Sastra Dewan Kesenian Jakarta  Kumpulan Puisi terbaik
1754,Book Sense Book of the Year Award Nominee  Children's Literature
1755,Snow Willow Award Nominee
1756,Peter Pan Award
1757,Boston Globe-Horn Book Award  Picture Book
1758,Best Artist ( David Aja)
1759,Best New Series
1760,Debut-Litzer Award Nominee  Fiction
1761,Opzij Literatuurprijs Nominee
1762,Children's Book Council of Australia Award  Older Readers - Book of the Year
1763,Next Generation Indie Book Awards Nominee  Humor/Comedy
1764,Green Book Festival Award
1765,Foreword INDIES Book of the Year Award  Humor (Silver)
1766,PEN Translation Prize Nominee  Daniel AlarcA3n
1767,New York Book Festival Nominee  General Nonfiction
1768,Paris Book Festival Nominee
1769,Next Generation Indie Book Awards Nominee  Memoirs (Other)
1770,Writer's Digest Self-Published Book Competition Nominee
1771,Hollywood Book Festival Awards Nominee  Biography/Autobiography (Honorable Mention)
1772,Feathered Quill Book Award  Best Humor (1st) & Best Memoir (3rd)
1773,Florida Book Festival Nominee
1774,National Indie Excellence Awards  Aging
1775,IAN Book of the Year Awards Nominee  Non-Fiction (Religion / Spiritual / Inspirational) + Non-Fiction (Memoir / Biopgraphy / Autobiography)
1776,The Wishing Shelf Book Awards
1777,Foreword INDIES Book of the Year Award Nominee  Women's Studies
1778,Florida Authors and Publishers Association (FAPA) President's Award  Adult Non-Fiction (Gold Medal); Humor (Silver Medal); Autobiography/Memoir (Bronze Medal)
1779,Feathered Quill Book Award  Best Inspirational (2nd) &  Best Religious /Spiritual (2nd)
1780,Gayle Wilson Award of Excellence Nominee
1781,Romance Through The Ages  Best Contemporary Romance
1782,Noma Literary Prize eee e3
1783,Christy Award  Young Adult
1784,ACFW Carol Award  Young Adult
1785,INSPY  Literature  Young Adult
1786,Independent Publisher Book Award (IPPY)  Young Adult Fiction
1787,USA Best Book Award  Cross Genre Fiction
1788,Kindle Book Award Nominee  Young Adult (Semi-Finalist)
1789,Los Angeles Book Festival Nominee  Wild Card (Honorable Mention)
1790,National Indie Excellence Awards Nominee  Literary Fiction (Finalist)
1791,Filipino Readers' Choice Award Nominee  Young Adult Fiction
1792,Foreword INDIES Book of the Year Award Nominee  Humor
1793,Gayle Wilson Award of Excellence  Romantic Suspense
1794,Aspen Gold Readers Choice Award Nominee  Romantic Suspense
1795,New England Book Festival
1796,Premio Grinzane Cavour  Narrativa Straniera
1797,Cheltenham Prize  Literature
1798,Southern Arts Literature Prize
1799,Indies Choice Book Award  Adult Debut
1800,SCIBA Award  Fiction
1801,Midwest Booksellers Choice Award
1802,Booker Prize Nominee  The Lost Man Booker Prize
1803,Kindle Book Award Nominee  Thriller/Horror (Semi-Finalist)
1804,HansjArg-Martin-Preis Nominee
1805,Christianity Today Book Award  Book of the Year
1806,Rainbow Award  Honorable Mention in Gay Suspense
1807,Nagroda Wielkiego Kalibru  Nagroda GAA3wna
1808,Anugerah Pembaca Indonesia  Sampul Buku Fiksi Terfavorit
1809,American Indian Youth Literature Award  Best Middle School Book
1810,Chapman Award  Shared Reading Nominee  Fiction
1811,National Cowboy Hall of Fame Western Heritage Award  Juvenile Book
1812,Voss Literary Prize Nominee  Shortlist
1813,Premio de traducciA3n literaria Valle InclAn  Anne McLean
1814,Grand Prix RTL-Lire
1815,Wellcome Book Prize
1816,French-American Foundation Translation Prize Nominee  Sam Taylor
1817,Prix Relay des Voyageurs
1818,Premi Llibreter de narrativa  Altres literatures
1819,Albertine Prize Nominee  Shortlist
1820,World Fantasy Award Nominee  Novel
1821,British Book Award  Children's Book of the Year
1822,Waterstones Children's Book Prize
1823,Leeds Book Awards Nominee  11-14
1824,PrAamio Jabuti  Romance
1825,The Wainwright Golden Beer Prize
1826,Four Seasons Contest
1827,Ditmar Award  Best Novel
1828,Contemporary & Mainstream Fiction (Grand Prize)
1829,Thurber Prize Nominee  American Humor
1830,Kirkus Prize Nominee  Young Readers' Literature
1831,Banff Mountain Book Award  Mountain Fiction and Poetry
1832,Paranormal Romance Guild (PRG) Reviewer's Choice Award Nominee
1833,Premi Ciutat de Barcelona
1834,Premi de la CrAtica Serra d'Or  narraciA3
1835,Gayle Wilson Award of Excellence
1836,Prix Emmanuel-RoblA s
1837,Anthony Award  Best Young Adult Novel
1838,PEN Translation Prize Nominee  Emma Ramadan
1839,Los Angeles Book Festival  Science Fiction
1840,Retailer's Choice Award
1841,Eric Hoffer Book Award  Self-Published
1842,Los Angeles Times Book Prize  Science & Technology
1843,Wellcome Book Prize Nominee  Longlist
1844,INSPY  Literature  Young Adults
1845,Finlandia Prize
1846,Varjo-Finlandia
1847,Honkaku Mystery Award Nominee  Best Fiction
1848,ace aaee3 Nominee
1849,Sibert Medal
1850,YALSA Award  Excellence in Nonfiction
1851,IIII2II I II1I2II II Public  IIIII12I1IoI III III
1852,Sheila A. Egoff Childrenas Literature Prize
1853,INSPY Nominee  Mystery/Thriller
1854,Ferro-Grumley Award  Lesbian Fiction
1855,Trillium Book Award
1856,Golden Crown Literary Award Nominee  Science Fiction/ Fantasy
1857,N N  2 3412  N342N12  o12 3   34N N 12 2N12N34 12N N342
1858,Golden Crown Literary Award  Mystery/Thriller
1859,Anugerah Pembaca Indonesia  Sampul Buku Fiksi Terfavorit DAN Nominasi Buku dan Penulis Fiksi Terfavorit - Shortlist
1860,Bram Stoker Award Nominee  Best Collection
1861,Colby Award
1862,Julia Ward Howe Prize
1863,Arthur Ross Book Award Nominee
1864,U2U   U U UU U   UaUU U U
1865,All About Romance (AAR) Annual Reader Poll  Best Romance Heroine & Most Kickass Heroine & Honorable Mention  Best Historical Romance Set in the U.K.
1866,Romantic Times Reviewers' Choice Award (RT Award)  Digital Historical Romance
1867,Readers' Favorite Book Award  Fiction - Mystery - Legal (Gold)
1868,Royal Dragonfly e-Book Award  Women's Interests (1st Place)
1869,Deutscher Jugendliteraturpreis Nominee  Preis der Jugendjury
1870,Wellcome Book Prize Nominee
1871,The Royal Society of Literature Ondaatje Prize Nominee  Shortlist
1872,Openbooka12 c  c34a12c
1873,Next Generation Indie Book Awards Nominee  Inspirational Fiction
1874,Readers' Favorite Book Award  Fiction - Visionary (Bronze)
1875,National Indie Excellence Awards Nominee  Visionary Fiction
1876,eLit Book Award  Fantasy/Science Fiction (Gold)
1877,Independent Author Network Book of the Year Nominee  Science Fiction
1878,Readers' Favorite Book Award  Fiction - Fantasy - Epic (Gold)
1879,PEN/Hemingway Foundation Award Nominee
1880,World Fantasy Award Nominee  Best Novella
1881,Finlandia Prize Nominee
1882,Portti-palkinto
1883,Audie Award  Poetry
1884,Rainbow Award  Lesbian Debut
1885,Edmund White Award  Debut Fiction
1886,Ferro-Grumley Award  LGBT Fiction
1887,Lambda Literary Award  Debut Lesbian Fiction
1888,Reading Women Award Nominee  Nonfiction
1889,Alex Award
1890,BookNest Award Nominee  Best Traditionally Published Novel
1891,Weatherd Award  Fiction and Poetry
1892,Olvi-sAAtiAn kirjallisuuspalkinto Nominee
1893,Victorian Premier's Literary Award Nominee  Indigenous Writing
1894,De Gyldne LaurbAr
1895,Weekendavisens litteraturpris
1896,Seiun Award e2e3 Nominee  Best Translated Long Form
1897,Next Generation Indie Book Awards Nominee  Business (Finalist)
1898,Readerviews Literary Awards  Business
1899,eLit Book Award  Reference (Gold)
1900,Book Excellence Award  Reference
1901,American Book Fest Best Book Award  Business
1902,NABE Pinnacle Book Achievement Award  Reference (Fall)
1903,Glass Key Award
1904,UTS Glenda Adams New Writing Nominated  Best Fiction
1905,Australian Independent Booksellers Indie Book Award  Book of the Year & Debut Fiction
1906,Goodreads Choice Award Nominee  Debut Novel
1907,MUD Literary Prize Debut Fiction
1908,National Book Award Finalist  Translated Literature
1909,International Booker Prize Nominee  Shortlist
1910,WILLA Literary Award Nominee  Children's/Young Adult Fiction & Nonfiction (Finalist)
1911,Seiun Award e2e3  Best Translated Long Form
1912,Locus Award Nominee  First Novel
1913,Aspen Words Literary Prize Nominee  Longlist
1914,Neukom Literary Arts Award Nominee  Debut Speculative Fiction
1915,"RITA Award by Romance Writers of America Nominee  Romance Novella (""The Yearning"" by Hannah Howell)"
1916,Blue Peter Book Award   Best Story
1917,Lambda Literary Award  Lesbian Romance
1918,Rainbow Award  Best Gay Erotic Romance (Finalist)
1919,AML Award Nominee  Middle Grade Novel
1920,RITA Award by Romance Writers of America  Best Romance of 1991 & nominee  Best First Book & nominee  Single Title Historical Romance
1921,Puddly Award  Romance
1922,National Book Award Finalist  The Sciences
1923,Audie Award  Classic
1924,Stonewall Book Award Nominee  Childrenas & Young Adult Literature
1925,Grand Prix de l'Imaginaire  jeunesse
1926,Deutscher Jugendliteraturpreis  Kinderbuch
1927,Sigurd Olson Nature Writing Award
1928,Criticsa First Blood Award  Best First Crime Novel of the Year in
1929,Augustpriset Nominee  Fiction
1930,Bernard Shaw Prize Nominee  Tiina Nunnally
1931,Los Angeles Times Book Prize  fiction
1932,Prix Laure-Bataillon
1933,RITA Award by Romance Writers of America  Best First Book & Nominee  Romantic Suspense
1934,Locus Award Nominee  Best First Novel and Best SF Novel
1935,PEN/Robert W. Bingham Prize  Writers
1936,John Llewellyn Rhys Prize
1937,Deutscher Science Fiction Preis  Bester Roman
1938,Premio de Novela MAxico
1939,Grand Prix des lectrices de Elle
1940,Premi Protagonista Jove  Categoria 15-16 anys
1941,Nike Literary Award (Nagroda Literacka Nike)
1942,Edgar Award Nominee  Best First Novel by an American Author
1943,Anugerah Pembaca Indonesia  Penulis dan Buku Fiksi Terfavorit
1944,Victorian Steampunk Society's Award  Best Steampunk Novel
1945,IRA Childrenas and Young Adultas Book Award
1946,Prix Aurora Award Nominee  Best Long-Form Work in English
1947,Christy Award Nominee  First Novel
1948,John W. Campbell Award Nominee  Best New Writer
1949,Exhibition Catalog) (Finalist)
1950,Tage der deutschsprachigen Literatur  Ingeborg-Bachmann-Preis
1951,Deutscher Buchpreis (German Book Prize) Nominee  Shortlist
1952,Children's Book Council of Australia Award Nominee  Older Readers Book of the Year
1953,Prix Jan Michalski Nominee  Longlist
1954,Robert F. Kennedy Book Award
1955,Ned Kelly Award  True Crime
1956,British Fantasy Award  Best Collection
1957,Victorian Premier's Literary Award  Nettie Palmer Prize  Non-Fiction
1958,National Biography Award
1959,Romantic Times Reviewers' Choice Award (RT Award)  Historical Romance Set bee 1066
1960,Eric Hoffer First Horizon Award
1961,Geffen Award  Best Translated Science Fiction Book
1962,Seiun Award e2e3  Best Foreign Novel of the Year
1963,Rainbow Award  Best LGBT Young Adult/Coming of Age
1964,12NNN N12 o12 3 12  NN N N34 1990-1999 3. Nominee  2-N 123N
1965,o34NN34 14 2 NN 12342N2  9. 14NNN34
1966,SF ga Yomitai  Best Translated SF of the Year in Japan
1967,Adamjee Literary Award  Urdu Poetry
1968,CWA International Dagger Nominee
1969,Koret Jewish Book Award  Philosophy and Thought
1970,Trillium Book Award Nominee  English-language
1971,aaaa aaaa aaaaa aaa34a
1972,San Diego Book Award  Historical Fiction
1973,San Diego Theodor S. Geisel Award
1974,IBPA Benjamin Franklin Awards Nominee  Historical Fiction
1975,Man Asian Literary Prize
1976,Grand Prize
1977,Rainbow Award Nominee  Best Gay Paranormal / Horror - Honorable Mention
1978,John Spray Mystery Award Nominee
1979,Charlotte Zolotow Award
1980,Pennsylvania Young Readers' Choice Award Nominee  Grades K-3
1981,Bookworm Best Award  Best NonFiction
1982,Christy Award Nominee  Romance
1983,aa34aaaa aaa  a aa34aaa aaaa aa  [Sahitya Akademi Award - Tamil]
1984,RITA Award by Romance Writers of America Nominee  Historical Single Title Romance
1985,Premi Lletra d'Or
1986,Hessell-Tiltman Prize Nominee
1987,Readers' Favorite Book Award  Fiction - Womens (Silver)
1988,RITA Award by Romance Writers of America Nominee  Best Young Adult Romance
1989,Macavity Award Nominee  Sue Feder Historical Mystery
1990,Lambda Literary Award Nominee  Transgender Fiction
1991,MOTHA Award  Books/Publications of the Year
1992,Michigan Library Association Thumbs Up! Award  Honor book
1993,Augustpriset  Fiction
1994,Svenska Dagbladets litteraturpris
1995,Goodreads Choice Award Nominee  Travel & Outdoors
1996,National Book Award Nominee  Young Peopleas Literature
1997,Augustpriset Nominee  Non-Fiction
1998,Premio Scerbanenco
1999,Prix Ados Nominee
2000,Premio El Templo de las Mil Puertas  Mejor novela extranjera perteneciente a saga
2001,Prime Minister's Literary Awards Nominee  Nonfiction
2002,Australian Independent Booksellers Indie Book Award Nominee  Non-Fiction
2003,Australian Book Industry Award (ABIA)  Biography
2004,William C. Morris YA Debut Award
2005,Lambda Literary Award Nominee  LGBTQ Children's/Young Adult
2006,Asian/Pacific American Award  Literature  Literature  Young Adult Literature
2007,Middle East Book Award  Youth Literature
2008,Boston Globe-Horn Book Award  Fiction & Poetry Nominee
2009,RITA Award by Romance Writers of America Nominee  First Book & Nominee  Inspirational Romance
2010,Christy Award Nominee  First Book
2011,ACFW Carol Award  Debut Novel
2012,Golden Medallion by Romance Writers of America Nominee  Long Contemporary Romance
2013,World Fantasy Award Nominee  Best Anthology/Collection
2014,The Center  Fiction First Novel Prize Nominee  Longlist
2015,CLA Book of the Year  Young Adult
2016,Philip K. Dick Award  Special Citation
2017,eLit Book Award  Fantasy/Science Fiction - Silver
2018,All About Romance (AAR) Annual Reader Poll  Best Romance of the Year AND Best Romantic Suspense AND Best Hero AND Best Contemporary AND Best Cabin/Road Romance
2019,Favorite Books by Romance Writers of America  Favorite Books of 2002
2020,Audie Award  Personal Development
2021,Orhan Kemal Roman ArmaAanA
2022,Macavity Award  Sue Feder Historical Mystery
2023,Los Angeles Book Festival Nominee  General Fiction (Honorable Mention)
2024,Asian/Pacific American Award  Literature  Young Adult Honor
2025,British Science Fiction Association Award Nominee  Best Shorter Fiction
2026,Lambda Literary Award  Gay Fiction
2027,Kusala Sastra Khatulistiwa Nominee  shortlist
2028,JLG Gold Standard
2029,Romantic Times Reviewers' Choice Award (RT Award)  Inspirational Mystery/Suspense/Thriller
2030,Kusala Sastra Khatulistiwa Nominee  longlist
2031,Independent Publisher Book Award (IPPY)  Australia/New England - Best Regional Fiction (Gold)
2032,Large Publisher (Gold)
2033,Sarton Women's Literary Awards  Contemporary Fiction (Gold)
2034,POPULAR-The Star Readersa Choice Awards  Non-Fiction
2035,Ockham New Zealand Book Awards  1st (Goodman Fielder Wattie)
2036,Brand Boase Award
2037,Anthony Award  Best Children's/Young Adult Novel
2038,Agatha Award  Mystery
2039,Premio Nacional de Literatura Infantil y Juvenil
2040,PrAamio Jabuti Nominee  Novels
2041,PrAamio SAo Paulo de Literatura  Melhor Livro de Romance
2042,Tulenkantaja-palkinto Nominee
2043,Fantasm Romance Award  Best Futuristic Romance
2044,Bookspot Literatuurprijs
2045,Royal Academy of Bards Hall of Fame
2046,Ann Bannon Popular Choice Award
2047,Agatha Award  Best First Novel
2048,Ned Kelly Award Nominee  Best First Fiction (Shortlist)
2049,Locus Award Nominee  Science Fiction Novel
2050,James Herbert Award
2051,Andrew Carnegie Medal  Fiction
2052,Goodreads Choice Award Nominee  Fiction &  Debut Goodreads Author
2053,National Book Award Finalist  History
2054,Lambda Literary Award Nominee  LGBTQ SF/F/Horror
2055,Premio Odisea
2056,34N3412   341412N
2057,12NNNNNo3412  NN12N N34N14
2058,Golden Crown Literary Award Nominee  Traditional Romance
2059,Commonwealth Writers' Prize  Best First Book in South Asia and Europe
2060,Readers' Favorite Book Award Nominee  Romance - Fantasy/Sci-Fi
2061,Katapultpriset
2062,Wordcraft Circle of Native Writers and Storytellers Award  Nonfiction
2063,Orwell Prize Nominee  Political Writing  Longlist
2064,Gaylactic Spectrum Award Nominee  Best Other Work
2065,MHM Book of the Year Nominee
2066,Coretta Scott King Book Award Nominee  Author
2067,"Hugo Award  Best Novelette  ""The Faery Handbag"""
2068,Nebula Award  Best Novelette  aThe Faery Handbaga
2069,"Locus Award  Best Novelette  ""The Faery Handbag"""
2070,"World Fantasy Award Nominee  Best Anthology and Best Short Fiction  ""The Faery Handbag"""
2071,"British Science Fiction Association Award Nominee  Best Short Fiction  ""The Faery Handbag"""
2072,Judy Grahn Award Nominee
2073,Lambda Literary Award Nominee  LGBTQ Nonfiction
2074,Prijs van de Nederlandse Kinderjury  6-9 jaar en 10-12 jaar
2075,American Booksellers Book Of The Year Award  Children
2076,Audie Award
2077,Colorado Blue Spruce Young Adult Book Award
2078,Blue Hen Book Award  Chapter Book
2079,Golden Archer Award  Middle/Junior High
2080,Indian Paintbrush Book Award
2081,Hotze de Roosprijs
2082,NestlA Smarties Book Prize  9a11 years
2083,Kinderboekwinkelprijs
2084,Parenting Book of the Year Award
2085,Specsavers National Book Award  Children's Book of the Year
2086,Premi Protagonista Jove  Categoria 12-13 anys
2087,Corine Internationaler Buchpreis  Kinder- und Jugendbuch
2088,Goodreads Choice Award Nominee  Young Adult Fantasy & Science Fiction and  Goodreads Author
2089,All About Romance (AAR) Annual Reader Poll  Best Erotic Romance AND Most Tortured Hero
2090,Goodreads Choice Award Nominee  Romance and  Goodreads Author
2091,All About Romance (AAR) Annual Reader Poll  Most Tortured Hero & Favorite European Historical & Honorable Mentions  Most-Hanky Read & Most Luscious Love Story
2092,"RITA Award by Romance Writers of America Nominee  Romance Novella (""Run from Twilight"" by Maggie Shayne)"
2093,National Book Award  Biography and Autobiography
2094,National Book Award Finalist  Biography (Paperback)
2095,PEN/Diamonstein-Spielvogel Award  the Art of the Essay
2096,Edward Lewis Wallant Award
2097,The S.E.A. Write Award
2098,Sayembara Menulis Novel Dewan Kesenian Jakarta  Pemenang Utama
2099,Hadiah Sastra Dewan Kesenian Jakarta  Novel terbaik
2100,Schlegel-Tieck Prize  John Brownjohn
2101,Ditmar Award  Best International Long Fiction
2102,Premio letterario Giuseppe Acerbi
2103,Lefty Award
2104,Gayle Wilson Award of Excellence  Young Adult
2105,Colorado Book Award Nominee  Young Adult Literature (Finalist)
2106,Georgia Peach Book Award Nominee
2107,International Reading Association Award  Young Adult Fiction
2108,New Mexico-Arizona Book Award  Young Adult
2109,Cybils Award  Young Adult Fiction
2110,EPIC (Eppie) Award Nominee  Science Fiction
2111,INSPY Nominee  Speculative Fiction
2112,Next Generation Indie Book Awards Nominee  Religious Fiction &  Science Fiction
2113,Readers' Favorite Book Award  Science Fiction and Christian Fiction
2114,Georgia Peach Book Award
2115,Arthur Ellis Award  Best Juvenile
2116,Oregon Book Award Nominee  Nonfiction (Finalist)
2117,ITW Thriller Award Nominee  Best Novel
2118,Arthur Ross Book Award  Gold Medal
2119,IGN Award  Best Comic
2120,All About Romance (AAR) Annual Reader Poll  Most Disappointing Romance & Honorable Mention  Funniest Romance
2121,Mississippi Institute of Arts and Letters Award  Fiction
2122,Grand Prix de LittArature PoliciA re  Romans franAais
2123,ENnie Gold Award  Best Rules
2124,All About Romance (AAR) Annual Reader Poll  Best European Historical Romance & Best Hero & Honorable Mention  Best Couple
2125,Idaho Book of the Year Award
2126,Romantic Times Reviewers' Choice Award (RT Award)  Fantasy
2127,British Fantasy Award  Best Short Story Collection
2128,Reader Views Literary Award  Europe Region
2129,PEN Translation Prize Nominee  Shaun Whiteside
2130,Anne Frank-prijs
2131,New England Chapter RWA Readers' Choice Nominee  Contemporary (Third Place)
2132,Arthur C. Clarke Award
2133,Sunburst Award  Novel
2134,Lambda Literary Award Nominee  Gay Fiction
2135,TLA Gaybie Award Nominee  Best Fiction
2136,RNA Joan Hessayon Award
2137,OKRWA National Readers Choice Award  Romantic Suspense
2138,Gaylactic Spectrum Award  Best Novel
2139,Premio Bancarella della Cucina
2140,Warner Aspect First Novel Contest
2141,RITA Award by Romance Writers of America Nominee  Best Romance of 1998
2142,OKRWA National Readers Choice Award  Single Title Contemporary
2143,Eason Novel of the Year
2144,Stonewall Book Award Nominee  Literature
2145,Agatha Award Nominee  Best Historical Novel
2146,Whitbread Award  First Novel and Book of the Year
2147,OLA Forest of Reading Silver Birch Award
2148,Christy Award Nominee  Contemporary Romance
2149,ITW Thriller Award  Best Hard Cover Novel
2150,Left Coast Crime Award Nominee  Best mystery set in the LCC region (Rocky Award)
2151,Premio Literario de Derechos Humanos
2152,Rainbow Award  Best LGBT Romantic Comedy
2153,Wisconsin Library Association Literary Award
2154,Society of Midland Authors Award Nominee  Adult Nonfiction
2155,Romantic Times Reviewers' Choice Award (RT Award)  Scotland Set Historical Romance
2156,Romantic Times Reviewers' Choice Award (RT Award) Nominee  Contemporary Romance
2157,Spur Award  Best Novel
2158,William Hill Sports Book of the Year
2159,Independent Publisher Book Award (IPPY) Nominee  Visionary Fiction (Finalist)
2160,National Book Award Finalist  General Nonfiction (Hardcover)
2161,Minnesota Book Award  Genre Fiction
2162,Governor General's Literary Awards / Prix littAraires du Gouverneur gAnAral  Children's Literature a Text
2163,Prijs van de Nederlandse Kinderjury  6-9 jaar
2164,Norma K. Hemming Award Nominee
2165,Ein Buch fA14r die Stadt
2166,CWA Ian Fleming Steel Dagger Nominee
2167,Audie Award  Science Fiction
2168,Premio Princesa de Asturias de Ciencias Sociales
2169,ACFW Carol Award  Contemporary
2170,Bob den Uyl Prijs Nominee
2171,Will Eisner Comic Industry Awards  Best Archival Collection/Project
2172,BTBA Best Translated Book Award Nominee  Fiction shortlist
2173,Hertzogprys
2174,Barry Ronge Fiction Prize
2175,Premio Internacional de Novela MAxico
2176,Sidewise Award  Best Long Form
2177,Prix Ados Rennes Ille-et-Vilaine
2178,U UUa
2179,Rainbow Award  Best Gay Novel 10th Place
2180,Gouden Uil  Publieksprijs
2181,Henriette Roland Holst-prijs
2182,National Indie Excellence Awards  African-American Fiction
2183,TA14rk Dil Kurumu AdA14lA14
2184,WritersType Competition  First Chapter
2185,Readers' Crown Award by RomConA (Romance Conventions Inc.) Nominee
2186,Shirley You Jest! Book Award Nominee  LOL Fiction
2187,Governor General's Literary Awards / Prix littAraires du Gouverneur gAnAral  Juvenile
2188,Queensland Premier's Literary Awards  Young Adult Book
2189,Goldsmith Book Prize  Trade
2190,San Francisco Book Festival  Business & Grand Prize Winner
2191,Kusala Sastra Khatulistiwa Nominee  Prosa - shortlist
2192,Pulitzer Prize Nominee  History
2193,Woman & Home Reader's Choice Award  Best Crime Novel Of The Year
2194,Premio Hans Christian Andersen
2195,PrAamio Jabuti  Literatura Adulta
2196,Audie Award  Best Audio Drama
2197,Alabama Library Association Children's Book of the Year Nominee  4-5
2198,British Fantasy Award  Best Fantasy Novel (the Robert Holdstock Award)
2199,QWF (Quebec Writer's Federation) Award  Fiction (Paragraphe Hugh MacLennan Prize)
2200,BTBA Best Translated Book Award Nominee  Fiction (runner-up)
2201,Yomiuri Prize eaa2ae3  Fiction
2202,Next Generation Indie Book Awards  Fiction (First Place)
2203,Laurence L. & Thomas Winship/PEN New England Award  Fiction
2204,CWA Gold Dagger Award Nominee  Shortlist
2205,Theakston Old Peculier Crime Novel of the Year
2206,eLit Book Award  Juvenile/Young Adult Fiction - Gold
2207,Miles Franklin Literary Award  Literary Fiction
2208,Fantasy & Fantasy Romance (2nd Place) &  Best Transgender Debut (2nd Place)
2209,Anthony Award Nominee  Best Novel and Nominee  Best Novel in a Series (Bill Crider Award)
2210,Agatha Award  Best Contemporary Novel
2211,Lefty Award Nominee  Best Mystery Novel
2212,Los Angeles Times Book Prize  Christopher Isherwood Prize  Autobiographical Prose
2213,Independent Publisher Book Award (IPPY)  Best SciFi/Fantasy/Horror eBook (Bronze)
2214,Lambda Literary Award Nominee  LGBT SF/F/Horror
2215,Rainbow Award Nominee  Lesbian Sci-Fi / Futuristic (2nd)
2216,Golden Crown Literary Award  Contemporary Romance: Long Novels
2217,Texas Association of Authors Book Award  Historical/Tudor
2218,Chaucer Awards First In Category Award Nominee  Historical Fiction Pre-1750s (Shortlisted)
2219,North Carolina Children's Book Award
2220,Leeds Book Awards  11-14
2221,Kodansha Manga Award  General Manga
2222,Premio Nacional de Novela Juvenil Fenal - Norma
2223,Nommo Award Nominee  Best Novella
2224,Golden Duck Award Nominee  Middle Grades (Eleanor Cameron Award)
2225,Will Eisner Comic Industry Awards Nominee  Best U.S. Edition of International MaterialaAsia
2226,BBC National Short Story Award Nominee  'The Safehouse'
2227,APSA Victoria Schuck Award
2228,Pura BelprA Award Nominee  Narrative
2229,PEN Center USA Literary Award  Children's and Young Adult Literature
2230,Best Writer/Artist ( Luke Pearson)
2231,Lambda Literary Award  Science Fiction/Fantasy
2232,Seiun Award e2e3 Nominee  Best Foreign Novel
2233,Locus Award Nominee  Young Adult Book
2234,Aurealis Award Nominee  Young Adult Novel
2235,Lionel Gelber Prize Nominee
2236,Calinia Book Award  Juvenile (Gold)
2237,HOLT Medallion by Virginia Romance Writers Nominee  Short Contemporary Romance
2238,ITW Award Nominee  Best Young Adult Novel
2239,Society of Midland Authors Award  Adult Nonfiction
2240,World Fantasy Award  Best Novella
2241,Andrew Aydin & Nate Powell)
2242,Best Reality-Based Work & Best Penciller/Inker or Penciller/Inker Team ( Nate Powell)
2243,Robert F. Kennedy Book Award  Special Recognition Honor
2244,NCTE Charlotte Huck Award
2245,National Outdoor Book Award  Classic
2246,Financial Times and McKinsey Business Book of the Year  Shortlist
2247,Premio Urania
2248,Prix Tour Eiffel
2249,aae3  10th place
2250,Mikael Agricola -palkinto
2251,Dragon Award Nominee  Best Military Science Fiction or Fantasy Novel
2252,Prix Imaginales des CollAgiens
2253,PrAamio Oceanos  Poesia
2254,LovelyBooks Leserpreis  Bester Klappentext
2255,Bram Stoker Award Nominee  Best Long Fiction
2256,National Book Award  Novel
2257,Mekka-prijs
2258,Hugo Award Nominee  Best Graphic Novel Finalst
2259,and Best Cover Artist ( multiple covers) (Fiona Staples)
2260,Locus Award Nominee  All-Time Best Science Fiction Novel
2261,International Fantasy Award  Fiction
2262,Borders Original Voices Award  Nonfiction
2263,Ridenhour Book Prize
2264,Brageprisen  Open Category - Comic Books
2265,Geoffrey Bilson Award  Historical Fiction  Young People Nominee
2266,Casey Award
2267,Anthony Award Nominee  Best Paperback Original
2268,Shamus Award  Best PI Paperback Original
2269,Tidningen Vi:s litteraturpris
2270,Nautilus Book Award  Audio Books & Spoken Word
2271,Dayton Literary Peace Prize Nominee  NonFiction
2272,Premi Josep Pla de narrativa
2273,RITA Award by Romance Writers of America Nominee  Paranormal Romance & Best First Book
2274,HOLT Medallion by Virginia Romance Writers Nominee  Paranormal
2275,SKoW Award  Best Tragedy
2276,The Romanian Academy Prize
2277,CWA International Dagger
2278,Svenska Deckarakademins pris fAr bAsta svenska kriminalroman
2279,Wallace K. Ferguson Prize
2280,David Higham Prize  Fiction
2281,Carl Brandon Parallax Award
2282,Friedrich-Glauser-Preis  Kriminalroman
2283,The Age Book of the Year
2284,McKitterick Prize
2285,DABWAHA Romance Tournament  Best Romance of the Year & Best Paranormal/UF/SF Romance
2286,Ned Kelly Award Nominee  Best Novel
2287,Vondel Prize  Sam Garrett
2288,Premio Ciudad de Barcelona
2289,Premio Bancarella
2290,Hackmatack Children's Choice Award  English Fiction
2291,Wisden Book of the Year
2292,Anthony Award Nominee  Best Critical Nonfiction
2293,Royal Society Science Book Prize  General Prize
2294,Los Angeles Times Book Prize  History
2295,aaaa1aaaa14aaaai14  Best Translated Mystery Novel of the Year in Japan
2296,National Book Award  Science Fiction (Paperback)
2297,Hurston/Wright Legacy Award Nominee  Nonfiction
2298,Golden Medallion by Romance Writers of America  Best Mainstream Historical Romance
2299,Prix Alain-Fournier
2300,Scott Moncrieff Prize  Adriana Hunter
2301,Ella Dickey Literacy Award
2302,Hugo Award  Best Graphic Story
2303,Corine Internationaler Buchpreis  Wirtschaftsbuch
2304,RONE Award Nominee  Paranormal
2305,Orwell Prize Nominee
2306,Preis der Leipziger Buchmesse  Belletristik
2307,Duke of Westminster Medal  Military Literature Nominee
2308,Kusala Sastra Khatulistiwa Nominee  Penulis Muda Berbakat
2309,Sayembara Menulis Novel Dewan Kesenian Jakarta  Juara III
2310,Locus Award  Best Novel
2311,James Tiptree Jr. Award Nominee  Classics
2312,National Book Award Finalist  Science Fiction (Paperback)
2313,Independent Publisher Book Award (IPPY)  Best West/Regional Fiction
2314,Best Graphic AlbumaReprint
2315,Romantic Times Reviewers' Choice Award (RT Award)  Best Historical K.I.S.S. Hero
2316,Pulitzer Prize Nominee  Drama
2317,Coffee Time Romance Book of the Year
2318,Nike Literary Award (Nagroda Literacka Nike)  Audience
2319,Prix AMPHI
2320,European Book Prize  Fiction
2321,Mountbatten Maritime Award
2322,ITW Thriller Award Nominee  Best Thriller of the Year
2323,Locus Award  Best Short Story  aThe Case of Death and Honeya by Neil Gaiman
2324,Hugo Award  Best Short Story  aSlow Sculpturea
2325,"Nebula Award  Best Novelette  ""Slow Sculpture"""
2326,Christy Award Nominee  Contemporary
2327,ECPA Christian Book Award  Christian Book of the Year
2328,RITA Award by Romance Writers of America Nominee  Contemporary Romance: Mid-Length
2329,Aurealis Award  Best Sciende Fiction Novel
2330,Lefty Award Nominee
2331,Premio FundaciA3n JosA Manuel Lara
2332,Florida Book Award  Popular Fiction - Bronze
2333,Marburg YazAn AdA14lA14
2334,Ignatz Award  Outstanding Graphic Novel
2335,Doug Wright Award  Best Book
2336,European Book Prize
2337,Premi Protagonista Jove Nominee  Categoria 15-16 anys
2338,National Book Award Finalist  Science (Hardcover)
2339,New Mexico Land of Enchantment Award  Young Adult
2340,BrA14cke-Berlin-Preis (BrA14cke Berlin Literature and Translation Prize)  Christina Viragh
2341,HOLT Medallion by Virginia Romance Writers Nominee  Regency
2342,Rainbow Award  Best LBGT Cover
2343,National Book Award  Science (Paperback)
2344,Stand Dolman Travel Book of the Year
2345,Best Cover Artist ( Jenny Frison)
2346,N 341212  N12NNN N12  123N    1- 34NN N234   2014 3. a 2N34N34 14NNN34
2347,Black Caucus of the American Library Association Literary Award  1st Novelist
2348,FAB Award
2349,Governor General's Literary Awards / Prix littAraires du Gouverneur gAnAral  Nonfiction
2350,Best Book of Ideas Prize Nominee
2351,eLit Book Award  Erotic Fiction - Bronze
2352,Golden Crown Literary Award  Science Fiction/ Fantasy
2353,Laurence L. & Thomas Winship/PEN New England Award  Poetry
2354,Ambassador Book Award  Poetry
2355,Massachusetts Book Award  Poetry
2356,Grand Prix du Roman de l'AcadAmie franAaise
2357,James Beard Foundation Book Award  Writing and Literature
2358,San Francisco Book Festival  General Nonfiction
2359,Bram Stoker Award  Best Non-Fiction
2360,British Fantasy Award  Best Small Press Publication
2361,William Allen White Children's Book Award Nominee
2362,WIZO Literatuurprijs
2363,Governor General's Literary Awards / Prix littAraires du Gouverneur gAnAral  Prose and Poetry
2364,Goodreads Choice Award Nominee  Young Adult Fiction and  Debut Author
2365,Asian/Pacific American Award  Literature  Literature Young Adult Honor
2366,Goodreads Choice Award Nominee  Young Adult Fantasy & Science Fiction and  Debut Author
2367,Prix des Auditeurs RSR Nominee
2368,Amelia Elizabeth Walden Award
2369,NAIBA Book of the Year  Young Adult
2370,Bram Stoker Award Nominee  Best Anthology
2371,This is Horror Award  Anthology
2372,USA Book News Award  Anthology
2373,Foreword INDIES Book of the Year Award  Anthology (Gold)
2374,Locus Award Nominee  Fantasy Novel
2375,British Fantasy Award Nominee  Best Fantasy Novel (Robert Holdstock Award)
2376,Dragon Award Nominee  Best Fantasy Novel
2377,Aurealis Award  Best Science Fiction Novel
2378,Juan C. Laya Prize  Best Novel in a Philippine Language
2379,Harvey Awards Nominee  Book of the Year & Best Children or Young Adult Book
2380,Lambda Literary Award Nominee  LGBTQ Graphic Novels
2381,Will Eisner Comic Industry Awards  Best Reality-Based Work AND nominated  Best Publication  Teens (ages 13-17)
2382,Wilbur Smith Adventure Writing Prize  Published Novel
2383,Colorado Book Award  Young Adult Literature
2384,Whitbread Award  Children's Book of the Year
2385,Janusz A. Zajdel Award
2386,Shaughnessy Cohen Prize  Political Writing Nominee
2387,British Columbia National Award  Canadian Non-Fiction Nominee
2388,Anisfield-Wolf Book Award  Poetry
2389,Kingsley Tufts Poetry Award Nominee
2390,National Book Critics Circle Award Nominee  Poetry
2391,PEN/Jean Stein Book Award Nominee
2392,aae3  8th place
2393,Will Eisner Comic Industry Awards Nominee  Best Publication  Teens (ages 13-17)
2394,Asian/Pacific American Award  Literature Nominee  Young Adult Literature
2395,American Indian Youth Literature Award  Best Young Adult Book (Honor Book)
2396,Governor General's Literary Awards / Prix littAraires du Gouverneur gAnAral  Traduction (de laanglais vers le franAais) by Madeleine Stratd
2397,and  Young Peopleas Literature a Text
2398,Kirkus Prize  Young Readers' Literature
2399,Spur Award  Best Juvenile Fiction
2400,Seiun Award e2e3  Best Translated Long Story
2401,PEN Translation Prize  Richard Pevear & Larissa Volokhonsky
2402,O. Henry Award
2403,Nordisk Raads Litteraturpris (Nordic Council Literature Prize)
2404,Bram Stoker Award  Best Work  Young Readers
2405,Locus Award  Best Young Adult Novel
2406,Will Eisner Comic Industry Awards  Best Publication  Teens/Tweens
2407,Elizabeth Burr / Worzalla Award
2408,Premi Protagonista Jove Nominee  Categoria 13-14 anys
2409,Ua  3U U UUU 3UU U UU
2410,Colorado Book Award  Genre Fiction
2411,Marlowe  Best Crime Novel (International)
2412,PEN Translation Prize  Margaret Sayers Peden
2413,Shakti Bhatt First Book Prize Nominee
2414,DSC Prize Nominee  South Asian Literature  Longlist
2415,Australian Book Industry Award (ABIA) Nominee  Older Children
2416,National Outdoor Book Award  Outdoor Literature
2417,Patricia Gallagher Picture Book Award
2418,Magnesia Litera  Children's Book (Kniha pro dAti a mlAdeA34)
2419,Lambda Literary Award Nominee  Gay Men's Mystery
2420,New York Drama Critics' Circle Award  Best Foreign Play
2421,PEN Translation Prize  Richard Howard
2422,Gayle Wilson Award of Excellence  Inspirational Romance
2423,CLA Book of the Year  Children Award Nominee
2424,Children's Choice Book Award Nominee  Fifth Grade to Sixth Grade Book of the Year
2425,Prix Fulbert de Chartres Nominee
2426,OLA Forest of Reading Red Maple Award  Fiction
2427,National Book Award  Arts and Letters & The Sciences
2428,Glass Key Award Nominee
2429,U2U   U U UU U   UaUU U U UUUU
2430,One Book One San Diego
2431,Romantic Times Reviewers' Choice Award (RT Award)  Paranormal Romantic Suspense
2432,New South Wales Premier's Literary Award Nominee  Christina Stead Prize  Fiction
2433,Victorian Premier's Literary Award Nominee  Vance Palmer Prize  Fiction
2434,Thea Beckmanprijs
2435,Prijs voor Letterkunde van de Vlaamse Provincies
2436,Prijs van de Kinder- en Jeugdjury Vlaanderen
2437,Boekenleeuw
2438,William Saroyan International Prize  Writing Nominee  Fiction
2439,Believer Book Award
2440,Prix europAen de laessai Charles Veillon
2441,Desert Rose Golden Quill Award
2442,Governor General's Literary Awards / Prix littAraires du Gouverneur gAnAral  Traduction
2443,British Columbia National Award  Canadian Non-Fiction
2444,RBC Taylor Prize
2445,Hilary Weston Writers' Trust Prize  Nonfiction Nominee
2446,NAISA Prize  Best Subsequent Book
2447,Sunshine State Young Readers Award  Grades 6-8
2448,Gayle Wilson Award of Excellence  Inspirational Series
2449,Locus Award  Best Author Collection
2450,Agatha Award Nominee  Best Children's/Young Adult Novel
2451,All About Romance (AAR) Annual Reader Poll  Favorite Medieval Romance
2452,SIBA Book Award
2453,The Magnolia Award  6-8
2454,Prix LittAraire Bordelaise de Lunetterie
2455,"Hugo Award  Best Short Story  ""Grotto of the Dancing Deer"""
2456,"Nebula Award  Best Short Story  ""Grotto of the Dancing Deer"""
2457,"Locus Award  Best Short Story  ""Grotto of the Dancing Deer"""
2458,"Analog Award  Best Short Story  ""Grotto of the Dancing Deer"""
2459,Premio Hache
2460,Premiul Uniunii Scriitorilor din RomAnia  Debut
2461,Kerala Sahitya Akademi Award
2462,Readers' Favorite Book Award Nominee  Nonfiction - True Crime (Finalist)
2463,BMA Award
2464,Bremer Literaturpreis  FArderpreis
2465,F. Bordewijkprijs
2466,Independent Publisher Book Award (IPPY)  Juv/Young Adult Nonfiction
2467,Foreword INDIES Book of the Year Award  Young Adult Fiction (Bronze)
2468,Premio Casa de las AmAricas
2469,ITW Thriller Award  Best Hardcover Novel
2470,Asian/Pacific American Award  Literature  Adult Fiction
2471,LitteraturfrAmjandets stora romanpris
2472,Premio Grinzane Cavour  Narrativa Italiana
2473,Sydney Taylor Book Award  Younger Readers
2474,Ruth and Sylvia Schwartz Children's Book Award
2475,All About Romance (AAR) Annual Reader Poll  Best Chick Lit/Women's Fiction & Honorable Mention  Funniest Romance
2476,CWA Endeavour Historical Dagger Nominee  Shortlist
2477,Prijs van de Vlaamse Gemeenschap voor Proza
2478,European Book Prize Nominee  Fiction
2479,Corine Internationaler Buchpreis  Rolf Heyne Buchpreis
2480,Lesbian Fiction Readers' Choice Award Nominee  Fantasy
2481,Fraunces Tavern Museum Book Award Nominee
2482,National Book Award Finalist  Children's Fiction (Paperback)
2483,Premio primavera
2484,Weickhardt Award
2485,Human Rights Literature and Other Writing Award
2486,Premi Protagonista Jove  Categoria 13-14 anys
2487,Ferro-Grumley Award  Gay Fiction
2488,Lambda Literary Award Nominee  Gay Men's Fiction
2489,Aurealis Award Nominee  Best Children's Fiction (Shortlist)
2490,Angelus Nominee  Longlist
2491,Cena Josefa A kvoreckAho
2492,Cena AeskA kniha (Czech Book Award)  Readeras Award
2493,Lambda Literary Award  LGBT SF/F/Horror
2494,Western Australian Premier's Book Award Nominee  Writing  Young Adults (Shortlist)
2495,Prime Minister's Literary Awards Nominee  Young Adult Fiction
2496,Ena Noel Award
2497,Ampersand Prize
2498,William James Book Award Nominee
2499,Golden Crown Literary Award  Speculative Fiction
2500,Prix du Festival du premier roman ChambAry-Savoie  Roman europAens (Royaume - Uni)
2501,Rainbow Award  Gay Fantasy (The Eric Arvin Award)
2502,Penderyn Music Book Prize Nominee  (shortlist)
2503,Rainbow Award  Best Gay - Fantasy The Eric Arvin Award  Gay Fantasy
2504,New York Book Festival Nominee  General Fiction
2505,Prix Femina Vacaresco
2506,French-American Foundation Translation Prize  Non-fiction
2507,The Publishing Triangle Award  Trans and Gender-Variant Literature Nominee
2508,Carl Brandon Society Kindred Award
2509,Bord GAis Energy Irish Book Award  Ireland AM Crime Fiction Award
2510,Harold U. Ribalow Prize
2511,Sami Rohr Prize  Jewish Literature
2512,Grand Prix de l'Imaginaire Nominee  Roman jeunesse Atranger
2513,12 3 N34oN BBC   NNN o12 3 N34oN
2514,34NNN o12 3 Nominee
2515,Lambda Literary Award Nominee  Poetry
2516,Great Lakes Great Books Award  6-8
2517,NAIBA Book of the Year  Middle Readers
2518,Filipino Readers' Choice Award  Humor
2519,NestlA Smarties Book Prize  9 a 11 years & Overall
2520,TomAs Rivera Mexican American Childrenas Book Award
2521,Next Generation Indie Book Awards  Young Adult
2522,National Book Award Nominee  Translated Literature
2523,Gordon Burn Prize Nominee  Longlist
2524,Banff Mountain Book Award  Mountain Fiction & Poetry
2525,European Union Prize  Literature  Germany
2526,Arab American Book Award  Fiction
2527,Jan Michalski Prize Nominee  Longlist
2528,Manitoba Young Readers' Choice Award Nominee  Sundogs
2529,Hugo Award  Best Related Book
2530,Audie Award  Business Inmation
2531,Independent Publisher Book Award (IPPY)  Audio Fiction - Abridged
2532,Magnesia Litera Nominee  Translation (Litera za pAekladovou knihu)
2533,Golden Man Booker Prize Nominee
2534,The Rooster -- The Morning News Tournament of Books
2535,Reading Women Award  Fiction
2536,Litsy Award  Historical Fiction
2537,Books I Loved Best Yearly (BILBY) Awards  Older Readers
2538,Miles Franklin Literary Award
2539,Children's Book Council of Australia Award  Picture Book of the Year
2540,National Book Award Finalist  Biography and Autobiography
2541,Bokhandlerprisen
2542,P2-lytternes romanpris
2543,Fiction (Hardcover)
2544,Marshall McLuhan Award  Outstanding Book in the Field of Media Ecology
2545,J.I. Staley Prize (School  Advanced Research)
2546,Edgar Award  Best First Novel by an American Author
2547,South Carolina Book Award  Children's Book Award
2548,RITA Award by Romance Writers of America Nominee  Short Contemporary Series Romance
2549,Graoully d'Or  Roman Atranger
2550,EPIC (Eppie) Award
2551,HOLT Medallion by Virginia Romance Writers Nominee  Long Historical
2552,Maggie Award  Excellence (Georgia Romance Writers) Nominee  Historical Romance
2553,Premio Medici Italia
2554,O. Henry Award  'Shawl'
2555,Audie Award  Classic Fiction
2556,PrAmio MAxima de Literatura
2557,Canberra's Own Outstanding List (COOL) Awards  Section 2 Fiction  Younger Readers
2558,Golden Crown Literary Award  Sci-Fi/Fantasy/Horror/Paranormal/Speculative
2559,Readers' Favorite Book Award Nominee  Children - Fantasy/Sci-Fi (Finalist)
2560,Opzij Literatuurprijs
2561,Locus Award  Best Anthology
2562,HOLT Medallion by Virginia Romance Writers Nominee  First Book
2563,New York Drama Critics' Circle Award Nominee  Best American Play
2564,HOLT Medallion by Virginia Romance Writers  Long Inspirational
2565,Wilderness Society's Environment Award  Children's Literature
2566,Big Red Reads Award  Historical Fiction
2567,Festival of Romance Award Nominee  Best Historical Fiction
2568,Arthur Ellis Award  Best Juvenile/Young Adult Crime Book
2569,Preis der Leipziger Buchmesse  Abersetzung
2570,IIII2II I III3IIIII12I1IoII IIIIIIIIII II3I3IIIII12II III3IIIII12I II IIII
2571,N14NN Ao34234N34 A
2572,Rainbow Award  Gay Erotic Romance - The Bobby Michaels Award
2573,DABWAHA Romance Tournament  Best Romance of the Year
2574,Prix du Festival d'AngoulAame  Meilleure oeuvre rAaliste AtrangA re
2575,RITA Award by Romance Writers of America  Best Young Adult Romance
2576,Adamjee Literary Award  Urdu Prose
2577,Canadian Jewish Book Award  Fiction
2578,Sir Julius Vogel Award  Best Young Adult Novel
2579,Hadiah Sastera Kumpulan Utusan  [1st] Novel Remaja
2580,North Dakota Children's Choice Award
2581,Gouden Ezelsoor
2582,DebutantenPrijs
2583,Cybils Award Nominee  Middle Grade Fantasy & Science Fiction
2584,o34NN34 14 2 NN 12342N2  6. 14NNN34
2585,N 341212  N12NNN N12  123N    1- 34N o12 3  2014 3. a NN234 14NNN34
2586,Arab American Book Award Nominee  Nonfiction
2587,Royal Society Science Book Prize Nominee  Longlist
2588,Los Angeles Times Book Prize Nominee
2589,Keystone to Reading Book Award Nominee  High School
2590,Kurd-LaAwitz-Preis Nominee  Bester auslAndischer SF-Roman (Best Foreign Work)
2591,2 U2 UUU UU1UU UUUa  UU U UUo U1 U U  U
2592,APSA Woodrow Wilson Foundation Award
2593,Crossword Book Award Nominee
2594,PEN Translation Prize  Hardie St. Martin & Leonard Mades
2595,All About Romance (AAR) Annual Reader Poll  Best Fantasy Romance
2596,British Fantasy Award  Best Horror Novel (the August Derleth Award)
2597,Kusala Sastra Khatulistiwa Nominee  Prosa - longlist
2598,PrAamio Jabuti  Livro do Ano NAo FicAAo
2599,Prix MAditerranAe Atranger
2600,Mary Higgins Clark Award
2601,GAaoae3  ae3
2602,Thea Beckmanprijs Nominee
2603,U2 U1UU U UUUU U1 U (U  U) / International Prize  Arabic Fiction (IPAF)
2604,Prix du roman fantastique du festival de GArardmer
2605,Jerwood Fiction Uncovered Prize
2606,Rainbow Award Nominee  Best Gay Young Adult
2607,Premio Calidoscopio de Venezuela
2608,Katholischer Kinder- und Jugendbuchpreis
2609,Sankei Children's Publishing Culture Award
2610,Harvey Awards  Best Single Issue or Story
2611,Hurston/Wright Legacy Award  Fiction
2612,Nagroda Wielkiego Kalibru  Nagroda CzytelnikA3w
2613,Barry Award  Best Paperback Original
2614,Sahitya Akademi Award  Hindi
2615,Lefty Award  Best Mystery Novel
2616,Harvey Awards  Best New Series & Most Promising New Talent ( Chip Zdarsky)
2617,Best Writer ( Matt Fraction)
2618,Christianity Today Book Award  History/Biography
2619,Walter Scott Prize Nominee  Shortlist
2620,British Fantasy Award  Best Newcomer
2621,Barry Ronge Fiction Prize Nominee  Longlist
2622,Audie Award  Non-Fiction
2623,PEN Center USA Literary Award  Research Nonfiction
2624,Gintong Aklat Award  Literature
2625,Prix des prix littAraires
2626,INSPY Nominee  General Fiction
2627,Booksellers Association Independent Booksellers' Prize
2628,DABWAHA Romance Tournament Nominee  Novel with Strong Romantic Elements
2629,Saif Ghobash Banipal Prize  Sinan Antoon
2630,Lambda Literary Award  Gay Erotica
2631,ACFW Carol Award  Historical Romance
2632,Goodreads Choice Award Nominee  Mystery & Thriller and  Debut Novel
2633,UU Ua  1 U U U U 1 UUU UUUa
2634,Marilyn Baillie Picture Book Award Nominee
2635,Maine Literary Award Nominee  Young People's Literature
2636,Golden Duck Award  Young Adult (Hal Clement Award)
2637,Kalbacher Klapperschlange  Altersgruppe 7. - 9. Klasse
2638,Puddly Award  Nonfiction
2639,Goodreads Choice Award  Nonfiction and Debut Author and Nominee  Favorite Book
2640,Chicago Tribune Heartland Prize  Fiction
2641,The Athens Prize  Literature - I III1II I1IoI (I I)IoIII
2642,PEN/Macmillan Silver Pen Award
2643,Shirley Jackson Award Nominee  Novella (Finalist)
2644,Minnesota Book Award  Biography
2645,Society of Midland Authors Award  Biography
2646,"RITA Award by Romance Writers of America Nominee  Romance Novella (""The Bed Is Made"" by Connie Brockway) & (""The Bed Is Unmade"" by Christina Dodd)"
2647,Cybils Award Nominee  Graphic Novels
2648,All About Romance (AAR) Annual Reader Poll  Best Paranormal Romance & Honorable Mention  Best Romance
2649,Romantic Times Reviewers' Choice Award (RT Award)  Paranormal Romance
2650,Deutscher Krimi Preis  2. Platz National
2651,Premiul Kult
2652,Stand Dolman Travel Book of the Year Nominee
2653,Los Angeles Times Book Prize Nominee  Biography
2654,Thomas Raddall Atlantic Fiction Award
2655,Nederlands Dagblad/CLK Publieksprijs voor het christelijk boek
2656,Society of Midland Authors Award Nominee  Biography
2657,RNA Pure Passion Award Nominee  Historical Novel of the Year
2658,Audie Award Nominee  Best Male Narrator
2659,Seiun Award e2e3  Best Comic/Graphic Novel
2660,Canadian Authors Association Award Nominee  Fiction
2661,Utah Book Award  Fiction
2662,Royal Society Science Book Prize Nominee  Science Books
2663,Julia Ward Howe Prize Nominee
2664,NestlA Smarties Book Prize  6 a 8 Years & Overall
2665,Manchester Book Award Nominee  Shortlist
2666,Bolton Children's Book Award
2667,P.E.A.R.L. (Paranormal Excellence Award  Romantic Literature)  Anthology
2668,Books Are My Bag Readers' Awards  Readers' Choice Award
2669,2 U U UU  1 U1 U
2670,INSPY  Romance/Romantic Suspense
2671,National Indie Excellence Awards Nominee  Chick-Lit
2672,eLit Book Award  Humor - Gold
2673,Hadiah Sastera Perdana Malaysia (HSPM)
2674,Deutscher Buchpreis (German Book Prize)
2675,Aspekte-Literaturpreis
2676,Alfred-DAblin-Preis
2677,Schlegel-Tieck Prize Nominee  Anthea Bell
2678,Governor General's Literary Awards / Prix littAraires du Gouverneur gAnAral  Drama
2679,Aurealis Award Nominee  Best Fantasy Novel (Shortlist)
2680,Barnens romanpris Nominee
2681,Shamus Award  Best Paperback Original P.I. Novel
2682,Whitney Award
2683,Grand Prix Jean daOrmesson
2684,Khushwant Singh Memorial Prize
2685,2 UUUU U1U U U  1 U    UU UU UUUU
2686,Lambda Literary Award  Lesbian Debut Fiction
2687,Romantic Times Reviewers' Choice Award (RT Award) Nominee  Commercial Fiction
2688,John W. Campbell Award Nominee
2689,The Center  Fiction First Novel Prize Nominee  Shortlist
2690,Next Generation Indie Book Awards  New Age
2691,Beach Book Festival  Spiritual
2692,Prix MAdicis  essai
2693,Arthur Ross Book Award  Bronze Medal
2694,Ryszard KapuAciAski Prize
2695,The Baillie Gifd Prize  Non-Fiction Nominee
2696,Warwick Prize  Women in Translation Nominee  Shortlist
2697,TA First Translation Prize  Bela Shayevich
2698,Romantic Times Reviewers' Choice Award (RT Award)  Best Suspense/Thriller
2699,Sue Kaufman Prize  First Fiction
2700,ANV Debutantenprijs Nominee
2701,Audie Award  History
2702,Florida Book Award  Non Fiction - Gold
2703,Maine Literary Award  Memoir
2704,RITA Award by Romance Writers of America Nominee  Best First Book & Young Adult Romance
2705,Agatha Award Nominee  Best Contemporary Novel
2706,Shirley Jackson Award  Novel
2707,Australian Book Industry Award (ABIA) Nominee  General Nonfiction
2708,Lope de Vega
2709,Premio Planeta Nominee
2710,Readers' Favorite Book Award Nominee  Young Adult - Paranormal (Honorable)
2711,Cundill History Prize Nominee
2712,Premio de traducciA3n literaria Valle InclAn  Chris Andrews
2713,HOLT Medallion by Virginia Romance Writers Nominee  Short Contemporary
2714,OKRWA National Readers Choice Award  Traditional Series
2715,Hugo Award Nominee  Best Related Work
2716,NestlA Smarties Book Prize  0 a 5 Years & Overall
2717,Ignatz Award Nominee  Outstanding Graphic Novel
2718,Will Eisner Comic Industry Awards Nominee  Best Graphic AlbumaNew & Best Writer/Artist ( Cathy Malkasian)
2719,All About Romance (AAR) Annual Reader Poll  Favorite Funny Romance (tie)
2720,LovelyBooks Leserpreis 2019 - Platz 2 - Deutschsprachiges DebA14t
2721,Post Medieval
2722,Rivertonprisen
2723,Indie Book Award - 2nd Place Winner Fiction
2724,ACFW Carol Award  Historical
2725,INSPY  General Fiction
2726,Green Carnation Prize
2727,Jugendbuchpreis Friedolin
2728,Jugendbuchpreis Eselsohr
2729,Wermelskirchener Kinder- und Jugendliteraturpreis
2730,Gladstone Prize
2731,Boardman Tasker Prize Nominee  Mountain Literature
2732,Indigenous Voices Award Nominee  Published Prose in English
2733,Macavity Award Nominee  Best Novel
2734,Bram Stoker Award  Best Long Fiction
2735,Florida Book Award  Children's Literature - Gold
2736,Audie Award  Humor
2737,Analog Award Nominee  All-Time Best Book
2738,All About Romance (AAR) Annual Reader Poll  Best Romance (tie) & Best European Historical Romance & Best Hero & Best Buried Treasure
2739,Audie Award  Short Stories/Collections
2740,Best Children's Books of the Year (Bank Street College of Education)
2741,Mythopoeic Scholarship Award Nominee  Inklings Studies
2742,Icelandic Literary Prize Nominee  Fiction
2743,RITA Award by Romance Writers of America Nominee  Novel with Strong Romantic Elements & First Book
2744,OKRWA National Readers Choice Award  Mainstream
2745,Ulmer Unke
2746,RITA Award by Romance Writers of America Nominee  Single Title Contemporary Romance
2747,Kate Greenaway Medal
2748,Minnesota Book Award  Young Peopleas Fiction
2749,Sidewise Award Nominee  Alternate History
2750,Theodore And Franklin D. Roosevelt Prize In Naval History
2751,Claudia Lewis Award
2752,WILLA Literary Award Nominee  Children's/Young Adult (Finalist)
2753,aaa  aaaaa aaa34a
2754,a a34aa34 aaaaa aaa34a
2755,Audie Award  Teens
2756,TrophAe 813  Meilleur roman francophone
2757,Canada-Japan Literary Award
2758,Romantic Novel of the Year (RoNa's) Award Nominee  Romantic Novel of the Year
2759,INSPY  Historical Fiction
2760,All About Romance (AAR) Annual Reader Poll  Best Erotica
2761,Stonewall Society Imagination Literary Award
2762,Bancroft Prize
2763,Locus Award  Best Single Author Collection
2764,Jupiter Award  Novella
2765,Scott Moncrieff Prize  Gilbert Adair
2766,SCBWI Golden Kite Award  Nonfiction
2767,NCTE Orbis Pictus Award
2768,Boston Globe-Horn Book Award  Nonfiction
2769,Will Eisner Comic Industry Awards  Best Finite Series
2770,IRA Childrenas and Young Adultas Book Award  Older Reader Category
2771,Lambda Literary Award  LGBT Debut Fiction
2772,Anthony Award Nominee  Best True Crime
2773,OLA Forest of Reading Red Maple Award Nominee  Fiction
2774,Prix de l'Imaginaire Nouvelles Plumes
2775,Lucca Comics & Games  Gran Guinigi Miglior Autore Unico
2776,Victorian Premier's Literary Award  Young Adult
2777,Thurber Prize  American Humor
2778,Litsy Award  Mystery/Thriller
2779,All About Romance (AAR) Annual Reader Poll  Funniest Romance & Best Historical Romance Set in the U.K. & Best Romance Couple & Best Romance Heroine
2780,Romantic Times Reviewers' Choice Award (RT Award)  Historical Love & Laughter
2781,Friedrich-GerstAcker-Preis
2782,Bronzener Lufti
2783,Norma Fleck Award  Canadian Children's Non-Fiction Nominee
2784,Hackmatack Children's Choice Award  English Non-Fiction
2785,Gouden Uil jeugdliteratuur Nominee
2786,Gouden Uil jeugdliteratuur publieksprijs
2787,Prijs van de Vlaamse Gemeenschap voor Jeugdliteratuur
2788,Lavki-prijs voor het jeugdboek
2789,Hessell-Tiltman Prize Nominee  Shortlist
2790,Ellen Terry Award  the best play of
2791,U2U UU UU  U U UU (Hooshang Golshiri Award)   UaUU U U
2792,National Jewish Book Award  Book Club
2793,Sidewise Award Nominee  Long Form
2794,Goodreads Choice Award Nominee  Science Fiction &  Debut Goodreads Author
2795,CWA New Blood Dagger Nominee
2796,ITW Award Nominee  Best First Novel
2797,Oregon Book Award  Creative Nonfiction
2798,European Book Prize Nominee  Non-fiction
2799,Premio de traducciA3n literaria Valle InclAn Nominee  Margaret Jull Costa
2800,Premio Tomasi di Lampedusa
2801,Premio Alfaguara de Novela
2802,Orion Book Award  Nonfiction
2803,Royal Society of Biology General Book Prize
2804,J. Donald Coffin Memorial Book Award
2805,OLA Forest of Reading Blue Spruce Award Nominee
2806,Shining Willow Award Nominee
2807,Christie Harris Illustrated Childrenas Literature Prize Nominee
2808,Children's Choice Book Award Nominee  Teen Choice Book of the Year
2809,Goodreads Choice Award Nominee  Favorite Book & Young Adult Series
2810,Florida Book Award  Children's Literature - Silver
2811,Paszporty Polityki
2812,J. Anthony Lukas Work-in-Progress Award
2813,Will Eisner Comic Industry Awards  Best Archival Collection
2814,Books  a Better Life Award  Spiritual
2815,All About Romance (AAR) Annual Reader Poll  Best Love Scenes
2816,PEN Center USA Literary Award  Young Adult
2817,Minnesota Book Award  Genre
2818,Jerzy AuAawski Literary Award Nominee
2819,Locus Award  Best Collection
2820,Tieto-Finlandia Prize
2821,ECPA Christian Book Award  Biography/Autobiography
2822,Canberra's Own Outstanding List (COOL) Awards  Section 4: Fiction  grades 7 a 9
2823,Kids Own Australian Literature Awards (KOALA)  Fiction  Years 7-9
2824,Aurealis Award  Children's Novel
2825,Golden Crown Literary Award  Lesbian Speculative Fiction
2826,Oregon Book Award  Poetry
2827,Kate Tufts Discovery Award
2828,APR/Honickman First Book Prize in Poetry
2829,Bernard Shaw Prize  Thomas Teal
2830,French-American Foundation Translation Prize Nominee  Fiction
2831,Festival of Romance Award  Best Historical Read
2832,National Book Award Finalist  Fiction (Hardcover) & (Paperback)
2833,Hubert Evans Non-Fiction Prize Nominee
2834,Richard Barksdale Harwell Book Award
2835,Red Cedar Book Award  Fiction
2836,Orwell Prize
2837,Orla Prisen  Bedste Ungdomsbog
2838,Corine Internationaler Buchpreis  HArbuch
2839,Romantic Times Reviewers' Choice Award (RT Award) Nominee  Romantic Suspense
2840,Royal Society Science Book Prize Nominee
2841,Florida Book Award  Young Adult - Gold
2842,Paris Book Festival  Poetry (Runner-Up)
2843,Phantastik-Preis der Stadt Wetzlar
2844,All About Romance (AAR) Annual Reader Poll  Best Villain
2845,Romantic Times Reviewers' Choice Award (RT Award) Nominee  Sensual Historical Romance
2846,Davitt Award  Readers' Choice
2847,Whitney Award Nominee  YA General
2848,Sir Julius Vogel Award Nominee  Best Youth Novel
2849,Aspen Gold Readers Choice Award  Paranormal/Fantasy/Sci-Fi Romance
2850,IndieReader Discovery Award (IRDA)  Literary Fiction (Tie)
2851,Global Ebook Awards Nominee
2852,PrAamio Jabuti  Contos / CrA nicas / Novelas
2853,Specsavers National Book Award  UK Author of the Year
2854,Woman & Home Reader's Choice Award  Best Family Drama Of The Year
2855,Hurston/Wright Legacy Award Nominee  Poetry
2856,National Book Critics Circle Award  Criticism
2857,INSPY Nominee  Literature  Young Adults
2858,RSL Encore Award Nominee  Shortlist
2859,Prix Jean-Monnet de littArature europAenne du dApartement de Charente
2860,Leo Gershoy Award
2861,Crystal Kite Award
2862,Goodreads Choice Award Nominee  Young Adult Fantasy
2863,"123N  ""342  2""  N 34NN212 N234"
2864,Lambda Literary Award  Bisexual Fiction
2865,William Saroyan International Prize  Writing  Fiction
2866,O. Henry Award  'Hot Ice'
2867,Comstock Read Aloud Book Award
2868,Locus Award Nominee  Best First Novel and Best Horror Novel
2869,Orange Prize Nominee  Longlist
2870,J. Gordon Coogler Award  the worst book of the year
2871,Sequels and Novellas)
2872,PEN/Bellwether Prize  Socially Engaged Fiction  Fiction
2873,Maggie Award  Excellence (Georgia Romance Writers)  Inspirational Romance
2874,George Pendleton Prize
2875,Calinia Young Readers Medal  Picture Books  Older Readers
2876,Comstock Read Aloud Book Award Nominee
2877,Hugo Award  Best Short Story  aKirinyagaa
2878,Locus Award Nominee  Best Short Story
2879,SF Chronicle Award  Best Short Story
2880,HOMer Award  Best Novel
2881,"Seiun Award e2e3  Best Overseas Long Fiction  ""Kirinyaga"""
2882,ACFW Carol Award
2883,Dimar Award Nominee  Best International Long Fiction
2884,Rodda Book Award
2885,GrubStreet Book Prize Nominee  Nonfiction
2886,Premio Altazor  Narrativa
2887,Scott Moncrieff Prize Nominee  Barbara Wright
2888,New York Drama Critics' Circle Award  Best Musical
2889,Akutagawa Prize eae34a1ae3
2890,HOLT Medallion by Virginia Romance Writers  Mainstream/Single Title Contemporary
2891,Grand Canyon Reader Award Nominee
2892,Connecticut Nutmeg Award Nominee
2893,PEN Translation Prize Nominee  Michael Hofmann
2894,John W. Campbell Memorial Award  Special Non-Fiction Award
2895,Airship Award  Best Steampunk Literature of the Year
2896,Grand Prix de l'Imaginaire  nouvelle
2897,International Fantasy Award Nominee  Fiction
2898,Premio Ignotus  Mejor novela extranjera
2899,James Cook Book Award Nominee
2900,KsiA A14ka Roku
2901,Anugerah Pembaca Indonesia  Penulis dan Buku Non-Fiksi Terfavorit & Sampul Buku Non-Fiksi Terfavorit
2902,Pura BelprA Award  Illustration
2903,aae3  Translated Fiction
2904,Romantic Times Reviewers' Choice Award (RT Award)  Urban Fantasy Novel
2905,Wonderland Book Award Nominee  Best Novel
2906,Libris Literatuurprijs Nominee  Longlist
2907,Gouden Boekenuil Nominee
2908,aae3  7th place
2909,Dioraphte Jongerenliteratuurprijs  publieksprijs
2910,Independent Publisher Book Award (IPPY)  Young Adult Fiction E-book (Gold)
2911,San Francisco Book Festival Nominee  Young Adult (Honorable Mention)
2912,Southern Calinia Book Festival Nominee  General Fiction (Honorable Mention)
2913,Shelf Unbound Award Nominee  Epic Saga (Notable Book)
2914,Florida Book Festival Nominee  Young Adult (Runner Up)
2915,"Locus Award Nominee  Best Collection and Best Novella  ""Labyrinth"""
2916,"Analog Award  Best Novella/Novelette  ""Labyrinth"""
2917,HOLT Medallion by Virginia Romance Writers  Long Inspirational Romance
2918,Oxd-Weidenfeld Translation Prize Nominee  Shaun Whiteside
2919,Lambda Literary Award
2920,Spur Award  Best Historical Novel
2921,Rainbow Award Nominee  Bisexual Fantasy & Fantasy Romance (2nd Place)
2922,Banff Mountain Book Award  Grand Prize
2923,Asian/Pacific American Award  Literature  Children Honor
2924,Alabama Library Association Children's Book of the Year  2-3
2925,Laurence L. & Thomas Winship/PEN New England Award  Nonfiction
2926,Premio Mandarache
2927,Minnesota Book Award Nominee  Genre Fiction
2928,Left Coast Crime Award  Best Debut Mystery (The Rosebud)
2929,Will Eisner Comic Industry Awards  Best Publication  Teens (ages 13-17)
2930,Strand Critics Award Nominee  Best First Novel
2931,aae3  1st place
2932,DSC Prize Nominee  South Asian Literature Longlist
2933,Reading Women Award  Nonfiction
2934,Jhalak Prize Nominee
2935,Pat Conroy Southern Book Prize (fiction)
2936,Exclusive Books Boeke Prize Nominee
2937,Arkansas Diamond Primary Book Award
2938,Harry J. Benda Prize in Southeast Asian Studies
2939,Jane Addams Children's Book Award  Older Children
2940,Phoenix Award (Children's Literature Association) Nominee
2941,NSK Neustadt Prize  Children's Literature
2942,Retro Hugo Award  Best Novel
2943,Children's Book Council of Australia Award Nominee  Picture Books
2944,Young Australians' Best Book Award (YABBA)  Section 1 - Picture Storybook
2945,Tanssiva karhu
2946,RITA Award by Romance Writers of America Nominee  Best Romance of the Year & Contemporary Single Title Romance
2947,Florida Book Award  Young Adult - Bronze
2948,Dayton Literary Peace Prize  Nonfiction
2949,Romantic Times Reviewers' Choice Award (RT Award) Nominee  Best Contemporary Romance
2950,Terry Pratchett Prize
2951,HOLT Medallion by Virginia Romance Writers Nominee  Best Long Inspirational
2952,Prix Femina  Essai
2953,Prix Joseph Kessel
2954,Scott Moncrieff Prize  Linda Coverdale
2955,Utah Book Award Nominee  Young Adult
2956,Betty Trask Prize
2957,Bill Duthie Booksellersa Choice Award
2958,Romantic Times Reviewers' Choice Award (RT Award) Nominee  Fantasy Adventure
2959,Schweizer Buchpreis (Swiss Book Prize)
2960,Calinia Book Award  Poetry (Gold)
2961,Orla Prisen  Fantasy
2962,All About Romance (AAR) Annual Reader Poll  Most Luscious Love Story & Favorite Hero & Honorable Mentions  Favorite Romance & Favorite Couple
2963,Shirley Jackson Award Nominee  Edited Anthology
2964,UUU  UUUU UU2 U1UU U UUUU U1 U (U UU)  UUU  UUU UU2 U1UU U UUUU U1U (U UU )
2965,Florida Book Award  Young Adult - Silver
2966,Stonewall Book Award  Non-Fiction
2967,"Next Generation Indie Book Awards Nominee  First Novel (Over 80,000 words)"
2968,CAP Award Nominee  Best Young Adult Book
2969,Los Mejores del Banco del Libro  Melhor Livro Infantil Traducciones (5th)
2970,Sedat Simavi Edebiyat AdA14lA14
2971,FT/OppenheimerFunds Emerging Voices Award Nominee  Fiction a Asia-Pacific
2972,Prix Bacchus-BSN
2973,Prix du Meilleur livre de LittArature gourmande
2974,Prix du premier roman de l'universitA d'Artois
2975,Anasoft litera Nominee
2976,Cena AitateA34ov dennAka SME
2977,European Union Prize  Literature  Slovakia
2978,HWA Debut Crown Nominee  Shortlist
2979,World Fantasy Award Nominee  Anthology
2980,Minnesota Book Award  Children's Literature
2981,Monarch Award Nominee
2982,Australian Book Industry Award (ABIA)  Illustrated Book
2983,IACP Cookbook Awards  Best General Cookbook
2984,Whitbread Award  Children's Book
2985,Bord GAis Energy Irish Book Award  Irish Children's Book of the Year - Jnr
2986,Kingsley Tufts Poetry Award
2987,Romantic Times Reviewers' Choice Award (RT Award) Nominee  Best Mainstream Fiction Novel
2988,White Pine Award Nominee
2989,Arthur Goodzeit Book Award
2990,Premi Joaquim Ruyra
2991,PEN Translation Prize  John E. Woods
2992,Christy Award Nominee  Contemporary Standalone
2993,"All About Romance (AAR) Annual Reader Poll  Best Romantic Suspense AND Favorite ""Other"" Romance AND Best Couple AND Best Hero AND Best Heroine"
2994,Romance Readers Anonymous (RRA) Award  Best Romantic Suspense/Mystery/Adventure
2995,P.E.A.R.L. (Paranormal Excellence Award  Romantic Literature)  Best Romance Anthology
2996,Christy Award Nominee  Contemporary Series
2997,Bord GAis Energy Irish Book Award  Best Irish Newcomer of the Year
2998,Ambassador Book Award  Autobiography
2999,ACFW Carol Award  Long Contemporary Romance
3000,INSPY  Amish Fiction
3001,Premio La Sonrisa Vertical
3002,Helen and Kurt Wolff Translator's Prize Nominee  John Felstiner
3003,Schlegel-Tieck Prize Nominee  John Felstiner
3004,utopYA Awards Nominee  Best Hero
3005,Harry S. Truman Book Award
3006,Kids Own Australian Literature Awards (KOALA)  Fiction  Older Readers
3007,NBDB National Book Award  Fiction
3008,Bremer Literaturpreis
3009,NBDB National Book Award
3010,Madrigal-Gonzalez Best First Book Award
3011,Benjamin Barondess Award
3012,All About Romance (AAR) Annual Reader Poll  Favorite Contemporary Romance AND Favorite Funny Romance AND Feistiest Heroine
3013,Barbara Jefferis Award Nominee
3014,Commonwealth Writers' Prize  Best First Book in South East Asia and Pacific
3015,Bookworm Best Award  Best Author
3016,Romantic Times Reviewers' Choice Award (RT Award)  Best Historical set in Scotland
3017,Lambda Literary Award Nominee  LGBT debut fiction
3018,Prix LittAraire du Roman d'Entreprise
3019,This is Horror Award Nominee  Novel
3020,Global Ebook Awards  Historical Literature Fiction a Contemporary (set 1940-NOW) (Silver)
3021,National Indie Excellence Awards Nominee  Fiction
3022,Beverly Hills International Book Awards Nominee (0) Foreword INDIES Book of the Year Award Nominee  Religious (Honorable Mention)
3023,LGBT Anthology
3024,Publishing Triangle Judgesa Special Award in Nonfiction
3025,Locus Award Nominee  Best Non-Fiction
3026,New South Wales Premier's Literary Award  Douglas Stewart Prize  Non-Fiction
3027,Western Australian Premier's Book Award  Non-Fiction
3028,Davitt Award  True Crime
3029,Australian Independent Booksellers Indie Book Award  Book of the Year Non-Fiction
3030,Australian Book Industry Award (ABIA)  Nonfiction
3031,Massachusetts Children's Book Award Nominee
3032,National Book Award  Science (Hardcover)
3033,Premio de Novela La otra orilla
3034,English Chess Federation Book of the Year
3035,Left Coast Crime Award  Best mystery set anywhere else in the world (The Calamari)
3036,Barry Award  Best British Novel
3037,Jane Addams Children's Book Award Nominee  Younger Children
3038,American Indian Youth Literature Award  Best Picture Book
3039,Gouden Zoen
3040,Libris Literatuurprijs
3041,De Inktaap
3042,Vijfjaarlijkse Prijs van de Koninklijke Academie voor Nederlandse Taal- en Letterkunde  proza
3043,Hea Noorteraamat
3044,Audie Award Nominee  Fiction
3045,Prix RFO du livre
3046,International Booker Prize
3047,Will Eisner Comic Industry Awards  Best Graphic AlbumaNew
3048,All About Romance (AAR) Annual Reader Poll  Best Romantic Suspense & Most Tortured Hero
3049,Romantic Times Reviewers' Choice Award (RT Award)  Best Paranormal Romantic Suspense
3050,Rainbow Award
3051,Foreword INDIES Book of the Year Award Nominee  Anthology
3052,Best Lettering ( Todd Klein)
3053,Governor General's Literary Awards / Prix littAraires du Gouverneur gAnAral  Poetry
3054,John C. Pollock Award  Christian Biography
3055,Phoenix Catholic Award  Honorable Mention in Foreign Author
3056,Romantic Times Reviewers' Choice Award (RT Award)  Best Historical Romantic Adventure
3057,Barry Award  Best Thriller
3058,National Book Award Finalist  Children's Fiction (Hardcover)
3059,aa a aa aaaaa aaa34a
3060,Prix Rodolphe TApffer pour la jeune bande dessinAe genevoise
3061,Prix du Festival d'AngoulAame Nominee  Alph-art du meilleur album
3062,TrofAu HQMix  EdiAAo Especial Estrangeira
3063,Grand prix du roman noir (Festival du film policier de Cognac)  roman policier
3064,Gullkulen/The Golden Bullet Nominee
3065,Romantic Times Reviewers' Choice Award (RT Award)  Best Historical Mystery
3066,RITA Award by Romance Writers of America  Best Inspirational Romance & finalist  First Book
3067,INSPY Nominee  Debut Fiction
3068,U2U  UUU
3069,RITA Award by Romance Writers of America Nominee  Romance Novella
3070,Libris Literatuurprijs Nominee  Shortlist
3071,Prijs van de Vlaamse Gemeenschap voor Letteren a Proza
3072,John W. Campbell Award Nominee  Best Novel
3073,Evergreen Teen Book Award Nominee
3074,Morris D. Forkosch Prize
3075,National Book Award Finalist  Mystery (Paperback)
3076,IRA Childrenas and Young Adultas Book Award  Young AdultaFiction
3077,Jane Addams Children's Book Award Nominee
3078,O. Henry Award  'The Pugilist at Rest'
3079,Whitbread Award
3080,Booker Worthen Literary Prize
3081,North Carolina Young Adult Book Award  High School
3082,Nagroda Literacka Gdynia (Gdynia Literary Prize)  Prose
3083,Stonewall Book Award
3084,Gouden Strop Nominee
3085,Grand Canyon Reader Award
3086,Aurealis Award Nominee  Horror Novel
3087,RUBY Award by Romance Writers of Australia (RWA)  Best Novel with Romantic Elements
3088,"Next Generation Indie Book Awards Nominee  General Fiction/Novel (Under 80,000 words)"
3089,Kindle Book Award Nominee  Literary Fiction (Finalist)
3090,Philip K. Dick Award
3091,IndieReader Discovery Award (IRDA)  Young Adult (Tie)
3092,Children's Book Council of Australia Award  Older Readers
3093,Aurealis Award  Best Fantasy Novel and Best Young Adult Novel
3094,Australian Independent Booksellers Indie Book Award  Children's & YA
3095,British Fantasy Award Nominee  Fantasy Novel (Robert Holdstock Award)
3096,Norma K. Hemming Award
3097,The Stella Prize Nominee  Shortlist
3098,Kindle Book Award  Sci-Fi/Fantasy
3099,William Saroyan International Prize  Writing  Nonfiction
3100,Warwick Prize  Writing Nominee  Shortlist
3101,Victorian Premier's Literary Award Nominee  Nettie Palmer Prize  Non-Fiction
3102,Canberra's Own Outstanding List (COOL) Awards  Fiction  Years 7 - 9
3103,NBDB National Book Award Nominee  Fiction Novel in Filipino
3104,Premio Nadal Nominee
3105,Audie Award  Middle Grade
3106,Spur Award  Best Western Nonfiction Historical
3107,Left Coast Crime Award  Best cover art (Arty Award)
3108,Readers' Favorite Book Award  Romance - Contemporary (Silver)
3109,Washington State Book Award  History/Biography
3110,Spur Award Nominee  Best Western Nonfiction Contemporary
3111,Lefty Award  Best World Mystery
3112,Vondel Prize Nominee  Paul Vincent
3113,Goodreads Choice Award Nominee  Mystery & Thriller and  Debut Author
3114,Bollinger Everyman Wodehouse Prize
3115,PEN Translation Prize Nominee  Angela Rodel
3116,"3N  12 N34 N12 34N 12  NNo  34NN 12 N 2 34NNN 12 oNNNNN - N  "" NNNNN"""
3117,2NN34 12  o3412
3118,N 341212 123N  aN NN34 . 12342a  N3NNo N N 34NN212  NNNNN
3119,Prix Jan Michalski
3120,NAIBA Book of the Year  Picture Book
3121,UUaU34 a U34U U  U U UUUaU
3122,EBRD Literature Prize Nominee  Shortlist
3123,Neukom Literary Arts Award Nominee  Speculative Fiction
3124,Whitbread Award  Biography
3125,Marsh Biography Award
3126,National Book Award  First Work of Fiction
3127,"RITA Award by Romance Writers of America Nominee  Romance Novella (""Against the Odds"" by Lisa Kleypas) & Nominee  Romance Novella (""A Tale of Two Sisters"" by Julia Quinn)"
3128,Glass Key Award  Best Nordic Crime Novel
3129,HOLT Medallion by Virginia Romance Writers  Novel with Strong Romantic Elements
3130,Premi Joan Crexells de narrativa
3131,Locus Award Nominee  Best Horror / Dark Fantasy Novel
3132,British Fantasy Award  Best Novel (August Derlith Fantasy Award)
3133,SF Chronicle Award  Novel
3134,Audie Award  Thriller/Suspense
3135,Colorado Book Award Nominee  Literary Fiction (Finalist)
3136,All About Romance (AAR) Annual Reader Poll  Best Cabin/Road Romance & Best Couple & Favorite Funny & Honorable Mention  Best European Historical Romance & Best Romance & Strongest Heroine
3137,Edmund White Award  Debut Fiction Nominee
3138,Cabell First Novelist Award
3139,Golden Medallion by Romance Writers of America  Best Historical Romance
3140,Aspen Gold Readers Choice Award  Young Adult Romance
3141,Aspen Gold Readers Choice Award Nominee  Young Adult Romance
3142,All About Romance (AAR) Annual Reader Poll  Favorite Romance & Favorite Romantic Suspense & Favorite Contemporary Romance & Favorite Couple & Favorite Hero & Favorite Heroine
3143,Favorite Books by Romance Writers of America  Favorite Books of 2001
3144,Catholic Arts and Letters Award  Fiction-Children's/YA
3145,Independent Publisher Book Award (IPPY) Nominee  History (Finalist)
3146,Wolfson History Prize
3147,Will Eisner Comic Industry Awards Nominee  Best Publication  Kids (ages 8-12)
3148,Bernard Shaw Prize Nominee  Tom Geddes
3149,PEN/Jacqueline Bograd Weld Award  Biography Nominee
3150,Cezam Prix LittAraire Inter CE  Best Novel
3151,Le Prix Transfuge du Meilluer Roman Americain
3152,Bernard Shaw Prize  Anna Paterson
3153,The Hindu Literary Prize Nominee
3154,Jefferson Davis Award
3155,Douglas Southall Freeman History Award
3156,Retro Hugo Award Nominee  Best Novella
3157,Sankei Children's Book Award
3158,Beacon of Freedom Award
3159,PEN Open Book Award Nominee  Longlist
3160,Flicker Tale Children's Book Award Nominee  Non-Fiction
3161,Hugo Award Nominee
3162,Whitney Award  Best Novel of the Year
3163,ECPA Christian Book Award  Contemporary Issues
3164,CBC Canada Reads  People's Choice
3165,Whitney Award  Best Historical Novel
3166,RITA Award by Romance Writers of America Nominee  Erotic Romance
3167,Rainbow Award  Bisexual/Transgender Debut
3168,RITA Award by Romance Writers of America  Best Novel With Strong Romantic Elements
3169,Premio Fernando Lara de Novela
3170,Rainbow Award  Lesbian Book
3171,PEN/ESPN Award  Literary Sports Writing
3172,PrAmio LeYa Nominee
3173,Prix du Festival du premier roman ChambAry-Savoie  Roman europAens (Portugal)
3174,PrAmio Autores Nominee
3175,All About Romance (AAR) Annual Reader Poll  Favorite Funny & Honorable Mentions  Favorite Romance & Favorite Heroine & Favorite Couple & Favorite Road Romance
3176,Orion Book Award
3177,o3412
3178,U2 U1UU U UUUU U1 U (U  U) / International Prize  Arabic Fiction (IPAF) Nominee  Shortlist
3179,Will Eisner Comic Industry Awards  Best Humor Publication
3180,New York City Book Award  Journalism
3181,Massachusetts Book Award  Fiction
3182,All About Romance (AAR) Annual Reader Poll  Best Romance & Best Cabin/Road Romance & Best Hero & Best Couple & Best European Historical & Honorable Mention  Best Heroine
3183,Romance Readers Anonymous (RRA) Award  Best Romance of the Year
3184,DABWAHA Romance Tournament  Best Historical Romance
3185,Barclay Gold Award  Historical Romance
3186,Noma Award  Publishing in Africa
3187,Gayle Wilson Award of Excellence  Contemporary Single Title
3188,Aspen Gold Readers Choice Award Nominee  Single Title Romance
3189,Christy Award Nominee  Contemporary/Romance/Suspense
3190,Lincoln Prize
3191,Mississippi Institute of Arts and Letters Award  Nonfiction
3192,IRA Childrenas and Young Adultas Book Award  IntermediateaFiction
3193,Cupid and Psyche Awards (CAPA) from The Romance Studio
3194,Magnesia Litera  Book of the Year (Magnesia Litera za knihu roku)
3195,Australian Romance Readers Association (ARRA) Award  Favourite Romantic Suspense
3196,All About Romance (AAR) Annual Reader Poll  Feistiest Heroine
3197,Prix Ados
3198,Audie Award  Best Female Narrator
3199,Premio Internacional de Novela HistA3rica Ciudad de Zaragoza
3200,Arthur Ellis Award  Best Novel
3201,Dioraphte Jongerenliteratuurprijs Nominee  Vertaald boek
3202,PrAamio LiterArio Biblioteca Nacional  LITERATURA JUVENIL - PrAamio GlA3ria PondA
3203,Aurianne Award
3204,Arthur Ross Book Award
3205,IRE AWard
3206,PEN Center USA Literary Award
3207,2 UU  U
3208,Premio Micheluzzi  Miglior Fumetto
3209,Jane Addams Children's Book Award  Picture Book
3210,Coretta Scott King Book Award  Illustrator Honor
3211,Gumshoe Award Nominee  Best Mystery
3212,John Florio Prize  William Weaver
3213,SCBWI Golden Kite Award Nominee  Picture Book Text
3214,National Book Award Finalist  Contemporary Thought
3215,Alan Paton Award
3216,British Fantasy Award  Best Novel
3217,"Golden Heart by Romance Writers of America  Best Romantic Suspense Manuscript (""Falling into Darkness"" by Bronwyn Clarke)"
3218,Rainbow Award Nominee  Best Gay Contemporary Romance (2nd Place) / Best Characters (3rd Place)
3219,Prix Amerigo Vespucci
3220,Kritikerprisen (Danish Critics Prize  Literature)
3221,Hugo Award  Best Short Story  aWhen It Changeda
3222,Nebula Award  Best Short Story  aWhen It Changeda
3223,Locus Award  Best Original Anthology & Nominee  Best Short Story  aWhen It Changeda
3224,CWA Ellis Peters Historical Award Nominee
3225,Romantic Times Reviewers' Choice Award (RT Award) Nominee  Urban Fantasy Worldbuilding
3226,Kalbacher Klapperschlange  Altersgruppe 5. und 6. Klasse
3227,Duke of Westminster Medal  Military Literature
3228,TLA Gaybie Award  Best Fiction
3229,PEN Translation Prize Nominee  Margot Bettauer Dembo
3230,Massachusetts Book Award Nominee  Poetry
3231,All About Romance (AAR) Annual Reader Poll  Best Romance Couple & Best Romance Heroine & Honorable Mention  Best Romance & Best Historical Romance Set in the U.K. & Best Love Scenes
3232,RSL Encore Award
3233,John Lyman Book Award  U.S. Naval History
3234,Audie Award  Best Unabridged Fiction
3235,Kiriyama Prize
3236,Australian Book Industry Award (ABIA) Nominee  Nonfiction and  Newcomer
3237,Kentucky Bluegrass Award
3238,Agatha Award Nominee  Best Nonfiction
3239,Romantic Times Reviewers' Choice Award (RT Award)
3240,or Journalistic Presentation
3241,Will Eisner Comic Industry Awards  Best Comics-Related Book
3242,ECPA Christian Book Award  Biography / Autobiography
3243,Readers' Favorite Book Award  Young Adult - Coming of Age (Silver)
3244,OLA Forest of Reading Silver Birch Award Nominee  Fiction
3245,Best Artist ( Greg Capullo)
3246,VLA Graphic Novel Diversity Award  Youth Honor
3247,Lambda Literary Award  Gay Romance
3248,Dragon Award Nominee  Best Apocalyptic Novel
3249,o3412 Nominee
3250,Manitoba Young Readers' Choice Award Nominee  Northern Lights
3251,Desmond Elliott Prize Nominee  Longlist
3252,Kerry Group Irish Fiction Award Nominee  Shortlist
3253,Corine Internationaler Buchpreis  Illustriertes Sachbuch
3254,Friedrich-Glauser-Preis  DebA14troman
3255,Calinia Book Award  Young Adult (Silver)
3256,Hugo Award  Best Novelette
3257,Lord Ruthven Award  Nonfiction
3258,All About Romance (AAR) Annual Reader Poll  Most Luscious Love Story & Honorable Mention  Favorite European Historical
3259,Grand Prix des lectrices de Elle QuAbec
3260,Ruth Hadden Memorial Award
3261,Prix Paul Pelliot
3262,PrAmio Delfim GuimarAes
3263,PrAmio EAa de Queiroz
3264,British Fantasy Award Nominee  Best Graphic Novel
3265,National Book Award Finalist  Philosophy and Religion
3266,N14 N  N NNNN2
3267,Will Eisner Comic Industry Awards  Best Continuing Series
3268,Jacques Barzun Prize in Cultural History
3269,Asian/Pacific American Award  Literature  Children and Young Adult
3270,TLA Gaybie Award  Best Speculative Fiction
3271,Cricket Society/MCC Book of the Year
3272,Gouden Lijst Nominee
3273,Stuttgarter Krimipreis  Bester deutschsprachiger DebA14tkriminalroman
3274,Romantic Times Reviewers' Choice Award (RT Award)  Sensual Historical Romance
3275,Will Eisner Comic Industry Awards  Best Adaptation from Another Medium & Best Lettering ( Darwyn Cooke)
3276,PEN/Robert W. Bingham Prize Nominee  Longlist
3277,Prix MAditerranAe
3278,RONE Award  American Historical
3279,E.B. White Read Aloud Award  Picture Books
3280,Theodor Seuss Geisel Award Nominee
3281,Selezionato Mostra Internazionale daillustrazione per lainfanzia di Sarmede
3282,Will Eisner Comic Industry Awards Nominee  Best Limited Series
3283,Independent Publisher Book Award (IPPY)  Graphic Novel/Drawn Book - Drama/Documentary (Gold)
3284,Left Coast Crime Award  Mystery novel with best sidekick (Watson Award)
3285,Book Sense Book of the Year Award  Rediscovery
3286,Best Cover Artist ( Jamie McKelvie & Matthew Wilson)
3287,Booker Prize Nominee  The Lost Man Booker Prize Longlist
3288,Locus Award  Best Horror Novel
3289,Colorado Book Award  Juvenile Literature
3290,Prix du premier roman
3291,Canada Reads Nominee
3292,aae3  2nd place
3293,Schneider Family Book Award  Middle School
3294,Josette Frank Award  Older Readers
3295,Dolly Gray Children's Literature Award
3296,Goodreads Choice Award  Fiction
3297,Lambda Literary Award  Biography/Autobiography
3298,Romantic Times Reviewers' Choice Award (RT Award)  Best Vampire Romance
3299,"Longitude 77A 00' 13"" W"""
3300,The Story Prize Nominee
3301,Deutscher Jugendliteraturpreis  Sonderpreis Neubearbeitung klassischer Kinder- und JugendbA14cher
3302,Christy Award  Romance
3303,Christy Award  North American Historical
3304,Geffen Award Nominee  Best Translated Fantasy Book
3305,San Francisco Book Festival  Fiction
3306,Mr. Christie's Book Award Nominee
3307,Golden Heart by Romance Writers of America  Young Adult Romance
3308,Premio Alassio Centolibri - Un autore per l'Europa
3309,Romantic Times Reviewers' Choice Award (RT Award) Nominee  Historical Romantic Adventure
3310,RITA Award by Romance Writers of America  Best Single Title Historical
3311,Gouden Griffel
3312,Gouden Uil jeugdliteratuur
3313,RITA Award by Romance Writers of America  Best Regency Romance
3314,Oregon Spirit Book Award Nominee  Graphic Novel
3315,Will Eisner Comic Industry Awards Nominee  Best Publication  Kids (ages 9-12)
3316,Litsy Award  Horror
3317,ITW Award  Best Novel
3318,PEN/E.O. Wilson Prize  Literary Science Writing Nominee  Longlist
3319,Borders Original Voices Award  Fiction
3320,Humo's Gouden Bladwijzer
3321,Harper Prize
3322,Finlandia Junior Nominee
3323,RSL Jerwood Award
3324,Helsingin Sanomien kirjallisuuspalkinto
3325,All About Romance (AAR) Annual Reader Poll  Best Romance (tie) & Most Luscious Love Story & Honorable Mention  Best European Historical
3326,Prix du Festival d'AngoulAame Nominee  Alph-art du meilleur dessin
3327,Lambda Literary Award Nominee  Childrenas/Young Adult
3328,Filipino Readers' Choice Award  Novel in Filipino
3329,Oregon Spirit Book Award Nominee  Middle Reader
3330,HOLT Medallion by Virginia Romance Writers Nominee  Short Historical
3331,Brit Writers' Award
3332,Whitbread Award Nominee  Children's Book
3333,Ockham New Zealand Book Awards Nominee  Fiction (Longlist)
3334,Spur Award  Best Western Juvenile Nonfiction
3335,ACFW Carol Award Nominee  Historical Romance
3336,INSPY  Historical Romance
3337,Colorado Book Award Nominee  Young Adult (Finalist)
3338,Scott Moncrieff Prize  Ian Monk
3339,Galaxy British Book Awards  Best Read of the Year
3340,Colorado Children's Book Award
3341,Anthony Award Nominee  Best Children's/Young Adult Novel
3342,Saskatchewan Book Award  Non-Fiction
3343,The Other Award
3344,All About Romance (AAR) Annual Reader Poll  Most Annoying Lead Character
3345,World Fantasy Award Nominee  Short Story  aThe Cambist and Lord Iron: A Fairy Tale of Economicsa
3346,Australian Book Industry Award (ABIA) Nominee  Newcomer
3347,Dobbie Literary Award Nominee
3348,New York Drama Critics' Circle Award Nominee  Best Play
3349,Rainbow Award  Gay Romance - The William Neale Award
3350,Anisfield-Wolf Book Award  Nonfiction
3351,Mary Shelley Award  Outstanding Fictional Work  Outstanding Fictional Work
3352,Maryland Black-Eyed Susan Book Award Nominee  Grade 6-9
3353,Maine Student Book Award Nominee  (3rd place)
3354,Children's Choice Book Award Nominee
3355,Pura BelprA Award Nominee  Author
3356,Obie  Best New American Play
3357,All About Romance (AAR) Annual Reader Poll  Best Heroine & Honorable Mentions  Favorite Funny & Best Romantic Suspense & Best Chick Lit/Women's Fiction & Strongest Heroine
3358,Seiun Award e2e3 Nominee  Best Overseas Novel
3359,Reader Views Literary Award  Children: Young Reader (1st Place tie)
3360,National Book Award  Non-Fiction
3361,Mark Lynton History Prize
3362,John K. Fairbank Prize
3363,Oregon Book Award Nominee  the Novel (Finalist)
3364,Jocks and Cowboys
3365,HOLT Medallion by Virginia Romance Writers Nominee  Historical
3366,Japan's Science Fiction Grand Prix
3367,Silver Falchion Award Nominee  Best Horror
3368,Scott Moncrieff Prize  Roy Harris
3369,All About Romance (AAR) Annual Reader Poll  Favorite Heroine
3370,Pennsylvania Young Readers' Choice Award  Grades 3-8
3371,National Book Award Finalist  Religion/Inspiration (Paperback)
3372,San Francisco Book Festival Nominee  General Non-Fiction (Runner-Up)
3373,Prix Sainte-Beuve
3374,Asian/Pacific American Award  Literature  Youth Literature Honor
3375,Sapir Prize Nominee  Literature
3376,Bernstein Prize
3377,Minnesota Book Award  Younger Children
3378,Aurealis Award  Best Young Adult Novel
3379,Selah Award
3380,aaa  aaaaa aaa34a  Essay
3381,Australian Independent Booksellers Indie Book Award  Nonfiction
3382,Australian Book Industry Award (ABIA)  Biography and  Book of the Year and Nominee  The Matt Richell Award  New Writer of the Year
3383,Dobbie Literary Award Nominee  (Shortlist)
3384,Douglas Stewart Prize  Non-Fiction
3385,POPULAR-The Star Readersa Choice Awards  Fiction
3386,Prix europAen des jeunes lecteurs
3387,Will Eisner Comic Industry Awards Nominee  Best U.S. Edition of International Material-Asia
3388,Prism Award  Main Stream Comics and Graphic Novels
3389,All About Romance (AAR) Annual Reader Poll  Most-Hanky Read & Favorite Road Romance & Honorable Mentions  Most Tortured Hero & Favorite European Historical
3390,Izumi Kyoka Prize Nominee
3391,Auswahlliste zum Deutschen Jugendbuchpreis
3392,Harvey Awards Nominee  Special Award  Excellence in Presentation ( Jeremy Bastian)
3393,Dingle Prize  History of Science
3394,Canadian Booksellers Association Libris Award  Young Readersa Book
3395,Will Eisner Comic Industry Awards Nominee  Best New Series
3396,Audie Award Nominee  Science Fiction
3397,James Tiptree Jr. Award Nominee  Long List
3398,Premio Campiello  Opera Prima
3399,LovelyBooks Leserpreis  Bester Buchtitel
3400,Spur Award Nominee  Best Western Long Novel
3401,International Horror Guild Award  Best Long Fiction
3402,Minnesota Book Award
3403,Lambda Literary Award Nominee  Lesbian Mystery
3404,Prix Goncourt  Nouvelle
3405,Best Artist ( Chris Samnee)
3406,Will Eisner Comic Industry Awards  Best Penciler/Inker ( Chris Samnee)
3407,SCBWI Crystal Kite Member Choice Award  Southeast
3408,Lambda Literary Award  Lesbian Mystery
3409,Grand prix littAraire d'Afrique noire de l'ADELF
3410,Premi de la CrAtica de narrativa catalana
3411,Premi CrAtica Serra daOr
3412,Premi Narrativa M.Angels Anglada
3413,Premi Tormenta en un Vaso
3414,Prix Courrier International
3415,Topelius-palkinto
3416,Brive-La-Gaillarde Readers Prize
3417,Prix Georges Brassens
3418,Boston Globe-Horn Book Award  Fiction and Poetry
3419,Flora Stieglitz Straus Award
3420,Hugo Award  Best Short Story  aMelancholy Elephantsa
3421,"Locus Award Nominee  Best Short Story  ""Melancholy Elephants"""
3422,"Analog Award  Best Short Story  ""Melancholy Elephants"""
3423,OKRWA National Readers Choice Award  Young Adult
3424,Idaho Book of the Year Award Nominee  (Honorable Mention)
3425,HOLT Medallion by Virginia Romance Writers  Paranormal/Time Travel/Futuristic/Fantasy
3426,Oklahoma Sequoyah Award  Intermediate
3427,Lambda Literary Award Nominee  Lesbian Memoir/Biography
3428,HOLT Medallion by Virginia Romance Writers Nominee  Best Book by a Virginia Author
3429,All About Romance (AAR) Annual Reader Poll  Best Category Romance
3430,DABWAHA Romance Tournament  Best Category Romance
3431,Literaturpreis der Jury der jungen Leser  Bilderbuch
3432,All About Romance (AAR) Annual Reader Poll Nominee  Best Erotica/Romantica Romance
3433,Lambda Literary Award Nominee  Gay Romance
3434,Dead Letter Award  Fiction Book
3435,The Green Carnation Prize Nominee
3436,One Book One San Diego Nominee
3437,Gouden Uil publieksprijs
3438,Vijfjaarlijkse Prijs van de Koninklijke Academie voor Nederlandse Taal- en Letterkunde
3439,Kids Own Australian Literature Awards (KOALA)
3440,Young Australians' Best Book Award (YABBA)
3441,The Kitschies  Golden Tentacle (Debut)
3442,Prix Femina Vie Heureuse Anglais
3443,"Hugo Award Nominee  Best Novella  ""Magic  Beginners"""
3444,"Nebula Award  Best Novella  ""Magic  Beginners"""
3445,Locus Award  Best Collection and Best Novella  aMagic  Beginnersa
3446,"World Fantasy Award Nominee  Best Collection and Best Novella  ""Magic  Beginners"""
3447,"British Science Fiction Association Award  Best Short Fiction  ""Magic  Beginners"""
3448,"Theodore Sturgeon Memorial Award Nominee  ""Magic  Beginners"""
3449,"Grand Prix de l'Imaginaire Nominee  Nouvelle AtrangA re  ""Magic  Beginners"""
3450,"Premio Ignotus Nominee  Mejor cuento extranjero  ""El bolso de las fadas"""
3451,Borders Original Voices Award Nominee
3452,SIBA Book Award Nominee  Fiction
3453,Prix Goncourt du premier roman
3454,New South Wales Premier's Literary Award  UTS Glenda Adams Award  New Writing
3455,Prime Minister's Literary Awards  Fiction
3456,Sidewise Award  Short Form
3457,Premio Ignotus Nominee  Mejor cuento extranjero (Best Foreign Story(
3458,Seiun Award e2e3  Best Foreign Language Short Story
3459,Nebula Award Nominee
3460,World Fantasy Award Nominee
3461,Anni Swan -mitali
3462,Anthony Award Nominee  Best Critical Work
3463,All About Romance (AAR) Annual Reader Poll  Most Disappointing Read AND Most Annoying Lead
3464,Heart & Scroll Madcap Award
3465,Prix InteralliA
3466,Best Omani Novel Award
3467,Premio Campiello Nominee
3468,Premio Bagutta
3469,National Book Award  Philosophy and Religion
3470,Helen and Kurt Wolff Translator's Prize  Leila Vennewitz
3471,Prix du Festival d'AngoulAame  Fauve daor du meilleur album
3472,Romantic Times Reviewers' Choice Award (RT Award)  Historical Romantic Mystery/Gothic
3473,Shamus Award Nominee  Best First PI Novel
3474,Leeds Book Awards  9-11
3475,Dragon Award Nominee  Best Graphic Novel
3476,Boston GlobeaHorn Book Award Nominee  Nonfiction
3477,British Book Award  Best Read of the Year
3478,Book Sense Book of the Year Award  Adult Fiction
3479,PEN/John Kenneth Galbraith Award  Nonfiction Nominee
3480,N14 N A NNNoN N12NNN oA
3481,Books I Loved Best Yearly (BILBY) Awards  Secondary
3482,Read Alone
3483,Early Readers
3484,John Gardner Book Award Nominee  Fiction
3485,Icelandic Literary Prize  Fiction
3486,Agatha Award  Best Historical Novel
3487,Lefty Award Nominee  Best Historical Mystery (Bruce Alexander Memorial)
3488,National Book Award Finalist  Science Fiction (Hardcover)
3489,Jewish Quarterly-Wingate Prize  Nonfiction
3490,Premio Princesa de Asturias de las Letras
3491,and Best Coloring ( Elizabeth Breitweiser)
3492,Wonderland Book Award Nominee  Best Bizarro Novel
3493,Golden Crown Literary Award  Lesbian Mystery
3494,Canadian Booksellers Association Libris Award  Young Readers' Book
3495,Best Writer ( Mark Waid)
3496,Boston Globe-Horn Book Award Nominee  Picture Book - Honor Book
3497,Picture Books (Hardcover)
3498,Asian/Pacific American Award  Literature  Children
3499,NAIBA Book of the Year  Nonfiction
3500,Private Eye Writers of America Best First Private Eye Novel Contest
3501,PEN Translation Prize  Poetry  Dennis Tedlock
3502,Macavity Award  Best Mystery
3503,Barnes and Noble Discover Great New Writers Award  Fiction
3504,Prix littAraire Le Monde
3505,Gouden Uil
3506,Vondel Prize Nominee  Sam Garrett
3507,Independent Publisher Book Award (IPPY) Nominee  Essay/Creative Nonfiction (Finalist)
3508,Minnesota Book Award  Young Adult Literature
3509,Prix Cosmos 2000
3510,Roald Dahl Funny Prize  Ages 7-14
3511,Flicker Tale Children's Book Award Nominee  Picture Book
3512,Best Novelette  aTough Times All Overa by Joe Abercrombie and Nominee  Best Novella
3513,Reddit r/fantasy Stabby Award  Best Anthology
3514,Locus Award Nominee  Collection
3515,Minnesota Book Award  History & Biography
3516,British Book Award  Book of the Year
3517,The Flume: New Hampshire Teen Reader's Choice Award
3518,Teen Buckeye Book Award
3519,Iowa High School Book Award
3520,Puddly Award  Fiction
3521,Missouri Gateway Readers Award  Adult
3522,Bread and Roses Award Nominee  Shortlist
3523,Nominee in Debut Author
3524,"Retro Hugo Award Nominee  Best Short Story  ""A Saucer of Loneliness"""
3525,Kurd-LaAwitz-Preis  Bester auslAndischer SF-Roman
3526,British Fantasy Award Nominee  Best Novel (August Derleth Award)
3527,Manchester Book Award
3528,Albert J. Beveridge Award
3529,Vlaamse Debuutprijs
3530,NCR Literair Prijs Nominee
3531,Shevchenko National Prize
3532,Antonovych Prize
3533,Language Learner Literature Award Nominee
3534,Kusala Sastra Khatulistiwa Nominee  Fiksi - shortlist
3535,Independent Publisher Book Award (IPPY)  Children's Picture Book
3536,& Biography (Paperback)
3537,French-American Foundation Translation Prize Nominee  Non-fiction
3538,Stonewall Book Award Nominee  Children's and Young Adult Literature
3539,Woman & Home Reader's Choice Award  Best Historical Thriller
3540,Ambassador Book Award  Biography
3541,New York City Book Award  Biography
3542,National Book Award  Translation
3543,Boardman Tasker Prize  Mountain Literature
3544,Lambda Literary Award  Lesbian General Fiction
3545,P.E.A.R.L. (Paranormal Excellence Award  Romantic Literature)  Best Futuristic Romance AND Nominee  Overall Best Paranormal Romance
3546,Green Earth Book Award Nominee  Honor Book
3547,Barnes and Noble Discover Great New Writers Award  Non-fiction
3548,IIII2II I III3IIIII12I1IoII IIIIIIIIII IIIII12IIII12II III3IIIII12I II Instituto Cervantes
3549,Premio Ignotus  Mejor cuento extranjero
3550,Bruce Alexander Memorial Historical Mystery Award
3551,Calinia Book Award  First Fiction (Gold)
3552,Republic of Consciousness Prize
3553,Lambda Literary Award  Lesbian Science Fiction/Fantasy/Horror
3554,P.E.A.R.L. (Paranormal Excellence Award  Romantic Literature)  Best Overall Paranormal Romance AND Best Shapeshifter
3555,Massachusetts Book Award  Nonfiction
3556,Arthur Ellis Award  Best Crime Novel
3557,NestlA Smarties Book Prize  9a11 Years (Bronze)
3558,Goodreads Choice Award Nominee  Science Fiction and  Goodreads Author
3559,LIANZA Young Adult Fiction Award
3560,Bram Stoker Award  Best Young Adult Novel
3561,Aurealis Award Nominee  Best Science Fiction Novel
3562,Romantic Times Reviewers' Choice Award (RT Award)  Contemporary Suspense 94-95
3563,Australian Book Industry Award (ABIA)  Older Children (ages 8-14)
3564,Obie  Best Foreign Play
3565,Governor General's Literary Awards / Prix littAraires du Gouverneur gAnAral Nominee  English Language Fiction
3566,Los Angeles Times Book Prize  Graphic Novel/Comics
3567,Prix du Festival d'AngoulAame  Fauve d'or du meilleur album
3568,Will Eisner Comic Industry Awards Nominee  Best Reality-Based Work
3569,Soaring Eagle Book Award Nominee
3570,Best Lesbian Paranormal/Horror
3571,Shaughnessy Cohen Prize  Political Writing
3572,Independent Publisher Book Award (IPPY) Nominee  Religion (Finalist)
3573,Minnesota Book Award  Popular Fiction
3574,Carnegie Medal  Highly Commended
3575,Ockham New Zealand Book Awards Nominee  2nd (Goodman Fielder Wattie)
3576,Christy Award Nominee  Contemporary Romance/Suspense
3577,Australian Book Industry Award (ABIA)  Younger Children (ages 0-8)
3578,Hans Christian Andersen Award
3579,Los Angeles Times Book Prize Nominee  Current Interest
3580,PEN/Jean Stein Book Award Nominee  Shortlist
3581,Odyssey Award
3582,Pennsylvania Young Readers' Choice Award  Young Adults
3583,Milwaukee County Teen Book Award
3584,Indies Choice Book Award  Young Adult
3585,Dioraphte Jongerenliteratuurprijs  vertaald boek en publieksprijs
3586,The Inky Awards  Silver Inky
3587,Lincoln Award
3588,Luisterboek Award
3589,Goodreads Choice Award  Young Adult Fiction
3590,and Nominee  Best of the Best
3591,Green Mountain Book Award
3592,Louisiana Teen Readers' Choice
3593,Missouri Gateway Readers Award
3594,Oklahoma Sequoyah Award  High School
3595,Premio El Templo de las Mil Puertas  Mejor novela extranjera independiente
3596,Jane Addams Children's Book Award  Older Children Honor
3597,VLA Graphic Novel Diversity Award  Adult
3598,Specsavers National Book Award  Childrenas Book of the Year; Audible.co.uk Audiobook of the Year
3599,"All About Romance (AAR) Annual Reader Poll  Favorite Hero AND Favorite ""Other"" Romance AND Most Luscious Love Story"
3600,Prix du Polar EuropAen
3601,HOLT Medallion by Virginia Romance Writers  Mainstream/Single Title
3602,Yale Series of Younger Poets Competition
3603,Romantic Times Reviewers' Choice Award (RT Award) Nominee  Shapeshifter Romance
3604,Ockham New Zealand Book Awards  Fiction (Montana NZ Awards)
3605,Romantic Times Reviewers' Choice Award (RT Award)  Contemporary Fantasy Romance
3606,World Fantasy Award  Anthology
3607,Shirley Jackson Award Nominee  Edited Anthology (Finalist)
3608,Will Eisner Comic Industry Awards  Best U.S. Edition of International Material - Asia
3609,FHL Readeras Choice Award  Romantic Suspense
3610,Ramon Magsasay Award
3611,British Fantasy Award  Best Graphic Novel
3612,Goodreads Choice Award  Graphic Novel
3613,Saltire Society Literary Award  Book of the Year
3614,J. H. Erkon palkinto
3615,BorAs Tidnings debutantpris
3616,Young Readers' Choice Award
3617,Grand Canyon Reader Award  Tween Book
3618,Pulitzer Prize Nominee  Poetry
3619,Nils Holgersson-plaketten
3620,Gayle Wilson Award of Excellence  Contemporary Series
3621,aa1a34aa34aaaaa aa34aaa  aaaaa aaa34a
3622,a1aa a a34aa34a a aaaaa aaaaa aaa34a
3623,"Golden Heart by Romance Writers of America  Best Historical Romance (working title ""Wanting Finian"")"
3624,PEN Translation Prize  Thomas Hoisington
3625,Romantic Times Reviewers' Choice Award (RT Award) Nominee  Indie Press Erotic Romance/Fiction
3626,Bookie Award Nominee
3627,2 3UU3 UU UUU
3628,All About Romance (AAR) Annual Reader Poll  Best Couple AND Strongest Heroine
3629,Scott Moncrieff Prize  John Weightman & Doreen Weightman
3630,Harvey Awards Nominee  Book of the Year
3631,National Jewish Book Award  Childrenas and Young Adult Literature
3632,Sydney Taylor Book Award  Teen Readers
3633,The Quill Award Nominee  Young Adult/Teen
3634,Teen Read Award Nominee  Best All-Time-Fave
3635,Association of Jewish Libraries  Teen Book Award
3636,LovelyBooks Leserpreis  Allgemeine Literatur
3637,Macavity Award Nominee  Best Nonfiction
3638,Rainbow Award  Lesbian Paranormal/Horror
3639,Golden Crown Literary Award  Paranormal Romance
3640,New South Wales Premier's Literary Award  Gleebooks Prize  Critical Writing
3641,Nihon SF TaishA Award SFae3 Nominee
3642,APSA Benjamin E. Lippincott Award
3643,RITA Award by Romance Writers of America Nominee  Paranormal/Fantasy/Time Travel Romance
3644,Lambda Literary Award Nominee  Lesbian Fiction
3645,Oxd-Weidenfeld Translation Prize Nominee  Lola M. Rogers
3646,RITA Award by Romance Writers of America Nominee  Contemporary Series Romance: Suspense/Adventure
3647,USA Best Book Award Nominee
3648,Prix du Festival d'AngoulAame  Essentiel Fnac/SNCF
3649,Romantic Times Reviewers' Choice Award (RT Award) Nominee  Women's Fiction
3650,Best Cover Artist ( Joelle Jones) & Best Coloring ( Laura Allred)
3651,Golden Crown Literary Award Nominee  Paranormal Romance
3652,Saif Ghobash Banipal Prize  Arabic Literary Translation
3653,RITA Award by Romance Writers of America  Best Romance of 1995 & Best Contemporary Single Title
3654,Hubert Evans Non-Fiction Prize
3655,HNS Indie Award  (Runner-Up)
3656,Scott Moncrieff Prize  Barbara Bray
3657,Dragon Award  Best Young Adult/Middle Grade Novel
3658,The Wainwright Golden Beer Prize Nominee  Longlist
3659,Garden State Book Award  Teen Fiction Grades 6-8
3660,Buckeye Children's Book Award  Grade 6-8
3661,Golden Sower Award  Young Adult
3662,Pacific Northwest Library Association Young Reader's Choice Award  Senior
3663,Wyoming Indian Paintbrush Nominee
3664,NSK Neustadt Prize  Children's Literature Nominee
3665,Arthur Ellis Award  Best First Novel
3666,Children's Book Council of Australia Award  Book of the Year
3667,Patricia Gallagher Picture Book Award Nominee
3668,O. Henry Award  'For JeromAawith Love and Kisses'
3669,Spur Award Nominee  Best Western Traditional Novel
3670,Writers' League of Texas Book Award in Fiction
3671,Harvey Awards  Best Children or Young Adult Book AND nominated  Digital Book of the Year
3672,Will Eisner Comic Industry Awards  Best Publication  Kids (ages 9a12) & Best Webcomic
3673,Ned Kelly Award  Best First Fiction
3674,Balrog Award Nominee  Best Collection/Anthology
3675,RITA Award by Romance Writers of America  Best Traditional Romance
3676,Calinia Young Readers Medal Nominee  Young Adult & Middle School/Junior High
3677,Herbert Hoover Book Award
3678,George Louis Beer Prize
3679,Society of Midland Authors Award  Fiction
3680,R*BY Award  Long Romance
3681,Jane Addams Children's Book Award  Younger Children
3682,Filipino Readers' Choice Award  Romance in Filipino (or Taglish)
3683,"Retro Hugo Award  Best Short Story  ""R is  Rocket (as King of the Grey Spaces)"""
3684,Spur Award  Best Juvenile
3685,eLit Book Award  Best Gay/Lesbian - Gold
3686,Dartmouth Book Award  Fiction
3687,Atlantic Independent Booksellersa Choice Award
3688,Best Penciller/Inker ( Francois Schuiten)
3689,Premio Editorial Losada
3690,Costa Book Award Nominee  Biography
3691,Harvey Awards  Best Graphic Album of Original Material
3692,Will Eisner Comic Industry Awards  Best Graphic Album: New
3693,ITW Thriller Award  Best E-Book Original Novel
3694,All About Romance (AAR) Annual Reader Poll  Best Heroine
3695,Grande PrAmio de Romance e Novela APE/IPLB
3696,Christianity Today Book Award  Beautiful Orthodoxy Book of the Year & Politics and Public Life
3697,USA Best Book Award Nominee  Fiction: Young-Adult
3698,WILLA Literary Award Nominee  Children's/Young Adult Fiction & Nonfiction
3699,Eisner Award  Most Promising Newcomer
3700,Schlegel-Tieck Prize  Michael Hofmann
3701,Christianity Today Book Award
3702,New Zealand Children and Young Adults Book Award  Wright Foundation Esther Glen Junior Fiction
3703,O. Henry Award  'Lily'
3704,The Great Michigan Read
3705,Desert Rose Golden Quill Award Nominee  Best Historical Romance
3706,Colorado Romance Writers Award of Excellence  Historical
3707,Book Buyers' Best Award Nominee  Historical
3708,Beacon of Freedom Award  Historical Romance
3709,Elizabeth Longd Prize  Historical Biography
3710,Golden Medallion by Romance Writers of America  Best Single Title Romance
3711,Deutscher Jugendliteraturpreis
3712,Wales Book of the Year Nominee
3713,Roland Mathias Poetry Award
3714,Oregon Spirit Book Award  Middle Readers
3715,San Francisco Poetry Center Book Award
3716,Society of Midland Authors Award Nominee  Adult Fiction
3717,DABWAHA Romance Tournament  Best Novel with Romantic Elements/Crossover
3718,Gayle Wilson Award of Excellence  Inspirational
3719,PEN Translation Prize Nominee  Jessica Cohen
3720,Readers' Favorite Book Award  Fiction - Fantasy - Epic (Bronze)
3721,Book Excellence Award Nominee  Fantasy (Finalist)
3722,Christie Harris Illustrated Childrenas Literature Prize
3723,Harvey Awards Nominee  Best Children or Young Adult Book
3724,Manitoba Young Readers' Choice Award  Sundogs
3725,Romantic Times Reviewers' Choice Award (RT Award)  Best Erotic
3726,Katharine Briggs Folklore Award
3727,Canadian Booksellers Association Libris Award
3728,Daphne du Maurier Award  Inspirational Romantic Mystery/Suspense
3729,Japan-U.S. Friendship Commission Prize  the Translation of Japanese Literature
3730,Prix des libraires du QuAbec  Bande dessinAe jeunesse
3731,Harvey Awards Nominee  Digital Book of the Year
3732,RITA Award by Romance Writers of America  Best Historical Romance
3733,Maggie Award  Excellence (Georgia Romance Writers) Nominee  Paranormal/Fantasy Romance
3734,Golden Duck Award Nominee
3735,Christianity Today Book Award  Biblical Studies Award of Merit
3736,Whitbread Award  Children's Novel
3737,Washington State Book Award  Young Readers
3738,Will Eisner Comic Industry Awards  Best Publication  Early Readers (up to age 8)
3739,Angelus Nominee  Shortlist
3740,Washington State Book Award  Middle Grade Literature
3741,"Next Generation Indie Book Awards  First Novel (Over 80,000 words)"
3742,New England Book Festival Nominee  Fiction
3743,National Indie Excellence Awards Nominee  Literary Fiction
3744,Foreword INDIES Book of the Year Award Nominee  Literary Fiction
3745,Sr. First Novel Prize
3746,Rainbow Award  Best Lesbian Contemporary Romance
3747,Northern Calinia Book Awards Nominee  General Nonfiction (finalist)
3748,Victor Turner Prize in Ethnographic Writing  Society and Humanistic Anthropology
3749,M-Net Literary Award
3750,Gayle Wilson Award of Excellence  Historical
3751,Aspen Gold Readers Choice Award  Historical Romance
3752,Pacific Northwest Library Association Young Reader's Choice Award  Youth
3753,Locus Award Nominee  Best Non-Fiction/ Art Book
3754,New South Wales Premier's Literary Award Nominee  Patricia Wrightson Prize
3755,Ditmar Award  Best Artwork
3756,Western Australian Premier's Book Award  Young Adult
3757,Children's Book Council of Australia Award  Older Readers Book of the Year
3758,Aurealis Award  Illustrated Book / Graphic Novel
3759,Australian Independent Booksellers Indie Book Award  Book of the Year Children's & YA
3760,Literaturpreis der Jury der jungen Leser  Sonderpreis
3761,"RITA Award by Romance Writers of America Nominee  Romance Novella (""On the Fringe"" by Mary Kay McComas) & Nominee  Romance Novella (""Eternity in Death"" by J.D. Robb)"
3762,UUaU34 a U34U U  U U UUU
3763,Indie Lit Award  GLBTQ
3764,Wilderness Society's Environment Award  Children's Literature Nominee  Fiction
3765,Aurealis Award  Convenor's Award of Excellence
3766,Parsec Award Nominee  Best Speculative Fiction
3767,"Hugo Award  Best Novelette  ""The Deathbird"""
3768,"Nebula Award Nominee  Best Novelette  ""The Deathbird"""
3769,"Locus Award  Best Novelette  ""The Deathbird"""
3770,British Science Fiction Association Award  Collection
3771,Dr. Tony Ryan Book Award
3772,History Manuscript of the Year
3773,Kindle Book Award Nominee  Horror/Suspense (Finalist)
3774,Grand Prix de l'Imaginaire  Roman jeunesse Atranger
3775,Independent Publisher Book Award (IPPY)  Southeast - Best Regional Fiction (Gold)
3776,International Book Awards  Best New Fiction
3777,The Great Southeast Book Festival Award  General Fiction and Grand Prize
3778,National Indie Excellence Awards  Regional Fiction (Southeast) and New Fiction Finalist
3779,Bookvana Awards  Literary Fiction
3780,National Book Awards Nominee
3781,HOLT Medallion by Virginia Romance Writers Nominee  Best First Book & Best Long Inspirational
3782,Financial Times and McKinsey Business Book of the Year
3783,IIIII1IoI IIII2II I III3IIIII12I II  II I I1IIIIII14I
3784,Anugerah Pembaca Indonesia  Penulis dan Buku Non-Fiksi Terfavorit
3785,Bisexual Book Award  Teen/Young Adult Fiction
3786,All About Romance (AAR) Annual Reader Poll  Best Romance & Best Romance Couple & Best Love Scenes & Best Historical Romance Set in the U.K. &
3787,Pulitzer Prize Nominee  Biography
3788,PrAmio D. Diniz da FundaAAo da Casa de Mateus
3789,New Mexico Land of Enchantment Award  Children
3790,Louisiana Young Readers' Choice  Grades 3-5
3791,National Indie Excellence Awards Nominee
3792,Will Eisner Comic Industry Awards  Best Graphic Album-New
3793,IIII2II I II12II3I12IIIII12 IIIII Nominee
3794,eLit Book Award  Mystery/Suspense/Thriller - Gold
3795,NestlA Smarties Book Prize  6a8 years
3796,Schlegel-Tieck Prize Nominee  Patrick Bridgwater
3797,National Cowboy Hall of Fame Western Heritage Award  Western Novel
3798,Commonwealth Writers' Prize  Best First Book Overall
3799,Shakti Bhatt First Book Prize
3800,Drama Desk Award  Outstanding New Play
3801,OKRWA National Readers Choice Award Nominee  Paranormal Romance
3802,Winter Rose Award of Excellence  Overall Winner (Published Division) & Paranormal Category Winner
3803,Prix BAdAis Causa
3804,Prix Lux  Grand Prix
3805,Canadian Booksellers Association Libris Award  Young Reader's Book
3806,Canadian Children's Literature Award Nominee  French Language
3807,Joe Shuster Awards
3808,Aspen Gold Readers Choice Award Nominee  Historical Romance
3809,Stonewall Book Award  Childrenas and Young Adult Literature
3810,Barry Award  Mystery/Crime Novel Of The Decade
3811,Galaxy British Book Awards  Crime Thriller of the Year
3812,British Academy Book Prize
3813,RITA Award by Romance Writers of America  Best Historical Series
3814,Spur Award  Medicine Pipe Bearer Award
3815,Bony Blithe Award Nominee
3816,Lambda Literary Award  LGBT Children's/Young Adult
3817,Romantic Times Reviewers' Choice Award (RT Award)  British Isles Historical Romance
3818,Aurealis Award  Best Fantasy Short Fiction
3819,Scottish Arts Council Book of the Year Award
3820,Grand Prix des lectrices de Elle  roman policier
3821,Aurealis Award  Horror Novel
3822,All About Romance (AAR) Annual Reader Poll  Favorite Short Story (tie)
3823,National Jewish Book Award  Children's Literature
3824,Next Generation Indie Book Awards Nominee  General Fiction/Novel
3825,Australian Book Industry Award (ABIA) Nominee  Nonfiction
3826,Queensland Premier's Literary Awards  Fiction
3827,Colin Roderick Award
3828,DABWAHA Romance Tournament Nominee  Best Paranormal/Urban Fantasy/Science Fiction Romance Reader Nominee
3829,Georgette Heyer Historical Novel Prize
3830,HOLT Medallion by Virginia Romance Writers  Historical
3831,PEN Translation Prize Nominee  Zack Rogow
3832,Scott Moncrieff Prize Nominee  Sarah Ardizzone
3833,HOLT Medallion by Virginia Romance Writers  Extra Spicy/Erotic
3834,Robert H. Ferrell Book Prize
3835,Bernard Schwartz Book Award
3836,Cundill History Prize
3837,Brit Writers' Award Nominee
3838,Michigan Library Association Thumbs Up! Award  Honor Book
3839,"the Lamps of His Mouth"""
3840,New South Wales Premier's Literary Award  Patricia Wrightson Prize  Children's Literature
3841,ECPA Christian Book Award  Inspiration
3842,Louisiana Young Readers' Choice Nominee
3843,Specsavers National Book Award Nominee  Books Are My Bag New Writer of the Year
3844,Pulitzer Prize  Nonfiction
3845,National Book Award  Arts and Letters
3846,Francis Parkman Prize
3847,Avery O. Craven Award
3848,Frank L. and Harriet C. Owsley Award
3849,EBRD Literature Prize Nominee  Finalist
3850,Lefty Award Nominee  Best World Mystery
3851,Flicker Tale Children's Book Award  Juvenile
3852,Western States Book Award
3853,RITA Award by Romance Writers of America  Best First Book & Nominee  Long Historical Romance
3854,Saskatchewan Book Award
3855,Governor General's Literary Awards / Prix littAraires du Gouverneur gAnAral  Childrenas Literature a Text
3856,Mr. Christie's Book Award
3857,Romantic Times Reviewers' Choice Award (RT Award) Nominee  Fantasy Novel
3858,National Book Award  Children's Literature
3859,National Book Award Finalist  Children's Books (Paperback)
3860,Whitbread Award  Novel and Book of the Year
3861,Children's Book Council of Australia Award  Picture Book of the Year - Joint Winner
3862,Christy Award Nominee  Western
3863,Fantasy and Futuristic Romance
3864,P.E.A.R.L. (Paranormal Excellence Award  Romantic Literature)  Best Science Fiction/Fantasy
3865,Indies Choice Book Award  New Picture Book
3866,Boston Globe-Horn Book Award Nominee  Picture Book
3867,Cybils Award Nominee  Fiction Picture Books
3868,Boston Author's Club Young Reader Award Nominee
3869,Manitoba Young Readers' Choice Award Nominee
3870,SCBWI Crystal Kite Member Choice Award  the Americas
3871,The ESFS Award  Novel
3872,San Francisco Book Festival  Spiritual
3873,Kindle Book Award Nominee  Best of Indie Books (Semifinalist)
3874,Audie Award  Best Male Narrator
3875,International Rubery Book Award Nominee  Fiction (shortlisted)
3876,National Book Critics Circle Award
3877,Feria Internacional del Libro de Guadalajara
3878,The Sunday Times EFG Short Story Award  'Nirvana'
3879,Stonewall Book Award Nominee  Non-Fiction
3880,Red Cedar Book Award Nominee  Fiction
3881,Christy Award Nominee  Debut
3882,ACFW Carol Award  Contemporary and Debut
3883,INSPY  Debut Fiction
3884,RITA Award by Romance Writers of America  Best Historical Single Title
3885,RITA Award by Romance Writers of America Nominee  Futuristic/Fantasy/Paranormal Romance
3886,Booker Prize  The Lost Man Booker Prize
3887,Premio de traducciA3n literaria Valle InclAn  Margaret Jull Costa
3888,"N14 N ""NNNN""  N N12N N14 N 34N3o3414 NN"
3889,Warwick Prize  Writing
3890,Frank O'Connor International Short Story Award Nominee
3891,Balrog Award  Best Collection/Anthology
3892,Coretta Scott King Book Award  Illustrator
3893,Ezra Jack Keats Book Award  New Writer
3894,Whitbread Award  Biography and Book of the Year
3895,Independent Publisher Book Award (IPPY)  Fiction
3896,Goodreads Choice Award Nominee  Nonfiction & Graphic Novel
3897,"Hugo Award Nominee  Best Novella  ""Forgiveness Day"""
3898,"Nebula Award Nominee  Best Novella  ""Forgiveness Day"""
3899,"and Best Novella  ""Forgiveness Day"""
3900,"Theodore Sturgeon Memorial Award  ""Forgiveness Day"""
3901,"James Tiptree Jr. Award Nominee  Longlist  ""Forgiveness Day"""
3902,"SF Chronicle Award Nominee  Novella  ""Forgiveness Day"""
3903,"Asimov's Readers' Poll Award  Best Novella  ""Forgiveness Day"""
3904,Victorian Premier's Literary Award  Young Adult Fiction Prize
3905,All About Romance (AAR) Annual Reader Poll  Most Kickass Heroine
3906,All About Romance (AAR) Annual Reader Poll  Best Romantic Fantasy Fiction
3907,Hugo Award  Best Non-Fiction Book
3908,All About Romance (AAR) Annual Reader Poll  Best Medieval Romance
3909,Galaxy National Book Award  Waterstone's UK Author of the Year
3910,RITA Award by Romance Writers of America  Best Paranormal Romance & Best First Book
3911,Saltire Society Literary Award  Scottish Book of the Year
3912,N 12NoN N14 N  N 34NN21212N N34 (N2N NN12N)
3913,All About Romance (AAR) Annual Reader Poll  Favorite Villain & Honorable Mention  Favorite Romantic Suspense
3914,Will Eisner Comic Industry Awards  Best Limited Series
3915,Kerry Group Irish Fiction Award Nominee
3916,Kurt Maschler Award
3917,IODE Jean Throop Award
3918,N 12NoN N14 N
3919,Colorado Book Award  General Nonfiction
3920,Children's Book Council of Australia Award Nominee  Younger Readers
3921,Davitt Award  Best Children's Novel
3922,Will Eisner Comic Industry Awards  Best Publication  Teens (ages 13a17)
3923,Utah Book Award  Nonfiction
3924,Independent Publisher Book Award (IPPY) Nominee  Audio Nonfiction (Finalist)
3925,Barbara Jefferis Award
3926,Australian Independent Booksellers Indie Book Award  Book of the Year & Book of the Year Debut Fiction
3927,Alabama Library Association Children's Book of the Year Nominee  6-8 Fiction
3928,Lannan Literary Award  Fiction
3929,Nero Award  excellence in the mystery genre
3930,Left Coast Crime Award Nominee  Best mystery set within the United States (The Squid)
3931,DeLiA
3932,Audie Award  Audio Drama
3933,and Best Writer
3934,Will Eisner Comic Industry Awards Nominee  Best Lettering ( Laura Lee Gulledge)
3935,Cybils Award Nominee  Graphic Novels (Young Adult)
3936,ITW Thriller Award  Best Paperback Original Novel
3937,Prime Minister's Literary Awards Nominee  Australian History
3938,The Stella Prize
3939,John H. Dunning Prize in American History
3940,Wayne S. Vucinich Book Prize
3941,Ellis W. Hawley Prize
3942,Robert G. Athearn Prize
3943,George Perkins Marsh Prize
3944,Brageprisen Nominee  Nonfiction
3945,Next Generation Indie Book Awards  Fiction (Second Place)
3946,Vuoden aismikirja
3947,Goodreads Choice Award  Science & Technology
3948,Brageprisen Nominee  Short stories and essays
3949,Norwegian Critics Prize  Literature (Den norske Kritikerprisen  litteratur)  beste voksenbok
3950,Authors' Club Best First Novel Award Nominee  Shortlist
3951,SFR Galaxy Award  Best Bread and Circuses (Intergalactic Edition)
3952,NAIBA Book of the Year  Trade Paperback Original
3953,Treviso Comic Book Festival  Best Comic Book
3954,Bertrand Russell Society Book Award
3955,Ockham New Zealand Book Awards  Fiction (NZ Book Awards)
3956,James Russell Lowell Prize Nominee
3957,Theodore Sturgeon Memorial Award
3958,James Beard Foundation Book Award Nominee  Vegetable Focused and Vegetarian
3959,-N14 N  N 34NN2121234 N34 2 12
3960,Walter Dean Myers Award Nominee  Honor Book
3961,Asian/Pacific American Award  Literature  Young Adult Literature
3962,VLA Graphic Novel Diversity Award  Youth
3963,Will Eisner Comic Industry Awards  Best Reality-Based Work
3964,Lambda Literary Award Nominee  Drama
3965,Audie Award Nominee  Mystery
3966,British Science Fiction Association Award Nominee  Best Short Fiction
3967,Best Cover Artist ( James Jean)
3968,Will Eisner Comic Industry Awards  Best Archival Collection/ProjectaComic Strips
3969,CWA Gold Dagger Award  Non Fiction
3970,Starcherone Prize  Innovative Fiction
3971,Romantic Times Reviewers' Choice Award (RT Award)  Best Medieval Historical Romance
3972,Children's Book Council of Australia Award  Book of the Year: Older Readers
3973,Romantic Times Reviewers' Choice Award (RT Award)  Best Contemporary Romance
3974,Little Rebels Award  Radical Childrenas Fiction
3975,"Nebula Award Nominee  Best Novelette  ""The Happy Man"""
3976,"Theodore Sturgeon Memorial Award Nominee  ""The Happy Man"""
3977,"Asimov's Readers' Poll Award Nominee  Best Novelette  ""The Happy Man"""
3978,"Bram Stoker Award Nominee  Best Short Fiction  ""Singing My Sister Down"""
3979,"Hugo Award Nominee  Best Short Story  ""Singing My Sister Down"""
3980,"Nebula Award Nominee  Best Short Story  ""Singing My Sister Down"""
3981,"International Horror Guild Award Nominee  Best Short Form  ""Singing My Sister Down"""
3982,"World Fantasy Award  Best Collection and  Best Short Fiction  ""Singing My Sister Down"""
3983,"Ditmar Award  Best Collection and Best Short Story  ""Singing My Sister Down"""
3984,"Theodore Sturgeon Memorial Award Nominee  ""Singing My Sister Down"""
3985,"Aurealis Award  Young Adult Short Story and Short Story (Golden Aurealis)  ""Singing My Sister Down"""
3986,Miles Franklin Literary Award Nominee  Shortlist
3987,National Book Award Finalist  History (Hardcover)
3988,Ockham New Zealand Book Awards  Reference & Anthology (Montana NZ Awards)
3989,The E.H. McCormick Award Best First Book
3990,NNN12N NNN  N341 12N334 2N1412
3991,European Union Prize  Literature  Norway
3992,Ted Hughes Award Nominee  Shortlist
3993,Best Book of Ideas Prize
3994,Kulturdepartementets pris  debutant
3995,Astfoldungdommens kritikerpris
3996,Leeds Book Awards
3997,Harvey Awards  Best Graphic Album of Original Work
3998,Prix du Festival d'AngoulAame  Prix de la critique
3999,Lambda Literary Award Nominee  Photography/Visual Arts
4000,Premio a la mejor novela grAfica en los Premios Comic Art (UK) Will Eisner Comic Industry Awards  Best Graphic Album-New & Best Editor
4001,Poets' Prize
4002,Daphne du Maurier Award Nominee  Historical Romantic Mystery/Suspense
4003,IIII12II1I IIII II II12IIIII II14I II12II II12
4004,Victorian Premier's Literary Award Nominee  Fiction
4005,Australian Independent Booksellers Indie Book Award  Fiction
4006,The Stella Prize Nominee  Longlist
4007,Silver Falchion Award  Crime Thriller
4008,British Science Fiction Association Award Nominee  Best Novel of 1958
4009,Governor General's Literary Awards / Prix littAraires du Gouverneur gAnAral  Romans et nouvelles
4010,Grand Prix littAraire Archambault
4011,Premio Mondello  Multiculturalism
4012,Spokane Prize  Short Fiction
4013,"RITA Award by Romance Writers of America Nominee  Romance Novella (""Her Mad Grace"")"
4014,Will Eisner Comic Industry Awards  Best Graphic Album - Reprint
4015,Audie Award Nominee  Paranormal
4016,Will Eisner Comic Industry Awards Nominee  Best Continuing Series
4017,PEN/John Kenneth Galbraith Award  Nonfiction Nominee  Shortlist
4018,Hilary Weston Writers' Trust Prize  Nonfiction
4019,All About Romance (AAR) Annual Reader Poll  Best Contemporary
4020,John D. Criticos Prize
4021,Suspense
4022,British Psychological Society Book Award
4023,O. Henry Award  'Corrie'
4024,Aslensku barnabA3kaverAlaunin
4025,Colorado Book Award  Mystery
4026,Amber Butterfly Prize (Arkady Fidler Travel Competition)
4027,Vermont's Picture Book Awards: Red Clover Nominee
4028,Wanda GAg Read Aloud Book Award Nominee
4029,Miles Franklin Literary Award Nominee  Literary Fiction
4030,Australian Independent Booksellers Indie Book Award  Book of the Year & Book of the Year Fiction
4031,Nita B. Kibble Literary Award Nominee  Longlist
4032,Futuristic and Paranormal Special Interest Chapter of RWA  Novella
4033,Ohioana Book Award Nominee  Fiction
4034,Spur Award Nominee  Best Western Historical Novel
4035,Tarjei Vesaas' debutantpris
4036,PrAmio LeYa
4037,Red House Children's Book Award  Older Readers & Overall
4038,South Carolina Book Award  Junior and Young Adult Book
4039,Sakura Medal  Middle School Book
4040,Florida Teens Read
4041,Cybils Award  Young Adult Fantasy & Science Fiction
4042,Prix Et-lisez-moi
4043,Oklahoma Sequoyah Award  High School and Intermediate
4044,LovelyBooks Leserpreis  Bestes Cover/Umschlag
4045,Bram Stoker Award  Works  Young Readers
4046,Anthony Award  Young Adult
4047,Kentucky Bluegrass Award  9-12
4048,Garden State Book Award  Fiction (Grades 9-12)
4049,Nevada Young Readers' Award  Young Adult Category
4050,Pennsylvania Young Readers' Choice Award  Young Adult
4051,DABWAHA Romance Tournament  Best Young Adult Romance
4052,Goodreads Choice Award  Favorite Book and  Young Adult Fantasy & Science Fiction and Nominee  Goodreads Author
4053,Oklahoma Sequoyah Award  High Schol
4054,SIBA Book Award  Fiction
4055,Geffen Award  Best Translated SF Book
4056,NBDB National Book Award Nominee  Translation
4057,NAbula
4058,Audie Award Nominee  Audiobook of the Year and Middle Grade
4059,Laura Ingalls Wilder Award
4060,British Book Award
4061,New York Drama Critics' Circle Award  Best American Play
4062,Premio Ignotus  Novela extranjera
4063,Calinia Book Award  First Fiction (Silver)
4064,Governor General's Literary Awards / Prix littAraires du Gouverneur gAnAral Nominee  Fiction
4065,Deutscher BA14cherpreis  Belletristik
4066,Luisterboek Award Nominee
4067,QWF (Quebec Writer's Federation) Award  Paragraphe Hugh MacLennan Prize  Fiction
4068,The Quill Award Nominee  General Fiction
4069,Chicago Publishers' Award
4070,James Tiptree Jr. Award Nominee  Retrospective
4071,Commonwealth Writers' Prize Nominee  Best Book in Caribbean and Canada
4072,N14NN N1412N oN 14   NNNo34334
4073,Prijs van de Nederlandse Kinderjury  10-12 jaar en 13-16 jaar
4074,Books I Loved Best Yearly (BILBY) Awards  Read Aloud
4075,Younger Readers
4076,Blue Peter Book Award  Voter's Award - Book that Made Me Laugh the Loudest
4077,Maryland Black-Eyed Susan Book Award  Book Award
4078,Nevada Young Readers' Award  Intermediate Category
4079,Beehive Book Award  Children's Fiction
4080,Virginia Reader's Choice  Elementary
4081,The Quill Award  General Fiction
4082,Anthony Award  Best Novel of the Century
4083,National Book Award  Fiction (Hardcover)
4084,American Booksellers Book Of The Year Award  Adult Trade
4085,Book Sense Book of the Year Award  Adult
4086,Independent Publisher Book Award (IPPY)  Audio Fiction - Unabridged
4087,Puddly Award  Novel
4088,Will Eisner Comic Industry Awards Nominee  Best Adaptation from Another Medium & Best Humor Publication
4089,IIII2II I III3IIIII12I1IoII IIIIIIIIII IIIIII  IIIII12IIII12I III3IIIII12I I
4090,Premio de traducciA3n literaria Valle InclAn  John Rutherd
4091,PEN Translation Prize  Matthew Ward
4092,Book Sense Book of the Year Award  Paperback
4093,Romantic Times Reviewers' Choice Award (RT Award) Nominee  Best Young Adult Paranormal/Fantasy Novel
4094,Goodreads Choice Award Nominee  Young Adult Fantasy and  Favorite Book and  Goodreads Author
4095,British Book of the Year
4096,Locus Award Nominee  Best First Novel and Best Fantasy Novel
4097,The Quill Award  Science Fiction/Fantasy/Horror
4098,Sakura Medal  High School Book
4099,South Carolina Book Award  Young Adult Book
4100,Beehive Book Award  Young Adult Book
4101,Virginia Reader's Choice  Middle
4102,Missouri Gateway Readers Award  Young Adult
4103,Nebula Award  Best Novel (tie)
4104,Locus Award Nominee  All-Time Best Novel (36th in poll)
4105,Los Angeles Times Book Prize Nominee  Young Adult Fiction
4106,PEN Translation Prize  William Weaver
4107,Premio Anghiari
4108,Premio Il Libro dell'anno
4109,Sunshine State Young Readers Award  Grades 3-5 and Grades 6-8
4110,Pacific Northwest Library Association Young Reader's Choice Award  Junior
4111,Boston Globe-Horn Book Award  Fiction
4112,Oklahoma Sequoyah Award  Children and YA
4113,Premi Protagonista Jove  Categoria 14-15 anys
4114,Prijs van de Jonge Jury
4115,Oregon Book Award  Fiction
4116,Goodreads Choice Award Nominee  Young Adult Series
4117,Spur Award  Best Western Novel
4118,2012)
4119,International Horror Guild Award Nominee  Best Novel
4120,SFX Award  Best Novel
4121,Geffen Award
4122,Hugo Award  Other Forms
4123,Locus Award  Best Non-Fiction/Art
4124,Best Colorist ( John Higgins) & Special Award  Excellence in Production
4125,Prix du Festival d'AngoulAame  Alph-art du meilleur album Atranger
4126,Best Writer/Artist (single or team) ( Alan Moore & Dave Gibbons)
4127,IGN Award  Best Collection
4128,PrAamio Jabuti  TraduAAo
4129,Deutsch-Italienischer Abersetzerpreis
4130,Romantic Times Reviewers' Choice Award (RT Award)  Young Adult Protagonist
4131,Goodreads Choice Award  Young Adult Fantasy and Goodreads Author
4132,Deutscher BA14cherpreis  Internationale Belletristik
4133,Northern Calinia Book Awards  Fiction
4134,Goodreads Choice Award  Mystery/Thriller
4135,Audie Award  Excellence in Design
4136,Utah Book Award Nominee  Young Adults
4137,CityRead London
4138,N 341212 123N  aN NN34 . 12342a  N234 12 N N 34NN212  NNNNN
4139,PrAamio Jabuti Nominee  AdaptaAAo
4140,All About Romance (AAR) Annual Reader Poll  Best Erotic Romance (tie)
4141,National Book Award  Fiction (Paperback)
4142,Geffen Award  Best Translated Fantasy Book
4143,Audie Award Nominee  Fiction of Nonfiction Licenses or Distributed  Martin Jarvis
4144,Bord GAis Energy Irish Book Award  John Murray Show Listeners' Choice Award
4145,Goodreads Choice Award Nominee  Best Fantasy and  Favorite Book
4146,Gandalf Award
4147,Frederic G. Melcher Book Award
4148,Helen and Kurt Wolff Translator's Prize Nominee  Breon Mitchell
4149,Teen Read Award Nominee  Best Series
4150,Goodreads Choice Award  Goodreads Author and Nominee  Nominee  Favorite Book
4151,Goodreads Choice Award Nominee  Young Adult Fantasy and  Favorite Book
4152,Children's Choice Book Award  Teen Choice Book of the Year
4153,Teen Read Award Nominee  Best Read
4154,DABWAHA Romance Tournament  Best Young Adult
4155,Goodreads Choice Award  Favorite Book and Young Adult Series
4156,Magnesia Litera  Translation (Litera za pAekladovou knihu)
4157,Goodreads Choice Award  Goodreads Author and Nominee  Favorite Book and  Young Adult Fantasy & Science Fiction
4158,Scott Moncrieff Prize  Linda Asher
4159,Romantic Times Reviewers' Choice Award (RT Award)  Young Adult
4160,Indies Choice Book Award  Best Indie Buzz Book (Fiction)
4161,Deutscher HArbuchpreis  Beste Fiktion
4162,Prix du Grand Roman d'Avasion
4163,Goodreads Choice Award  Mystery & Thriller and Nominee  Favorite Book
4164,LovelyBooks Leserpreis  Krimi
4165,Hopwood Award  Novel in-progress
4166,Book Sense Book of the Year Award  Best Adult Fiction
4167,The Quill Award  Debut Author of the Year
4168,Goodreads Choice Award Nominee  Young Adult Fiction and  Goodreads Author
4169,Goodreads Choice Award Nominee  Young Adult Fantasy & Science Fiction and  Favorite Book and  Goodreads Author
4170,Iowa High School Book Award Nominee
4171,Grand Prix de l'Imaginaire Nominee  Roman jeunesse
4172,Ignatz Award Nominee  Outstanding Artist
4173,Romantic Times Reviewers' Choice Award (RT Award)  Suspense/Thriller Novel
4174,Goodreads Choice Award  Mystery & Thriller and Nominee  Goodreads Author
4175,The Quill Award  Debut Author
4176,Young Hoosier Book Award
4177,Golden Archer Award
4178,PEN Translation Prize  Philip Gabriel
4179,IIII2II I II1I2II II Public  IIIIIIIII14II12I I14I I I1IIIIII14I III IIII12I1II (Translator: III3I II III12III3III )
4180,UU UU Literaturpreis der Jury der jungen Leser  Jugendbuch
4181,Buckeye Children's Book Award  6-8
4182,Goodreads Choice Award  Middle Grade & Children's and Nominee  Favorite Book
4183,Mary Shelley Award  Outstanding Fictional Work
4184,Goodreads Choice Award Nominee  Science Fiction and  Favorite Book
4185,Goodreads Choice Award  Young Adult Fantasy & Science Fiction
4186,EU Descartes Prize  science communication
4187,Goodreads Choice Award  Middle Grade & Children's
4188,Goodreads Choice Award  Favorite Book and  Young Adult Fantasy
4189,All About Romance (AAR) Annual Reader Poll  Best Young Adult Romance
4190,Dioraphte Jongerenliteratuurprijs  vertaald boek
4191,DABWAHA Romance Tournament Nominee  Best Young Adult Romance
4192,Goodreads Choice Award  Best Young Adult Fantasy & Science Fiction
4193,Blue Hen Book Award  Teen Readers
4194,Goodreads Choice Award  Fantasy
4195,Harvey Awards Nominee  Best Continuing or Limited Series & Best Writer ( Alan Moore)
4196,Hugo Award Nominee  Best All-Time Series
4197,Nynorsk litteraturpris
4198,Books I Loved Best Yearly (BILBY) Awards  Read Alone
4199,Indies Choice Book Award  Best Indie Young Adult Buzz Book (Fiction):
4200,Cybils Award  Middle Grade Fantasy & Science Fiction
4201,Whitney Award  Best Novel
4202,Goodreads Choice Award Nominee  Fantasy and  Favorite Book and  Goodreads Author
4203,Goodreads Choice Award  Romance and Nominee  Goodreads Author
4204,Audie Award  Paranormal
4205,Young Hoosier Book Award Nominee
4206,All About Romance (AAR) Annual Reader Poll  Best Alt Reality/Paranormal
4207,and the Supernatural
4208,Locus Award Nominee  Best Fantasy Book
4209,Pulitzer Prize  Special Citation
4210,Dioraphte Jongerenliteratuurprijs  Vertaald boek
4211,The Booker of Bookers Prize
4212,The Best of the Booker
4213,National Book Award Finalist Nominee  Contemporary Affairs
4214,Golden Man Booker Prize
4215,Goodreads Choice Award  Chick Lit
4216,Arab American Book Award Nominee  Children's/Young Adult
4217,Kurd-LaAwitz-Preis  Bestes auslAndisches Werk
4218,Premio Ignotus  Mejor novela extranjera (Best Foreign Novel)
4219,Goodreads Choice Award  Science Fiction & Nominee  Debut Goodreads Author
4220,Whitbread Award  Children's Book of the Year and Book of the Year
4221,Indies Choice Book Award  Fiction
4222,Bord GAis Energy Irish Book Award  Hughes & Hughes Irish Novel of the Year
4223,Galaxy National Book Award  WHSmith Paperback of the Year
4224,UC Book of the Year
4225,RITA Award by Romance Writers of America Nominee  Best Romance of the Year & Futuristic/Fantasy/Paranormal Romance
4226,The Quill Award  Business
4227,Audie Award  Fantasy
4228,Goodreads Choice Award Nominee  Young Adult Fantasy & Science Fiction and  Favorite Book
4229,Goodreads Choice Award  Young Adult Fantasy
4230,Prix des Critiques
4231,Ferro-Grumley Award  Gay Fiction (Non-Fiction)
4232,Lambda Literary Award  Gay Men's Mystery
4233,PEN Translation Prize  Margaret Jull Costa
4234,Oxd-Weidenfeld Translation Prize
4235,Young Adult Fiction
4236,Goodreads Choice Award  Science Fiction
4237,Goodreads Choice Award Nominee  Favorite Book and  Young Adult Fantasy & Science Fiction
4238,Indies Choice Book Award  Nonfiction
4239,Locus Award Nominee  Art Book
4240,Garden State Book Award  Fiction (Grades 6-8)
4241,Prix Laure Bataillon
4242,IIIII12I-I3III14II12I1IoI IIII2II I IIIIIIIIII  IIIoII2II IIIIIII
4243,Goodreads Choice Award  Historical Fiction
4244,Commonwealth Writers' Prize Nominee  Best First Book (the Pacific Region)
4245,International Horror Guild Award  Nonfiction
4246,Book Sense Book of the Year Award Nominee
4247,Great Lakes Book Award Nominee  Nonfiction Shortlist
4248,CWA Gold Dagger Award
4249,Prix Aurora Award Nominee
4250,Fiction & Mystery/Thriller
4251,All About Romance (AAR) Annual Reader Poll  Best Romance & Best Paranormal & Most Tortured Hero & Strongest Heroine & Best Villain & Most-Hanky Read & Honorable Mention  Best Couple
4252,Romantic Times Reviewers' Choice Award (RT Award)  Vampire Romance
4253,Goodreads Choice Award  Fantasy and Nominee  Favorite Book
4254,Barnes and Noble Discover Great New Writers Award
4255,Lambda Literary Award  Humor
4256,Puddly Award  Humor
4257,Audie Award  Inspirational/Faith-Based Fiction
4258,Goodreads Choice Award Nominee  Best Young Adult Fantasy & Science Fiction
4259,RITA Award by Romance Writers of America  Best Young Adult Romance & Nominee  First Book
4260,Goodreads Author
4261,Locus Award Nominee  Best first novel
4262,British Book Award  The Author of the Year
4263,Locus Award  Best Dark Fantasy/Horror Novel
4264,Les Incorruptibles
4265,National Book Award  Most Original Book
4266,Romantic Times Reviewers' Choice Award (RT Award)  Best Urban Fantasy
4267,Creative Freedom Award
4268,Whittaker Gold Award
4269,Perfect Chemistry
4270,Romantic Times Reviewers' Choice Award (RT Award)  Urban Fantasy
4271,Goodreads Choice Award Nominee  Paranormal Fantasy and  Favorite Book and  Goodreads Author
4272,Nevada Young Readers' Award  Primary Category/Picture Book Category
4273,Little Archer Award
4274,and Nominee  Young Adult Fantasy & Science Fiction
4275,Indies Choice Book Award  Adult Fiction
4276,Utah Book Award  Children/Young Adults
4277,Ditmar Award Nominee  Short Fiction
4278,Aurealis Award  Fantasy Novel and Young Adult Novel
4279,"All About Romance (AAR) Annual Reader Poll  Favorite ""Other"" Romance & Honorable Mention  Favorite Couple"
4280,N 341212  N12NNN N12  123N    N 14 N234   2015 3. a NN234 14NNN34
4281,SF Chronicle Award  Best Novel
4282,Audie Award  Audiobook Adaptation
4283,Puddly Award  Short Stories
4284,Feathered Quill Book Award  Religious/Spiritual (1st) and  Inspirational (2nd)
4285,SF Chronicle Award Nominee  Best Novel
4286,Chesley Award Nominee  Hardback cover
4287,Bookworm Best Award  Best Fiction
4288,Goodreads Choice Award Nominee  Favorite Book and  Young Adult Fantasy
4289,Independent Publisher Book Award (IPPY)  Fiction - General
4290,Galaxy British Book Awards  Children's Book of the Year
4291,Deutscher Jugendliteraturpreis  Preis der Jugendjury & Nominierung Kategorie Kinderbuch
4292,Galaxy National Book Award  Childrenas Book of the Year
4293,Prix Elbakin.net  Meilleur roman fantasy traduit Jeunesse
4294,Favorite Heroine
4295,Locus Award Nominee  Best Horror Novel
4296,Dioraphte Jongerenliteratuurprijs Nominee
4297,Romantic Times Reviewers' Choice Award (RT Award)  Best Urban Fantasy Protagonist
4298,DABWAHA Romance Tournament  Best Romance of the Year & Best Novel with Romantic Elements/Crossover
4299,Goodreads Choice Award  Paranormal Fantasy and Nominee  Favorite Book
4300,Puddly Award  New Novel
4301,National Book Award Finalist  History (Paperback)
4302,American Revolution Round Table Award
4303,ZAota Sepulka  KsiA A14ka autora zagranicznego
4304,All About Romance (AAR) Annual Reader Poll  Most Tortured Hero & Honorable Mention  Guiltiest Pleasure Romance
4305,Locus Award  Best Fantasy Novel (1 Nominee
4306,) Nominee
4307,Reddit r/fantasy Stabby Award  Best Novel
4308,Puddly Award  Memoir
4309,All About Romance (AAR) Annual Reader Poll  Most-Hanky Read (tie) & Best American Historical/Frontier Romance
4310,The Quill Award  Science fiction/fantasy/horror
4311,Josette Frank Award  Younger Readers
4312,Locus Award Nominee  Best Fantasy Novel and Best First Novel
4313,Anthony Award Nominee  Best Novel of the Century
4314,Helen and Kurt Wolff Translator's Prize  John E. Woods
4315,Geffen Award Nominee  Best Translated YA Book
4316,All About Romance (AAR) Annual Reader Poll  Guiltiest Pleasure Romance
4317,W.H. Smith's Mind-Boggling Books Award
4318,All About Romance (AAR) Annual Reader Poll  Guiltiest Pleasure Romance & Honorable Mention  Best Paranormal Romance
4319,P.E.A.R.L. (Paranormal Excellence Award  Romantic Literature)  Best Overall Paranormal Romance AND Best Vampire Romance
4320,Galaxy National Book Award  Book of the Year
4321,and  Favorite Book and  Goodreads Author
4322,Mark Twain Award
4323,Sunshine State Young Readers Award  Grades 3-5
4324,New Mexico Land of Enchantment Award  Children's
4325,Locus Award  All-Time Best Novel
4326,Woman & Home Reader's Choice Award  Best Thriller Of The Year
4327,Seiun Award e2e3 Nominee  Best Japanese Novel
4328,Goodreads Choice Award Nominee  Favorite Book and  Science Fiction
4329,Premio Formentor de las Letras  International
4330,Romantic Times Reviewers' Choice Award (RT Award)  Best Young Adult Paranormal/Fantasy Novel
4331,IIIII12I-I3III14II12I1IoI IIII2II I IIIIIIIIII  IIIIII II1IoIIIII I
4332,Goodreads Choice Award  Debut Goodreads Author & Nominee  Young Adult Fantasy & Science Fiction
4333,Favorite Book and  Goodreads Author
4334,Specsavers National Book Award  Book of the Year
4335,Goodreads Choice Award  Fantasy (2013 and Nominee  Best of the Best
4336,Sunburst Award  Canadian Novel
4337,Puddly Award  Writing
4338,Grand Prix des meilleurs romans du demi-siA cle Nominee
4339,Puddly Award  Science Fiction
4340,IIII2II I III3IIIII12I1IoII IIIIIIIIII IIIIII Nominee  IIIIIIII12I III3IIIII12I I
4341,International Horror Guild Award Nominee  Best First Novel
4342,Child Magazine Best Book of the Year Sunshine State Young Readers Award  Grades 3-5 and Grades 6-8
4343,Goodreads Choice Award  Romance
4344,Independent Publisher Book Award (IPPY)  History (U.S.) (Silver)
4345,Next Generation Indie Book Awards  Military
4346,USA Best Book Award
4347,International Book Awards  History: General
4348,Southern Calinia Book Festival
4349,Kindle Book Award Nominee  Nonfiction (Finalist)
4350,Foreword INDIES Book of the Year Award Nominee  War & Military Nonfiction
4351,SKoW Award  Best M-Rated
4352,Indies Choice Book Award  Best Author Discovery
4353,Utah Best of State  Literary Arts - Fiction
4354,Los Angeles Times Book Prize  Young Adult Fiction
4355,National Book Award Finalist  Children's Literature
4356,HOLT Medallion by Virginia Romance Writers Nominee  Paranormal/Time Travel/Futuristic
4357,Futuristic and Paranormal Special Interest Chapter of RWA  Fantasy
4358,Audie Award  Personal Development/Motivational
4359,and  Young Adult Fiction
4360,Black Quill Award  Dark Genre Novel of the Year
4361,Romantic Times Reviewers' Choice Award (RT Award) Nominee  Best Young Adult Protagonist Novel
4362,Next Generation Indie Book Awards Nominee  Young Adult Fiction
4363,Goodreads Choice Award  Young Adult Fiction &  Debut Goodreads Author
4364,and  Best of the Best
4365,Prix du Meilleur Livre Atranger  Novel
4366,Feathered Quill Book Award  Memoir/Biography (1st) and  Inspirational (1st)
4367,Body Mind Spirit Book Award  Inspirational
4368,Royal Society of Biology General Book Prize Nominee
4369,Brand Boase Award Nominee
4370,Premio Speciale Cariparma  European Literature
4371,UKLA Book Award Nominee
4372,Lancashire Book of the Year Award Nominee
4373,Stockport Schools' Book Award
4374,P.E.A.R.L. (Paranormal Excellence Award  Romantic Literature)  Best Vampire Romance
4375,Young Hoosier Book Award  6-8
4376,Jupiter Award  Best Novel
4377,P.E.A.R.L. (Paranormal Excellence Award  Romantic Literature)
4378,DABWAHA Romance Tournament  Best Paranormal/Urban Fantasy/SF Romance
4379,Pulitzer Prize  Letters Award
4380,Prix du Festival d'AngoulAame  Alfred du meilleur album Atranger
4381,PEN Translation Prize  Ralph Manheim
4382,Schlegel-Tieck Prize  Breon Mitchell
4383,Preis der Gruppe 47
4384,and  Young Adult Fantasy & Science Fiction
4385,The Magnolia Award Nominee  9-12
4386,Romantic Times Reviewers' Choice Award (RT Award)  Best Historical Time Travel
4387,Romantic Times Reviewers' Choice Award (RT Award)  Best Fantasy Novel
4388,American Indian Youth Literature Award  Best Young Adult Book (Award Retroactively Rescinded in 2018)
4389,Independent Press Award  Humor & Wit
4390,PEN Center USA Literary Award  Translation
4391,Galaxy National Book Award  Crime & Thriller of the Year
4392,Prix SNCF du polar  Roman
4393,All About Romance (AAR) Annual Reader Poll  Best Novel with Strong Romantic Elements
4394,Victorian Premier's Literary Award  Unpublished Manuscript
4395,Australian Book Industry Award (ABIA)  General Fiction and  Book of the Year
4396,Kentucky Bluegrass Award  3-5
4397,Land of Enchantment Book Award  Young Adult
4398,Oklahoma Sequoyah Award  Children's
4399,Pacific Book Review Award  Best Young Adult
4400,The CWA Dagger of Daggers
4401,Queensland Premier's Literary Awards Nominee  Young Adult Book Award
4402,W.A. Young Readers Book Award (WAYRA)  Older Readers
4403,Waterstones Book of the Year
4404,Puddly Award  Debut Novel
4405,LovelyBooks Leserpreis  Romantik/Liebe/GefA14hl
4406,Independent Publisher Book Award (IPPY)  Literary Fiction
4407,DABWAHA Romance Tournament  Best Romance of the Year & Best Novel with Romantic Elements
4408,Kurd-LaAwitz-Preis  Bestes auslAndisches Werk (Best Foreign Work)
4409,Zurich Children's Book Award
4410,The Children's Book Award from the Vienna House of Literature
4411,Spur Award  Best Nonfiction Historical
4412,Audie Award  Audio
4413,Romantic Times Reviewers' Choice Award (RT Award) Nominee  Best Young Adult Contemporary Novel
4414,Gayle Wilson Award of Excellence  Young Adult Fiction
4415,New England Chapter RWA Readers' Choice  Young Adult Fiction
4416,DABWAHA Romance Tournament  Best Novel with Romantic Elements
4417,Bill Duthie Booksellersa Choice Award Nominee
4418,Premio Novela Ciudad de Torrevieja
4419,South Carolina Book Award Nominee  Young Adult Book
4420,Goodreads Choice Award Nominee  Middle Grade & Children's Books
4421,Intermediate Nutmeg Book Award
4422,Goodreads Choice Award Nominee  Romance and  Debut Author
4423,Schlegel-Tieck Prize Nominee  Leila Vennewitz
4424,Locus Award Nominee  Best SF Novel and Best First Novel
4425,Bad Sex in Fiction Award Nominee
4426,John Gardner Book Award  Fiction
4427,Goodreads Choice Award Nominee  Favorite Book and  Fiction
4428,Anthony Award  Best Audio Book
4429,Utah Book Award  Young Adult Literature
4430,Louisiana Young Readers' Choice  Grades 6-8
4431,Book Sense Book of the Year Award Nominee  Adult
4432,Costa Book Award  Children's Book
4433,Nebraska Book Award  Young Adult
4434,FCBG Childrenas Book Award
4435,Sheffields Children's Book of the Year
4436,Wirral Childrenas Paperback of the Year Award
4437,Lancashire Childrenas Book of the Year Award
4438,DABWAHA Romance Tournament Nominee  Best Paranormal/Science Fiction/Fantasy Reader Nominee
4439,Goodreads Choice Award Nominee  Paranormal Fantasy and  Favorite Book
4440,Grand Prix de l'Imaginaire  roman pour la jeunesse
4441,Canberra's Own Outstanding List (COOL) Awards  Section 3 Fiction  Older Readers - Joint Winner
4442,National Jewish Book Award Nominee
4443,P.E.A.R.L. (Paranormal Excellence Award  Romantic Literature)  Best Urban Fantasy Romance
4444,Young Adult Fantasy
4445,Romantic Times Reviewers' Choice Award (RT Award)  Urban Fantasy Protagonist
4446,P.E.A.R.L. (Paranormal Excellence Award  Romantic Literature)  Best Fantasy/Magical Romance
4447,Sir Julius Vogel Award Nominee  Best Adult Novel
4448,Premio de traducciA3n literaria Valle InclAn Nominee  Margaret Sayers Peden
4449,Premio Ignotus  Mejor antologAa
4450,WH Smith Teen Choice Award
4451,Locus Award Nominee  Best Dark Fantasy/Horror Novel
4452,Goodreads Choice Award  Paranormal Fantasy and Nominee  Goodreads Author
4453,All About Romance (AAR) Annual Reader Poll  Guiltiest Pleasure AND Most Disappointing Romance
4454,The Romance Reviews (TRR) Award  Best Paranormal Romance AND Best Paranormal Vampire Romance
4455,and  Book of the Year
4456,HWA Debut Crown
4457,Utah Book Award  Young Adult
4458,Whitney Award  Best Novel by a New Author
4459,Premio Herralde de Novela
4460,Goodreads Choice Award  Humor and Nominee  Favorite Book
4461,KAAntAjien valtionpalkinto
4462,Harvey Awards  Best US Edition of Foreign Material
4463,Prix du Festival d'AngoulAame  Alph-art du coup de coeur
4464,National Book Award  History (Paperback)
4465,Oregon Book Award Nominee  Creative Nonfiction (Finalist)
4466,Indies Choice Book Award  Adult Nonfiction
4467,2 3U Ua  UU U U UUU - U 1 UUU U UUU UUUa
4468,U2 UUUU - U 1 Ua  UU  U1 U
4469,UBL Literary Award  Urdu Translation
4470,Premio Know Square
4471,Massachusetts Book Award Nominee  Young Adult Literature
4472,Goodreads Choice Award Nominee  Young Adult Fantasy & Science Fiction &  Debut Goodreads Author
4473,Go On Girl! Book Club Award  Author of the Year
4474,Cybils Award  Fantasy & Science Fiction (Young Adult)
4475,Scottish Children's Book Award Nominee  Older Readers
4476,Aurealis Award  Young Adult Novel and Best Fantasy Novel
4477,PEN Translation Prize  Natasha Wimmer
4478,Premio SalambA3
4479,John W. Campbell Award  Best New Writer
4480,Goodreads Choice Award Nominee  Fiction & Fantasy
4481,British Fantasy Award Nominee  Best Horror Novel (August Derleth Award)
4482,IMPAC Award Nominee
4483,Goodreads Choice Award Nominee  Fiction & Science Fiction
4484,All About Romance (AAR) Annual Reader Poll  Most Tortured Hero
4485,Desert Rose Golden Quill Award  Best Paranormal
4486,Booksellers' Best Award  Best Paranormal
4487,RIO Award of Excellence by Reviewers International Organization  Favorite Paranormal
4488,Futuristic and Paranormal Special Interest Chapter of RWA  Best Dark Paranormal
4489,Prix des libraires du QuAbec
4490,Bookworm Best Award  People's Pick
4491,Golden Duck Award Nominee  Young Adult (Hal Clement Award)
4492,Stalker Award  Best Translated Novel
4493,Hugo Award Nominee  Best novel
4494,Anthony Award  Best Children's or Young Adult Novel
4495,Children's Book Council of Australia Award Nominee  Book of the Year - Older Readers
4496,Goodreads Choice Award Nominee  Historical Fiction and  Debut Author
4497,Australian Book Industry Award (ABIA)  General Fiction and Nominee  Newcomer
4498,FicAAo CientAfica ou Terror Publicado em LAngua Portuguesa
4499,SFBC Award Nominee  Book of the Year
4500,All About Romance (AAR) Annual Reader Poll  Funniest Romance
4501,Goodreads Choice Award  Debut Author and Nominee  Romance
4502,Prix des libraires du QuAbec Nominee  LaurAats hors QuAbec
4503,Victorian Premier's Literary Award Nominee  Young Adult Fiction Prize
4504,Aurealis Award  Best Fantasy Novel & Nominee  Young Adult Novel
4505,Goodreads Choice Award Nominee  Mystery & Thriller and  Goodreads Author
4506,Maggie Award  Excellence (Georgia Romance Writers) Nominee  Contemporary Single Title Romance
4507,Galaxy British Book Awards  New Writer of the Year
4508,Desmond Elliott Prize Nominee
4509,2 U UU Ua U1U - UUUUa
4510,Saif Ghobash Banipal Prize  Jonathan Wright
4511,All About Romance (AAR) Annual Reader Poll  Guiltiest Pleasure Romance & Honorable Mentions  Best Alternate Reality & Best Hero
4512,David Gemmell Morningstar Award
4513,Prix Femina Vie Heureuse
4514,Wilhelm-Hauff-Preis
4515,MiAdzynarodowa Nagroda Literacka im. Janusza Korczaka
4516,Premio Bancarelino
4517,Books I Loved Best Yearly (BILBY) Awards  Early Readers
4518,Best Artist or Penciller ( Brian Bolland) & Best Colorist ( John Higgins) AND nominated  Special Award  Excellence in Presentation ( Richard Bruning)
4519,Best Artist ( Brian Bolland)
4520,International Rubery Book Award
4521,Readers' Favorite Book Award  Supernatural Fiction
4522,IAN Book of the Year Awards  Outstanding Horror/Suspense
4523,Anthony Award Nominee  Best Young Adult Mystery
4524,Deutscher BA14cherpreis  Kinder- und Jugendbuch
4525,"Retro Hugo Award Nominee  Best Novella  ""...And Now You Don't"""
4526,RITA Award by Romance Writers of America  Best First Book & Nominee  Novel with Strong Romantic Elements
4527,HOLT Medallion by Virginia Romance Writers  Best First Book &  Paranormal/Time Travel/Futuristic/Fantasy
4528,Golden Heart by Romance Writers of America  Best Paranormal Romance
4529,Monica Hughes Award  Science Fiction and Fantasy
4530,Columbia Journalism Award
4531,ITW Award Nominee  Best Paperback Original
4532,Asian/Pacific American Award  Literature  Young Adult
4533,PEN Translation Prize  Prose  Helen R. Lane
4534,All About Romance (AAR) Annual Reader Poll  Best Chick Lit/Women's Fiction
4535,Norwegian Critics Prize  Children's Literature (Kritikerprisen  beste barne- og ungdomsbok)
4536,Lefty Award  Best Historical Mystery Novel (Bruce Alexander Memorial)
4537,Cena Jaroslava Seiferta
4538,NAIBA Book of the Year  Young Adults
4539,International Success of the Year Award
4540,American Compass Best Book
4541,Locus Award Nominee  Fantasy
4542,Wirral Paperback of the Year
4543,La Nuit du Livre  LittArature
4544,Puddly Award  Thriller
4545,Grand Prix de l'Imaginaire
4546,Science Fiction and Fantasy Translation Award Nominee  Long Form (Honorable Mention)
4547,Stonewall Book Award Nominee  Nonfiction
4548,Lambda Literary Award Nominee  Bisexual Nonfiction
4549,Litsy Award  YA Fantasy/SciFi
4550,British Fantasy Award Nominee  Best Newcomer
4551,Indies Choice Book Award  Middle Reader
4552,Harvey Awards Nominee  Best Writer ( Alan Moore)
4553,1997 awards)
4554,Noma Literary Prize eee e3  New Face Prize
4555,Galaxy National Book Award  International Author of the Year
4556,Futuristic and Paranormal Special Interest Chapter of RWA  Best Light Paranormal
4557,Goodreads Choice Award  Romance and  Debut Novel
4558,Lambda Literary Award Nominee  Gay Men's Science Fiction/Fantasy
4559,Laurence Olivier Award  Best New Play
4560,Evening Standard Award  Best Play of the Year
4561,Beehive Book Award  Young Adult Fiction
4562,YALSA Award  Young Adults
4563,Euskadi de Plata  Best Spanish Novel
4564,QuA leer  Best Spanish Book
4565,Premio FundaciA3n JosA Manuel Lara  novela mAs vendida
4566,Prix Fulbert de Chartres
4567,Judy Grahn Award  Lesbian Nonfiction
4568,Lambda Literary Award  Lesbian Memoir/Biography
4569,All About Romance (AAR) Annual Reader Poll  Best Romance & Best Contemporary Romance & Favorite Funny & Best Heroine & Best Chick Lit/Women's Fiction & Best Couple & Honorable Mention  Best Hero
4570,CWA Debut Dagger
4571,Goodreads Choice Award Nominee  Fiction & Mystery/Thriller
4572,PEN Translation Prize  Sandra Smith
4573,Commonwealth Writers' Prize Nominee  Best Book in South Asia and Europe
4574,Edgar Award Nominee
4575,RT Reviewers Choice Award  Urban Fantasy
4576,Helen and Kurt Wolff Translator's Prize  Michael Henry Heim
4577,PEN Translation Prize  Tiina Nunnally
4578,Puddly Award  History
4579,Locus Award Nominee
4580,Romantic Times Reviewers' Choice Award (RT Award)  Historical Fiction
4581,Grand Prix de l'Imaginaire Nominee  Traduction
4582,Premio Ignotus Nominee  Mejor novela extranjera - Best Foreign Novel
4583,Dragon Award Nominee  Best Fantasy Novel and Best Apocalyptic Novel
4584,John Creasey Memorial Award
4585,Prix du roman d'aventures
4586,American Booksellers Book Of The Year Award
4587,DABWAHA Romance Tournament  Best Best Paranormal/Science Fiction/Fantasy
4588,All About Romance (AAR) Annual Reader Poll  Best Alternate Reality Romance & Honorable Mention  Favorite Funny
4589,Kirkus Prize  Nonfiction
4590,NAACP Image Award Nominee  Biography/Autobiography
4591,National Book Council Banjo Award  Fiction
4592,DABWAHA Romance Tournament  Best Romance of the Year & Best Gay/Lesbian/Transgender Romance
4593,Goodreads Choice Award  Mystery & Thriller and Nominee  Debut Novel
4594,Queensland Literary Awards  Book of the Year
4595,William E. Colby Military Writers' Award
4596,Schlegel-Tieck Prize Nominee  J.A. Underwood
4597,Los Mejores del Banco del Libro  Mejores Libros Juveniles Traducciones
4598,Best Colorist ( Fiona Staples) AND nominated  Best Cover Artist ( Fiona Staples)
4599,Best Writer ( Brian K. Vaughan)
4600,ca12aaa14e3  Best Novel
4601,aaaa1aaaa14aaaai14  Best Japanese Mystery Novel of the Year
4602,Pegasus Prize  Literature
4603,Specsavers National Book Award  Crime/Thriller Book of the Year
4604,Grand Prix de l'Imaginaire Nominee
4605,Eurocon  Encouragement
4606,Hugo Award  Best All-Time Series
4607,Frank O'Connor International Short Story Award
4608,Maine Literary Award Nominee  Fiction (Finalist)
4609,RT Reviewers Choice Award  Mainstream Fiction
4610,British Fantasy Award Nominee  August Derleth Award (best horror novel)
4611,& Best Cartoonist ( Craig Thompson)
4612,SalA3n Internacional del CA3mic de Barcelona  Premio del pAoblico a la mejor obra extranjera
4613,Audie Award Nominee  Best Nonfiction
4614,Laurel Wreath Award
4615,Whitney Award  Best Novel by New Author
4616,Reddit r/fantasy Stabby Award  Best Short Fiction
4617,DSC Prize  South Asian Literature
4618,HWA Debut Crown Nominee  Longlist
4619,Drying Ink's Best Epic Fantasy
4620,David J. Langum Sr. Prize Nominee  American Historical Fiction (Director's Mention)
4621,Victorian Premier's Literary Award  People's Choice
4622,Davitt Award  Debut Novel
4623,Australian Independent Booksellers Indie Book Award  Debut Fiction
4624,Australian Book Industry Award (ABIA)  Literary Fiction
4625,National Book Award  Children's Books (Paperback)
4626,Specsavers National Book Award  International Author of the Year
4627,Romantic Times Reviewers' Choice Award (RT Award)  Women's Fiction
4628,SCBWI Crystal Kite Member Choice Award  Calinia/Hawaii
4629,Grand Prix de l'Imaginaire  Roman Atranger and Nomination  Traduction
4630,Puddly Award  Travel Writing
4631,Prix LittAraire EuropAen - Madeleine Zepter
4632,Goodreads Choice Award Nominee  Favorite Book & Fantasy
4633,Science Fiction and Fantasy Translation Award Nominee  Long Form
4634,Geffen Award  Best Translated YA Book
4635,Goodreads Choice Award Nominee  Fiction and  Favorite Book
4636,o34NN34 14 2 NN 12342N2  7. 14NNN34
4637,Goodreads Choice Award Nominee  Mystery & Thriller &  Debut Goodreads Author
4638,Harold U. Ribalow Prize  Jewish fiction
4639,Goodreads Choice Award Nominee  Fantasy and  Debut Author
4640,PEN Translation Prize  Prose  Barbara Bray
4641,Prix Ritz-Paris-Hemingway
4642,Goodreads Choice Award  Historical Fiction and Nominee  Favorite Book and  Goodreads Author
4643,Polnischer Jugendliteraturpreis
4644,"Premio Europeo di Letteratura Giovanile ""Pier Paolo Vergerio"""
4645,Jugendbuchpreis 1977 des polnischen Verlegerverbandes
4646,New Apple Book Awards
4647,Ockham New Zealand Book Awards  Fiction (NZ Post Awards)
4648,PEN/E.O. Wilson Prize  Literary Science Writing
4649,"Retro Hugo Award  Best Novel  ""The Mule"""
4650,UUU  UUUU U2 U1UU U UUUU U1 U UU1U  UUU  UUUU UU2 U1UU U UUUU U1 U (U UU) Winners
4651,New South Wales Premier's Literary Award  People's Choice Award
4652,Bollinger Everyman Wodehouse Prize Nominee  comic fiction
4653,Australian Book Industry Award (ABIA)  Literary Fiction and Nominee  Newcomer
4654,NAACP Image Award  Debut Author and  Biography / Auto-biography
4655,Will Eisner Comic Industry Awards  Best Publication  Teens
4656,Locus Award Nominee  Best Illustrated or Art Book
4657,Prix Relay des Voyageurs Nominee
4658,Harvey Awards  Best Graphic Album of Previously Published Material AND nominated  Special Award  Excellence in Presentation
4659,New York City Book Award  Memoir
4660,National Book Award Nominee  Children's Books
4661,Waterstones Children's Book Prize Nominee
4662,Corine Internationaler Buchpreis  Futurepreis
4663,Kurd-LaAwitz-Preis  Bester auslAndischer SF-Roman (Best Foreign Work)
4664,Goodreads Choice Award Nominee  Favorite Book & Fiction
4665,British Fantasy Award Nominee  Best Newcomer (Sydney J. Bounds Award)
4666,Goodreads Choice Award  Debut Author and Nominee  Young Adult Fantasy & Science Fiction
4667,Dragon Award  Best Young Adult / Middle Grade Novel
4668,Nommo Award Nominee  Best Novel (The Ilube Award)
4669,Lodestar Award
4670,Readers' Favorite Book Award  Romance - General (Gold Medal)
4671,Audie Award  Excellence in Production
4672,Romantic Times Reviewers' Choice Award (RT Award)  Young Adult Contemporary
4673,All About Romance (AAR) Annual Reader Poll  Best Paranormal and Time Travel Romance
4674,Romantic Times Reviewers' Choice Award (RT Award)  Paranormal Action-Adventure Romance
4675,Fantasm Romance Award  Best Psychic Romance
4676,Best Graphic Album-Reprint (in 1999 awards)
4677,Nihon University Department of Arts Prize
4678,Kaien magazine New Writer Prize
4679,Mishima Yukio Prize a a3cc ae3 Nominee
4680,More than Magic  Best Erotic Romance
4681,Readers' Crown Award by RomConA (Romance Conventions Inc.)  Best First Book
4682,Stonewall Book Award Nominee  Children's & Young Adult Literature
4683,Lambda Literary Award Nominee  LGBT Children's/Young Adult
4684,David Gemmell Legend Award  Fantasy Novel
4685,Premio Strega  2 UU3aUo
4686,Bord GAis Energy Irish Book Award  Irish Children's Book of the Year - Snr
4687,Norwegian Booksellers' Prize
4688,Norwegian Critics Prize  Literature (Den norske Kritikerprisen  litteratur)
4689,Hugo Award Nominee  Best Short Story
4690,Locus Award  Best Collection and  Best Short Story  aHow to Talk to Girls at Partiesa
4691,Audie Award  Short Story Collection
4692,Library of Virginia Literary Award Nominee  Fiction (finalist)
4693,Washington State Book Award  History/General Nonfiction
4694,Preis der Jugendjury
4695,RiksmAlsbundets barne- og ungdomsbokpris
4696,Best Colorist ( Richmond Lewis) & Special Award  Excellence in Presentation ( Richard Bruning)
4697,Indies Choice Book Award  Debut Book
4698,O. Henry Award  'Errand'
4699,Helen and Kurt Wolff Translator's Prize Nominee  Michael Hulse
4700,Hugo Award Nominee  Best Related Book
4701,Locus Award  Best Art Book
4702,New South Wales Premier's Literary Award  Book of the Year & Community Relations Commission Award
4703,Western Australian Premier's Book Award  Overall Winner & Childrens Book
4704,Moonbeam Children's Book Award
4705,Aurealis Award  Best Young Adult Short Story & Golden Aurealis  Best Short Story
4706,Deutscher Jugendliteraturpreis Nominee  Bilderbuch
4707,Boston Globe-Horn Book Award  Special Citation
4708,Australian Book Industry Award (ABIA)  Older Children
4709,Christy Award  Suspense / Mystery
4710,National Book Award  Children's Books
4711,Romantic Times Reviewers' Choice Award (RT Award)  Best Erotic Romance
4712,Aurealis Award  Fantasy Novel
4713,IIII2II I III3IIIII12I1IoII IIIIIIIIII IIIIII  IIII14II12IIII12I III3IIIII12I I
4714,Sunburst Award  Young Adult Work
4715,Friedrich-Glauser-Preis Nominee  DebA14troman
4716,Geffen Award Nominee  Best Translated Science Fiction Book
4717,Randy Shilts Award  Gay Nonfiction
4718,and Best All-Time Fantasy Novel
4719,and Best All-Time Fantasy Novel bee 1990
4720,Will Eisner Comic Industry Awards  Best Graphic Album-Reprint
4721,Sieben Beste - ZA14rcher Kinderbuchpreis La vache qui lit
4722,The Romance Reviews Nominee  Best Urban Fantasy
4723,ITW Thriller Award  Best Paperback Original
4724,Anticena SkAipeAek (neliterArnA pAeklad)
4725,The Dream (Visul) National Literary Award  Best Novel
4726,The People's Book Prize Nominee  Non-fiction
4727,Locus Award Nominee  Horror Novel
4728,Children's Book Council of Australia Award  Book of the Year  Older Readers
4729,Canberra's Own Outstanding List (COOL) Awards Nominee  Older Readers
4730,Kids Own Australian Literature Awards (KOALA) Nominee  Older Readers
4731,Young Australians' Best Book Award (YABBA) Nominee  Older Readers
4732,S.A. Festival National Childrenas Book Award Nominee  Young Adult
4733,Goodreads Choice Award Nominee  Mystery & Thriller and  Debut Goodreads Author
4734,Prix du Meilleur Livre Atranger
4735,Writer's Digest Self-Published Book Competition Nominee  MiddleGrade/Young Adult (Honorable Mention)
4736,SCBWI Golden Kite Award Nominee  Fiction
4737,The Russian Booker Prize Nominee
4738,NNNoN N14 N  NN12N N34
4739,Books Are My Bag Readers' Awards  Best Novel
4740,Hurston/Wright Legacy Award  Debut Fiction
4741,Kalbacher Klapperschlange
4742,White Pine Award  Fiction
4743,Chesley Award Nominee  Hardback Cover
4744,Naoki Prize c  a aaoe3
4745,Honkaku Mystery Award  Best Fiction
4746,aaaa1aaaa14aaaai14  a12a c  1st place
4747,aae3  4th place
4748,Grand Prix de l'Imaginaire  Traduction and Nominee  Roman Atranger
4749,British Fantasy Award  Best Newcomer (Sydney J. Bounds Award)
4750,Romantic Times Reviewers' Choice Award (RT Award)  Mainstream Fiction
4751,All About Romance (AAR) Annual Reader Poll  Best Paranormal Romance AND Most Tortured Hero
4752,DABWAHA Romance Tournament  Best Paranormal/Science Fiction/Fantasy Romance
4753,2 U UU UU    UUa
4754,All About Romance (AAR) Annual Reader Poll  Best Europen Historical Romance & Best Hero & Best Heroine & Honorable Mention  Guiltiest Pleasure Romance & Most Luscious Love Story & Best Couple
4755,Sunshine State Young Readers Award  Grade 6-8
4756,ANVOY Award
4757,Romantic Novel of the Year (RoNa's) Award Nominee  Young Adult
4758,British Book Award Nominee  New Writer of the Year
4759,Deutscher Jugendliteraturpreis Nominee
4760,Redbridge Children's Book Award  Children's Book
4761,Stonewall Book Award  Children's Literature
4762,Locus Award Nominee  Young Adult Science Fiction and Fantasy
4763,Books I Loved Best Yearly (BILBY) Awards  Younger Readers
4764,Goodreads Choice Award  Middle Grade & Children's Books
4765,Audie Award  Literary Fiction & Classics
4766,Romantic Times Reviewers' Choice Award (RT Award)  Best Contemporary Paranormal
4767,Grand Prix de l'Imaginaire  Roman Atranger et Traduction
4768,Prix Une autre Terre
4769,Guardian First Book Award Nominee  Also Commended
4770,Romantic Times Reviewers' Choice Award (RT Award)  Best Paranormal
4771,DABWAHA Romance Tournament  Best Paranormal/Urban Fantasy/Science Fiction Romance
4772,Prijs van de Jonge Jury Nominee
4773,Koret Jewish Book Award  Fiction
4774,Humor
4775,Minnesota Book Award  Fantasy & Science Fiction
4776,Lambda Literary Award  Small Press
4777,Ohioana Book Award  Young Adult
4778,British Fantasy Award Nominee  Best Comic/Graphic Novel
4779,Will Eisner Comic Industry Awards  Best Graphic Album-Reprint and Nominee  Best Digital/Web Comic
4780,Children's Literature Council of Southern Calinia Award  Young Adult Literature (Peggy Miller Award)
4781,Prix de l'Algue d'Or  Prix du Public
4782,All About Romance (AAR) Annual Reader Poll Nominee  Most Tortured Hero
4783,World Fantasy Award Nominee  Long Fiction
4784,Woman & Home Reader's Choice Award  Book That Made Me Cry
4785,IIII2II I II1I2II II Public  IIIIIIIII14II12I II I I1IIIIII14I (Translator: IIIII IIII12I1I)
4786,British Fantasy Award  Best Novel (August Derleth Award)
4787,Foreword INDIES Book of the Year Award  (Silver)
4788,Beehive Book Award Nominee
4789,Arkansas Teen Book Award Nominee
4790,RITA Award by Romance Writers of America  Best Single Title Historical Romance
4791,Goodreads Choice Award  Children's Book
4792,Specsavers National Book Award Nominee  Crime/Thriller Book of the Year
4793,Kirkus Prize Nominee
4794,Book of the Month Book of the Year Award
4795,Bord GAis Energy Irish Book Award  Easons Irish Popular Book of the Year
4796,Prometheus Award Nominee  Best Libertarian Science Fiction Novel
4797,SCBWI Golden Kite Award
4798,Randy Shilts Award Nominee
4799,Dayton Literary Peace Prize  Non-Fiction
4800,Romantic Times Reviewers' Choice Award (RT Award)  RT Book of the Year AND Best Shapeshifter Romance
4801,Crossword Book Award  Popular
4802,IIII2II I III3IIIII12I1IoII IIIIIIIIII IIIIII Nominee  II3I3IIIII12I III3IIIII12I I
4803,Goodreads Choice Award Nominee  Children's Book
4804,Western Australian Premier's Book Award  Fiction
4805,Whitney Award Nominee  Best Novel by New Author
4806,PEN Translation Prize  Arnold Pomerans
4807,Golden Sower Award  Intermediate Category
4808,TRT (TA14rkiye Radyo TelevizyonlarA) BaAarA AdA14lA14  Roman
4809,Kids Own Australian Literature Awards (KOALA)  Fiction Years 7-9
4810,Aristeion Prize
4811,Premio Strega  Ragazze e Ragazzi +11
4812,Tassy Walden Award Goodreads Choice Award Nominee  Middle Grade & Children's
4813,Leeds Book Awards  14-16
4814,HOLT Medallion by Virginia Romance Writers  Best First Book & Nominee  Paranormal/Time Travel/Futuristic/Fantasy
4815,Paranormal
4816,RITA Award by Romance Writers of America  Best Short Historical
4817,Romantic Times Reviewers' Choice Award (RT Award)  Best Regency Historical Romance
4818,Romance Readers Anonymous (RRA) Award  Best All-Time Romance Novel
4819,(2003); Best All-Time Historical Romance
4820,(2003); Best Historical Single Title Romance
4821,Listen-Up Award
4822,Orion Book Award  Fiction
4823,OCM Bocas Prize Nominee
4824,The Sunday Times EFG Short Story Award  'Miss Lora'
4825,NestlA Smarties Book Prize  9-11 years
4826,Readers' Favorite Book Award Nominee  Fiction - Cultural (Honorable Mention)
4827,National Indie Excellence Awards Nominee  Humor
4828,IAN Book of the Year Awards Nominee  Fiction
4829,eLit Book Award  Literary Fiction - Bronze
4830,Children's Literature Council of Southern Calinia Award  Excellence in Juvenile Fiction
4831,Aspen Gold Readers Choice Award Nominee  Contemporary Romance
4832,Will Eisner Comic Industry Awards  Best Graphic Album - New
4833,One Book One San Diego  Young Adult
4834,British Book Award  The Best Biography
4835,Audie Award Nominee  Solo Narration -- Female
4836,Goodreads Choice Award Nominee  Young Adult Fiction and Goodreads Author
4837,Spur Award  Best Western Juvenile Fiction
4838,RTL y TAlArama
4839,Prix Ados Rennes Ille-et-Vilaine Nominee
4840,All About Romance (AAR) Annual Reader Poll  Favorite Contemporary Romance AND Most Tortured Hero AND Most Hanky Read
4841,RITA Award by Romance Writers of America  Best Contemporary Single Title & nominee  Best Romance of 1998
4842,Elsa Beskow-plaketten
4843,Rudolf Koivu -palkinto
4844,Suburban Mosaic Book of the Year
4845,Chinese Library Association Best Book
4846,New South Wales Premier's Literary Award  Script Writing Award
4847,Kids Own Australian Literature Awards (KOALA)  Secondary
4848,W.A. Young Readers Book Award (WAYRA)
4849,Fairlight Talking Book of the Year NSW  Best Book
4850,Australian Multicultural Children's BOTY Award
4851,Locus Award Nominee  Best Single Author Collection
4852,Lambda Literary Award  Gay Men's Science Fiction/Fantasy
4853,Kusala Sastra Khatulistiwa Nominee
4854,Audie Award  Multi-Voiced Narration
4855,NestlA Smarties Book Prize
4856,Brageprisen  Children's and Young Adult Literature
4857,UPrisen Nominee  Youth books
4858,Aurealis Award  Science Fiction Novel
4859,CBI Book of the Year Nominee
4860,IIII2II I III3IIIII12I1IoII IIIIIIIIII IIIIII Nominee  IIII14II12IIII12I III3IIIII12I I
4861,Mikael Agricola -palkinto  Best translated book to Finnish
4862,International Horror Guild Award  Best Novel
4863,Premio EdebA Juvenil
4864,PrAamio Jabuti
4865,All About Romance (AAR) Annual Reader Poll  Most Disappointing Read
4866,Asian/Pacific American Award  Literature  Youth Literature
4867,CNA Literary Award
4868,Cupid and Psyche Awards (CAPA) from The Romance Studio  Young Adult
4869,Kurd-LaAwitz-Preis Nominee  Bestes auslAndischer SF-Roman
4870,All About Romance (AAR) Annual Reader Poll  Favorite Cabin or Road Romance AND Favorite Medieval Romance
4871,RBL Romantica Hughie Award  Favorite Hero
4872,Next Generation Indie Book Awards  Short Story - Fiction
4873,Readers' Favorite Book Award  Women's Fiction
4874,Prix Elbakin.net  Prix spAcial
4875,Premio Internacional de la Prensa
4876,Readers' Favorite Book Award  Fiction - Womens (Bronze Medal)
4877,Ruth and Sylvia Schwartz Children's Book Award  YA-Middle Reader
4878,Lambda Literary Award Nominee  LGBT Childrenas/Young Adult
4879,Good Thing'
4880,Puddly Award  Mystery
4881,RITA Award by Romance Writers of America Nominee  Single Title Historical Romance
4882,All About Romance (AAR) Annual Reader Poll  Best Contemporary Romance & Biggest Tearjerker & Honorable Mention  Best Romance Hero
4883,Aurealis Award  Best Children's Long Fiction
4884,Holyer an Gof Nominee  Children's Books
4885,All About Romance (AAR) Annual Reader Poll  Favorite Funny & Honorable Mentions  Favorite Heroine & Favorite European Historical
4886,Schlegel-Tieck Prize  Sally-Ann Spencer
4887,ASPCA Henry Bergh Children's Book Award  Fiction Companion Animals Award
4888,Alabama Library Association Children's Book of the Year  4-6
4889,Spur Award Nominee  Best Western Juvenile Nonfiction
4890,Queensland Literary Awards  Fiction Book
4891,Voss Literary Prize Nominee
4892,Anthony Award  Best Critical/NonFiction Work
4893,Spur Award  Best Western Historical Nonfiction
4894,Brooklyn Public Library Literary Prize Nominee  Nonfiction
4895,Goodreads Choice Award  Paranormal Fantasy
4896,International Dublin Literary Award Nominee  International IMPAC Dublin Literary Award
4897,Audie Award  Excellence in Marketing
4898,Golden Earphone Award  2016 Audio Production from Audiofile
4899,Harvey Awards Nominee  Best Graphic Album of Previously Published Material
4900,Best Writer ( Neil Gaiman)
4901,Independent Publisher Book Award (IPPY) Nominee  Fiction (Finalist)
4902,Nordisk Raads Litteraturpris (Nordic Council Literature Prize) Nominee
4903,Brageprisen  Fiction
4904,Morgenbladet Book of the Year Prize Bokhandlerprisen Nominee
4905,Independent Publisher Book Award (IPPY) Nominee  Children's Audio (Finalist)
4906,George Washington Book Prize
4907,The Wishing Shelf Book Awards  Adults Fiction - Bronze Medal
4908,Best Cover Artist ( Alex Ross)
4909,Romantic Times Reviewers' Choice Award (RT Award)  Contemporary Paranormal Romance
4910,RBL Romantica Hughie Award  Best Cover
4911,P.E.A.R.L. (Paranormal Excellence Award  Romantic Literature)  Best Overall Paranormal AND Best Shapeshifter
4912,Libris Geschiedenis Prijs Nominee
4913,Kusala Sastra Khatulistiwa Nominee  Fiksi - Longlist
4914,All About Romance (AAR) Annual Reader Poll  Best Contemporary Romance
4915,DABWAHA Romance Tournament  Best Romance of the Year & Best Contemporary
4916,Bram Stoker Award  Best Illustrated Narrative
4917,Best Anthology
4918,Western Australian Premier's Book Award
4919,National Book Award Finalist  Children's Book
4920,& Fiction (Paperback)
4921,Gouden Griffel  Griffel der griffels
4922,Kinderboek van het jaar
4923,Vondel Prize  Laura Watkinson
4924,South Asia Book Award Nominee  Grades 6 & Above
4925,Edgar Award  Best Short Story
4926,Thom Gunn Award  Gay Poetry
4927,Ohioana Book Award  Readeras Choice
4928,Guardian's Not the Booker Prize
4929,RITA Award by Romance Writers of America  Best Romance of 1994
4930,Romantic Times Reviewers' Choice Award (RT Award) Nominee  Young Adult/Middle Protagonist
4931,RITA Award by Romance Writers of America Nominee  First Book & Futuristic/Fantasy/Paranormal Romance
4932,aae3  9th place
4933,All About Romance (AAR) Annual Reader Poll  Best Heroine & Best Couple & Honorable Mentions  Favorite Funny & Best European Historical
4934,RITA Award by Romance Writers of America Nominee  Inspirational Romance & Nominee  First Book
4935,Harper Lee Prize  Legal Fiction
4936,RITA Award by Romance Writers of America  Best First Book & Nominee  Young Adult Romance
4937,OKRWA National Readers Choice Award  Best First Book & Young Adult
4938,Prime Minister's Literary Awards  Young Adult Fiction
4939,Victorian Premier's Literary Award Nominee  Prize  Writing  Young Adults
4940,Goethe Prize
4941,Schlegel-Tieck Prize  Joyce Crick
4942,RITA Award by Romance Writers of America  Best Romance of 1989
4943,Minnesota Book Award  Genres
4944,Galaxy National Book Award  More4 popular Non-Fiction Book of the Year
4945,Locus Award  Best Horror/Dark Fantasy Novel
4946,POPULAR-The Star Readersa Choice Awards Nominee  Fiction
4947,Rathbones Folio Prize
4948,Deutscher Jugendliteraturpreis Nominee (0) Boston Globe-Horn Book Award
4949,Scott Moncrieff Prize  Margaret Mauldon
4950,Audie Award  Children's  Ages 8-12
4951,Pennsylvania Young Readers' Choice Award Nominee  Young Adult
4952,Library of Virginia Literary Award Nominee  Fiction
4953,Buckeye Children's Book Award  4-8
4954,Calinia Young Readers Medal  Middle School/Jr. High
4955,RBL Romantica Hughie Award  Best Parnormal
4956,P.E.A.R.L. (Paranormal Excellence Award  Romantic Literature)  Best Overall Paranormal Romance AND Best Shapeshifter AND Best New Author of Paranormal Romance
4957,All About Romance (AAR) Annual Reader Poll  Favorite Alternate Reality Romance (tie)
4958,Gouden Penseel
4959,British Science Fiction Association Award Nominee  Best Novel (August Derlith Fantasy Award)
4960,Pacific Northwest Library Association Young Reader's Choice Award  Senior Division
4961,Arkansas Teen Book Award
4962,Volunteer State Book Award Nominee
4963,Shirley Jackson Award Nominee  Best Novel
4964,Audie Award Nominee  Fantasy
4965,O. Henry Award  'The American Embassy'
4966,"Hugo Award Nominee  Best Novella  ""Story of Your Life"""
4967,"Nebula Award  Best Novella  ""Story of Your Life"""
4968,"Theodore Sturgeon Memorial Award  ""Story of Your Life"""
4969,"James Tiptree Jr. Award Nominee  ""Story of Your Life"""
4970,"HOMer Award Nominee  Best Novella  ""Story of Your Life"""
4971,"Seiun Award e2e3  Best Translated Short Story  ""Story of Your Life"""
4972,Anthony Award Nominee  Best Children's or Young Adult Novel
4973,Agatha Award  Best Children's/Young Adult Novel
4974,South Carolina Book Award Nominee  Children's Book
4975,Grand Canyon Reader Award  Intermediate
4976,Maryland Black-Eyed Susan Book Award  Grades 4a6
4977,Blue Hen Book Award  Best Children's/Young Adult's Novel
4978,Golden Sower Award  Chapter Book
4979,Flicker Tale Children's Book Award  Juvenile Books
4980,Sunshine State Young Readers Award  Elementary (Grades 3-5)
4981,Pacific Northwest Library Association Young Reader's Choice Award  Junior Division
4982,Maud Hart Lovelace Book Award
4983,Great Stone Face Award
4984,Mark Twain Readers Award
4985,Volunteer State Book Award  Intermediate (3-5)
4986,Specsavers National Book Award  Specsavers Popular Fiction Book of the Year
4987,Romantic Times Reviewers' Choice Award (RT Award)  Best Book of the Year
4988,DABWAHA Romance Tournament  Winner Young Adult / New Adult
4989,Internationaler Literaturpreis a Haus der Kulturen der Welt Nominee  Ki-Hyang Lee
4990,PEN Translation Prize Nominee  Deborah Smith
4991,Frankfurt Book Fair LiBeraturpreis Nominee
4992,Prix du livre sur l'environnement
4993,Prix Lorientales
4994,Runeberg-palkinto
4995,Karya Sastra Terbaik 2006 Pilihan Majalan Tempo
4996,Left Coast Crime Award  Best mystery set within the United States (The Squid)
4997,Georgia Book Award Nominee
4998,DABWAHA Romance Tournament  Winner Novel with Strong Romantic Elements
4999,Cuffie Award Nominee  Favorite Novel of the Year
5000,Romantic Times Reviewers' Choice Award (RT Award)  Young Adult Novel
5001,Prix Aurora Award  Best YA Novel In English
5002,All About Romance (AAR) Annual Reader Poll  Best Contemporary Romance AND Funniest Romance
5003,OKRWA National Readers Choice Award  Contemporary Single Title
5004,Fabelprisen
5005,Kulturdepartementets pris Nominee  debutant
5006,Polish Book of the year Award (KsiA A14ka Roku - Fantasy) Nominee  Fantasy
5007,All About Romance (AAR) Annual Reader Poll  Best Romantic Suspense AND Strongest Heroine AND Most Hanky Read AND Best Heroine
5008,San Francisco Book Festival  Biography/Autobiography
5009,PrAamio Portugal Telecom de Literatura Nominee
5010,Lambda Literary Award Nominee  LGBT Science Fiction/Fantasy/Horror
5011,The Quill Award
5012,Will Eisner Comic Industry Awards  Best Writer/Artist ( Raina Telgemeier)
5013,Prix BAdAlys Jeunesse
5014,All About Romance (AAR) Annual Reader Poll  Best Buried Treasure Romance
5015,and  Best of the Decade
5016,Republic of Consciousness Prize Nominee  Longlist
5017,Nuori Aleksis -palkinto Nominee
5018,Specsavers National Book Award Nominee  UK Author of the Year; Audible.co.uk Audiobook of the Year
5019,Harvey Awards  Best Original Graphic Publication For Younger Readers
5020,Will Eisner Comic Industry Awards  Best Publication  Young Adults (ages 12-17)
5021,Cybils Award  Graphic Novels (Young Adult)
5022,UaUU U U 3U    U3aU UU  UU Ua  3U U UUU 3UU U UU
5023,National Book Critics Circle Award Nominee  Autobiography/Memoir
5024,General Fiction and Nominee  The Matt Richell Award  New Writer of the Year
5025,Sunday Independent Newcomer of the Year
5026,YA Book Prize
5027,Stonewall Book Award  Children's and Young Adult Literature
5028,Specsavers National Book Award  Books Are My Bag New Writer of the Year
5029,Drunken Druid Award  Book of the Year (3rd Place)
5030,Lucca Comics & Games  Premio Gran Guinigi Miglior sceneggiatore
5031,NestlA Smarties Book Prize  6 a 8 Years
5032,Prix de laAmitiA franco-arabe
5033,Prix France-Liban de l'ADELF
5034,Carolyn W. Field Award  Fiction
5035,Golden Kite Award  Fiction
5036,Sunshine State Young Readers Award Nominee  Grades 6-8
5037,Whitney and Scott Cardozo Award  Children's Literature
5038,HOMer Award Nominee  Best Novel
5039,James Cook Book Award
5040,All About Romance (AAR) Annual Reader Poll  Best Contemporary Romance & Best Love Scenes & Best Romance Hero
5041,Audie Award  Business/Educational
5042,White Pine Award  Non-Fiction
5043,Borders Original Voices Award  Kids & Teens
5044,PrAamio LiterArio Biblioteca Nacional  TRADUAAO - PrAamio Paulo RA3nai
5045,Locus Award  Best Related Non-fiction
5046,Helen and Kurt Wolff Translator's Prize  Anthea Bell
5047,Best Cartoonist ( Craig Thompson)
5048,Will Eisner Comic Industry Awards  Best Writer/Artist ( Craig Thompson)
5049,NestlA Smarties Book Prize  9a11 years (Silver)
5050,Holyer an Gof Nominee  Children's books
5051,Governor General's Literary Awards / Prix littAraires du Gouverneur gAnAral Nominee
5052,USA Best Book Award  Young Adult Fiction
5053,Los Angeles Times Book Prize Nominee  First Fiction
5054,Romantic Times Reviewers' Choice Award (RT Award)  Best Science Fiction Novel
5055,Banta Award
5056,Stonewall Book Award Nominee  Children's Literature
5057,Evans Biography Award
5058,Gouden Lijst Nominee  vertaald boek
5059,USA Best Book Award  New Age Fiction
5060,Foreword INDIES Book of the Year Award Nominee  Science Fiction
5061,Roderick Haig-Brown Regional Prize
5062,Southern Calinia Independent Booksellers Award  Fiction
5063,Favorite Books by Romance Writers of America Nominee  Favorite Books of 2001
5064,Kodansha Manga Award  Best Shounen Manga
5065,Indiaplaza Golden Quill Book Award  Best Novel / Popular Vote Award
5066,DABWAHA Romance Tournament  Best GLBT Romance
5067,San Francisco Book Festival Nominee  Gay/Lesbian (Runner-Up)
5068,Colorado Romance Writers Award of Excellence Nominee  Young Adult Fiction
5069,Holden-Crowther Book Award Nominee
5070,Harvey Awards  Best Continuing or Limited Series & Best Colorist ( Lynn Varley)
5071,Best Coloring ( Lynn Varley)
5072,Utah Book Award Nominee  Children
5073,Best Artist ( Jillian Tamaki)
5074,Governor General's Literary Awards / Prix littAraires du Gouverneur gAnAral  Children's Literature a Illustration
5075,Paris Book Festival  Compilation/Anthology
5076,Commonwealth Writers' Prize  Best First Book in Africa
5077,Locus Award Nominee  All-Time Best SF Novel bee 1990
5078,Romantic Times Reviewers' Choice Award (RT Award)  Historical Romance of the Year
5079,Historical or Journalistic Presentation & Best Writer ( Scott McCloud) AND nominated  Best Letterer ( Bob Lapan)
5080,Saif Ghobash Banipal Prize Nominee  Russell Harris
5081,Prix du Festival d'AngoulAame  Alph-art du meilleur album
5082,Prix de la critique
5083,Book Sense Book of the Year Award Nominee  Children
5084,All About Romance (AAR) Annual Reader Poll  Best Romance & Best Love Scenes & Best Romance Couple & Funniest Romance
5085,DABWAHA Romance Tournament  Winner Contemporary Romance
5086,Minnesota Book Award  Young Peopleas Literature
5087,Prix du Festival d'AngoulAame  Alph-art du meilleur scAnario
5088,Prix Aurora Award  Best Work in English
5089,Galaxy National Book Award  Galaxy New Writer of the Year
5090,Edinburgh International Book Festival First Book Award
5091,PEN/Martha Albrand Award  the Art of the Memoir
5092,Goodreads Choice Award Nominee  Historical Fiction &  Debut Goodreads Author
5093,Harvey Awards  Special Award  Excellence in Presentation AND nominated  Best Graphic Album & Best Artist ( Dave McKean)
5094,Jewish Quarterly-Wingate Prize Nominee  Fiction
5095,Orwell Prize Nominee  Political Fiction  Longlist
5096,Audie Award Nominee  Audiobook of the Year
5097,Clara Johnson Award  Womenas Literature
5098,Georgia Children's Book Award Nominee
5099,Golden Sower Award Nominee
5100,Sunshine State Young Readers Award Nominee  grades 6-8
5101,Maud Hart Lovelace Book Award Nominee
5102,Cyril's Award Nominee
5103,RBL Romantica Hughie Award  Best Paranormal
5104,DABWAHA Romance Tournament Nominee  Best Young Adult Romance Reader Nominee
5105,Gunzo Literary Award
5106,PEN Translation Prize  Tim Wilkinson
5107,Stonewall Book Award  Young Adult Literature
5108,Walter Dean Myers Award Nominee  Honorable Mention
5109,The Louis J. Battan Author's Award  Adult
5110,ECPA Christian Book Award  Inspirational
5111,FicAAo CientAfica ou Terror Publicada em LAngua Portuguesa
5112,Romantic Times Reviewers' Choice Award (RT Award)  Historical Fantasy/Paranormal
5113,P.E.A.R.L. (Paranormal Excellence Award  Romantic Literature)  Best Fantasy Romance
5114,Indo-American Society's Society Young Achiever's Award
5115,Lambda Literary Award  Bisexual Nonfiction
5116,Brooklyn Public Library Literary Prize Nominee  Nonfiction Shortlist
5117,Litsy Award  Non-Fiction
5118,Franz-Werfel-Menschenrechtspreis
5119,ALTA National Translation Award  Prose Poetry  Philip Boehm
5120,All About Romance (AAR) Annual Reader Poll  Most Luscious Love Story & Honorable Mention  Best Buried Treasure
5121,Davitt Award  Best Young Adult Novel
5122,Costa Book Award Nominee
5123,Calinia Book Award  First Novel (Silver)
5124,HOLT Medallion by Virginia Romance Writers Nominee  Long Inspirational &  Best First Book
5125,ACFW Carol Award  Debut Author
5126,Prix Tour-Apollo Award  Best Novel
5127,Independent Publisher Book Award (IPPY)  Autobiography/Memoir III (Personal Struggle/Health Issues) (Gold)
5128,USA Best Book Award Nominee  Autobiography/Memoir
5129,International Book Awards Nominee  Autobiography/Memoirs (Finalist)
5130,British Academy Medal
5131,Audie Award  Non Fiction Unabridged
5132,San Francisco Book Festival  General Fiction
5133,Schlegel-Tieck Prize  Philip Boehm
5134,National Book Award  Biography (Hardcover)
5135,Readers' Favorite Book Award  Romance Supsense
5136,The Russian Booker Prize
5137,Soeurette Diehl Fraser Award  Best Translation
5138,Nommo Award  Best Novella
5139,Seiun Award e2e3  Best Nonfiction
5140,EPIC (Eppie) Award  Fiction
5141,Vayalar Award
5142,Muttathu Varkey Award
5143,D. B. Hardeman Prize
5144,HOLT Medallion by Virginia Romance Writers  Best First Book
5145,Gold Kladutsey (Star Bridge) Award  Serials and sequels
5146,Romantic Times Reviewers' Choice Award (RT Award)  Best Urban Fantasy Worldbuilding
5147,Aurealis Award  Best Horror Novel and Best Young Adult Novel
5148,All About Romance (AAR) Annual Reader Poll  Biggest Tearjerker & Most Tortured Hero & Honorable Mention  Best Historical Romance Set in the U.K. & Best Romance Heroine
5149,Great Lakes Great Books Award Nominee  9-12
5150,Brooklyn Public Library Literary Prize Nominee  Fiction
5151,Aspen Words Literary Prize
5152,Lambda Literary Award Nominee  LGBTQ Childrenas/Young Adult
5153,Hugo Award  Best Short Fiction
5154,Nebula Award  Best Short Story
5155,Izumi Kyoka Prize
5156,Indigo Teen Reads Award  Best Villain Chapters
5157,All About Romance (AAR) Annual Reader Poll  Favorite Romantic Suspense & Feistiest Heroine & Favorite Villain & Honorable Mentions  Favorite Funny & Favorite Contemporary Romance
5158,Kindle Book Award  Sci-Fi/Fantasy (Semi-Finalist)
5159,Anugerah Pena  Novel
5160,Australian Independent Booksellers Indie Book Award Nominee  Young Adult
5161,Ned Kelly Award Nominee  Best First Novel
5162,Lambda Literary Award  LGBT Childrenas/Young Adult
5163,San Francisco Book Festival Nominee  Biography/Autobiography (Runner-Up)
5164,Independent Publisher Book Award (IPPY)  Science
5165,Bram Stoker Award Nominee  Best Illustrated Narrative
5166,Readers' Favorite Book Award  Short Story - Non Fiction (Bronze Medal)
5167,Literary Classics International Book Award  Special Interest - Inspirational / Motivational (Gold Award)
5168,Vondel Prize  David Colmer
5169,Romantic Times Reviewers' Choice Award (RT Award)  Urban Fantasy Worldbuilding
5170,Prix de la Divulgation historique
5171,Prix Relay du Roman d'Evasion
5172,Macavity Award Nominee  Best Mystery-Related Nonfiction
5173,P.E.A.R.L. (Paranormal Excellence Award  Romantic Literature)  Best Overall Paranormal
5174,Kuvastaja
5175,Schneider Family Book Award  Teen
5176,British Fantasy Award Nominee  Best Anthology/Collection
5177,Irish Times Irish Literature Prize  Fiction
5178,aa aoee3 Yamamoto ShAgorA Prize
5179,Prix des lecteurs du Livre de Poche  LittArature
5180,RITA Award by Romance Writers of America  Best Contemporary Romance: Mid-Length
5181,Locus Award  Fantasy Novel
5182,National Book Council Banjo Award  Non-Fiction
5183,National Book Award  Religion/Inspiration (Paperback)
5184,Canadian Booksellers Association Libris Award  Fiction Book & Book Design
5185,Romantic Times Reviewers' Choice Award (RT Award) Nominee  Best Paranormal Vampire Romance
5186,Best Writer ( G. Willow Wilson)
5187,Prix du Festival d'AngoulAame  Prix de la sArie
5188,"Locus Award  Best Short Story  ""An Invocation of Incuriosity"""
5189,and Best Collection
5190,"Grand Prix de l'Imaginaire Nominee  Nouvelle AtrangA re  ""The Truth Is a Cave in the Black Mountains"""
5191,Prix Millepages Award  Foreign Fiction
5192,Canadian Booksellers Association Libris Award  Fiction
5193,Chesley Award  Best cover Illustration Hardback book
5194,Prix des lecteurs de Radio-Canada
5195,Harvey Awards  Best New Series
5196,Will Eisner Comic Industry Awards Nominee  Best Cover Artist ( multiple covers) ( David Mack)
5197,Redbridge Children's Book Award  Teenage Book
5198,Sayembara Menulis Novel Dewan Kesenian Jakarta  Juara I
5199,AML Award Nominee  Young Adult Novel
5200,Corine Internationaler Buchpreis  Sachbuch
5201,AndriAeva nagrada
5202,Kids Own Australian Literature Awards (KOALA)  Fiction  years 7-9
5203,PEN Translation Prize Nominee  Sam Garrett
5204,American-Scandinavian Foundation Translation Prize
5205,IRA Childrenas and Young Adultas Book Award  Younger Reader Category
5206,Romantic Times Reviewers' Choice Award (RT Award)  Best Contemporary Mystery
5207,Kingston Teen Book Award
5208,Peggy Miller Award  Young Adult Fiction
5209,National Book Award Finalist  General Nonfiction (Paperback)
5210,TA14rk Yazarlar BirliAi YAlAn RomanA AdA14lA14
5211,Valtion nuorisokirjallisuuspalkinto
5212,Expressens Heffaklump
5213,Best Writer ( Brian K. Vaughan) & Best Painter/Multimedia Artist ( Fiona Staples) AND nominated  Best Cover Artist ( Fiona Staples)
5214,Scott Moncrieff Prize  David Coward
5215,Romantic Times Reviewers' Choice Award (RT Award)  First Indian Historical Romance
5216,PEN/John Kenneth Galbraith Award  Nonfiction
5217,Gayle Wilson Award of Excellence  Paranormal and Fantasy
5218,Gyldendal Prize
5219,Washington State Book Award  Nonfiction
5220,All About Romance (AAR) Annual Reader Poll  Best Paranormal Romance & Honorable Mention  Best Love Scenes
5221,P.E.A.R.L. (Paranormal Excellence Award  Romantic Literature)  Best Shapeshifter Romance
5222,Soaring Eagle Book Award  10-12
5223,Aurealis Award Nominee  Best Fantasy Novel &  Best Young Adult (Shortlist)
5224,Saif Ghobash Banipal Prize Nominee  Jonathan Wright
5225,One Book One San Diego  Children's Companion Title
5226,PEN Translation Prize Nominee  Carol Brown Janeway
5227,Prix littAraire Atranger Le Monde
5228,Foreword INDIES Book of the Year Award  Young Adult (Gold)
5229,Woman & Home Reader's Choice Award  Ultimate Page Turner
5230,Macavity Award Nominee  Best Nonfiction/Critical
5231,Galaxy British Book Awards  Book of the Year
5232,All About Romance (AAR) Annual Reader Poll  Most Luscious Love Story & Guiltiest Pleasure & Honorable Mentions  Most-Hanky Read & Best Buried Treasure
5233,HOLT Medallion by Virginia Romance Writers  Spicy Romance
5234,PEN/Joyce Osterweil Award  Poetry
5235,Cuffie Award  Best Sequel
5236,All About Romance (AAR) Annual Reader Poll  Feistiest Heroine & Favorite Heroine & Favorite Couple & Honorable Mentions  Favorite Hero & Favorite Romantic Suspense
5237,Romance Readers Anonymous (RRA) Award  Best Alternative Realities Romance
5238,Sidewise Award Nominee  Best Long Form
5239,Rivertonprisen Nominee
5240,"Hugo Award Nominee  Best Novelette  ""The Winter Market"""
5241,"Nebula Award Nominee  Best Novelette  ""Burning Chrome"""
5242,"SF Chronicle Award Nominee  Best Novelette  ""The Winter Market"""
5243,Asahi Prize
5244,All About Romance (AAR) Annual Reader Poll  Best Medieval Romance & Honorable Mention  Most Tortured Hero
5245,HOLT Medallion by Virginia Romance Writers  Short Historical
5246,Anisfield-Wolf Book Award  Non-Fiction
5247,All About Romance (AAR) Annual Reader Poll  Best European Historical Romance AND Most Luscious Love Story
5248,Romantic Times Reviewers' Choice Award (RT Award)  Best Sensual Historical Romance
5249,Book Excellence Award  Suspense
5250,Foreword INDIES Book of the Year Award  Multicultural (Bronze)
5251,London Book Festival Nominee  Children's Book (Honorable Mention)
5252,Prix des lecteurs du Livre de Poche  Choix des libraires
5253,Hugo Award  Special Award (Editor)
5254,Best Novelette and Best Short Story
5255,All About Romance (AAR) Annual Reader Poll Nominee  Best Fantasy Romance
5256,Romantic Times Reviewers' Choice Award (RT Award) Nominee  Fantasy Romance
5257,Bram Stoker Award Nominee  Young Adult Novel
5258,Massachusetts Book Award  Children's/Young Adult Literature
5259,Goodreads Choice Award  Travel & Outdoors
5260,Schlegel-Tieck Prize Nominee  Caroline Mustill
5261,INSPY  General and Literary Fiction
5262,Premio Ateneo de Sevilla
5263,Premio Ignotus Nominee  Mejor novela
5264,eLit Book Award  Popular Fiction - Gold
5265,HOLT Medallion by Virginia Romance Writers Nominee  Romance Novella
5266,EPIC (Eppie) Award  Best Novella
5267,David J. Langum Sr. Prize Nominee  American Historical Fiction (Honorary Mention)
5268,Independent Publisher Book Award (IPPY) Nominee  Inspirational/Spiritual (Finalist)
5269,Will Eisner Comic Industry Awards  Best Serialized Story
5270,Davitt Award  YA
5271,Will Eisner Comic Industry Awards Nominee  Best New Series & Best Writer ( Marjorie Liu)
5272,The Irish Times Aer Lingus Literary Award
5273,Guinness Peat Aviation Award
5274,Prix France Culture
5275,Autobiography or Literary Study
5276,PEN Translation Prize  Harriet de Onis
5277,Stonewall Book Award Nominee  Literature (Finalist)
5278,James Russell Lowell Prize
5279,Goodreads Choice Award Nominee  Young Adult Fantasy & Science Fiction and  Debut Novel
5280,Prix BorAal  Meilleur livre
5281,James Tiptree Jr. Award Nominee  Special Mention - 20th Anniversary Republication
5282,Grampian Childrenas Book Award
5283,Queensland Premier's Literary Awards Nominee  Fiction
5284,Children's Literature Council of Southern Calinia Award  Outstanding Work of Fiction
5285,IBPA Benjamin Franklin Awards  Career
5286,RAI (Readers Association of Ireland) Award  Best Book
5287,Bord GAis Energy Irish Book Award Nominee  Children's Book of the Year (Shortlist)
5288,Roald Dahl Funny Prize  Ages 7-14 Nominee
5289,Waterstones Teen Award
5290,Walter Scott Prize Nominee  Longlist
5291,Audie Award Nominee  Thrillers/Suspense
5292,Audie Award Nominee  Thriller/Suspense
5293,Beverly Hills International Book Awards  Juvenile Fiction
5294,Moonbeam Children's Book Award  (Gold) Young Adult Fiction - Mature Issues
5295,BookNest Award  Best Debut Novel
5296,Christy Award  Allegory / Fantasy
5297,PEN Translation Prize Nominee  Joel Rotenberg
5298,Aurealis Award Nominee  Best Young Adult Novel (Shortlist)
5299,Charlotte Award Nominee
5300,Australian Book Industry Award (ABIA) Nominee  Biography and  Newcomer
5301,Harvey Awards  Best Children or Young Adult Book AND nominated  Book of the Year
5302,Prix du Festival d'AngoulAame  Prix jeunesse
5303,Aurealis Award  Best Children's Fiction
5304,Australian Independent Booksellers Indie Book Award  Book of the Year & Children's
5305,and  The Matt Richell Award  New Writer of the Year
5306,Prix des libraires du QuAbec  Jeunesse 12-17 ans
5307,British Fantasy Award Nominee  Robert Holdstock Award (best fantasy novel)
5308,Golden Medallion by Romance Writers of America Nominee  Single Title Release
5309,Audie Award Nominee  Auto-biographies/Memoirs
5310,USA Best Book Award  Audiobook: Autobiography/Biography/Memoirs and Autobiography/Memoirs
5311,International Latino Book Awards Nominee
5312,Locus Award Nominee  Bet Novella
5313,Arthur Ross Book Award  Honorable Mention
5314,Lambda Literary Award  Bisexual Literature
5315,Bisexual Book Award  Fiction
5316,Pura BelprA Award  Author
5317,Boston Globe-Horn Book Award  Fiction & Poetry
5318,PEN/Hemingway Foundation Award Nominee  Longlist
5319,Goodreads Choice Award Nominee  Fiction and  Debut Novel
5320,Balrog Award Nominee  Best Short Fiction
5321,CMI Management Book of the Year Awards Nominee  The Commuter's Read
5322,SKoW Award  Most Creative Plot
5323,Green Carnation Prize Nominee  Longlist
5324,Scott Moncrieff Prize  Ina Rilke
5325,Gumshoe Award  Best European Crime Novel
5326,Rainbow Award  Best LGBT Cover: Design
5327,CWA Ellis Peters Historical Award Nominee  Shortlist
5328,Salon Book Award
5329,O. Henry Award  'People Like That Are the Only People Here'
5330,Village Voice Book of the Year
5331,National Book Critics Circle Award Nominee
5332,Maud Hart Lovelace Book Award  Division I
5333,Premio Tigre Juan
5334,All About Romance (AAR) Annual Reader Poll  Best Romance & Most Tortured Hero & Best Historical Set in the U.K. & Best Love Scenes & Honorable Mention  Best Romance Heroine
5335,Romantic Times Reviewers' Choice Award (RT Award)  Most Innovative Historical Romance
5336,Readers' Crown Award by RomConA (Romance Conventions Inc.)  Best Historical Romance
5337,Schlegel-Tieck Prize  David McLintock
5338,National Book Award  Contemporary Thought
5339,& General Nonfiction (Paperback)
5340,Cybils Award  Middle Grade Fiction
5341,Harvey Awards Nominee  Best Graphic Album Original
5342,Will Eisner Comic Industry Awards Nominee  Best Graphic Album-New
5343,Romantic Times Reviewers' Choice Award (RT Award) Nominee  Erotic Romance
5344,1oNN o12 3 34NN14N 2  2NN2  3N12-NN
5345,Goodreads Choice Award Nominee  Finalist
5346,PEN Translation Prize  Gregory Rabassa
5347,Aspen Gold Readers Choice Award  Paranormal Romance
5348,Guardian Children's Fiction Prize Nominee
5349,Gayle Wilson Award of Excellence  Paranormal
5350,ao 2eaa aaa12
5351,PrAmio Nacional de IlustraAAo
5352,Will Eisner Comic Industry Awards  Best Limited Series or Story Arc
5353,RITA Award by Romance Writers of America  Young Adult Romance
5354,Lambda Literary Award  LGBT SF/Fantasy/Horror
5355,Christy Award  Allegory
5356,Governor General's Literary Awards / Prix littAraires du Gouverneur gAnAral  Traduction (de laanglais vers le franAais) by Catherine Leroux
5357,and  by English Fiction
5358,Chesley Award Nominee  Best Interior Illustration
5359,Hackmatack Children's Choice Award  Fiction
5360,Harvey Awards  Best Graphic Album of Original Work & Best Letterer ( David Mazzucchelli)
5361,Diamond Gem Award  Trade Book of the Year
5362,RITA Award by Romance Writers of America Nominee  Best Young Adult Romance & Best First Book
5363,Le Prix Immaginaire
5364,Literaturpreis der Jury der jungen Leser  Fantasy
5365,PrAmio Andersen
5366,IGN Award  Best Mini-Series
5367,iBooks' AU/NZ Breakout Book Of The Year
5368,Will Eisner Comic Industry Awards  Best Graphic AlbumaReprint
5369,Will Eisner Comic Industry Awards  Best New Series & Best Penciller/Inker or Penciller/Inker Team ( Cliff Chiang)
5370,Eugene M. Emme Astronautical Literature Award
5371,PrAamio Jabuti  IlustraAAo
5372,All About Romance (AAR) Annual Reader Poll  Best Romance Hero
5373,Hugo Award Nominee  Best Nonfiction Book
5374,Retailer's Choice Award  Inspirational Fiction Novel
5375,Preis der Leipziger Buchmesse Nominee  Belletristik
5376,Clemens-Brentano-Preis
5377,All About Romance (AAR) Annual Reader Poll  Best Hero AND Best Heroine AND Best Couple
5378,N14 N AN N14NA
5379,Prix des cinq continents de la Francophonie
5380,Oxd-Weidenfeld Translation Prize Nominee  John Cullen
5381,Prix FranAois-Mauriac
5382,Western Australian Premier's Book Award Nominee
5383,Aurealis Award Nominee
5384,Utah Book Award  Children
5385,Guinness Peat Aviation Book Award
5386,Premio Ennio Flaiano
5387,The Wainwright Golden Beer Prize Nominee  Shortlist
5388,Willie Morris Award
5389,Evening Standard Award  Best Comedy
5390,South Carolina Book Award Nominee  Junior Book Award
5391,RITA Award by Romance Writers of America  Single Title Contemporary Romance
5392,Ockham New Zealand Book Awards  Montana Medal  Fiction or Poetry (Montana NZ Awards)
5393,Sahitya Akademi Award  English
5394,American Institute of Physics Science Writing Award
5395,Will Eisner Comic Industry Awards Nominee  Best Writer ( Scott Snyder)
5396,2 U UU UU U
5397,Society of Midland Authors Award  Nonfiction
5398,National Book Award  History
5399,Tir na n-Og Award
5400,Prometheus Hall of Fame Award Nominee  Best Classic Libertarian SF Novel
5401,Daphne du Maurier Award
5402,Great Lakes Great Books Award  9-12
5403,Goodreads Choice Award Nominee  Debut Goodreads Author &  Young Adult Fiction
5404,Science Book Prize Nominee
5405,National Academies of Sciences Book Award
5406,Romantic Times Reviewers' Choice Award (RT Award)  Best Silhouette Nocturne
5407,The Quill Award  Best Graphic Novel
5408,RITA Award by Romance Writers of America  Best Romantic Suspense & Nominee  Romantic Suspense
5409,Prix du Festival d'AngoulAame Nominee  Alph-art du meilleur scenario
5410,Sealed Room Award
5411,ACFW Carol Award  Long Historical Romance
5412,All About Romance (AAR) Annual Reader Poll  Favorite Romance of the Year & Favorite Heroine & Honorable Mention  Favorite Contemporary Romance
5413,Concorde Book Award
5414,CBCas Teen Choice Book of the Year Nominee
5415,Christy Award Nominee  International Historical
5416,Axiom Business Book Award  Business Theory (Bronze)
5417,All About Romance (AAR) Annual Reader Poll  Favorite Funny & Best Contemporary
5418,Romantic Times Reviewers' Choice Award (RT Award)  Historical Romantic Adventure
5419,Green Earth Book Award
5420,National Book Award Finalist  Autobiography/BiographyHardcover
5421,Land of Enchantment Book Award
5422,RITA Award by Romance Writers of America Nominee  Best Inspirational Romance
5423,Harald Mogensen Award
5424,Stonewall Book Award  Young Adult
5425,Flicker Tale Children's Book Award  Fiction
5426,Prix RenA Fallet
5427,Mejor novedad del XXIII SalA3n del Manga de BCN segAon Ramen para dos
5428,Stonewall Book Award  Children's
5429,Romantic Times Reviewers' Choice Award (RT Award)  Best YA Protagonist
5430,DABWAHA Romance Tournament  Best Paranormal/Urban Fantasy Romance
5431,Austrian National Prize
5432,City of Vienna Juvenile Book Prize
