author_id,author_name,author_gender,birthplace,author_review_count,author_rating_count,author_average_rating
74489,"Victoria Thompson
",0,0.0,6268,74399,"4,01"
706255,"Stieg Larsson
",1,1.0,142704,3726435,"4,15"
5618190,"Mimi Jean Pamfiloff
",0,0.0,7975,76496,4
37871,"José Donoso
",1,3.0,489,5522,"3,88"
36122,"Patricia C. Wrede
",0,0.0,13453,291013,"4,1"
58947,"Steve Niles
",1,0.0,3240,47938,"3,77"
4833990,"Jillian Dodd
",0,,9451,110522,"4,16"
7956,"Mary Roach
",0,0.0,29747,321197,"3,94"
155651,"Nancy Baker
",0,8.0,104,1019,"3,78"
274533,"Simone Elkeles
",0,0.0,25166,481114,"4,08"
38550,"Brandon Sanderson
",1,0.0,170695,2613993,"4,39"
4773763,"K.L. Armstrong
",1,8.0,1256,11972,"3,97"
27847,"Lisa Kleypas
",0,0.0,50323,800760,"4,03"
153394,"Suzanne Collins
",0,0.0,370569,10212155,"4,26"
3487,"Aldous Huxley
",1,14.0,31915,1473109,"3,99"
5619151,"Sandrine Gasq-Dion
",1,0.0,4713,59146,"4,17"
4476044,"Jamie Fessenden
",1,0.0,1761,8147,"3,81"
7851984,"Zarah Detand
",0,,264,1926,"4,1"
5771850,"Kendall McKenna
",0,0.0,1474,9655,"3,98"
4968409,"Rhys Ford
",0,0.0,7768,47018,"4,15"
1427650,"Megan Derr
",0,0.0,7924,86647,"3,93"
1217905,"Sam B. Morgan
",1,,364,2375,"3,82"
4428962,"Adrienne Wilder
",1,0.0,2966,17403,"4,12"
3462951,"Kate Sherwood
",1,8.0,3488,21944,"3,89"
5029054,"Piper Vaughn
",1,0.0,4849,29952,"3,79"
7832543,"Nick Pageant
",1,0.0,837,3055,"3,72"
2746690,"K.A. Mitchell
",0,0.0,4011,37469,"3,78"
7737308,"Sarina Bowen
",1,0.0,24117,180010,"4,11"
1912055,"Cat Grant
",1,0.0,2134,11854,"3,69"
3185029,"L.A. Witt
",0,0.0,13674,80131,"3,81"
6608731,"Amy Rae Durreson
",0,14.0,1223,5530,"4,03"
6576876,"K.C. Wells
",0,,5550,34785,"3,93"
7132113,"Indra Vaughn
",0,32.0,1208,4819,"4,04"
5822433,"Rob Colton
",1,0.0,1153,10954,"3,93"
7123498,"K.J. Charles
",1,14.0,11243,63964,"4,15"
6425833,"Leta Blake
",0,,4398,21818,"4,06"
7255282,"Perie Wolford
",1,,355,2458,"3,93"
3173295,"Heidi Cullinan
",0,0.0,9801,58811,"3,98"
6886704,"Veronica Sloane
",1,0.0,225,967,"3,96"
151973,"Amy Lane
",0,,15742,110984,"4,03"
359194,"Josh Lanyon
",1,0.0,17953,151314,"4,04"
5821204,"Ais
",1,0.0,2461,18520,"4,35"
4541791,"Tara Lain
",0,0.0,4566,27322,"3,83"
6519692,"Jordan L. Hawk
",1,0.0,8808,55236,"4,21"
7094294,"Nicola Haken
",1,14.0,2674,15603,"4,14"
6862646,"Alexa Land
",1,0.0,2168,20530,"4,22"
5621569,"Charlie Cochet
",0,46.0,9735,60011,"4,18"
3152411,"Mary Calmes
",0,0.0,16417,153564,"4,03"
4109302,"Diane  Adams
",1,0.0,1174,8556,"3,94"
5828499,"Jaime Reese
",0,,1761,11075,"4,23"
1366040,"Keira Andrews
",0,8.0,7088,32941,"3,99"
7302303,"Jay Northcote
",1,14.0,7032,35099,"3,8"
7125719,"Lane Hayes
",0,0.0,3910,22722,"3,99"
8073851,"Renae Kaye
",0,53.0,3078,18217,"4,01"
5893561,"Garrett Leigh
",0,14.0,5180,24844,"4,03"
8253345,"John  Wiltshire
",1,14.0,1437,7661,"4,27"
5819370,"N.R. Walker
",0,,16052,97218,"4,19"
8119001,"S.E. Harmon
",0,,1205,6400,"4,05"
7354860,"A.E. Via
",0,0.0,4004,29942,"4,18"
3456705,"Jay Bell
",1,0.0,3155,25336,"4,18"
268722,"Jordan Castillo Price
",0,0.0,8887,66745,"4,03"
4318269,"Nicole Edwards
",0,0.0,13307,148458,"4,28"
5209619,"A.J.  Rose
",1,,1451,8480,"4,18"
4615197,"Mercy Celeste
",1,0.0,3440,30477,"3,86"
2980235,"J.L. Merrow
",0,,6249,37517,"3,75"
7020231,"Eli Easton
",0,0.0,9688,51464,"3,98"
5155341,"Anyta Sunday
",1,66.0,6539,33370,"3,97"
6445292,"Amelia C. Gormley
",0,0.0,1538,6496,"3,75"
5050492,"Lisa Henry
",1,53.0,6293,32157,"3,9"
6590573,"Kade Boehme
",1,,3422,19877,"3,87"
3080608,"Joanna Chambers
",0,,3063,15598,4
985261,"Nick Wilgus
",1,0.0,635,2872,"4,08"
4595087,"S.E. Jakes
",0,0.0,4111,33667,"4,02"
6421828,"Kindle Alexander
",1,0.0,6395,40852,"4,14"
5073330,"T.J. Klune
",1,,12476,66081,"4,4"
6451816,"Ella Frank
",1,53.0,17886,124474,"4,22"
1122775,"Abigail Roux
",0,0.0,15558,135482,"4,26"
445303,"Maria V. Snyder
",0,0.0,35867,459950,"4,04"
20560,"Sheri S. Tepper
",0,78.0,3443,60918,"3,95"
10896,"Eoin Colfer
",1,79.0,35836,1257985,"3,93"
205,"Robert A. Heinlein
",1,0.0,31085,999390,"3,93"
1226977,"Paolo Bacigalupi
",1,0.0,18836,159937,"3,78"
41749,"William F. Nolan
",1,0.0,2102,30045,"3,81"
2778055,"Kurt Vonnegut
",1,0.0,69611,2203230,"4,06"
12534,"Larry Niven
",1,0.0,14236,424960,"3,91"
53501,"George R. Stewart
",1,0.0,1993,23621,"3,97"
3400721,"Pierre Boulle
",1,86.0,1620,36441,"3,94"
3389,"Stephen King
",1,0.0,442455,12129201,"4,03"
4764,"Philip K. Dick
",1,0.0,46808,905757,"3,93"
4432,"Jasper Fforde
",1,14.0,31452,374616,"4,02"
545,"Neal Stephenson
",1,0.0,43668,706609,"4,06"
2973783,"Alexandra Bracken
",1,,38583,301145,"4,18"
6474348,"Pierce Brown
",1,,42828,417562,"4,36"
5858,"Richard Bachman
",1,0.0,15236,548014,"3,84"
1630,"Ray Bradbury
",1,0.0,73635,1965005,"4,01"
12476,"Joe Haldeman
",1,0.0,10221,197877,"3,98"
5244478,"Robert R. McCammon
",1,0.0,11527,170647,"4,1"
21477,"Nevil Shute
",1,14.0,7076,95123,"4,04"
14078,"David Brin
",1,0.0,6474,178771,"3,9"
2786093,"Emily St. John Mandel
",0,8.0,31929,255229,"4,01"
21475,"Pat Frank
",1,0.0,2954,35351,"4,07"
36332,"John Wyndham
",1,14.0,7244,155157,"3,93"
3063220,"Thomas More
",1,14.0,2436,53009,"3,53"
835348,"Ann Aguirre
",0,0.0,18552,195190,"3,94"
29535,"Octavia E. Butler
",0,0.0,25324,252639,"4,16"
31688,"M.T. Anderson
",1,0.0,15422,123756,"3,64"
874602,"Ursula K. Le Guin
",0,0.0,45633,824980,"4,05"
5223,"Franz Kafka
",1,107.0,30157,949986,"3,89"
4018722,"Beth Revis
",0,0.0,23572,214575,"3,88"
8360,"Nancy Farmer
",0,0.0,10203,123724,"4,02"
432,"Ayn Rand
",0,110.0,38637,787974,"3,75"
17452454,"P.D. James
",0,14.0,23755,329454,"3,72"
9226,"William Gibson
",1,0.0,20564,522845,"3,89"
6025722,"Walter M. Miller Jr.
",1,0.0,4443,85227,"3,97"
1285555,"José Saramago
",1,114.0,28013,336994,4
43298,"Yevgeny Zamyatin
",1,110.0,3642,57629,"3,94"
2987125,"Kiera Cass
",1,0.0,137339,1839977,"4,06"
1318,"Susan Beth Pfeffer
",0,0.0,16831,180909,"3,83"
32595,"Koushun Takami
",1,118.0,5167,70232,"4,21"
4684322,"Marissa Meyer
",1,0.0,168358,1500315,"4,24"
880695,"H.G. Wells
",1,14.0,29259,883702,"3,82"
3064305,"Hugh Howey
",1,0.0,37333,525101,"4,15"
5791,"Max Brooks
",1,0.0,29259,495046,"3,97"
3472,"Margaret Atwood
",0,8.0,122708,1925727,4
4280,"Kazuo Ishiguro
",1,118.0,53564,684759,"3,83"
200317,"Alyson Noel
",0,0.0,29294,660729,"3,69"
941441,"Stephenie Meyer
",1,0.0,305927,9545593,"3,64"
15873,"Cornelia Funke
",0,127.0,30005,704947,"3,91"
1077326,"J.K. Rowling
",0,14.0,516169,21098703,"4,45"
2001717,"Daphne du Maurier
",0,14.0,30160,496484,"4,13"
2384,"Janet Evanovich
",1,0.0,134950,3157987,4
3780,"James Patterson
",1,0.0,260208,5327117,"3,97"
21911,"Melissa de la Cruz
",0,,31552,594206,"3,82"
1265,"Jane Austen
",0,133.0,141593,5182376,"4,11"
7128,"Jodi Picoult
",0,0.0,196552,3288833,"3,97"
10465,"Kate Jacobs
",0,,12147,98039,"3,42"
1315,"Louisa May Alcott
",0,0.0,29421,1670460,"4,04"
3058,"Augusten Burroughs
",1,0.0,24760,565970,"3,8"
305400,"Tatiana de Rosnay
",0,86.0,35023,423781,"4,04"
2327917,"Betty  Smith
",0,0.0,18799,347400,"4,25"
4379,"Sylvia Plath
",0,0.0,23174,624685,"4,03"
4,"Douglas Adams
",1,14.0,50433,2351569,"4,2"
5246,"Amy Tan
",0,0.0,23662,857120,"3,9"
2894,"Bernhard Schlink
",1,127.0,10495,164599,"3,72"
175855,"Melissa Marr
",1,0.0,25293,385442,"3,76"
8349,"Christopher Paolini
",1,0.0,48523,2070651,"3,95"
4178,"Cormac McCarthy
",1,0.0,71530,1042959,"4,01"
12696,"Jerry Spinelli
",1,0.0,31508,514069,"3,79"
2331,"Mitch Albom
",1,0.0,72116,1549320,"4,02"
656983,"J.R.R. Tolkien
",1,149.0,109211,7178020,"4,32"
630,"Dan Brown
",1,0.0,168250,6127776,"3,81"
17015,"P.C. Cast
",0,0.0,56965,1956715,"3,94"
137902,"Richelle Mead
",0,,134076,2809398,"4,27"
27837,"Greg Mortenson
",1,0.0,25551,334498,"3,65"
3447,"Ken Follett
",1,14.0,84254,1563103,"4,19"
9987,"Philippa Gregory
",0,155.0,68925,1320251,"3,9"
169377,"Seth Grahame-Smith
",1,0.0,27504,265405,"3,53"
6876,"Kim Edwards
",0,0.0,20990,538298,"3,64"
13957,"Scott Westerfeld
",1,0.0,76875,1329077,"3,84"
28569,"Jennifer Ashley
",0,0.0,16809,221710,"4,02"
71688,"Nalini Singh
",1,160.0,55505,832291,"4,19"
48192,"Gena Showalter
",0,0.0,46922,822349,"4,16"
4575371,"Katie McGarry
",0,,22087,233902,"4,1"
41313,"Susan Elizabeth Phillips
",0,,24453,450714,"4,03"
3090,"Helen Fielding
",1,14.0,19776,996672,"3,71"
1647762,"Julie James
",0,165.0,12889,215337,"3,99"
699143,"J. Lynn
",0,0.0,26939,379607,"4,07"
2613,"Jaci Burton
",0,,14342,241250,"3,98"
20248,"J.R. Ward
",0,0.0,97785,1755015,"4,3"
499602,"Elizabeth Reyes
",1,0.0,6171,101575,"3,99"
2958084,"Kristen Ashley
",0,0.0,101587,1369557,"4,29"
4872191,"Abbi Glines
",0,171.0,78769,1286953,"4,14"
4586597,"R.L. Mathewson
",1,0.0,19763,382069,"4,12"
3379564,"Alice Clayton
",0,0.0,26470,314046,"4,07"
19005,"Jennifer Crusie
",0,0.0,18180,319622,"3,8"
6160,"Sophie Kinsella
",0,14.0,96782,2391420,"3,74"
17065,"J.D. Robb
",1,0.0,58515,1386126,"4,29"
4637539,"Tahereh Mafi
",0,0.0,71986,629104,"4,16"
6251,"Julie Garwood
",0,0.0,20066,525928,"4,11"
151371,"Jenny Han
",1,0.0,91485,894085,"4,09"
4951964,"Shelly Crane
",0,0.0,8999,161708,"4,18"
9885,"Judith McNaught
",0,0.0,10744,268405,"4,16"
1304470,"Ally Condie
",0,0.0,61875,937642,"3,63"
22159,"Jessica Park
",0,,12550,115268,"4,03"
4907787,"Rebecca Donovan
",1,0.0,14280,202858,"4,27"
47499,"Paullina Simons
",0,110.0,13633,141476,"4,13"
614,"Arthur Golden
",1,0.0,27497,1544980,"4,1"
5430144,"Colleen Hoover
",1,,182954,1662986,"4,26"
5193034,"Tracey Garvis Graves
",0,,12448,93764,"4,08"
2345,"Nicholas Sparks
",1,0.0,148938,4935487,"4,07"
2876763,"Becca Fitzpatrick
",0,,54455,1157201,"4,06"
11081,"Margaret Mitchell
",0,0.0,18226,995196,"4,29"
4562483,"Sylvain Reynard
",1,,16201,287217,"4,12"
4826501,"Tammara Webber
",1,0.0,17952,295804,"4,04"
19823,"Sylvia Day
",0,0.0,59347,1204138,"4,15"
4725841,"E.L. James
",1,14.0,150986,3215348,"3,77"
2895707,"Margaret Stohl
",0,0.0,45897,836970,"3,81"
5448974,"Michelle K. Pickett
",0,0.0,380,2795,"3,7"
5070015,"Kristin Halbrook
",0,0.0,496,2825,"3,53"
4559822,"Ellen Oh
",1,,2224,10825,"3,81"
1164465,"Jessica Brody
",0,0.0,5147,32176,"3,83"
6466369,"Jennifer Anne Davis
",1,,1641,16135,"4,09"
5288442,"April Genevieve Tucholke
",0,0.0,9257,40971,"3,55"
1192311,"Claudia Gray
",1,0.0,30819,351069,"3,85"
767547,"Lisa McMann
",0,0.0,21693,255550,"3,94"
3027554,"Kiersten White
",0,,34031,267609,"3,89"
3041100,"Andrea Cremer
",0,0.0,13781,179361,"4,02"
4629194,"Brigid Kemmerer
",0,0.0,11105,87131,"4,07"
2895706,"Kami Garcia
",0,0.0,46999,848740,"3,82"
5351825,"Mindy McGinnis
",1,,9551,44424,"3,94"
4718528,"Jessica Spotswood
",1,,5064,30521,"3,94"
4336590,"Tara Hudson
",0,0.0,2334,23886,"3,78"
4737213,"Jennifer Rush
",0,0.0,3692,32562,4
3267859,"Jennifer A. Nielsen
",0,0.0,19972,149605,"4,21"
3251728,"Victoria Scott
",0,0.0,5199,28037,"3,91"
3023658,"Brenna Yovanoff
",1,,6612,43841,"3,7"
5441417,"Elsie Chapman
",1,,1429,8985,"3,57"
5027236,"Kasie West
",1,0.0,36759,258586,"3,96"
4692856,"Kristen Simmons
",0,0.0,4998,47566,"3,84"
805184,"Jennifer E. Smith
",0,0.0,24681,211139,"3,73"
2261547,"Rachel Hawkins
",1,,28071,326661,"3,98"
10317,"Maureen Johnson
",0,0.0,47655,492760,"3,9"
5073459,"Elizabeth Norris
",0,,2757,27652,"3,9"
4606082,"K.C. Hilton
",0,0.0,546,2860,"3,32"
4086715,"Kendare Blake
",1,224.0,31669,223603,"3,93"
25422,"Holly Black
",0,0.0,85791,856221,"3,92"
5360335,"Amie Kaufman
",0,53.0,46326,224445,"4,23"
504038,"Anna Banks
",1,,9599,91091,"3,95"
11654,"Meg Cabot
",0,0.0,74788,1795726,"3,8"
4476934,"Jennifer L. Armentrout
",0,0.0,137386,1561632,"4,22"
4774653,"Erin Bowman
",0,,4660,26826,"3,86"
4581947,"Debra Driza
",1,,2054,15951,"3,72"
3377941,"Rick Yancey
",1,0.0,52027,532323,"3,99"
4074051,"Rae Carson
",0,0.0,19019,182895,"3,98"
5108399,"Megan Shepherd
",0,,8729,47944,"3,77"
5265998,"Shannon Messenger
",1,235.0,7288,67393,"4,47"
415967,"Rachel Vincent
",0,0.0,22107,314949,"4,04"
3099544,"Victoria Schwab
",0,,55961,331833,"4,14"
4342215,"Marie Lu
",1,238.0,102560,982925,"4,2"
2891665,"Gail Carriger
",1,0.0,38391,346500,"3,99"
3220024,"Courtney Allison Moulton
",0,0.0,3469,52997,"4,07"
6914204,"Robin LaFevers
",0,,13847,138009,4
2987,"Sarah Dessen
",1,0.0,61578,1344400,4
2755160,"Kimberly Derting
",0,,13155,143222,"3,93"
4279785,"Wendy Higgins
",0,0.0,13978,159638,"4,17"
164576,"Suzanne Young
",0,0.0,11304,83803,"4,01"
4116488,"Jodi Meadows
",1,0.0,17073,95422,"3,94"
5186274,"A.G. Howard
",0,,16227,101617,"4,01"
767317,"Aimee Carter
",0,,12719,135649,"3,91"
295178,"Gayle Forman
",0,,87350,1124863,"3,96"
56224,"Ally Carter
",0,0.0,43790,680644,"4,05"
150038,"Cassandra Clare
",0,251.0,331357,5934903,"4,26"
4384465,"Brodi Ashton
",1,0.0,17392,108399,"3,9"
3353516,"Amy Plum
",0,0.0,10883,115785,"4,03"
4575289,"Leigh Bardugo
",0,254.0,110882,806595,"4,23"
7581,"Kelley Armstrong
",0,,59354,1130572,"4,09"
3433047,"Sarah J. Maas
",0,0.0,243601,2260026,"4,41"
3406550,"Josephine Angelini
",0,0.0,12785,148383,"4,12"
1599723,"Michael  Grant
",1,0.0,29732,462291,"4,01"
2936493,"Lauren Oliver
",0,259.0,95447,1158280,"3,9"
4103366,"Lauren DeStefano
",1,0.0,17505,182473,"3,79"
4637369,"Veronica Rossi
",1,261.0,19998,235583,"4,06"
3290920,"Cynthia Hand
",0,0.0,30096,290688,"4,07"
4039811,"Veronica Roth
",0,0.0,259452,4786198,"4,08"
173493,"Alethea Kontis
",1,0.0,4583,35233,"3,87"
6693411,"Kim Liggett
",0,0.0,606,3270,"3,6"
6433278,"Julie   Murphy
",0,0.0,14212,80389,"3,83"
6983061,"Courtney Alameda
",0,0.0,890,3155,"3,81"
7374721,"I.W. Gregorio
",0,0.0,1918,11576,"3,9"
7124792,"Lori  Goldstein
",1,0.0,311,1410,"3,58"
7267239,"Stacey  Lee
",0,0.0,2458,10824,"3,97"
5303332,"Elizabeth May
",0,,3364,20697,"3,92"
5295120,"Morgan Rhodes
",0,,19523,131090,"4,08"
5351849,"Betsy Cornwell
",0,0.0,1350,6135,"3,6"
2188726,"Sarah Ockler
",0,,6911,80597,"3,84"
2747732,"Catherine Doyle
",0,79.0,1654,9574,"4,26"
4106087,"Jessi Kirby
",0,0.0,4518,36020,"3,84"
190578,"Sharon Cameron
",0,,4133,23734,"3,85"
3097905,"Colleen Houck
",0,0.0,15647,157550,"4,22"
7267262,"Becky  Wallace
",0,0.0,707,4975,"3,83"
266470,"Sherry Thomas
",0,,12142,95892,"3,91"
2741432,"Nova Ren Suma
",0,0.0,5703,26172,"3,69"
7093630,"Rhiannon Thomas
",0,14.0,1747,10130,"3,5"
1443712,"Carrie Ryan
",0,0.0,23124,198250,"3,79"
6553850,"Emery Lord
",1,0.0,9110,54326,"3,93"
15292,"Rachel Caine
",1,0.0,48136,905613,"4,09"
11664,"David Levithan
",1,286.0,84443,912837,"3,82"
7009633,"Francesca Zappia
",1,0.0,9707,46669,"4,19"
7091823,"Danielle L. Jensen
",0,8.0,4049,33624,"3,93"
1383409,"Andrew  Smith
",1,,12875,61684,"3,86"
6456912,"Heather Demetrios
",0,0.0,4608,26110,"3,96"
370361,"Patrick Ness
",1,0.0,75809,538316,"4,13"
7170939,"Virginia Boecker
",0,,2125,12403,"3,82"
6855918,"Maggie  Hall
",0,,2345,14541,"3,92"
6950740,"Sara B. Larson
",0,0.0,4198,36179,"3,82"
4428,"Kresley Cole
",0,0.0,43268,779544,"4,28"
1487748,"Courtney Summers
",0,8.0,14813,81696,"3,92"
144323,"Maria Dahvana Headley
",0,0.0,6691,34463,"3,65"
8152069,"Melinda Salisbury
",0,,3707,19522,"3,65"
3486415,"Amanda Hocking
",0,0.0,29142,408326,"3,94"
2526,"Libba Bray
",0,0.0,48633,562157,"3,84"
7105753,"Melissa Grey
",0,,2223,11087,"3,75"
6549373,"Paula Stokes
",0,0.0,2698,15524,"3,77"
5804715,"Melissa Landers
",1,,7723,45919,"3,9"
7224009,"Jasmine Warga
",0,0.0,5276,37257,"3,99"
357601,"Rachel Hartman
",0,305.0,11681,91316,"3,94"
6947727,"Sara Raasch
",0,0.0,10673,79391,"3,91"
45592,"Jennifer Niven
",1,0.0,33618,262571,"4,12"
4600197,"Renée Ahdieh
",1,0.0,33287,192484,"4,06"
4208569,"Rainbow Rowell
",0,0.0,170770,1647298,"4,03"
1238111,"Marie Rutkoski
",0,0.0,25231,175176,"4,1"
7074943,"Victoria Aveyard
",1,0.0,70513,720185,4
6916557,"Sidney Halston
",0,0.0,2616,12494,"3,99"
6980508,"Christina Mercer
",0,0.0,138,492,"4,07"
2383,"Gillian Flynn
",0,0.0,213665,3028887,"4,01"
2232265,"Michelle Zink
",1,,3960,35796,"3,65"
3153776,"Mira Grant
",0,0.0,17761,143202,"3,94"
7380291,"S.S. Segran
",0,,195,776,"4,02"
8283255,"J.S. Burke
",1,0.0,196,290,"4,74"
14759054,"James Fahy
",1,14.0,594,1832,"4,42"
1373880,"Kristin Cashore
",1,0.0,39748,579470,"4,08"
3084517,"Carolyn Crane
",0,0.0,3214,23274,"3,72"
21748,"Ilona Andrews
",1,110.0,65444,964635,"4,29"
1045593,"Stacia Kane
",0,0.0,6154,62471,"3,94"
1069006,"C.S. Lewis
",1,79.0,111968,5027964,"4,14"
9237,"Jacqueline Carey
",0,0.0,13626,256363,"4,12"
2891503,"Bree Despain
",0,0.0,5407,78698,"3,97"
190922,"Justina Chen
",1,0.0,2816,39474,"3,89"
3036304,"Caragh M. O'Brien
",0,,8324,92838,"3,87"
4619644,"William  O'Brien
",1,14.0,245,487,"4,3"
4126827,"Michelle Hodkin
",0,0.0,31347,270803,"4,14"
190887,"Catherine Fisher
",0,14.0,8974,91519,"3,68"
2903247,"Lucy Christopher
",0,14.0,8639,66129,"3,9"
8108373,"Mya Robarts
",0,0.0,758,6816,"4,01"
3408349,"Lili St. Crow
",0,334.0,6022,125249,4
89439,"Sophie Jordan
",0,0.0,19690,198163,"3,85"
49177,"Shannon Hale
",1,0.0,64573,555919,"3,95"
3095893,"Stephanie Perkins
",1,,64468,607218,"3,99"
4464118,"Jamie McGuire
",0,0.0,68644,1002700,"4,12"
13677,"Gail Carson Levine
",0,0.0,22931,600783,"3,92"
1330292,"Maggie Stiefvater
",0,0.0,124798,1303429,"3,98"
3380908,"Pittacus Lore
",1,,41197,732840,"4,09"
669810,"Jeaniene Frost
",0,0.0,42310,794862,"4,21"
8835,"Tim Powers
",1,0.0,6053,63844,"3,86"
12531,"Theodore Sturgeon
",1,0.0,4269,74359,"4,05"
1967,"Tanya Huff
",0,8.0,8460,161290,"3,87"
38531,"Michelle Rowen
",0,,17964,195974,"4,07"
20559,"Ray Garton
",1,0.0,1662,15816,"3,85"
9550,"Laurell K. Hamilton
",0,0.0,46725,1545913,"3,99"
10082,"Fred Saberhagen
",1,0.0,1535,62068,"3,81"
1276004,"C.S. Friedman
",1,,2351,60471,4
153733,"Gerry Bartlett
",0,0.0,1271,25431,"4,04"
8726,"Richard Matheson
",1,0.0,17666,298641,"3,97"
8694,"Tanith Lee
",0,14.0,9736,156584,"3,89"
4149342,"Rebecca Zanetti
",1,0.0,12668,117905,"4,19"
103359,"Joey W. Hill
",0,,5825,59038,"4,07"
51518,"John Skipp
",1,0.0,1002,13095,"3,9"
4430,"Sherrilyn Kenyon
",0,0.0,61512,1353021,"4,23"
442240,"Blake Crouch
",1,0.0,39773,380465,"4,01"
1356336,"L.A. Banks
",0,0.0,4258,91418,"3,97"
10116,"Hideyuki Kikuchi
",1,118.0,1065,21812,"4,02"
5251202,"Elizabeth   Hunter
",0,0.0,9445,128178,"4,23"
52468,"Suzy McKee Charnas
",0,0.0,959,10898,"3,73"
625,"Nora Roberts
",0,0.0,129713,3426670,"4,08"
234115,"Faith Hunter
",0,0.0,12633,212750,"4,14"
83937,"Richard Laymon
",1,0.0,5923,109790,"3,8"
24827,"David Wellington
",1,0.0,3562,46461,"3,72"
40173,"Chelsea Quinn Yarbro
",0,0.0,1939,27207,"3,84"
1080585,"Jocelynn Drake
",0,0.0,6219,65296,"4,01"
59060,"John Steakley
",1,0.0,971,18134,"4,07"
2687,"Dan Simmons
",1,0.0,27752,508361,"4,07"
10333,"Barbara Hambly
",1,0.0,5647,133886,"3,94"
48397,"Nancy A. Collins
",0,0.0,2115,41561,"3,94"
241301,"Lynn Viehl
",0,0.0,2458,38761,"3,94"
28946,"Barb Hendee
",1,0.0,2067,37815,"3,91"
2898479,"D.B. Reynolds
",1,0.0,4593,51469,"4,13"
477469,"Jennifer Rardin
",1,0.0,1913,43108,"3,96"
45315,"Justin Cronin
",1,0.0,30381,284099,"4,05"
49103,"Jeanne Kalogridis
",0,0.0,2176,37951,"3,84"
20561,"F. Paul Wilson
",1,0.0,7610,132154,"3,98"
4861,"Charlie Huston
",1,0.0,3626,49714,"3,9"
18454,"Whitley Strieber
",1,0.0,2729,35550,"3,7"
38066,"Karen Chance
",0,0.0,11201,241029,"4,01"
2503028,"Molly Harper
",0,0.0,14350,162725,"4,02"
7742,"Keri Arthur
",0,53.0,10380,226035,"4,07"
2357,"Kerrelyn Sparks
",0,0.0,10014,186183,"4,13"
18879,"Kim Newman
",1,14.0,4252,62358,"3,94"
1654,"Terry Pratchett
",1,14.0,122190,3643140,"4,15"
17059,"Lynsay Sands
",0,8.0,22043,487088,"4,12"
32637,"Sergei Lukyanenko
",1,389.0,5028,127031,"4,01"
7577,"Anne Rice
",0,0.0,49426,1808173,"3,88"
20602,"Brian Lumley
",1,14.0,2510,95887,"4,08"
346732,"George R.R. Martin
",1,0.0,176808,4791027,"4,37"
16218,"Christopher Moore
",1,0.0,45573,656372,"3,96"
1857564,"Chloe Neill
",0,0.0,20721,337969,"4,11"
1429808,"MaryJanice Davidson
",0,0.0,14352,323235,"3,8"
167605,"Guillermo del Toro
",1,334.0,13408,151889,"3,8"
48206,"Karen Marie Moning
",0,0.0,54331,867428,"4,25"
9558,"Poppy Z. Brite
",1,0.0,3858,84839,"3,91"
3849415,"Deborah Harkness
",1,0.0,52864,537297,"4,04"
17054,"Kim Harrison
",0,0.0,31265,714892,"4,22"
375626,"Lara Adrian
",0,,19297,379468,"4,17"
40563,"Patricia Briggs
",0,0.0,57223,1151793,"4,26"
26930,"J. Sheridan Le Fanu
",1,79.0,4808,62535,"3,84"
5339,"Robin McKinley
",0,0.0,23299,317096,"3,97"
17061,"Charlaine Harris
",0,0.0,122777,3099154,"3,94"
479779,"John Ajvide Lindqvist
",1,1.0,8702,105763,"3,93"
6988,"Bram Stoker
",1,79.0,23535,842758,"3,98"
29011,"Kathi Appelt
",1,0.0,4703,27826,"3,91"
10003,"Laurie Halse Anderson
",0,0.0,52218,757022,"3,98"
9388,"Louise Erdrich
",1,0.0,26230,242939,"3,9"
54493,"Kristin Hannah
",1,0.0,126335,1342619,"4,26"
15882,"Nicholson Baker
",1,0.0,4264,31280,"3,62"
8730,"Naomi Novik
",0,0.0,40538,389918,"4,03"
93220,"Daniel Waters
",1,,2663,26074,"3,68"
10015,"Kate Atkinson
",0,14.0,48224,434897,"3,81"
814940,"Kelly Corrigan
",1,0.0,6815,53793,"3,88"
3509,"Chris Bohjalian
",1,0.0,36871,391667,"3,78"
837804,"Steve Toltz
",1,53.0,2263,14622,"4,03"
925098,"Jennifer Storm
",0,,92,1174,"3,74"
14577,"Jen Lancaster
",0,0.0,16562,181244,"3,87"
784775,"Lily Koppel
",1,0.0,4144,24952,"3,3"
1612,"Jeffery Deaver
",1,0.0,26681,495215,4
3490,"Lauren Weisberger
",0,0.0,21647,968692,"3,64"
72039,"Roberto Bolaño
",1,3.0,12420,115031,"3,98"
6583,"Alison Weir
",0,14.0,13650,246289,"3,99"
994873,"Sloane Crosley
",0,0.0,6299,55867,"3,43"
2546,"Chuck Palahniuk
",1,0.0,57285,1325981,"3,83"
473145,"P.J. Haarsma
",1,8.0,284,2493,"3,9"
63983,"Nancy Werlin
",1,0.0,5389,40356,"3,68"
3534,"Toni Morrison
",0,0.0,32174,657988,"3,88"
978703,"Kathleen Kent
",1,0.0,4978,36623,"3,74"
1130453,"Daniel Grandbois
",1,0.0,36,191,"4,16"
800019,"Elizabeth C. Bunce
",1,,2572,21476,"3,69"
4738,"Alexander McCall Smith
",1,434.0,64825,789137,"3,87"
24689,"Harlan Coben
",1,0.0,63947,965799,"3,99"
9212,"Jennifer Weiner
",0,0.0,37782,933695,"3,69"
1439,"Malcolm Gladwell
",1,14.0,61199,1644813,"3,98"
221559,"Jeff Kinney
",1,0.0,55916,1085178,"4,13"
6429,"Curtis Sittenfeld
",0,0.0,27848,227873,"3,53"
138825,"Tana French
",0,79.0,53409,593969,"3,87"
389474,"Joseph O'Neill
",1,79.0,2919,19416,"3,4"
2121,"Michael Pollan
",1,0.0,31892,384066,"4,11"
972440,"Hillary Jordan
",0,443.0,9837,81596,"3,92"
10746,"Jim Butcher
",1,0.0,88858,2152506,"4,27"
13370,"Emily Giffin
",0,0.0,50182,1261924,"3,78"
690619,"Lauren Groff
",0,0.0,19786,149306,"3,61"
3505,"Wally Lamb
",1,0.0,33541,690049,"3,97"
97313,"Elizabeth Strout
",0,0.0,39787,325158,"3,68"
25052,"Brandon Mull
",1,0.0,36104,602592,"4,23"
66631,"Marisa de los Santos
",0,0.0,12426,90090,"3,79"
33274,"Mo Willems
",1,0.0,30438,453069,"4,3"
1899600,"Vicki Myron
",1,0.0,6374,57674,"3,89"
120401,"David Benioff
",1,0.0,10719,105304,"4,28"
12581,"Cory Doctorow
",1,8.0,19562,174998,"3,81"
2849,"David Sedaris
",1,0.0,67396,1595340,"3,99"
1406384,"John Green
",1,0.0,323003,5670736,"4,07"
211268,"Geraldine Brooks
",0,53.0,35113,365958,"3,93"
3670,"Jhumpa Lahiri
",0,14.0,39010,541650,"4,01"
982213,"David Wroblewski
",1,0.0,13303,83475,"3,61"
15872,"Rick Riordan
",1,0.0,283590,7061058,"4,32"
287960,"Randy Pausch
",1,0.0,16045,273095,"4,26"
498072,"Audrey Niffenegger
",1,0.0,61272,1527485,"3,91"
4143266,"Katie Kacvinsky
",1,0.0,3111,27428,"3,94"
588558,"Lisa Schroeder
",0,,6319,47135,"3,97"
203238,"Jennifer Echols
",0,,9347,166129,"3,83"
4866520,"K.A. Tucker
",0,8.0,18842,190175,"4,17"
3420702,"Keary Taylor
",0,0.0,4538,53926,"3,95"
6587108,"Ken Puddicombe
",1,468.0,9,66,"4,3"
4668167,"Corrine Jackson
",0,0.0,1731,15532,"4,02"
3980637,"Tina Reber
",1,0.0,5794,114084,"4,12"
47104,"Melina Marchetta
",0,53.0,20972,176221,"4,05"
3190428,"Cherrie Lynn
",0,0.0,6720,138368,"4,06"
7233168,"M.  Robinson
",1,0.0,10377,55636,"4,31"
3101315,"Kirsten Hubbard
",0,,1393,10415,"3,85"
837420,"Jenny B. Jones
",0,0.0,3925,40190,"4,17"
4506073,"Miranda Kenneally
",0,,9315,117040,"3,89"
4086928,"Hannah Harrington
",1,0.0,2906,27946,"3,97"
3095919,"Kody Keplinger
",1,0.0,17803,225881,"3,82"
4382157,"Trish Doller
",1,,4001,32667,"3,82"
5434809,"Kirsty Moseley
",1,14.0,8625,113308,4
4838933,"Samantha Towle
",0,14.0,14921,204608,"4,14"
628636,"Jenny Downham
",0,14.0,6157,69637,"3,79"
4665585,"Amy Lichtenhan
",0,,2478,30518,"4,01"
65959,"Tiffanie DeBartolo
",0,0.0,3104,21181,"4,05"
3275,"Jeannette Walls
",0,0.0,64166,945218,"4,2"
569,"Khaled Hosseini
",1,486.0,144673,3406658,"4,28"
4984399,"Chelsea Fine
",1,,4364,60921,"3,98"
6535659,"Cora Carmack
",0,0.0,17598,200228,"3,85"
1077176,"Katherine Allred
",0,0.0,3839,36869,"4,17"
4805272,"Laura Kaye
",0,0.0,15584,141603,4
5752652,"Anne Eliot
",0,0.0,1908,25139,"3,82"
26638,"Claire LaZebnik
",0,,4514,52533,"3,71"
3351454,"Morgan Matson
",0,,30804,241468,"4,08"
23613,"Emma Donoghue
",0,79.0,61006,753477,"3,96"
4372391,"S.C. Stephens
",0,0.0,24889,368993,"4,24"
4849669,"Fisher Amelie
",0,,6250,57304,"4,09"
4116333,"Cindy C. Bennett
",0,0.0,2479,28652,"3,94"
4503081,"Katie Klein
",0,,1152,24095,"3,92"
281810,"Jojo Moyes
",0,14.0,141551,1633774,"4,08"
599916,"Tabitha Suzuma
",0,14.0,9302,51869,"4,03"
5437976,"J.A. Redmerski
",0,0.0,22331,250334,"4,18"
4660036,"Huntley Fitzpatrick
",0,0.0,12504,154056,"3,95"
569269,"Jay Asher
",1,0.0,57784,727549,"3,94"
55743,"Jhonen Vásquez
",1,0.0,1116,37824,"4,25"
6887314,"Noelle Stevenson
",1,,21373,208855,"4,1"
3961,"Alan Moore
",1,14.0,36956,1212235,"4,23"
12803,"Paul Jenkins
",1,14.0,2480,44623,"3,84"
6984726,"Allie Brosh
",0,,11244,150408,"4,18"
14151,"Craig Thompson
",1,0.0,12839,157114,"4,05"
12732,"Grant Morrison
",1,14.0,19802,436922,"3,97"
20493,"Brian Wood
",1,0.0,6145,94118,"3,86"
15085,"Frank Miller
",1,0.0,15022,654125,"4,13"
56328,"Wendy Pini
",0,0.0,845,28954,"4,32"
6238,"Marjane Satrapi
",0,251.0,19988,378626,"4,25"
13359,"Sam Kieth
",1,0.0,6563,199518,"4,26"
36203,"David Petersen
",1,0.0,2611,29591,"4,06"
26392,"Joann Sfar
",1,86.0,2386,30181,"3,98"
24514,"Brian K. Vaughan
",1,0.0,73447,1287866,"4,24"
15091,"Chris Claremont
",1,14.0,6185,107231,"3,93"
32594,"Jeph Loeb
",1,0.0,10115,285611,"4,09"
70026,"Scott Snyder
",1,0.0,20274,288542,"4,06"
43554,"Adrian Tomine
",1,0.0,3553,48789,"3,85"
7338,"Kurt Busiek
",1,0.0,5255,100304,"4,06"
12736,"Mark Millar
",1,14.0,13282,280307,"3,99"
2266124,"Juan Díaz Canales
",1,525.0,1758,25044,"4,23"
4866,"Masamune Shirow
",1,118.0,764,16975,"4,04"
14610,"Brad Meltzer
",1,0.0,13730,181137,"3,87"
17029,"Brian Azzarello
",1,0.0,9294,192629,"3,94"
13681,"Peter David
",1,0.0,11758,258091,"4,01"
38120,"Brian Selznick
",1,0.0,34061,392304,"4,05"
543719,"Jeff Lemire
",1,8.0,17855,187148,"3,98"
46027,"Guy Delisle
",1,8.0,4326,49231,"3,94"
12772,"Warren Ellis
",1,14.0,16849,378776,"4,13"
56002,"James O'Barr
",1,0.0,727,15523,"4,16"
104017,"David Small
",1,0.0,9552,74757,"4,06"
18015,"Joss Whedon
",1,0.0,22462,430102,"4,07"
1642,"Will Eisner
",1,0.0,2512,37322,"4,02"
28463,"Kazuo Koike
",1,118.0,1528,41259,"4,36"
6884287,"David B.
",1,86.0,1192,16545,"3,85"
93094,"John Layman
",1,0.0,7837,123309,"4,05"
568999,"Vera Brosgol
",0,110.0,7796,77426,"3,91"
1218557,"Gerard Way
",1,0.0,2797,41953,"4,05"
1041311,"René Goscinny
",1,86.0,5126,243831,"4,13"
4698899,"Hiromu Arakawa
",0,118.0,6723,352593,"4,55"
32468,"Joe Sacco
",1,,2875,38414,"4,14"
454774,"Fábio Moon
",1,261.0,4654,45100,"4,08"
5112,"Chris Ware
",1,0.0,3681,51348,"4,11"
33907,"Scott McCloud
",1,0.0,5168,125380,"3,98"
5363,"Mark Waid
",1,0.0,14934,231267,"3,97"
53559,"Katsuhiro Otomo
",1,118.0,1857,67294,"4,36"
28995,"David Mazzucchelli
",1,0.0,4922,222933,"4,2"
10182,"Mike Mignola
",1,0.0,12529,285373,"4,11"
88506,"Joe Hill
",1,0.0,53464,589930,"4,03"
21574,"Charles Burns
",1,,3201,55035,"3,85"
68959,"Gene Luen Yang
",1,0.0,19638,237698,"4,08"
38954,"Shaun Tan
",1,53.0,9729,88262,"4,27"
5502079,"Tsugumi Ohba
",1,118.0,13337,433370,"4,37"
5129,"Daniel Clowes
",1,0.0,5160,111414,"3,85"
14965,"Garth Ennis
",1,79.0,12857,418261,"4,18"
5951,"Jeff Smith
",1,0.0,8973,225612,"4,27"
21982,"Alison Bechdel
",0,0.0,12152,151495,"4,04"
16807,"Bryan Lee O'Malley
",1,8.0,16377,412376,"4,18"
12425,"Robert Kirkman
",1,0.0,43022,993751,"4,25"
12444,"Bill Willingham
",1,0.0,23285,542168,"4,05"
5117,"Art Spiegelman
",1,1.0,16783,465397,"4,38"
32401,"Alison Croggon
",0,149.0,3412,67998,"4,06"
7477505,"Rebecca Nolen
",1,0.0,29,129,"4,39"
7940084,"Katie Cross
",1,0.0,1074,6812,"4,03"
1100089,"Henry H. Neff
",1,,1615,31578,"4,15"
1067608,"Peter S. Beagle
",1,0.0,11857,156712,"4,07"
19733,"James A. Owen
",1,,2102,23480,"4,02"
16789375,"Malcolm McCoard
",1,14.0,38,165,"4,76"
4841825,"Marion Zimmer Bradley
",0,0.0,12132,411952,4
8596,"Tamora Pierce
",1,0.0,32527,1221722,"4,23"
24830,"Paul Stewart
",1,14.0,2725,64675,"4,11"
903992,"Dianne K. Salerni
",1,,1377,7906,4
3155347,"P.B. Kerr
",1,14.0,1361,51693,"3,85"
15590,"Mary  Stewart
",0,14.0,8578,163285,"4,05"
11078,"T.A. Barron
",1,0.0,2258,73106,"4,05"
1954,"Natalie Babbitt
",1,0.0,9307,208837,"3,86"
426944,"T.H. White
",1,581.0,5769,130619,"4,03"
2041,"Frances Hodgson Burnett
",0,14.0,23953,1065411,"4,13"
26,"Anne McCaffrey
",0,0.0,19743,996453,"4,08"
74046,"D.J. MacHale
",1,0.0,8362,287802,"4,13"
131683,"Edward Eager
",1,0.0,2123,55608,4
36746,"Lemony Snicket
",1,0.0,64490,1763227,"3,96"
8732,"David Eddings
",1,0.0,11954,911461,"4,08"
25421,"Tony DiTerlizzi
",1,0.0,13323,276619,"3,94"
4273,"Roald Dahl
",1,14.0,77132,2675502,"4,12"
32590,"Anthony Horowitz
",1,14.0,36861,626285,"4,05"
22542,"Megan Whalen Turner
",1,,15316,143711,"4,1"
6252,"Robert Jordan
",1,0.0,46560,2002972,"4,18"
24818,"Frank Beddor
",1,0.0,6085,71440,"3,89"
8347,"Garth Nix
",1,53.0,34118,700117,"4,05"
5329,"Brian Jacques
",1,14.0,9372,521947,"4,06"
125984,"Obert Skye
",1,0.0,4682,83082,"3,91"
11761,"Diane Duane
",0,0.0,4451,128106,"3,96"
6206,"Jenny Nimmo
",0,14.0,5582,174497,"3,91"
15619,"Michael Ende
",1,127.0,7956,197895,"4,21"
8924,"Lloyd Alexander
",1,0.0,11289,341762,"4,06"
34049,"John Flanagan
",1,53.0,28185,737516,"4,32"
3242,"L. Frank Baum
",1,0.0,19172,492367,"3,97"
108424,"Patrick Rothfuss
",1,0.0,66449,1046387,"4,48"
12521,"William Goldman
",1,0.0,19131,728964,"4,25"
47672,"Trenton Lee Stewart
",1,0.0,14803,194231,"4,2"
6245,"Dave Barry
",1,0.0,16610,225391,"3,98"
1949,"Katherine Paterson
",0,238.0,16888,462658,"3,95"
348878,"James Dashner
",1,,121746,1849709,"3,94"
27100,"Michael Scott
",1,79.0,20507,438561,"4,04"
2347,"Jeanne DuPrau
",0,0.0,18269,322465,"3,78"
4260,"Diana Wynne Jones
",0,14.0,28489,477011,"4,1"
106,"Madeleine L'Engle
",0,0.0,47246,1235231,"4,02"
33467,"Jonathan Stroud
",1,14.0,20990,364547,"4,14"
157663,"Angie Sage
",0,14.0,12184,345012,"3,99"
7579036,"Becky Albertalli
",0,0.0,46241,284326,"4,22"
6562243,"J.C. Lillis
",0,,648,3167,"3,94"
52989,"Julie Anne Peters
",0,0.0,6792,102303,"3,87"
2884780,"Malinda Lo
",0,238.0,9412,67763,"3,73"
6911915,"Sara Farizan
",0,0.0,2992,18067,"3,84"
157676,"Lauren Myracle
",0,0.0,22758,225474,"3,72"
4890658,"John  Goode
",1,0.0,1636,11235,"4,13"
3071494,"Amber Lehman
",1,0.0,69,730,"3,77"
5001654,"J.H. Trumble
",1,,979,7152,"4,08"
179612,"Carol Plum-Ucci
",0,0.0,1211,11774,"3,88"
161133,"Ellen Wittlinger
",0,0.0,2139,21451,"3,68"
53974,"Alex   Sanchez
",1,334.0,1976,37007,"3,88"
1304838,"Bill Konigsberg
",1,0.0,3580,32028,"3,93"
53984,"Brent Hartinger
",1,0.0,2587,28929,"3,72"
51424,"James Howe
",1,0.0,6315,114151,"3,87"
1217665,"Hannah Moskowitz
",0,0.0,4732,23332,"3,78"
20,"Dale Peck
",1,0.0,576,5994,"3,69"
110982,"Peter Cameron
",1,0.0,2365,17570,"3,73"
2821144,"Ellen Hopkins
",0,0.0,32698,494309,"4,23"
7577278,"Adam Silvera
",1,0.0,22585,105081,"4,08"
9072,"Francesca Lia Block
",0,0.0,10918,124254,"3,8"
65944,"Steve Kluger
",1,0.0,2350,14973,"4,13"
1233886,"Brian Katcher
",1,0.0,1802,13693,"3,8"
7258893,"Michael Barakiva
",1,254.0,975,10450,"3,89"
13139,"Rachel Cohn
",0,0.0,17163,198042,"3,69"
2753954,"Nick Burd
",1,0.0,788,11429,"3,93"
6538605,"Alex London
",1,0.0,2342,13411,"3,92"
2889003,"Nina LaCour
",0,,15667,102126,"3,86"
56370,"Michael Thomas Ford
",1,0.0,2546,26793,"3,85"
26891,"Sara Ryan
",1,0.0,1637,22839,"3,74"
3130410,"Shaun David Hutchinson
",1,0.0,8112,40503,"4,08"
1651879,"A.S. King
",1,0.0,13867,91237,"3,87"
7327341,"Mackenzi Lee
",0,,14782,65068,"4,16"
4916529,"Emily M. Danforth
",0,0.0,3122,27134,4
37048,"Perry Moore
",1,0.0,1559,23711,"4,06"
176372,"Madeline Miller
",0,0.0,25826,184334,"4,32"
47640,"Nancy Garden
",0,0.0,2218,45172,"3,95"
4841310,"Benjamin Alire Sáenz
",1,0.0,30144,198960,"4,32"
7044750,"Lenora Henson
",0,0.0,55,510,"4,23"
9432,"Joanne Harris
",0,14.0,16135,225768,"3,84"
3299,"Salman Rushdie
",1,581.0,22614,298680,"3,83"
107170,"Jo Walton
",0,14.0,9612,50879,"3,76"
3502,"Alice Hoffman
",1,0.0,51841,503487,"3,81"
9334,"Nicholas Christopher
",1,0.0,1037,7085,"3,88"
2313,"Louis de Bernières
",1,133.0,6201,107860,"3,96"
3046613,"Ransom Riggs
",1,0.0,88387,1120595,"3,96"
2238,"Isabel Allende
",0,661.0,38047,631310,"3,95"
3354,"Haruki Murakami
",1,118.0,136321,1876406,"3,95"
25824,"Julio Cortázar
",1,32.0,5880,107165,"4,23"
27500,"Angela Carter
",0,14.0,6332,81406,"3,95"
2960227,"Robin Sloan
",1,0.0,28643,188949,"3,75"
26417,"Karen Russell
",0,0.0,12860,84939,"3,44"
2839569,"Erick Setiawan
",1,667.0,1058,6577,"3,76"
7380,"Alice Walker
",0,0.0,16059,522477,"4,17"
18752,"Gloria Naylor
",0,0.0,1478,32357,"4,12"
80824,"Milorad Pavić
",1,670.0,615,10736,"4,06"
51589,"Chitra Banerjee Divakaruni
",0,581.0,8928,85694,"3,82"
1113469,"Hermann Hesse
",1,127.0,27126,785921,"4,03"
4937879,"Téa Obreht
",0,670.0,10232,81917,"3,39"
32549,"W.P. Kinsella
",1,8.0,1294,18070,"3,94"
13450,"Gabriel García Márquez
",1,675.0,62984,1381247,"3,96"
52683,"Jorge Amado
",1,261.0,2238,38728,"4,01"
15393,"Daniel Wallace
",1,0.0,2414,21834,"3,66"
52458,"Luis Alberto Urrea
",1,334.0,5543,33039,"4,02"
22099,"John     Nichols
",1,0.0,586,11376,"4,01"
815,"Carlos Ruiz Zafón
",1,525.0,51179,620424,"4,12"
749461,"Günter Grass
",1,681.0,2816,52659,"3,83"
6441917,"Leslye Walton
",0,,7219,32665,"4,04"
21778,"Juan Rulfo
",1,334.0,3258,51196,"4,1"
4823432,"Eowyn Ivey
",0,,15401,112024,"3,99"
197,"Tom Robbins
",1,0.0,14196,321064,"3,97"
8925,"Rudolfo Anaya
",1,0.0,2534,28296,"3,77"
9399,"Jeanette Winterson
",0,14.0,14754,183436,"3,85"
5285,"Aimee Bender
",1,0.0,13315,84808,"3,43"
155517,"Italo Calvino
",1,46.0,15872,234920,"4,04"
52074,"John Crowley
",1,0.0,3367,29179,"3,82"
6466778,"Helene Wecker
",0,,11386,83729,"4,11"
55215,"Junot Díaz
",1,692.0,28953,325284,"3,88"
8146,"Mark Helprin
",1,0.0,7126,48224,"3,74"
811,"Yann Martel
",1,525.0,50945,1208548,"3,88"
286014,"Ki Longfellow
",0,0.0,1298,13214,"4,2"
2617,"Jonathan Safran Foer
",1,0.0,39903,602836,"3,97"
566874,"Sarah Addison Allen
",0,0.0,36020,291471,"3,96"
500,"Jorge Luis Borges
",1,698.0,11766,200780,"4,32"
4370565,"Erin Morgenstern
",0,0.0,61310,552436,"4,04"
3873,"Mikhail Bulgakov
",1,700.0,12715,272100,"4,25"
4694,"Laura Esquivel
",0,334.0,9096,316063,"3,92"
7151973,"Pepper Winters
",0,,26337,226260,"4,22"
5829056,"Amy Harmon
",0,0.0,26025,190513,"4,31"
6554504,"Madeline Sheehan
",1,,12179,124931,"4,2"
7121791,"Brittainy C. Cherry
",1,0.0,18180,135591,"4,26"
5131072,"Aleatha Romig
",0,0.0,22339,167400,"4,23"
6550037,"Kristen Proby
",0,0.0,24955,393167,"4,18"
6546441,"Katie Ashley
",0,0.0,14434,213089,"4,03"
4851199,"Tijan
",1,,27176,375403,"4,18"
63898,"Julia Quinn
",0,0.0,34399,628253,"3,98"
4175419,"Darynda Jones
",0,0.0,33509,342384,"4,28"
6887119,"Vi Keeland
",0,0.0,37639,371095,"4,14"
6994731,"Renee Carlino
",0,,11044,77128,"4,06"
6896405,"C.D. Reiss
",0,0.0,17392,162121,"4,13"
7374424,"Aly Martinez
",0,0.0,14102,99558,"4,23"
7539785,"Rebecca Yarros
",0,,4626,37679,"4,27"
8034143,"Leisa Rayven
",1,53.0,7066,45749,"4,12"
7759811,"L.A. Casey
",0,79.0,7588,94259,"4,17"
8058866,"Claudia Connor
",0,,3824,33677,"4,16"
7215619,"Aurora Rose Reynolds
",0,0.0,21562,278826,"4,18"
73977,"Lisa Renee Jones
",0,,22765,195499,"4,11"
6950682,"Sawyer Bennett
",0,0.0,30926,275022,"4,09"
4785031,"Karina Halle
",0,8.0,35693,283227,"4,06"
5622223,"L.H. Cosway
",1,,14522,116249,"4,06"
5997227,"Penny Reid
",0,,33978,322717,"4,12"
6576110,"Jodi Ellen Malpas
",0,14.0,24091,334481,"4,23"
6452845,"Alessandra Torre
",1,0.0,24854,189785,"4,05"
6574132,"R.K. Lilley
",0,0.0,18167,317667,"4,2"
7056935,"Krista Ritchie
",1,,15006,117010,"4,21"
7226675,"Helena Hunting
",0,8.0,18790,145861,"4,12"
6875794,"Jay Crownover
",0,0.0,24586,297019,"4,14"
7105545,"Penelope Ward
",0,0.0,37489,340754,"4,1"
7753662,"Corinne Michaels
",0,0.0,13613,111774,"4,24"
223343,"Joanna Wylde
",0,,13909,169745,"4,18"
6994378,"Mia Sheridan
",1,0.0,27907,241550,"4,24"
6983012,"Belle Aurora
",0,53.0,16006,141686,"4,13"
5769238,"T.M. Frazier
",0,0.0,20712,157492,"4,35"
6556689,"Christina Lauren
",1,,45679,547043,"4,11"
1935000,"Elle Kennedy
",0,,42500,426868,"4,13"
7047863,"K. Bromberg
",1,0.0,22678,227671,"4,38"
6551005,"Emma Chase
",0,0.0,32362,318817,"4,11"
6476625,"Kylie Scott
",1,53.0,24439,248210,"4,13"
11633,"Sharon Creech
",1,0.0,20987,275264,"3,95"
5735,"Anthony Burgess
",1,14.0,14357,580321,4
881203,"Willa Cather
",0,0.0,15811,220375,"3,82"
15905,"Thomas Hardy
",1,133.0,22425,541230,"3,84"
239579,"Charles Dickens
",1,133.0,79480,2786122,"3,88"
7508,"Ralph Ellison
",1,0.0,5411,145526,"3,86"
13661,"Victor Hugo
",1,86.0,23152,836876,"4,12"
903,"Homer
",1,750.0,17884,1168672,"3,79"
1194527,"Mary Ann Shaffer
",0,0.0,47503,505908,"4,15"
10074,"Ellen Raskin
",0,0.0,9640,144625,"4,02"
15151,"Zora Neale Hurston
",0,0.0,13661,256404,"3,92"
16904,"Richard Bach
",1,0.0,10019,259270,"3,89"
11679,"Elizabeth Gilbert
",0,0.0,77808,1569388,"3,57"
3541,"Barbara Kingsolver
",0,0.0,68565,1187197,4
1461,"Gustave Flaubert
",1,86.0,11022,252549,"3,68"
585,"John Steinbeck
",1,0.0,89528,3248145,"3,92"
1244,"Mark Twain
",1,0.0,41978,2161241,"3,86"
3345,"Joseph Conrad
",1,700.0,19134,502016,"3,5"
4711,"Sue Monk Kidd
",0,0.0,58284,1328173,"4,01"
589,"Orson Scott Card
",1,0.0,99314,2382610,"4,08"
8120,"Arthur  Miller
",1,0.0,12896,488203,"3,57"
3617,"Diana Gabaldon
",1,0.0,110621,2019126,"4,27"
8051,"Chinua Achebe
",1,765.0,13784,269688,"3,66"
1240,"Jack London
",1,0.0,20710,630200,"3,94"
7285,"Ken Kesey
",1,0.0,10607,575426,"4,19"
1455,"Ernest Hemingway
",1,0.0,64086,1797836,"3,83"
1838,"Geoffrey Chaucer
",1,133.0,4343,202718,"3,54"
15481463,"William Paul Young
",1,8.0,33615,490055,"3,75"
3618,"Philip Pullman
",1,14.0,52952,1992793,"4,01"
7717,"Richard  Adams
",1,14.0,13921,361729,"4,04"
3137322,"Fyodor Dostoyevsky
",1,110.0,51605,1217996,"4,18"
957894,"Albert Camus
",1,774.0,30650,876454,"3,99"
7195,"John Boyne
",1,79.0,37826,496967,"4,13"
2493,"Lois Lowry
",1,0.0,106251,2299040,"4,08"
24556,"Sara Gruen
",0,8.0,70761,1328666,"4,04"
316,"Alice Sebold
",1,0.0,48229,1929360,"3,77"
566,"Paulo Coelho
",1,261.0,116300,2604492,"3,75"
11139,"Mary Wollstonecraft Shelley
",0,133.0,27543,1022568,"3,78"
11072,"Daniel Keyes
",1,0.0,15642,422809,"4,11"
4191,"Emily Brontë
",0,14.0,31183,1166074,"3,84"
1943477,"Kathryn Stockett
",0,0.0,81105,1832678,"4,46"
1050,"Mark Haddon
",1,14.0,46596,1085109,"3,84"
7799,"Nathaniel Hawthorne
",1,0.0,19571,732441,"3,43"
1020792,"Antoine de Saint-Exupéry
",1,86.0,32810,1084018,"4,29"
947,"William Shakespeare
",1,14.0,96129,5610278,"3,86"
11466,"Markus Zusak
",1,53.0,118502,1666012,"4,34"
3706,"George Orwell
",1,581.0,113504,5116553,"4,05"
1049,"Elie Wiesel
",1,790.0,29282,882822,"4,3"
819789,"J.D. Salinger
",1,0.0,62585,2736627,"3,83"
1036615,"Charlotte Brontë
",0,14.0,42102,1540631,"4,09"
306,"William Golding
",1,14.0,32593,1886598,"3,66"
3720,"Anne Frank
",0,127.0,25026,2373531,"4,12"
762707,"S.E. Hinton
",0,0.0,31939,849194,"4,06"
3190,"F. Scott Fitzgerald
",1,0.0,77166,3527100,"3,89"
1825,"Harper Lee
",0,0.0,108376,4024620,"4,22"
4012,"Wilkie Collins
",1,14.0,13829,222740,"3,92"
16291,"Peter Tremayne
",1,14.0,2613,61038,"4,18"
2408,"Ian McEwan
",1,14.0,55925,831071,"3,73"
53535,"Will Thomas
",1,0.0,1848,17125,"4,01"
2931,"Ruth Downie
",0,,2110,18687,"3,91"
39412,"Michael Cox
",1,14.0,1756,16420,"3,87"
9343,"Kate Mosse
",1,14.0,8327,93529,"3,64"
22067,"C.S. Harris
",0,,5994,65345,"4,15"
16549,"Elizabeth Peters
",0,0.0,15148,288567,"4,05"
57428,"Margaret Frazer
",1,0.0,1277,20609,"4,01"
8361,"Dorothy Dunnett
",0,14.0,3121,43251,"4,41"
40398,"Arturo Pérez-Reverte
",1,525.0,8093,126255,"3,77"
34589,"Boris Akunin
",1,810.0,3018,67275,4
335919,"Karen Maitland
",0,,2589,21057,"3,8"
8054971,"Victoria Dougherty
",0,0.0,164,754,"3,69"
156327,"Deanna Raybourn
",0,0.0,12209,106378,"3,97"
1730,"Umberto Eco
",1,814.0,19579,482427,"3,94"
167047,"Tasha Alexander
",1,,6501,66668,"3,84"
6760,"Laurie R. King
",0,0.0,24882,299443,"4,04"
20850,"Walter Mosley
",1,0.0,11376,111020,"3,89"
4784416,"Shelley Gray
",1,0.0,1256,7851,"3,86"
85989,"Bruce Alexander
",1,0.0,733,10613,"4,04"
201535,"Kate Ross
",1,,745,10097,"4,09"
1169504,"A.S. Byatt
",0,14.0,15401,272630,"3,85"
24655,"Sharon Kay Penman
",0,0.0,7734,111330,"4,22"
520296,"Charles Finch
",1,,5294,45119,"3,85"
49612,"Ariana Franklin
",0,14.0,6363,64346,"3,99"
27874,"David Liss
",1,0.0,5220,46034,"3,79"
4046,"Ellis Peters
",0,14.0,6704,144110,"4,05"
80212,"C.J. Sansom
",1,14.0,9612,130710,"4,18"
14469,"Lauren Willig
",0,,13666,126799,"3,82"
42919,"Steven Saylor
",1,0.0,5850,79041,"3,92"
1421619,"Jamie Ford
",1,0.0,24466,270635,"3,97"
131,"Charles Todd
",1,,14947,143891,"3,94"
615274,"Kate Morton
",0,53.0,57636,539058,"4,05"
5023,"Jacqueline Winspear
",0,14.0,26431,274884,"4,01"
202867,"Rhys Bowen
",1,14.0,21951,268475,"3,92"
25334,"Sarah Waters
",0,14.0,23571,258137,"3,75"
6247,"Matthew Pearl
",1,0.0,6125,66056,"3,46"
575,"Robert   Harris
",1,14.0,15788,193489,"3,92"
981834,"Tom Rob Smith
",1,14.0,10770,108542,"3,93"
24844,"Lindsey Davis
",0,14.0,4355,70784,"4,01"
6331,"Anne Perry
",0,14.0,24539,438729,4
27779,"Caleb Carr
",1,0.0,9913,189601,"3,99"
9833,"Iain Pears
",1,14.0,4164,45465,"3,83"
1074866,"Alan Bradley
",1,8.0,41783,339251,"3,96"
39402,"Patrick Süskind
",1,127.0,13827,284065,"3,99"
44023,"Josephine Tey
",0,14.0,5663,59797,"3,95"
22665,"Diane Setterfield
",0,14.0,25229,264160,"3,91"
5918,"Elizabeth Kostova
",0,0.0,21445,264518,"3,75"
27498,"Erin Hunter
",0,,28391,782385,"4,35"
16961,"Linda Howard
",0,0.0,20963,402876,"3,92"
861,"Jean M. Auel
",0,0.0,15485,451562,"3,93"
8072579,"Layla Wolfe
",0,0.0,834,2971,"3,82"
8381790,"Max Cummings
",1,0.0,83,206,"4,13"
23129,"Robertson Davies
",1,8.0,3114,57566,"4,11"
30830,"Judith Guest
",1,0.0,1076,18355,"3,87"
6878,"John Updike
",1,0.0,15497,244497,"3,8"
16747,"Robert Musil
",1,856.0,1079,17038,"4,03"
6356,"Barack Obama
",1,0.0,12950,301127,"3,81"
3371,"Dave Eggers
",1,0.0,61540,609811,"3,71"
6281688,"David McCullough
",1,0.0,28433,645256,"4,08"
380,"Eric Schlosser
",1,0.0,8025,211927,"3,76"
2522,"Zadie Smith
",0,14.0,22192,271882,"3,66"
13974,"Mark Z. Danielewski
",1,0.0,11512,120960,"4,05"
7844,"Richard Russo
",1,0.0,17591,220364,"3,9"
18907,"Gregory David Roberts
",1,53.0,12392,142933,"4,24"
93353,"Abraham   Verghese
",1,865.0,32127,378795,"4,28"
2633,"Nicole Krauss
",0,0.0,14402,142073,"3,81"
2578,"Jonathan Franzen
",1,0.0,29978,356262,"3,73"
798,"Steven D. Levitt
",1,0.0,23098,766903,"3,94"
6538289,"David Mitchell
",1,14.0,50728,469195,"3,94"
713,"Lisa See
",1,86.0,45775,623502,"3,98"
2715,"Michael Chabon
",1,0.0,35891,412277,"3,89"
5869,"Erik Larson
",1,0.0,59644,723251,"3,96"
7136914,"Ann Patchett
",0,0.0,58747,642830,"3,85"
1467,"Jeffrey Eugenides
",1,0.0,57965,1555072,"3,97"
5325,"Carol Ryrie Brink
",0,0.0,1950,46655,"4,01"
37766,"Gary Jennings
",1,0.0,1488,26689,"4,09"
16272,"Michel Faber
",1,877.0,14042,192593,"3,85"
7995,"James A. Michener
",1,0.0,9900,275680,"4,13"
12542,"Bernard Cornwell
",1,14.0,26140,618432,"4,2"
5657,"Gore Vidal
",1,0.0,4866,73778,"3,91"
1040250,"M.M. Kaye
",0,581.0,3509,63288,"4,16"
29182,"Patricia MacLachlan
",0,0.0,7991,99448,"3,82"
3075,"John Irving
",1,0.0,37287,875847,"3,99"
5600,"Patrick O'Brian
",1,14.0,10172,239403,"4,31"
16204,"Edward Rutherfurd
",1,14.0,9991,141650,"4,05"
10039,"John Fowles
",1,14.0,7647,143385,"3,94"
3620,"Kathleen Winsor
",0,0.0,1051,16051,"3,98"
5768,"John Jakes
",1,0.0,3708,153664,"4,11"
4917067,"Colleen McCullough
",0,53.0,10661,379174,"4,17"
6417,"James Clavell
",1,53.0,6749,265892,"4,29"
269069,"Michelle Moran
",0,0.0,10900,110566,"4,06"
15830,"Sarah Dunant
",1,14.0,8101,136932,"3,77"
8842,"Susanna Clarke
",0,14.0,14708,204352,"3,85"
4345,"Walter Scott
",1,894.0,4109,108531,"3,74"
58851,"Hilary Mantel
",0,14.0,25470,232904,"3,93"
2226,"Alan Brennert
",1,0.0,12053,118747,"4,11"
12833,"Irving Stone
",1,0.0,3919,112357,"4,09"
6125,"Fannie Flagg
",1,0.0,23495,401013,"4,12"
28186,"Anthony Doerr
",1,0.0,68223,787718,"4,31"
44605,"Donna Woolfolk Cross
",0,0.0,4330,60705,"4,07"
2893961,"Emmuska Orczy
",0,901.0,6741,122634,"4,05"
19708,"Leon Uris
",1,0.0,4876,192729,"4,22"
18930,"Anya Seton
",0,0.0,3481,48572,"4,05"
4030,"Michael Ondaatje
",1,904.0,14805,201657,"3,8"
3012988,"Robert Graves
",1,14.0,5659,131781,"4,13"
4785,"Alexandre Dumas
",1,906.0,29771,1093002,"4,16"
7130,"Charles Frazier
",1,0.0,9849,233764,"3,82"
1055,"Larry McMurtry
",1,0.0,13847,258160,"4,17"
626222,"Anita Diamant
",0,0.0,30338,576767,"4,09"
4037220,"Miguel de Cervantes Saavedra
",1,525.0,7721,209787,"3,86"
26242,"Harriet Beecher Stowe
",1,0.0,7198,181591,"3,86"
4116,"Erich Maria Remarque
",1,127.0,11236,401395,"4,04"
128382,"Leo Tolstoy
",1,913.0,45386,1001369,"4,04"
18479,"Margaret Wise Brown
",0,0.0,9392,366077,"4,22"
5152,"Vladimir Nabokov
",1,110.0,38261,1004318,"3,88"
3167,"Joseph Heller
",1,0.0,16837,668328,"3,96"
61105,"Dr. Seuss
",1,0.0,49090,2751433,"4,24"
4489,"Maurice Sendak
",1,0.0,18465,948611,"4,2"
3565,"Oscar Wilde
",1,79.0,45814,1430478,"4,09"
8164,"Lewis Carroll
",1,14.0,27304,1123609,"4,06"
435477,"Shel Silverstein
",1,0.0,34235,2427113,"4,33"
4174,"Sherman Alexie
",1,0.0,35946,341936,"4,07"
12950,"Wendelin Van Draanen
",0,0.0,13783,152159,"4,03"
2713,"E.L. Konigsburg
",0,0.0,10551,225340,"4,03"
410653,"Astrid Lindgren
",0,1.0,7997,305176,"4,17"
3681,"Ann Brashares
",0,0.0,28117,904961,"3,77"
214,"Norton Juster
",1,0.0,10771,223165,"4,2"
5350,"L.M. Montgomery
",0,8.0,43696,1396472,"4,2"
153734,"Ellen Schreiber
",1,,8239,264386,"3,98"
548551,"Anna Godbersen
",0,0.0,11621,165113,"3,76"
14617,"Margaret Peterson Haddix
",0,0.0,29355,492417,"3,98"
6085,"Erica Jong
",0,0.0,3029,31558,"3,54"
39326,"Heinrich Böll
",1,127.0,3121,50124,"3,88"
6941,"Peter Straub
",1,0.0,14568,383918,"4,02"
26946,"Mildred D. Taylor
",0,0.0,5683,123186,"3,85"
9068,"Sidney Sheldon
",1,0.0,16261,527886,"3,82"
9020,"Herman Wouk
",1,0.0,5096,118584,"4,28"
7385,"Chaim Potok
",1,0.0,8584,148790,"4,08"
7779,"Arthur C. Clarke
",1,14.0,28154,937059,"3,96"
7927,"Norman Mailer
",1,0.0,4528,68246,"3,82"
9629,"Terry Brooks
",1,0.0,19553,726589,"3,96"
157779,"Wallace Stegner
",1,0.0,11774,110717,"4,16"
24824,"Jon Stone
",1,0.0,2946,117234,"4,44"
3083854,"Tom Wolfe
",1,0.0,10955,228533,"3,85"
7308,"Susan Cooper
",0,14.0,8614,204385,"4,04"
4820,"Jeffrey Archer
",1,14.0,33535,647044,"4,01"
12942,"Judy Blume
",0,0.0,33592,802447,"3,87"
31457,"James Dickey
",1,0.0,1642,31772,"3,86"
6569,"Louis Sachar
",1,0.0,29352,1095844,"3,97"
1260,"Michel Foucault
",1,86.0,3478,88489,"4,11"
137261,"Barbara W. Tuchman
",1,0.0,4579,94203,"4,12"
6343,"Milan Kundera
",1,952.0,24340,481884,"4,01"
4026,"Pablo Neruda
",1,3.0,6107,120384,"4,32"
12447,"Arnold Lobel
",1,0.0,5186,221696,"4,23"
235,"Thomas Pynchon
",1,0.0,15189,189399,"3,85"
11882,"Erma Bombeck
",0,0.0,1634,38909,"4,11"
36714,"Frederick Forsyth
",1,14.0,7325,289269,"4,07"
15445,"Carl Bernstein
",1,0.0,2016,50900,"4,15"
16770310,"Edward W. Said
",1,959.0,2863,45311,"4,11"
16892,"Michael Shaara
",1,0.0,4674,72338,"4,31"
58918,"Helene Hanff
",0,0.0,6499,43179,"4,17"
12584,"E.L. Doctorow
",1,0.0,8625,93615,"3,77"
7287,"Iris Murdoch
",0,79.0,4502,60037,"3,82"
28828,"Vincent Bugliosi
",1,0.0,4317,124473,"4,01"
1411964,"John le Carré
",1,14.0,23705,362612,"3,92"
401,"Robert M. Pirsig
",1,0.0,7810,177766,"3,77"
104728,"William Peter Blatty
",1,0.0,4773,168043,"4,12"
43443,"Dee Brown
",1,0.0,3132,54063,"4,21"
5237,"Hunter S. Thompson
",1,0.0,12156,438903,"4,03"
5333630,"Sangu Mandanna
",0,,1012,6228,"3,9"
5447785,"Sarah M. Ross
",0,0.0,518,3295,"3,8"
4824985,"Jennifer Malone Wright
",0,,1610,13622,"4,02"
6443493,"Tiffany A. White
",0,0.0,12,38,"3,61"
4700629,"Jenna Kay
",1,0.0,91,321,"4,2"
1530940,"Ella James
",0,0.0,7905,73024,"3,87"
1415543,"Saundra Mitchell
",0,0.0,4155,22086,"3,77"
5020443,"Alivia Anders
",0,0.0,389,1940,"3,86"
4529674,"Rue Volley
",0,0.0,1490,6458,"3,99"
5038699,"Alexia Purdy
",0,334.0,3091,19755,"3,94"
5169670,"Melissa Turner Lee
",1,,361,910,"3,95"
5045548,"Crystal Cattabriga
",1,0.0,175,399,"4,01"
6542656,"Karen  Prince
",0,434.0,96,646,"4,17"
5445209,"Christy Sloat
",0,0.0,898,2684,"3,99"
1428675,"Beth Fantaskey
",1,,5353,62066,"3,84"
6470511,"A.K. Morgen
",0,0.0,119,575,"3,83"
5308881,"Rebecca Gober
",0,0.0,674,7716,"3,93"
6576193,"A.J. Lape
",0,0.0,336,1306,"4,21"
5773867,"Krystal Wade
",1,0.0,757,2506,"3,81"
4887264,"Nicole  Williams
",0,0.0,17650,264516,"4,05"
5823058,"Airicka Phoenix
",0,8.0,2340,20285,"3,97"
4889188,"Willow Cross
",0,0.0,718,2766,"3,9"
5298677,"Cambria Hebert
",0,,10870,94525,"4,15"
6469948,"A.O. Peart
",0,,798,3196,"3,8"
4601855,"Jessica Sorensen
",0,0.0,33459,544114,"4,07"
6245296,"Nadège Richards
",0,0.0,189,450,"4,16"
6476392,"Shanora Williams
",0,0.0,4872,45242,"4,03"
3228055,"Myra McEntire
",1,,10936,64116,"3,76"
18880,"Marta Acosta
",0,0.0,1448,10262,"3,65"
4906436,"Gennifer Albin
",0,,4259,31157,"3,71"
345630,"Carrie Jones
",0,1000.0,8945,154454,"3,88"
165105,"Janet Lee Carey
",1,0.0,1715,16774,"3,82"
4864330,"Sarah Crossan
",0,,6755,45407,"3,89"
4629065,"Amber Argyle
",0,0.0,1597,9911,"3,85"
4662744,"Heather Anastasiu
",0,0.0,1513,12889,"3,84"
806500,"Syrie James
",0,0.0,3611,24432,"3,8"
5249972,"Ruth Frances Long
",0,79.0,757,5788,"3,8"
4499623,"Susan Dennard
",0,0.0,12611,70809,"3,87"
6527314,"Tabatha Vargo
",0,0.0,4022,39730,"4,02"
6458922,"Candace Knoebel
",0,0.0,775,4486,"3,93"
4864634,"C.J. Redwine
",0,0.0,6924,56188,"3,78"
5816255,"Melissa Andrea
",1,0.0,1304,10878,"4,02"
40593,"Gabrielle Zevin
",0,0.0,38456,298437,"3,91"
5194,"Michael Crichton
",1,0.0,52434,2166751,"3,82"
5099267,"Lance Morcan
",1,66.0,722,3832,"3,99"
4721318,"S.M. Reine
",1,0.0,5913,86435,"4,03"
8166,"Lawrence Durrell
",1,581.0,2236,30481,"4,04"
25,"Patricia A. McKillip
",0,0.0,8151,133279,"3,99"
323656,"Akira Himekawa
",1,,1644,27067,"4,35"
21616,"Ann M. Martin
",0,0.0,20845,415775,"3,83"
3119,"Paul Scott
",1,14.0,883,12813,"4,16"
1370283,"Brent Weeks
",1,0.0,18087,526244,"4,28"
34408,"Rand Miller
",1,0.0,522,12442,"4,05"
5295294,"Rebecca  Hamilton
",0,0.0,2464,13144,"3,91"
22018,"Mervyn Peake
",1,238.0,8967,305200,"3,82"
16667,"Isaac Asimov
",1,110.0,46552,1713700,"4,15"
1879,"Franklin W. Dixon
",1,,5927,182361,"3,83"
5816,"Darren Shan
",1,14.0,20556,496178,"4,18"
58846,"Laurie Faria Stolarz
",0,0.0,7939,117495,"3,93"
3441,"Terry Goodkind
",1,0.0,21729,908724,"4,01"
82969,"Ken Akamatsu
",1,118.0,1017,65459,"3,98"
5293,"Robert Ludlum
",1,0.0,14343,944028,"3,99"
14033,"Winston S. Churchill
",1,14.0,2234,30980,"4,27"
9876,"John Milton
",1,133.0,4292,141162,"3,84"
8158089,"Katie de Long
",1,,275,1477,"3,69"
403,"Beverly Cleary
",0,0.0,17256,737371,"3,99"
7419,"John Galsworthy
",1,14.0,1757,30298,"4,11"
3619,"Roger Zelazny
",1,0.0,20732,618504,"4,07"
26897,"Anne Bishop
",0,0.0,22227,339428,"4,22"
50873,"L.J. Smith
",0,0.0,31879,962014,"3,89"
26306,"Natsuki Takaya
",0,118.0,7675,442159,"4,37"
81466,"A.A. Milne
",1,14.0,9288,469878,"4,35"
5300,"Laura Ingalls Wilder
",0,0.0,22463,1049245,"4,18"
2448,"Arthur Conan Doyle
",1,894.0,50588,1622675,"4,2"
7738947,"Sarah  Robinson
",0,0.0,2244,7110,"3,94"
4693312,"Amalie Howard
",0,,1138,3649,"3,77"
7146498,"Adrian Mendoza
",1,0.0,11,48,"3,92"
6550279,"Cyma Rizwaan Khan
",1,,117,334,"3,6"
5361693,"Lanie Bross
",0,0.0,340,1842,"3,33"
4519247,"Livia Blackburne
",0,,1863,13846,"3,78"
7112593,"Sarah Harian
",0,0.0,267,1191,"3,84"
7849515,"Julie Harvey Delcourt
",1,,16,54,"3,74"
8077080,"Mario  Giordano
",1,127.0,717,3506,"3,49"
7731270,"B.R. Maul
",1,0.0,29,111,"3,97"
7731179,"Regan Claire
",1,,158,1076,"4,05"
6518370,"Whitney G.
",0,0.0,22538,222569,"4,04"
8184276,"M.Sean Coleman
",1,14.0,71,271,"4,03"
6420147,"Lindsay  Smith
",0,0.0,1812,8013,"3,67"
5028484,"Michelle Madow
",0,0.0,3589,22521,"3,9"
6451574,"Jennifer Rae Gravely
",0,0.0,35,75,"4,25"
6588802,"Christina  Farley
",0,0.0,813,5526,"3,58"
36346,"Jennifer Donnelly
",0,0.0,19310,164692,"4,04"
7091425,"Vicki L. Weavil
",1,0.0,160,852,"3,53"
7349685,"Vanessa Garden
",0,53.0,367,2251,"3,86"
6166668,"Tracy Clark
",0,0.0,302,939,"3,74"
6863455,"Luca  Rossi
",1,814.0,365,1201,"3,89"
8031974,"Charity Tinnin
",0,0.0,18,53,"4,32"
5805745,"Craig  MacLachlan
",1,0.0,8,26,"4,69"
7751265,"Theresa Kay
",0,0.0,657,3076,"4,06"
37249,"Bella Andre
",0,0.0,14497,244970,"4,07"
5758689,"Amalia Dillin
",0,,230,1008,"4,01"
3009541,"Jaclyn Dolamore
",0,0.0,1939,12324,"3,56"
4146484,"Chris Weitz
",1,0.0,858,5016,"3,48"
6423161,"Martina Boone
",1,952.0,1117,4889,"3,94"
4563332,"S.L. Duncan
",0,,22,111,"3,78"
6941559,"Scarlett Edwards
",1,,2093,27048,"3,89"
8159417,"Stormy Smith
",0,0.0,704,5119,"3,99"
4398628,"C.J. Wells
",0,8.0,185,769,"4,17"
5831672,"Natalie C. Parker
",1,,2164,9037,"3,81"
8180726,"David        Cook
",1,14.0,135,675,"4,29"
6993187,"AdriAnne Strickland
",0,0.0,366,1620,"3,82"
7874735,"Bryen O'Riley
",0,,5,24,"4,54"
6571021,"J.C. Valentine
",0,0.0,4161,16828,"3,99"
6581207,"Jessica  Keller
",0,0.0,113,353,"4,14"
484627,"Kimberley Griffiths Little
",0,0.0,1101,5542,"4,03"
143691,"Ilsa J. Bick
",1,,6219,47319,"3,85"
5370827,"H. Paul Honsinger
",1,0.0,622,10947,"4,2"
7012378,"Anne Blankman
",0,0.0,2073,10223,"4,03"
7141820,"Lola Stark
",0,53.0,1173,14528,4
6612545,"Stephanie  Diaz
",0,0.0,251,1101,"3,59"
3153008,"Melissa Petreshock
",0,0.0,69,347,"3,52"
7315430,"S.E. Green
",0,,789,3555,"3,73"
7471427,"Kimberly Afe
",0,,73,497,"3,52"
7150198,"Stacey Nash
",0,53.0,190,861,"3,62"
5779555,"Carina King
",1,0.0,8,83,"3,66"
2132743,"T.J. Dixon
",1,14.0,54,1285,4
7074741,"M.G. Buehrlen
",0,0.0,296,1442,"3,93"
6551789,"Blakely Bennett
",1,0.0,596,2874,"3,87"
5815432,"Michelle Krys
",1,,1214,6167,"3,63"
6541831,"A. Lynden Rolland
",0,,81,280,"3,94"
7734428,"Karen  Lynch
",0,8.0,3743,47433,"4,42"
7873610,"Lucian Bane
",1,,4386,18767,"4,24"
5805483,"Lindsay Cummings
",0,0.0,4155,16641,"3,6"
4879423,"Sam Crescent
",0,14.0,10000,156604,"3,86"
6567432,"Jayna Vixen
",0,0.0,293,6224,"3,83"
7058694,"Laramie Briscoe
",0,0.0,4904,33236,"4,13"
7372898,"Susan Fanetti
",0,1106.0,4308,34782,"4,17"
6980925,"Chelsea Camaron
",0,0.0,6880,48855,"4,09"
7178194,"Bella Jewel
",1,,16822,190749,"4,1"
2771724,"Kelly Jamieson
",0,,5932,44260,"3,87"
7127521,"Jamie Begley
",0,0.0,8650,139143,"4,22"
5752457,"Autumn Jones Lake
",0,0.0,3457,28262,"4,31"
2951194,"Debra Kayn
",0,,1831,18950,"4,02"
6902956,"J.C. Emery
",0,0.0,2037,21912,4
7079478,"H.J. Bellus
",0,0.0,5961,36029,"4,13"
6432984,"C.M. Stunich
",0,,8746,87906,"4,02"
5342916,"Julie Ann Walker
",0,0.0,5473,64009,"4,1"
239128,"Stephanie Tyler
",0,0.0,2327,30766,"3,93"
7074846,"Tillie Cole
",0,14.0,27404,228261,"4,27"
6580884,"Bec Botefuhr
",1,53.0,2123,28537,"4,03"
7171978,"Emily Minton
",0,0.0,3776,42755,"4,03"
8286871,"Cat Porter
",1,0.0,1580,10032,"4,23"
7373567,"Lili St. Germain
",0,53.0,8775,78863,"4,18"
7276454,"Nina  Levine
",0,53.0,8954,79937,"4,19"
5822912,"Victoria Danann
",1,0.0,5061,31936,"4,24"
7341481,"A.C. Bextor
",1,0.0,2454,21803,"4,18"
8219684,"River Savage
",0,,4911,49386,"4,2"
7236200,"Lila Rose
",0,53.0,4424,54444,"4,18"
6553058,"L.A. Fiore
",1,1128.0,4848,53191,"4,06"
7074841,"Kim Jones
",0,0.0,3315,33836,"4,12"
7768203,"Paula Marinaro
",0,0.0,1045,13251,"4,03"
13705141,"Phoenyx Slaughter
",0,0.0,636,6239,"3,97"
8286020,"Bink Cummings
",1,0.0,3327,18881,"4,32"
7056720,"Dawn Martens
",0,8.0,3183,44223,"3,98"
6451625,"Crystal Spears
",0,0.0,2400,31501,"4,03"
6571986,"Nicole  James
",0,,2863,34998,"4,2"
13810432,"Becca Berger
",1,334.0,141,629,"4,3"
1881,"Dave Pelzer
",1,0.0,19586,443249,"4,08"
18,"Gary Paulsen
",1,0.0,29637,419982,"3,77"
8589,"William R. Forstchen
",1,0.0,8769,87776,"3,96"
10420,"Aleksandr Solzhenitsyn
",1,110.0,6401,130580,"4,04"
4187,"Primo Levi
",1,814.0,3877,74667,"4,31"
858,"Louis L'Amour
",1,0.0,12764,292050,"4,02"
8644,"Sylvia Nasar
",0,127.0,1453,114444,"4,12"
18143,"Walter Lord
",1,0.0,2004,28079,"4,05"
10264,"Henry David Thoreau
",1,0.0,7813,216149,"3,86"
63760,"Steven Callahan
",1,0.0,783,14262,"4,1"
24189,"Ishmael Beah
",1,1147.0,10430,149296,"4,14"
17434,"Alex Haley
",1,0.0,3920,144335,"4,42"
102203,"Corrie ten Boom
",0,877.0,9766,243904,"4,42"
1641,"Nathaniel Philbrick
",1,0.0,12359,147860,"4,04"
11193,"Joe Simpson
",1,14.0,1671,48326,"4,19"
1624,"Herman Melville
",1,0.0,19889,534744,"3,53"
2530,"Anna Sewell
",0,14.0,4473,220878,"3,96"
29068,"Dalton Trumbo
",1,0.0,2056,31018,"4,16"
2897630,"Johann David Wyss
",1,1155.0,2204,91508,"3,92"
1235,"Jon Krakauer
",1,0.0,51159,1335867,"4,02"
3347,"Frank McCourt
",1,0.0,15747,560535,"4,04"
40311,"Piers Paul Read
",1,14.0,1466,60790,"4,08"
7565,"William Styron
",1,0.0,4805,114383,"4,12"
6900,"Thomas Keneally
",1,53.0,4079,133540,"4,27"
30913,"Laura Hillenbrand
",0,0.0,48238,766747,"4,35"
2007,"Daniel Defoe
",1,133.0,8094,277393,"3,64"
23509,"Jean Craighead George
",0,0.0,7180,146931,"3,92"
4999,"Scott O'Dell
",1,0.0,9203,288000,"3,8"
4062698,"Olivia Cunning
",0,0.0,16757,277538,"4,08"
38065,"Laura Lee Guhrke
",0,,4548,50219,"3,76"
67038,"Bertrice Small
",0,0.0,2393,68591,"4,07"
24978,"Maya Banks
",0,0.0,41764,727853,"4,01"
226816,"Lauren Dane
",0,,12319,185227,"3,96"
2965489,"Jennifer Probst
",0,,15622,238397,"3,88"
71878,"Deirdre Martin
",0,,1326,38448,"3,8"
50886,"Sabrina Jeffries
",0,0.0,9757,129981,"3,95"
37814,"Madeline Hunter
",0,,4008,52894,"3,85"
6218,"Sandra Brown
",0,0.0,38302,591641,"3,9"
2752928,"Tessa Dare
",0,,22052,203172,"3,9"
51304,"Catherine Anderson
",0,0.0,7782,107508,"4,08"
76405,"Loretta Chase
",0,0.0,8613,105771,"3,88"
86778,"Eloisa James
",0,0.0,20722,244066,"3,83"
8716,"Susan Mallery
",0,,30215,448595,"3,99"
2798441,"Jennifer Lane
",0,0.0,662,2467,"3,84"
104926,"Lorraine Heath
",0,,9798,114351,"3,93"
2614,"Lora Leigh
",0,,22739,549655,"4,11"
92650,"Pamela Clare
",0,0.0,9183,95287,"4,16"
17597,"Lori Foster
",0,,18794,305717,"4,01"
9759,"Mary Balogh
",0,14.0,23702,295364,"3,88"
23294,"Suzanne Enoch
",0,0.0,6196,102606,"3,91"
64364,"Jacquelyn Frank
",1,0.0,6261,132386,"4,1"
16202,"Elizabeth Hoyt
",1,0.0,15225,163751,"3,95"
4443809,"Thea Harrison
",1,,12791,166362,"4,07"
33952,"Rachel Gibson
",0,0.0,9368,214032,"3,89"
541293,"Lorelei James
",1,,15310,244025,"4,19"
83086,"Gaelen Foley
",0,0.0,3627,63456,"3,93"
22370,"Jill Shalvis
",0,,31983,370001,"4,03"
107767,"Robyn Carr
",0,0.0,23263,362974,"4,12"
375143,"Larissa Ione
",0,0.0,16704,290689,"4,24"
9241,"Stephanie Laurens
",0,904.0,11260,240046,"3,97"
29542,"Johanna Lindsey
",0,127.0,13338,370262,"3,99"
1598076,"Sarah MacLean
",0,0.0,17773,186643,"3,97"
3517050,"Sibel Hodge
",0,14.0,3123,37356,"3,93"
568672,"Elizabeth Letts
",1,0.0,2349,14464,"4,14"
179790,"Gwen Cooper
",0,0.0,2397,15822,"4,19"
6467808,"Othen Donald Dale Cummings
",1,0.0,115,602,"4,62"
5895829,"Kim Cano
",0,0.0,215,922,"3,71"
14635,"Robert McCloskey
",1,0.0,4323,185226,"4,19"
41013,"Farley Mowat
",1,8.0,2505,42175,"4,13"
117775,"William H. Armstrong
",1,0.0,1091,26674,"3,96"
18062,"James Herriot
",1,14.0,7834,282518,"4,34"
7043626,"Ian Hutson
",1,14.0,38,337,"4,44"
43889,"Sterling North
",1,0.0,695,12078,"4,11"
16628,"Walter Farley
",1,0.0,2277,152074,"4,13"
217419,"Ted Kerasote
",1,,2007,19547,"4,19"
11593,"Beatrix Potter
",0,14.0,6060,362874,"4,2"
41141,"Albert Payson Terhune
",1,0.0,326,11290,"4,24"
10652,"Marguerite Henry
",0,0.0,3004,127043,"4,09"
18444,"Paul Galdone
",1,901.0,2093,29355,"4,06"
23157,"Dick King-Smith
",1,14.0,2272,30757,"3,94"
136081,"Dian Fossey
",1,0.0,202,17835,"4,17"
5283343,"Tui Allen
",1,66.0,39,135,"4,37"
75867,"John Reynolds Gardiner
",1,0.0,1247,13267,"4,05"
13898,"P.D. Eastman
",1,0.0,4846,328192,"4,16"
1291568,"Stacey O'Brien
",1,,1508,8543,"4,09"
26957,"Gerald Durrell
",1,581.0,4384,67173,"4,21"
6989,"Rudyard Kipling
",1,581.0,12548,334097,"3,94"
327737,"W. Bruce Cameron
",0,0.0,18565,139757,"4,33"
46158,"Marjorie Kinnan Rawlings
",1,0.0,1419,27265,4
8722,"Else Holmelund Minarik
",0,1226.0,1099,90845,"4,25"
6587,"Tad Williams
",1,0.0,11690,336759,4
54711,"Janell Cannon
",1,0.0,1880,106873,"4,23"
5032367,"David R.  Gross
",1,,26,478,"4,16"
1258608,"Eva Saulitis
",0,,66,368,"4,29"
18540,"T.S. Eliot
",1,0.0,6922,208229,"4,17"
89552,"Munro Leaf
",1,0.0,1814,82668,"4,35"
13608,"Phyllis Reynolds Naylor
",0,0.0,7324,146712,"3,93"
988142,"E.B. White
",1,0.0,24713,1466480,"4,14"
75091,"Fred Gipson
",1,0.0,2056,79393,"4,07"
13663,"Kate DiCamillo
",0,0.0,45470,546443,"4,05"
64654,"Sheila Burnford
",0,14.0,892,45100,"4,16"
132350,"Joy Adamson
",0,952.0,361,33560,"4,17"
3843,"Kenneth Grahame
",1,14.0,5711,167602,"3,99"
6412,"Robert C. O'Brien
",1,0.0,4973,172500,"4,1"
8002,"John Grogan
",1,0.0,15689,432007,"4,13"
83846,"Margery Williams Bianco
",0,14.0,3167,201247,"4,29"
6810,"Wilson Rawls
",1,0.0,10712,316140,"4,06"
6581091,"Kelly Elliott
",0,0.0,10865,136841,"4,27"
38569,"Andrzej Sapkowski
",1,681.0,12932,314856,"4,25"
1301649,"L.E. Modesitt Jr.
",1,0.0,5197,186310,"3,99"
1538,"Stephen R. Covey
",1,0.0,12520,523309,"4,07"
15015247,"Michael   Kramer
",1,127.0,30,2215,"4,33"
3956,"Christopher Hitchens
",1,133.0,16759,475366,"4,13"
238,"Joan Didion
",0,0.0,18645,228499,"3,93"
822,"James Frey
",1,0.0,17875,278665,"3,68"
5571,"Lynne Truss
",0,14.0,8889,134227,"3,86"
7491,"Marilynne Robinson
",1,0.0,21255,152262,"3,87"
1194,"Richard Dawkins
",1,155.0,19708,524416,"4,01"
7,"Bill Bryson
",1,0.0,67720,1128355,"4,02"
10089,"Philip José Farmer
",1,0.0,3863,94830,"3,86"
23069,"Gene Wolfe
",1,0.0,11503,185755,"3,97"
16094,"Lois McMaster Bujold
",0,0.0,22528,414557,"4,17"
16496,"Richard K. Morgan
",1,14.0,9518,157906,"3,98"
5807106,"Iain M. Banks
",1,894.0,14117,316535,"4,08"
22996,"Frederik Pohl
",1,0.0,5527,117400,"3,91"
14032,"Connie Willis
",0,0.0,21999,181555,"3,92"
3093075,"Edwin A. Abbott
",1,14.0,3501,46239,"3,82"
44037,"Vernor Vinge
",1,0.0,5300,112954,"4,08"
1858,"Kim Stanley Robinson
",1,0.0,14643,194304,"3,79"
10991,"Stanisław Lem
",1,700.0,6510,126357,"4,03"
696805,"Jules Verne
",1,1267.0,22817,645695,"3,88"
10992,"Alfred Bester
",1,0.0,4511,75741,"4,05"
4007,"Mary Doria Russell
",0,0.0,13334,100791,"4,08"
10538,"Carl Sagan
",1,0.0,11057,355219,"4,23"
4763,"John Scalzi
",1,0.0,48901,600175,"4,02"
9873809,"Sabina Khan
",0,,88,211,"3,87"
17130322,"Erin Hahn
",0,0.0,305,432,"4,15"
8107261,"Nadine Brandes
",0,0.0,1438,3072,"4,17"
17337861,"Gita Trelease
",0,1.0,230,351,"4,12"
4279769,"Ashley Poston
",0,0.0,7602,31208,"4,01"
15455603,"Margaret  Rogerson
",0,,3985,16462,"3,65"
16642745,"Tomi Adeyemi
",0,0.0,13283,64500,"4,23"
7391763,"Mary  Weber
",0,,2321,13709,"3,76"
15269309,"Amanda Foody
",0,,2761,9400,"3,83"
14831545,"Sara Ella
",0,,510,1161,4
99117,"Sarah Beth Durst
",0,,7095,45234,"3,8"
3408059,"Melanie Dickerson
",0,,8947,69095,"3,96"
15600590,"Emily A. Duncan
",0,,321,396,"4,16"
5830526,"Samantha Shannon
",1,14.0,12871,79330,"3,88"
16022936,"Sara  Holland
",0,,4052,19738,"3,85"
8306309,"Elise Kova
",0,0.0,6718,59332,"4,11"
13467894,"Evelyn Skye
",0,,3934,20434,"3,82"
14137787,"Stephanie Garber
",1,,20166,108201,"4,01"
17243035,"Joan He
",0,,163,172,"4,37"
14028431,"Joseph Moldover
",1,0.0,9,40,"4,68"
15049422,"Angie Thomas
",0,0.0,38566,256175,"4,55"
4200019,"Jamie Magee
",1,0.0,1545,17435,"4,21"
5331983,"Cassandra Rose Clarke
",0,0.0,4659,35146,"3,74"
119755,"Michelle Paver
",0,1295.0,4859,80823,"4,2"
4346642,"R.D. Ronald
",1,14.0,303,33413,"3,57"
23138,"Mary Hoffman
",0,14.0,3076,52529,"4,03"
15569092,"Misty Mount
",0,0.0,92,1141,"4,34"
1783576,"Elizabeth Isaacs
",0,0.0,184,1480,"4,02"
7782976,"Diamante Lavendar
",1,,66,1022,"4,21"
8442873,"Ammar Habib
",1,0.0,210,1647,"4,37"
60478,"Marianne Curley
",1,53.0,1960,30210,"4,01"
7769192,"R.R. Virdi
",1,0.0,445,3637,"4,58"
1051591,"Tera Lynn Childs
",0,0.0,6758,78788,"3,89"
15890,"Trudi Canavan
",0,53.0,8929,265689,"4,02"
6925118,"Robert Evert
",1,0.0,292,1342,"3,93"
13776517,"Melissa A. Craven
",0,0.0,643,2119,"4,29"
16857084,"Diana   Forbes
",0,0.0,46,1187,"4,2"
42110,"Lynn Flewelling
",1,0.0,4069,84705,"4,1"
2917917,"N.K. Jemisin
",1,0.0,28436,253881,"4,17"
7107744,"J.R. Grant
",0,0.0,208,754,"3,93"
13846736,"J. Bartell
",1,0.0,60,99,"4,11"
8649,"Juliet Marillier
",0,66.0,18373,245789,"4,14"
1290625,"Jessica Verday
",1,0.0,3692,47349,"3,94"
1379540,"Francisco X. Stork
",1,334.0,4746,26513,"3,91"
7558024,"Taylor Ann Bunker
",0,0.0,57,174,"4,06"
6453465,"Samantha Durante
",0,0.0,507,1739,"3,78"
5393357,"A.E.  Kirk
",1,,1500,16232,"4,2"
190403,"Martine Leavitt
",0,8.0,3145,17119,"3,87"
5014564,"Quinn Loftis
",0,0.0,9043,143384,"4,35"
3342174,"Lisa Desrochers
",0,0.0,3307,30639,"3,8"
8059844,"B.L. Marsh
",0,0.0,41,99,"4,18"
4507090,"Jayde Scott
",1,,1141,15248,"3,81"
5130837,"Emlyn Chand
",1,,1097,2316,"4,03"
753097,"Robin Benway
",0,0.0,9182,66933,"3,95"
4254441,"Cat Patrick
",0,0.0,4493,33523,"3,8"
852078,"Diana Rowland
",0,0.0,8142,89071,"3,97"
83085,"Celia Rees
",0,14.0,3259,45444,"3,69"
836009,"Sarah Rees Brennan
",0,,38301,354845,"4,09"
17082,"Amelia Atwater-Rhodes
",1,0.0,4043,103912,"3,98"
56019,"Jeri Smith-Ready
",0,0.0,4810,45114,"3,91"
4388953,"Mary Ting
",0,,1643,11481,"4,01"
4512224,"Lindsay Buroker
",1,0.0,9636,145854,"4,21"
4105961,"Jana Oliver
",0,0.0,3801,49297,"4,11"
3519233,"Kristie Cook
",0,0.0,2311,26977,"4,21"
321303,"Polly Shulman
",0,0.0,3356,21474,"3,86"
4042181,"Joss Stirling
",1,14.0,3973,48608,"4,18"
1348627,"Cath Crowley
",1,53.0,5695,38070,"3,96"
3484883,"Lish McBride
",0,0.0,3507,23469,"3,94"
374429,"Carolyn MacCullough
",0,0.0,2155,24628,"3,82"
1079136,"Anne Osterlund
",0,0.0,1777,16039,"3,73"
5833,"Annette Curtis Klause
",0,14.0,3716,57126,"3,75"
79589,"Alex Flinn
",0,0.0,16703,231518,"3,81"
2761947,"Jackson Pearce
",0,,7611,49278,"3,69"
33502,"Esther M. Friesner
",0,0.0,4877,89654,"3,8"
87534,"Laura Whitcomb
",0,0.0,2469,21137,"3,77"
3125711,"Stacey Kade
",0,0.0,4178,40182,"3,92"
16304,"Julianna Baggott
",0,,6177,46957,"3,78"
65137,"Shelly Laurenston
",0,,12677,209069,"4,21"
2860219,"Seanan McGuire
",1,0.0,41735,334407,"4,03"
4414255,"Kevin Hearne
",1,0.0,25087,394552,"4,18"
580315,"Jennifer Estep
",0,,21219,324004,"4,06"
8685,"Mercedes Lackey
",0,0.0,25700,866474,"4,01"
88685,"Alison Goodman
",0,,10170,105947,4
12350,"Sherwood Smith
",1,0.0,4984,77560,"4,01"
9222,"Emma McLaughlin
",1,0.0,8939,371197,"3,38"
9785,"Andre Dubus III
",1,0.0,7047,134279,"3,82"
29655,"Rhonda Byrne
",0,53.0,12931,329501,"3,71"
15516,"Erich Segal
",1,0.0,3944,86487,"3,69"
55044,"Joel Osteen
",1,0.0,2878,41702,"4,21"
311467,"Mark R. Levin
",1,0.0,1893,18974,"4,14"
1025097,"Patricia Cornwell
",0,0.0,32998,1073436,"3,88"
3530,"Anita Shreve
",0,1363.0,29579,370897,"3,54"
990148,"Miley Cyrus
",0,0.0,930,10173,"3,6"
63638,"Jerome R. Corsi
",1,0.0,439,2742,"3,74"
1262010,"Annie Proulx
",0,0.0,13506,218879,"3,88"
77004,"Winston Groom
",1,0.0,3260,66462,"4,04"
4370,"Elizabeth Wurtzel
",0,0.0,2420,62776,"3,61"
7025,"Gregory Maguire
",1,0.0,46256,836847,"3,52"
3154596,"Michael Moore
",1,0.0,1869,41790,"3,49"
13234,"Sandra Cisneros
",0,0.0,10968,131922,"3,7"
188932,"Glenn Beck
",1,0.0,9483,70924,"3,88"
27281,"Bill O'Reilly
",1,0.0,21718,238696,"4,02"
33503,"L. Ron Hubbard
",1,0.0,4698,52113,"3,42"
711,"Rick Warren
",1,0.0,4632,230814,"3,94"
19879,"Stephen Crane
",1,0.0,5116,136170,"3,4"
1744933,"O.J. Simpson
",1,0.0,869,5870,"3,14"
5658,"Al Gore
",1,0.0,1941,18488,"3,79"
4019884,"Justin Bieber
",1,8.0,730,9216,"4,44"
140720,"Sean Hannity
",1,0.0,206,3577,"3,54"
4415,"Candace Bushnell
",1,0.0,10266,206830,"3,34"
1367163,"The Church of Jesus Christ of Latter-day Saints
",1,0.0,3882,98610,"4,5"
2761,"Ann Coulter
",0,0.0,1995,21376,"3,6"
6765,"Virginia Woolf
",0,14.0,33072,733134,"3,82"
5144,"James Joyce
",1,79.0,18229,364783,"3,74"
2330,"Tim O'Brien
",1,0.0,15804,268376,"4,07"
1433597,"Samuel Beckett
",1,79.0,8841,213592,"3,88"
3535,"William Faulkner
",1,0.0,22625,457430,"3,85"
3049,"John Kennedy Toole
",1,0.0,13691,211245,"3,88"
704,"Pearl S. Buck
",0,0.0,14288,269435,"3,98"
1742,"Jack Kerouac
",1,0.0,21902,517192,"3,72"
431149,"Truman Capote
",1,0.0,28242,710602,"4,01"
8661,"Melanie Rawn
",1,0.0,1724,84275,4
60177,"Guy Gavriel Kay
",1,8.0,10994,180920,"4,11"
6420295,"Brae Wyckoff
",1,0.0,101,381,"4,03"
27704,"Steven Brust
",1,0.0,5004,134299,"4,08"
276660,"Joe Abercrombie
",1,14.0,30969,549902,"4,18"
85545,"Kristen Britain
",0,0.0,4372,85344,"4,13"
2063919,"Michael J. Sullivan
",1,0.0,18328,280371,"4,31"
57461,"Elizabeth Haydon
",1,0.0,1639,66565,"4,03"
8588,"Raymond E. Feist
",1,0.0,11490,739111,"4,13"
869,"Margaret Weis
",1,0.0,9415,614611,4
4721536,"Mark  Lawrence
",1,0.0,18508,248588,"4,12"
43784,"Lian Hearn
",1,14.0,4597,96467,"4,03"
8516,"Piers Anthony
",1,14.0,11319,596861,"3,83"
1023510,"R.A. Salvatore
",1,0.0,15033,746770,"4,15"
10518,"Elizabeth Moon
",1,0.0,7548,161649,"4,05"
16939,"Michael Moorcock
",1,14.0,8925,226167,"3,94"
13026,"Glen Cook
",1,0.0,7402,211384,"4,07"
25307,"Robin Hobb
",0,0.0,39421,1027428,"4,19"
12980,"Stephen R. Donaldson
",1,0.0,6120,235435,"3,91"
5804101,"Anthony Ryan
",1,14.0,7569,130554,"4,22"
1405152,"Peter V. Brett
",1,0.0,12767,275063,"4,21"
31232,"Steven Erikson
",1,8.0,14705,360775,"4,23"
73149,"Scott Lynch
",1,0.0,23012,354074,"4,25"
4930653,"Raine Miller
",0,0.0,10949,196764,"4,08"
5752359,"Chelsea M. Cameron
",0,,5863,86484,"3,92"
5085738,"J. Sterling
",1,0.0,7981,118020,"3,99"
6436698,"Molly McAdams
",0,0.0,14964,144955,"4,07"
4624490,"Edgar Allan Poe
",1,0.0,27651,1135543,"4,17"
58,"Frank Herbert
",1,0.0,25420,1051030,"4,09"
3532,"Maeve Binchy
",0,79.0,27443,491061,"3,87"
7621,"Jim Thompson
",1,0.0,3754,59193,"3,88"
3352591,"Christine Dzidrums
",0,,71,1073,"4,09"
363130,"Ben Aaronovitch
",1,14.0,19934,227563,"4,07"
44003,"Katharine Kerr
",0,0.0,1723,80097,"4,02"
5687,"Irvine Welsh
",1,894.0,7494,242409,"3,92"
4176632,"W. Somerset Maugham
",1,86.0,13662,170419,"4,04"
1432,"Michael Cunningham
",1,0.0,12060,204425,"3,83"
23419,"Christopher Priest
",1,14.0,3751,33568,"3,81"
28024,"Robert James Waller
",1,0.0,4574,78160,"3,57"
2565,"Ian Fleming
",1,133.0,14554,258307,"3,74"
1448,"Karen Joy Fowler
",1,0.0,18388,174557,"3,5"
2929,"Nick Hornby
",1,14.0,30893,561984,"3,66"
2751,"Bret Easton Ellis
",1,0.0,16208,360544,"3,7"
8546,"Julie Powell
",0,0.0,8831,146554,"3,67"
9057,"Gaston Leroux
",1,86.0,6256,189611,"3,95"
9685,"Chris Van Allsburg
",1,0.0,9869,281923,"4,22"
6872556,"P.L. Travers
",0,53.0,5457,128379,"4,05"
9121,"James Fenimore Cooper
",1,0.0,3417,105290,"3,7"
12455,"Thomas   Harris
",1,0.0,12921,747000,"4,05"
59542,"Peter Benchley
",1,0.0,3788,142375,"3,92"
10482,"Jeff Lindsay
",1,0.0,15135,303142,"3,82"
66700,"Robert E. Howard
",1,0.0,5000,102471,"4,09"
11586,"David Gemmell
",1,14.0,5091,209730,"4,22"
8427881,"S.M. Parker
",0,1446.0,545,2015,"3,75"
6916708,"Jessica Cluess
",1,0.0,2381,13882,"3,82"
8119768,"Michelle Modesto
",0,0.0,324,1285,"3,76"
164187,"Jennifer Lynn Barnes
",0,0.0,15148,156165,"4,09"
8377979,"Jeff Garvin
",1,,1654,9841,"4,18"
7353006,"Nicola Yoon
",0,1451.0,51720,374371,"4,07"
7246482,"Lisa   Maxwell
",0,0.0,2696,11856,"3,82"
7944475,"Isabel Bandeira
",0,,604,1704,"3,53"
6567825,"Traci Chee
",0,,1962,8263,"3,86"
5752145,"Sarah Fine
",1,,5537,46906,"3,96"
7012713,"Brenda Drake
",0,0.0,803,2842,"3,82"
10811406,"Tarun Shanker
",1,0.0,1289,5942,"3,71"
644355,"Kathy MacMillan
",1,0.0,534,2450,"3,51"
8152045,"Nicole Castroman
",0,,876,3473,"3,78"
10315278,"Kathryn Purdie
",0,0.0,809,5134,"3,46"
8167946,"Heidi Heilig
",0,1461.0,3177,15590,"3,76"
9809333,"Janet B.  Taylor
",0,0.0,982,3863,"3,75"
8628046,"Julie Eshbaugh
",0,,765,3372,"3,65"
6439440,"Marieke Nijkamp
",1,,8543,48416,"3,64"
8171797,"Erin Summerill
",0,14.0,1957,9548,"3,63"
125308,"Cinda Williams Chima
",0,,19943,317842,"4,21"
8039839,"Sarah Ahiers
",1,0.0,886,4752,"3,62"
6894322,"Brittany Cavallaro
",0,0.0,6594,37726,"3,8"
13695109,"Roshani Chokshi
",1,0.0,8285,32894,"3,81"
5625945,"Jessica Khoury
",0,0.0,4886,29797,"3,92"
13505420,"Alwyn Hamilton
",1,8.0,9337,57909,"4,12"
6521131,"Cassia Leo
",0,0.0,11254,117535,"4,02"
4480131,"Tiffany Reisz
",0,,19604,135296,"4,3"
8109273,"Melanie  James
",0,0.0,2129,9004,"4,13"
7191170,"Sunniva Dee
",0,,1740,4474,"4,01"
7496678,"Mary  Elizabeth
",0,,2083,9472,"4,04"
7072888,"Jessica Wood
",0,0.0,1977,24696,"3,73"
4330590,"H.M. Ward
",0,0.0,17826,309713,"4,14"
7258437,"M. Pierce
",1,,3255,23494,4
7139136,"Penelope Douglas
",0,0.0,24247,266381,"4,18"
4882127,"Rachel Van Dyken
",1,,34519,324774,"4,12"
7335383,"Samantha Jacobey
",0,0.0,859,2616,"4,2"
515767,"Kimberly Knight
",0,0.0,3216,32310,"3,98"
6540645,"Michelle A. Valentine
",0,0.0,9485,121569,"4,08"
7122060,"Harper Sloan
",0,0.0,18470,192715,"4,25"
6519108,"Emily Snow
",0,0.0,6478,102043,"3,98"
2803627,"Kalayna Price
",0,,4935,79777,"4,02"
7168230,"V.E. Schwab
",1,0.0,52577,325774,"4,22"
1938234,"Jaye Wells
",0,0.0,4533,65155,"3,88"
7031278,"Michelle Sagara
",0,,4396,90111,"4,12"
131208,"Lilith Saintcrow
",0,0.0,13591,240274,"3,91"
8695,"C.E. Murphy
",0,0.0,4163,72147,"3,93"
81017,"Kat Richardson
",0,0.0,4522,63783,"3,76"
121825,"Rob Thurman
",1,0.0,4752,73613,"3,9"
41942,"Simon R. Green
",1,14.0,10909,260104,"3,95"
22548,"Emma Bull
",0,0.0,3183,44916,"3,96"
114266,"Kevin Brooks
",1,14.0,4507,40799,"3,78"
93971,"Laura Wiess
",0,0.0,2239,22435,"3,92"
27621,"Carolyn Mackler
",0,0.0,9775,84063,"3,66"
55943,"Natasha Friend
",0,0.0,3162,27771,"3,8"
363405,"Elizabeth Scott
",1,0.0,9953,118418,"3,71"
4376,"Susanna Kaysen
",0,0.0,4430,165991,"3,89"
12940,"Elmore Leonard
",1,0.0,12165,177785,"3,76"
5672,"Val McDermid
",0,894.0,12986,145634,"3,92"
48557,"Chelsea Cain
",0,0.0,11369,113508,"3,96"
99044,"Mary Higgins Clark
",0,0.0,34137,648195,"3,82"
22339,"Henning Mankell
",1,1.0,17705,261726,"3,83"
8734,"Dorothy L. Sayers
",0,14.0,14011,283569,"4,06"
123715,"Agatha Christie
",0,14.0,153137,3123274,"3,99"
48913,"Faye Kellerman
",0,0.0,8992,154650,"3,87"
14473,"James M. Cain
",1,0.0,4743,58665,"3,92"
8719,"Donna Tartt
",0,0.0,70769,832587,"3,93"
6001,"Carolyn Keene
",0,,17562,574451,"3,91"
4610,"John Sandford
",1,0.0,38989,790629,"4,16"
1873,"David Guterson
",1,0.0,6776,171229,"3,79"
12470,"Michael Connelly
",1,0.0,76517,1552220,"4,13"
16927,"Dashiell Hammett
",1,0.0,9196,155564,"3,95"
2887,"James Ellroy
",1,0.0,7450,175820,"3,88"
1402383,"Elizabeth  George
",0,0.0,17114,264174,"3,97"
7622,"Patricia Highsmith
",0,0.0,11488,143396,"3,87"
8258,"Martin Cruz Smith
",1,0.0,4891,99926,"3,92"
369288,"Peter Høeg
",1,1226.0,3485,49008,"3,66"
5091,"Lee Child
",1,14.0,85395,1670898,"4,07"
721,"John Grisham
",1,0.0,136391,4150641,"3,89"
9559,"Sue Grafton
",0,1525.0,35498,865408,"3,92"
854076,"Robert Louis Stevenson
",1,894.0,28780,942971,"3,84"
4952,"John Berendt
",1,0.0,9458,221369,"3,9"
2749,"Scott Turow
",1,0.0,6864,191475,"3,98"
1377,"Raymond Chandler
",1,0.0,11920,239251,"4,06"
10289,"Dennis Lehane
",1,0.0,30696,485816,"4,03"
12605,"Mario Puzo
",1,0.0,9887,366792,"4,25"
410418,"Susane Colasanti
",0,0.0,6965,116968,"3,74"
361963,"Catherine Gilbert Murdock
",0,0.0,6337,65398,"3,78"
79922,"Megan McCafferty
",1,0.0,9342,130892,"3,78"
432859,"Jennifer Brown
",0,,7839,71740,"3,98"
2983974,"Elizabeth Eulberg
",0,0.0,9300,78751,"3,84"
65189,"Louise Rennison
",1,14.0,10028,317739,"3,92"
4859212,"R.J. Palacio
",0,,66368,635342,"4,44"
11672,"Ned Vizzini
",1,0.0,13760,232751,"4,08"
3452783,"Chad Harbach
",1,,10123,97053,"3,99"
11291,"Chimamanda Ngozi Adichie
",0,765.0,48330,478394,"4,33"
17595,"Adam Mansbach
",1,,4501,86373,"4,22"
7064545,"Malala Yousafzai
",0,1543.0,20211,332333,"4,11"
1462,"Julian Barnes
",1,14.0,24729,231241,"3,71"
4470653,"S.J. Watson
",1,14.0,22963,261519,"3,85"
49625,"Jennifer Egan
",0,0.0,27394,248057,"3,64"
6485178,"Fredrik Backman
",1,1.0,101836,754258,"4,27"
383606,"Robert Galbraith
",0,14.0,63813,765814,"3,99"
4385839,"Tina Fey
",0,0.0,37118,719601,"3,95"
1895943,"Graeme Simsion
",1,66.0,46059,463729,"3,92"
2940640,"Rebecca Skloot
",0,0.0,31499,489028,"4,05"
1063732,"Paula Hawkins
",1,434.0,121181,1825603,"3,87"
8988,"Carrie Vaughn
",0,0.0,20714,263503,"3,83"
28550,"Katie MacAlister
",0,,12045,230362,"3,93"
5769764,"Suzanne Wright
",0,14.0,14213,198589,"4,16"
3190846,"Laurann Dohner
",1,,16180,334750,"4,15"
153732,"Matsuri Hino
",0,118.0,5117,297075,"4,2"
40881,"Alexandra Ivy
",0,,9079,132044,"4,09"
2096360,"Aprilynne Pike
",0,0.0,13355,174244,"3,91"
1310735,"C.L. Wilson
",0,,4305,62016,"4,19"
1395810,"G.A. Aiken
",0,,5729,104867,"4,2"
1831,"Jonathan Swift
",1,79.0,6407,273510,"3,66"
17623,"D.H. Lawrence
",1,133.0,10044,206430,"3,59"
3034502,"Douglas R. Hofstadter
",1,0.0,3358,64773,"4,18"
12793,"Charles Darwin
",1,133.0,3503,115307,"3,99"
233619,"Marcel Proust
",1,86.0,6916,89870,"4,22"
3953,"William Makepeace Thackeray
",1,581.0,3555,114042,"3,77"
4462369,"William S. Burroughs
",1,0.0,8409,190407,"3,69"
1401,"Stephen Hawking
",1,14.0,15311,417199,"4,13"
1388082,"Jostein Gaarder
",1,1570.0,14900,238003,"3,89"
5031312,"Dante Alighieri
",1,814.0,9165,269728,"4,02"
4339,"David Foster Wallace
",1,0.0,24433,256136,"4,14"
7625163,"Tim LaHaye
",1,1573.0,11770,545147,"3,95"
3510,"Billie Letts
",1,0.0,5964,255456,"3,98"
7116,"Cecelia Ahern
",0,79.0,38820,662323,"3,91"
3489,"Rebecca Wells
",0,0.0,7079,543432,"3,79"
2812835,"Gwen Hayes
",0,0.0,2836,34423,"3,81"
696372,"Alexandra Adornetto
",0,53.0,7400,110027,"3,78"
3165706,"Kelly Creagh
",1,0.0,3839,36729,"3,9"
2916205,"Karen Mahoney
",0,14.0,2323,29118,"3,73"
5151,"Azar Nafisi
",1,251.0,8113,114461,"3,62"
10665,"Gertrude Chandler Warner
",0,0.0,6113,243104,"4,01"
12452,"Aesop
",1,1583.0,2936,123844,"4,05"
4108184,"H.P. Mallory
",1,0.0,5614,91092,"3,99"
41878,"Jack D. Zipes
",1,0.0,1597,25525,"4,11"
7275,"Helen Keller
",0,0.0,2775,122778,"4,07"
4831558,"Rachael Wade
",0,,1311,9031,"3,64"
1280953,"Ben Peller
",1,,391,685,"4,14"
6942,"Pat Conroy
",1,0.0,19574,359391,"4,15"
1111602,"Marcus Alexander
",1,14.0,173,659,"4,61"
170658,"L.A. Meyer
",1,0.0,6872,87764,"4,21"
6039100,"Robert Munsch
",1,0.0,9238,272258,"4,29"
4340281,"Lauren Burd
",1,0.0,371,7012,"3,76"
3379575,"Nicki Elson
",0,0.0,277,1054,"3,6"
5416410,"A. Meredith Walters
",0,0.0,8456,96024,4
7181038,"M.  Clarke
",0,0.0,2112,18255,4
2156112,"Steph Campbell
",1,,1822,25630,"3,76"
5158465,"J.C. Isabella
",1,,751,16341,"3,87"
6473923,"Kendall Ryan
",0,,25271,292617,"3,87"
5286855,"Amy A. Bartol
",0,0.0,10922,154441,"4,21"
7033774,"Kimberly Lauren
",0,0.0,3321,50782,"4,18"
4971535,"Kristen Callihan
",0,,16715,173015,"4,09"
4418815,"N.M. Facile
",0,,259,6103,"3,6"
5234997,"T.J. Dell
",1,,645,13680,"3,57"
5934418,"Monica  Murphy
",1,,13776,158117,"3,9"
4946788,"J.L. Paul
",1,0.0,638,19394,"3,81"
5784345,"Nyrae Dawn
",1,,7915,98695,"3,9"
5626443,"Saga Berg
",0,1.0,132,710,"3,68"
94091,"Kate Brian
",1,0.0,8414,179399,"3,94"
106453,"Sri Sri Ravi Shankar
",1,581.0,227,4493,"4,63"
1307342,"Anne Spollen
",1,0.0,133,759,"3,7"
1463436,"Cyn Balog
",0,0.0,2577,15491,"3,61"
145926,"Gillian Shields
",0,14.0,1575,19138,"3,66"
2936539,"Heidi R. Kling
",0,0.0,984,6555,"3,96"
41542,"Helen Dunmore
",1,14.0,5038,49931,"3,8"
192549,"Tim Bowler
",1,14.0,1008,8464,"3,71"
2958986,"Christine Brodien-Jones
",1,0.0,204,1198,"3,76"
386042,"Heather Dixon Wallwork
",0,,5567,34691,"3,84"
1628012,"Lisa Mantchev
",0,0.0,3538,27968,"3,76"
16,"Edith Wharton
",0,0.0,20876,374990,"3,77"
7902,"Boris Pasternak
",1,110.0,2783,74569,"4,03"
670859,"Edmond Rostand
",1,86.0,1826,68198,"4,05"
86404,"E.M. Forster
",1,14.0,14912,324133,"3,87"
6492,"Francine Rivers
",0,0.0,28013,569464,"4,39"
1413437,"Elizabeth Gaskell
",0,133.0,13865,244216,"4,01"
7949493,"Kia Carrington-Russell
",0,53.0,386,1260,"4,02"
5046867,"Dawn White
",0,,334,872,"3,99"
13613071,"Errin Stevens
",0,86.0,152,277,"3,62"
3427995,"Heather Killough-Walden
",0,,3609,58001,"4,07"
5822839,"Ivan Rusilko
",1,0.0,374,2043,"4,04"
12667,"Jess Walter
",1,0.0,18604,171643,"3,69"
6453983,"Rachel M. Greenebaum
",0,0.0,65,144,"4,3"
5622888,"Beverly Preston
",0,,1096,6614,"4,12"
4730894,"Daniel O'Malley
",1,,7271,52579,"4,13"
5309857,"Rachel Joyce
",0,14.0,23688,178490,"3,88"
6534462,"Christopher  Shields
",1,0.0,166,1510,"4,19"
36615,"Adam Johnson
",1,0.0,11032,88391,"4,05"
5274234,"Carol Rifka Brunt
",1,0.0,12824,108677,"4,04"
5272674,"Jenny  Lawson
",0,,28091,240466,"3,92"
155717,"Cheryl Strayed
",0,0.0,45356,577182,"4,01"
218843,"William Landay
",1,0.0,19313,234289,"3,97"
140329,"Thomas Rockwell
",1,0.0,1038,43000,"3,76"
56700,"Crockett Johnson
",1,0.0,2724,133353,"4,23"
3362,"Eric Carle
",1,0.0,20359,768424,"4,21"
67939,"Janette Sebring Lowrey
",0,0.0,819,68559,"4,09"
9152,"Donald J. Sobol
",1,0.0,1840,71225,"4,02"
9720,"Mary Norton
",0,14.0,2514,117640,"4,03"
1353301,"V.C. Andrews
",0,0.0,21042,652543,"3,84"
72237,"Lynne Reid Banks
",0,14.0,3816,129278,"3,89"
967839,"H.A. Rey
",1,127.0,4731,320319,"4,18"
13369,"Betty MacDonald
",0,0.0,3317,100804,"4,16"
2560,"Louise Fitzhugh
",0,0.0,2478,94867,"3,95"
9002,"Peggy Parish
",0,0.0,2377,148304,"4,19"
49,"Johanna Spyri
",0,1155.0,3565,172946,"3,98"
93970,"Sara Shepard
",0,,43920,787755,"3,98"
5768905,"Alexandra Duncan
",0,,761,4263,"3,74"
330967,"Claudia Gabel
",1,,1436,9247,"3,7"
5444795,"Theo Lawrence
",1,0.0,1612,12981,"3,75"
4948810,"Lauren Morrill
",0,,3152,21851,"3,66"
5145808,"Mindee Arnett
",1,,2713,18633,"3,83"
5188888,"Elizabeth  Richards
",1,14.0,1930,16858,"3,9"
4027380,"Joelle Charbonneau
",1,0.0,13443,117509,"3,95"
173491,"E. Lockhart
",1,0.0,56985,496114,"3,79"
45922,"Lionel Shriver
",1,0.0,20965,189781,"3,92"
13591,"Leif Enger
",1,0.0,9029,77816,"3,97"
18235662,"سید مرتضی مصطفوی
",1,251.0,351,3065,"3,59"
374590,"Chris Cleave
",1,14.0,28550,268107,"3,71"
978484,"Lisa Genova
",0,0.0,45318,422543,"4,19"
3095878,"Anastasia Hopcus
",1,,457,3636,"3,68"
3200239,"Shannon Delany
",0,0.0,2225,26424,"3,86"
19954,"Christopher Pike
",1,0.0,10372,254236,"3,88"
3105432,"Jennifer Murgia
",1,0.0,439,2327,"3,43"
146628,"Steve Hockensmith
",1,0.0,3771,43757,"3,68"
4025590,"Leah Bobet
",1,8.0,1051,6770,"3,52"
4416438,"Jill Hathaway
",0,0.0,1330,8216,"3,72"
3508354,"Kelly Keaton
",0,,2118,25058,4
3100203,"Julia Karr
",1,0.0,1226,9415,"3,51"
4124788,"Kathleen Peacock
",0,8.0,1523,13150,"3,9"
3111339,"Kim Harrington
",0,0.0,2350,19751,"3,93"
3429117,"Julie Cross
",0,127.0,5249,34065,"3,87"
4445700,"Mike Mullin
",1,0.0,4700,37901,"4,03"
99836,"Suzanne Weyn
",0,0.0,5995,61414,"3,67"
347385,"Rachel Ward
",1,,3599,33343,"3,59"
28756,"John Marsden
",1,53.0,7972,178222,"4,06"
777173,"Gemma Malley
",1,14.0,2740,34411,"3,71"
4902564,"Lissa Price
",0,,5831,51297,"3,86"
1294984,"Beth Kery
",0,,5062,105362,"3,91"
6435350,"S.H. Kolee
",1,,1257,27713,4
5398028,"Katee Robert
",0,,6716,62544,"3,8"
20983,"Shayla Black
",0,,14179,227856,"4,07"
2741079,"Selena Kitt
",0,,7320,52096,"3,56"
306449,"Megan Hart
",1,,9536,86291,"3,69"
6422281,"Tara Sivec
",0,0.0,24246,205776,"4,14"
7056140,"Laurelin Paige
",0,0.0,19364,222605,"4,18"
2856948,"Barbara Elsborg
",0,,3739,34320,"3,85"
5214793,"Teresa Mummert
",0,0.0,7447,90303,"3,71"
6459302,"J. Kenner
",0,0.0,17677,267342,"4,14"
2882485,"Cherise Sinclair
",0,0.0,12880,223307,"4,25"
5228869,"Georgia Cates
",1,0.0,10779,150367,"4,15"
5421050,"K.A. Linde
",0,0.0,14625,149115,"3,96"
6446604,"Gina L. Maxwell
",0,0.0,4526,58406,"3,95"
2704714,"Tymber Dalton
",0,0.0,4895,56378,"4,07"
5130089,"Kallypso Masters
",0,0.0,3809,60158,"4,22"
5174152,"C.J. Roberts
",0,0.0,13126,146314,"4,15"
2413,"George MacDonald
",1,894.0,5857,84420,"4,05"
882738,"Nadine Jolie Courtney
",0,0.0,258,1406,"3,4"
20842,"Georges Bataille
",1,86.0,1883,28896,"3,85"
8794,"Charles Stross
",1,14.0,13763,209179,"3,9"
3249026,"C.J. Ellisson
",0,0.0,1998,14100,"3,91"
34660,"Richard Atwater
",1,0.0,2381,57444,"3,97"
3080,"Judith Viorst
",0,0.0,5269,184204,"4,19"
43186,"Watty Piper
",1,,1278,87718,"4,15"
20730,"Don Freeman
",1,0.0,3876,238426,"4,27"
64280,"Ludwig Bemelmans
",1,856.0,3140,239582,"4,22"
4611175,"Leigh Fallon
",1,149.0,1862,14796,"3,59"
17293,"Susan Donovan
",0,0.0,2485,49106,"3,84"
7941,"Erin McCarthy
",0,,10766,156964,"3,86"
317354,"Kristan Higgins
",1,,19294,209213,"3,99"
1916427,"Blake Charlton
",1,0.0,1053,10493,"3,73"
83308,"David Farland
",1,0.0,2697,64229,"3,82"
3167424,"David Estes
",1,0.0,3472,22289,"4,07"
6475976,"S. Walden
",0,0.0,3257,27090,"3,93"
5804792,"Sara  King
",1,0.0,1420,27757,"4,2"
6654493,"J.L. Mac
",0,0.0,2109,22852,"4,05"
6644044,"Kim Karr
",0,0.0,9265,71662,"4,05"
3112212,"Courtney Cole
",0,0.0,8944,86205,"3,98"
6521173,"Jasinda Wilder
",0,0.0,23706,255248,"3,95"
6860574,"Gail McHugh
",0,,8544,107903,"4,23"
25376,"Ian McDonald
",1,14.0,5099,41183,"3,83"
56353,"Neal Asher
",1,14.0,3616,81287,"4,06"
25883,"Robert J. Sawyer
",1,8.0,8230,107666,"3,89"
1100593,"Nick Harkaway
",1,14.0,4219,27623,"3,98"
8389735,"Becky Chambers
",1,,12270,72859,"4,22"
25375,"Peter F. Hamilton
",1,14.0,10908,283076,"4,18"
221253,"Cherie Priest
",0,0.0,14056,101577,"3,72"
51204,"Alastair Reynolds
",1,14.0,12697,221224,"4,01"
160069,"Ramez Naam
",1,0.0,2826,30724,"4,08"
3396842,"Peter Clines
",1,0.0,9604,90664,"3,92"
7177350,"M.R. Carey
",1,14.0,22918,193577,"3,92"
1956402,"Daniel Suarez
",1,0.0,6840,86119,"4,12"
33773,"Daniel H. Wilson
",1,0.0,8351,61715,"3,65"
33919,"Jeff VanderMeer
",1,0.0,30764,259118,"3,68"
2768002,"Hannu Rajaniemi
",1,1743.0,3633,34723,"3,91"
33918,"China Miéville
",1,14.0,25951,260222,"3,85"
5780686,"Liu Cixin
",1,238.0,16852,153797,"4,2"
27167,"Peter Watts
",1,,4842,53173,"3,93"
27276,"Robert Charles Wilson
",1,0.0,5670,69320,"3,79"
3365457,"Ann Leckie
",1,,14459,133860,"4,02"
5599,"Dorothy Allison
",1,0.0,3617,53744,"4,07"
26335,"Hubert Selby Jr.
",1,0.0,2640,73215,"4,02"
106463,"Jay Anson
",1,0.0,2014,94219,"3,83"
598299,"A.M. Homes
",0,0.0,5779,46767,"3,64"
2040815,"Sarah Palin
",0,0.0,1496,13157,"3,33"
9678,"Ann Rule
",0,0.0,8935,194471,"4,04"
11121,"Jerzy Kosiński
",1,681.0,2491,34902,"3,86"
8622,"Katherine Dunn
",0,0.0,5862,53579,"3,96"
29527,"Charlotte Perkins Gilman
",0,0.0,7395,164423,"4,02"
38301,"Flora Rheta Schreiber
",1,,1429,78130,4
2885224,"Marquis de Sade
",1,86.0,2720,37916,"3,46"
90070,"Jack Ketchum
",1,0.0,5836,57299,"3,84"
7628,"Iain Banks
",1,894.0,7822,149504,"3,79"
3163298,"Chevy Stevens
",0,8.0,17045,138511,"3,92"
364872,"Juan Gomez-Jurado
",1,525.0,1743,12954,"3,86"
29471,"Jennifer  McMahon
",1,0.0,15583,115974,"3,68"
22506,"Rachel Simon
",0,0.0,4538,29903,"3,88"
46118,"David Nicholls
",1,14.0,22764,330722,"3,74"
290189,"Paula McLain
",0,0.0,29153,310647,"3,83"
53574,"Elizabeth Chandler
",1,,5358,93099,"4,06"
4044383,"Elana Johnson
",1,,3929,24503,"3,93"
1005935,"Carrie Harris
",0,0.0,1070,4690,"3,69"
2274221,"Mandy Hubbard
",0,0.0,3452,27052,"3,67"
4118351,"Cat Clarke
",0,1772.0,2862,18122,"3,87"
51118,"Jenna Black
",0,,5411,87650,"3,81"
3387285,"Leah Clifford
",0,0.0,658,6341,"3,54"
3505204,"Alexandra Monir
",0,0.0,2640,17997,"3,79"
3111338,"Tessa Gratton
",0,0.0,5041,28907,"3,76"
14113824,"Danielle Mages Amato
",0,,167,660,"3,81"
8588143,"Sharon Huss Roat
",0,0.0,680,3110,"4,11"
13615246,"Jilly Gagnon
",0,1779.0,574,2594,"3,55"
15194090,"Linsey Miller
",1,,1164,3142,"3,66"
8436117,"Sierra Abrams
",0,0.0,244,722,"3,87"
13987227,"Christina June
",0,,532,1742,"3,79"
5354687,"Mechthild Gläser
",0,127.0,1248,6085,"3,66"
14155920,"Kristen Orlando
",1,0.0,422,1683,"3,73"
1080169,"Gwen Cole
",0,0.0,244,847,"3,85"
14852052,"Tristina Wright
",0,0.0,371,919,"3,46"
8512303,"Whitney Gardner
",0,,1293,6274,"3,8"
4485813,"Jenn Bennett
",0,,8996,66167,"3,96"
1312879,"Lesley Livingston
",1,,5615,57896,"3,81"
4530256,"Lexa Hillyer
",1,,1006,4938,"3,54"
8440277,"Rachel E. Carter
",1,0.0,3664,44353,"4,04"
14235866,"Vic James
",0,,2209,9053,"3,77"
13848696,"Lana Popović
",1,670.0,653,3097,"3,59"
14031468,"Robin Roe
",0,,3045,13651,"4,31"
14834224,"Sandhya Menon
",1,,9191,37036,"3,74"
7055613,"Rin Chupeco
",0,1796.0,4646,19971,"3,84"
15127507,"Karen M. McManus
",0,,15372,94307,"4,07"
13525505,"Rosalyn Eves
",0,,897,4019,"3,4"
14674797,"Elly Blake
",0,8.0,3127,20906,"3,96"
14358948,"Tricia Levenseller
",0,,5462,30776,"4,05"
15218531,"Amerie
",0,,1742,5985,"3,52"
4615776,"Meagan Spooner
",0,0.0,17914,111628,"3,93"
13414088,"S. Jae-Jones
",0,0.0,5582,25622,"3,6"
8196241,"Jen  Klein
",1,0.0,873,5185,"3,79"
17120246,"Fatih Turgut
",1,53.0,0,21,5
17999118,"Shelby Mahurin
",0,,21,31,"4,94"
5369307,"Aysha Akhtar
",0,,0,6,"4,5"
5347676,"Rachel  Harris
",0,0.0,2784,16352,"3,8"
3131761,"Kat Falls
",0,1809.0,2848,23188,"3,96"
16722065,"Amy Mason Doan
",0,,369,2023,4
8587,"R. Scott Bakker
",1,8.0,2219,51200,"3,89"
142270,"Lev Grossman
",1,0.0,36799,362623,"3,69"
338705,"Catherynne M. Valente
",0,0.0,21015,125560,"3,94"
119933,"Susan Fletcher
",0,0.0,1159,21955,"3,96"
6378,"Hans Christian Andersen
",1,1226.0,8977,275872,"4,13"
61659,"Cameron Dokey
",0,0.0,5707,74652,"3,78"
18684,"Donna Jo Napoli
",0,,5894,54130,"3,67"
113844,"Elizabeth Marie Pope
",0,0.0,930,10795,"4,1"
174708,"Debbie Viguié
",0,,5710,83143,"3,85"
4106,"Pamela Dean
",1,0.0,957,12161,"3,81"
344618,"Mette Ivie Harrison
",1,,3302,25248,"3,38"
2938140,"Jacob Grimm
",1,127.0,9792,266851,"4,18"
27318,"Jon Scieszka
",1,0.0,14049,324109,"4,17"
359109,"Jessica Day George
",0,0.0,16705,167101,"4,06"
86265,"Jean Ferris
",0,,2655,31252,"3,95"
272814,"E.D. Baker
",0,259.0,5037,101786,"4,01"
38951,"John Connolly
",1,79.0,20009,207846,"4,03"
5989,"Jane Yolen
",1,0.0,24362,324586,"3,96"
5255014,"J.M. Barrie
",1,894.0,10330,253662,"4,09"
3393956,"Nicky Charles
",0,8.0,5475,79412,"4,13"
6544265,"Natasha Anders
",0,149.0,3863,46628,"3,88"
8178,"Carl Hiaasen
",1,0.0,34271,446909,"3,83"
7963,"P.G. Wodehouse
",1,14.0,23045,315899,"4,18"
5565007,"Stephanie  Thomas
",0,1834.0,119,700,"3,5"
5116849,"Elizabeth Kirke
",0,,330,1175,"4,21"
7040319,"Maer Wilson
",0,0.0,141,519,"4,24"
6899829,"Peter   John
",0,14.0,196,954,"3,62"
4714290,"R.P. Dahlke
",1,0.0,796,7344,"3,84"
6480195,"Paige Singleton
",1,0.0,8,61,"3,44"
6568822,"Lindsay Avalon
",1,,333,728,"4,16"
6226401,"Robert    Carter
",1,14.0,69,833,"3,69"
5416819,"Harlan Vaughn
",1,0.0,40,100,"3,64"
6551996,"Aoife Marie Sheridan
",0,79.0,269,603,"4,14"
5808070,"Cynthia  Collins
",0,0.0,24,238,"4,45"
6525134,"Trish Thorpe
",1,0.0,26,122,"2,89"
5829491,"Andrew Scorah
",1,14.0,34,185,"4,28"
87104,"Tim Vicary
",1,14.0,903,6153,"3,7"
5042085,"Nely Cab
",0,334.0,492,1894,"3,92"
71479,"J. Conrad Guest
",1,0.0,39,97,"4,57"
5029571,"K.B. Miller
",1,0.0,277,768,"4,18"
1039943,"Monica Valentinelli
",0,0.0,166,825,"3,93"
5878124,"Ginny Bryce
",1,0.0,7,99,"4,12"
6540287,"Lisa Bouchard
",0,0.0,8,38,"3,76"
150482,"Jinx Schwartz
",0,,1154,11437,"4,11"
4849861,"Belinda Boring
",0,53.0,1454,14423,"4,1"
4400967,"Iain Parke
",1,14.0,73,665,"4,2"
4435742,"Sarra Cannon
",1,0.0,3597,49644,"4,12"
6522690,"Tina Traverse
",1,8.0,39,336,"4,26"
5436451,"Rashad Freeman
",1,0.0,313,1745,"3,77"
5819163,"Cindy Springsteen
",0,0.0,115,214,"4,64"
511372,"Peter Watson Jenkins
",1,14.0,31,299,"4,38"
4788217,"David Prosser
",1,127.0,39,149,"4,4"
17142565,"Foster Henderson
",1,,4,62,"4,74"
8472193,"Tyler Chase
",1,,139,330,"4,37"
4097828,"Michelle Warren
",0,0.0,816,5490,"3,9"
5095502,"RaeBeth McGee-Buda
",0,0.0,117,292,"4,17"
1958588,"Dawn Gray
",1,1867.0,193,491,"4,1"
4875841,"Patricia H. Graham
",0,1868.0,21,135,"3,87"
5157126,"Amy Richie
",1,,342,1433,"3,9"
6441991,"Genevieve Dewey
",1,,87,502,"4,11"
5391254,"Shannon McRoberts
",0,0.0,69,244,"4,27"
2767837,"Muffy Morrigan
",0,0.0,57,356,"4,19"
6517460,"R. Grey Hoover
",1,0.0,12,74,"4,39"
6521898,"Milly Taiden
",0,692.0,11243,110539,"4,08"
6599635,"Rosary  McQuestion
",0,0.0,35,191,"3,99"
5423648,"Elle Casey
",0,0.0,11181,132226,"4,04"
8427107,"Alison Bliss
",0,,2127,11800,"3,87"
18002228,"Sally  Thorne
",0,,11310,65034,"4,22"
7094314,"N.M. Silber
",0,0.0,2254,26009,"3,87"
6538202,"E.L. Montes
",0,0.0,2254,32544,"4,03"
6870069,"Emma Grayson
",1,,456,6793,"3,93"
5763676,"Jennifer Foor
",0,0.0,6684,96924,"4,23"
4831831,"Debra Anastasia
",0,0.0,5956,33314,"3,95"
6466717,"Calia Read
",0,,3258,21617,"3,96"
6590457,"Kelsie Leverich
",0,0.0,897,7171,"3,83"
6446815,"J.A. Huss
",0,0.0,21308,156957,"4,18"
5255580,"Toni Aleo
",1,127.0,10993,119744,"4,14"
6863360,"Willow Aster
",1,,3698,29782,"4,08"
2952211,"Nicole Reed
",0,,3078,33406,"4,1"
6580347,"L.B. Simmons
",0,,2518,18253,"4,04"
5180626,"Carlyle Labuschagne
",0,149.0,283,552,"4,05"
6568302,"Heidi McLaughlin
",0,0.0,12141,127798,"4,09"
4724550,"Jay McLean
",0,,12565,125055,"4,23"
7105371,"Leah Raeder
",0,,4643,25384,"3,8"
7163319,"Clarissa Wild
",0,,6291,29923,"3,77"
5784542,"A.L. Jackson
",0,0.0,16239,139250,"4,11"
7375780,"Janet Nissenson
",0,0.0,700,8175,"4,38"
7445352,"Kim Holden
",1,0.0,8283,49861,"4,36"
8421372,"Beth Flynn
",0,0.0,5405,30625,"4,42"
99642,"Rachel Hawthorne
",0,,3218,74243,"3,89"
1375073,"Angela Morrison
",1,0.0,1210,7852,"3,92"
2951796,"Amy Brecount White
",1,0.0,224,1253,"3,44"
2949594,"Phoebe Kitanidis
",0,0.0,597,4455,"3,61"
2900815,"Karen Kincy
",0,0.0,643,3823,"3,67"
2946462,"Jen Nadol
",0,0.0,465,3323,"3,54"
293603,"Heather Brewer
",1,0.0,9283,134704,"4,12"
2885316,"Dia Reeves
",1,0.0,1636,10494,"3,63"
1254282,"Jennifer R.  Hubbard
",1,,818,5291,"3,59"
560012,"Jenn Reese
",1,0.0,580,5008,"3,99"
4667368,"Kimberly Sabatini
",0,0.0,235,1404,"3,84"
5416090,"Chloe Jacobs
",0,,384,2678,"3,65"
3471272,"Tara A. Fuller
",1,0.0,528,3204,"3,78"
4106085,"Hilary Weisman Graham
",0,,229,1704,"3,66"
4792225,"Tamara Ireland Stone
",0,127.0,6662,44302,"4,13"
4750309,"Jennifer Shaw Wolf
",0,0.0,1060,8814,"3,97"
4718186,"Ruth Warburton
",1,14.0,656,5336,"3,79"
5044405,"Karen Amanda Hooper
",1,0.0,1525,7859,"4,06"
4737695,"Lenore Appelhans
",1,0.0,735,3095,"3,31"
3319171,"Kate Hawkings
",1,66.0,44,317,"3,73"
4575368,"Katherine Longshore
",1,,1979,9776,"3,7"
5430977,"Lisa Burstein
",0,,843,3969,"3,52"
4735144,"Jay Kristoff
",1,53.0,45100,194593,"4,34"
5322924,"Ingrid  Paulson
",0,1923.0,849,7340,"3,75"
4342615,"Suzanne Lazear
",0,,461,1860,"3,62"
213659,"Galaxy Craze
",0,14.0,748,6529,"3,54"
103615,"Allison Rushby
",1,53.0,761,6309,"3,57"
4575326,"Cole Gibsen
",0,0.0,1198,6897,"3,87"
45927,"Elisa Ludwig
",1,0.0,548,3370,"3,56"
4983102,"Heather Burch
",1,,2718,29049,"3,92"
4824952,"Zoraida Córdova
",0,,4030,18545,"3,83"
3517421,"Eve Marie Mont
",1,0.0,577,2559,"3,4"
5560132,"Lea Nolan
",0,0.0,329,1627,"3,82"
4074084,"Megan Bostic
",1,0.0,389,2048,"3,81"
4928927,"Trisha Wolfe
",0,,2298,10983,"4,07"
4873609,"Scott Speer
",1,0.0,1620,17197,"3,94"
4983109,"Gina Damico
",1,0.0,2980,19267,"3,93"
4575379,"Robin Mellom
",0,0.0,616,4156,"3,67"
91168,"Susanne Winnacker
",0,,1050,7440,"3,79"
4949584,"Ann Redisch Stampler
",0,0.0,829,5452,"3,41"
5287439,"Melissa  West
",0,0.0,2296,17389,"3,82"
5139707,"Michele Vail
",0,0.0,447,3160,"3,66"
4651111,"Anne Greenwood Brown
",1,,1358,8019,"3,72"
4610401,"Cat Hellisen
",1,149.0,1117,4889,"3,46"
5191012,"Chanelle Gray
",1,14.0,46,346,"3,68"
5257588,"Rachel McClellan
",0,0.0,1208,8557,"4,08"
4632961,"Katie Dale
",0,14.0,598,5421,"3,9"
5040774,"Sara Wilson Etienne
",0,,391,2160,"3,27"
5130544,"Claire Merle
",0,,390,3114,"3,67"
4094048,"Robin Bridges
",0,,990,6336,"3,65"
519824,"Daniel Marks
",1,,692,5182,"3,58"
4134859,"Jessica Shirvington
",0,,6587,74356,"4,26"
4687048,"Jennifer Bosworth
",0,,1583,13304,"3,69"
4949972,"Avery Williams
",0,0.0,846,6430,"3,82"
4807573,"Emily  White
",0,,120,469,"3,58"
4826,"Frances Mayes
",0,0.0,5646,329495,"3,74"
3892,"Tom Clancy
",1,0.0,20324,1245881,"4,02"
1002,"Sophocles
",1,750.0,8211,353932,"3,76"
9355,"Dean Koontz
",1,0.0,84537,2168120,"3,92"
8993,"O. Henry
",1,0.0,4608,131783,"4,08"
375,"Chuck Klosterman
",1,0.0,12404,182675,"3,76"
10356,"Woody Allen
",1,0.0,2274,39207,"3,92"
13078,"Kingsley Amis
",1,14.0,3406,39908,"3,67"
21578,"Edward Gorey
",1,0.0,6697,176650,"4,14"
3222554,"Jonas Jonasson
",1,1.0,24431,220156,"3,79"
2122,"Sarah Vowell
",0,0.0,13455,132654,"3,82"
824409,"Lance Carbuncle
",1,0.0,497,1565,"3,65"
53259,"Stella Gibbons
",1,14.0,3545,41613,"3,87"
13778,"Bill Watterson
",1,0.0,6720,540610,"4,67"
3406353,"Justin Halpern
",1,,9619,146434,"3,96"
20357,"Chelsea Handler
",0,0.0,19601,366577,"3,8"
5754446,"Voltaire
",1,86.0,8073,220498,"3,77"
6649,"Stephen Colbert
",1,0.0,6891,178096,"3,95"
3352,"Jerome K. Jerome
",1,14.0,4985,61333,"3,89"
466,"Jon Stewart
",1,0.0,4203,125591,"3,97"
823146,"Caitlin Kittredge
",0,,5433,70145,"3,71"
19405,"Thomas Mann
",1,127.0,7139,131657,"3,94"
28345,"Vikram Seth
",1,581.0,3525,58404,"4,03"
3539,"Rohinton Mistry
",1,581.0,9576,145883,"4,27"
6191,"Martin Heidegger
",1,127.0,1409,41169,"4,08"
173,"George Eliot
",0,14.0,14282,307598,"3,83"
2916869,"Robert Jackson Bennett
",1,,6935,49741,"4,12"
7086094,"Brian Staveley
",1,,4782,63997,"4,12"
4349837,"C.S. Pacat
",1,53.0,17933,127334,"4,24"
11746,"Lorrie Moore
",0,0.0,8388,71872,"3,77"
1441,"Ted Dekker
",1,667.0,23887,389664,"4,04"
1112218,"Tonya Hurley
",0,0.0,2442,32832,"3,4"
16560,"Dan Chaon
",1,0.0,11996,298487,"3,77"
2909019,"Sara  Humphreys
",0,0.0,2124,12994,4
2875124,"Heather Gudenkauf
",1,0.0,12746,114194,"3,9"
1351903,"Colm Tóibín
",1,79.0,19320,150976,"3,68"
1489978,"David Cristofano
",1,0.0,1054,5200,"3,57"
26163,"Jonathan Tropper
",1,0.0,17865,186830,"3,88"
266461,"Robert Goolrick
",1,0.0,11795,81631,"3,29"
14080,"Colum McCann
",1,79.0,14531,126454,"3,91"
342135,"Katherine Howe
",0,0.0,8831,64843,"3,61"
23607,"Alex Kotlowitz
",1,,1148,14564,"4,18"
6243,"Robert Kurson
",1,165.0,3992,34522,"4,21"
17765,"Iris Chang
",0,0.0,1713,21611,"4,11"
10263,"Richard Rhodes
",1,0.0,2140,25966,"4,12"
16759765,"Thomas L. Friedman
",1,0.0,7887,135217,"3,72"
963811,"A.J. Jacobs
",1,0.0,11219,107608,"3,75"
7084,"Karl Marx
",1,127.0,6147,146332,"3,72"
1476,"Doris Kearns Goodwin
",1,0.0,11216,195582,"4,24"
11395,"David Simon
",1,0.0,1603,19353,"4,36"
3277,"Dava Sobel
",0,0.0,5267,83449,"3,86"
16201,"Niccolò Machiavelli
",1,814.0,7311,235041,"3,81"
3032451,"Siddhartha Mukherjee
",1,581.0,8368,87989,"4,31"
16541,"Tony Horwitz
",1,0.0,4064,45473,4
7113,"Anne Lamott
",0,0.0,21886,242562,"4,01"
776,"Michael   Lewis
",1,0.0,28201,494803,"4,15"
1563,"Steven Johnson
",1,0.0,6495,70278,"3,91"
15402,"Adam Hochschild
",1,0.0,3564,45393,"4,15"
6437238,"William Strunk Jr.
",1,,3364,63591,"4,2"
15877,"Randy Shilts
",1,0.0,1292,22944,"4,37"
21559,"Nassim Nicholas Taleb
",1,2015.0,8988,144202,"3,97"
13360,"William L. Shirer
",1,0.0,2971,91264,"4,17"
785914,"Barbara Demick
",0,0.0,6742,55788,"4,42"
395812,"Yuval Noah Harari
",1,254.0,24815,289419,"4,4"
22004,"Charles C. Mann
",1,,4941,69683,"4,04"
7982,"Anne Fadiman
",0,0.0,6386,73056,"4,14"
7372,"Philip Gourevitch
",1,0.0,2064,28754,"4,23"
1847,"Mark Kurlansky
",1,0.0,7349,85482,"3,76"
16494,"Sebastian Junger
",1,0.0,6638,142720,"4,08"
419,"Naomi Klein
",1,8.0,5825,78177,"4,1"
40820,"Timothy Egan
",1,0.0,7920,64159,"4,06"
788461,"Dan Ariely
",1,0.0,7188,130065,"4,05"
3317,"Dale Carnegie
",1,0.0,14133,510166,"4,16"
8458,"James W. Loewen
",1,0.0,2851,49966,"3,97"
15332,"Rachel Carson
",0,0.0,2358,35508,"4,01"
256,"Jared Diamond
",1,0.0,14094,311962,"3,99"
14053,"Simon Winchester
",1,14.0,11035,141431,"3,84"
133538,"Christopher McDougall
",1,0.0,13310,146768,"4,26"
1124,"Anthony Bourdain
",1,0.0,16543,270080,"3,97"
1116816,"Dave Cullen
",1,0.0,7117,57165,"4,28"
1899,"Howard Zinn
",1,0.0,6731,180405,"4,09"
843200,"Oliver Sacks
",1,14.0,16495,298857,"4,03"
2782,"Viktor E. Frankl
",1,856.0,14466,272505,"4,35"
14041521,"V. Kelly
",1,0.0,333,705,"4,51"
38329,"Heinrich Harrer
",1,107.0,991,18772,"4,07"
2824557,"Jacqueline Kelly
",0,66.0,5139,30660,"4,01"
12733,"Jon J. Muth
",1,0.0,6607,107392,"4,33"
6577,"Gene Zion
",1,0.0,1166,66540,"4,19"
15450,"Virginia Lee Burton
",0,0.0,2274,107760,"4,2"
27861,"Ian Falconer
",1,0.0,8140,138227,"3,84"
7108778,"Anna Othitis
",1,434.0,201,698,"4,72"
4788791,"Jean de Brunhoff
",1,86.0,627,74724,"4,1"
3162,"Doreen Cronin
",0,0.0,8418,174059,"4,15"
21346,"David Shannon
",1,0.0,10597,216833,"4,15"
29671,"Ezra Jack Keats
",1,0.0,4841,111044,"4,14"
193,"Kevin Henkes
",1,,15084,205626,"4,13"
73337,"Norman Bridwell
",1,0.0,2687,145655,"4,1"
66186,"Harry Allard
",1,0.0,1865,119926,"4,28"
46204,"Arlene Mosel
",0,0.0,1187,63450,"4,19"
120341,"Esphyr Slobodkina
",1,110.0,1445,78889,"4,13"
7518,"Marcus Pfister
",1,1155.0,3239,112113,"4,14"
25838,"Sam McBratney
",1,,2060,119663,"4,35"
5086768,"Bill Martin Jr.
",1,0.0,10058,366131,"4,19"
87184,"Laura Joffe Numeroff
",1,0.0,8889,437669,"4,22"
42211,"Amanda Quick
",0,0.0,11628,219050,"3,9"
18067,"Georgette Heyer
",0,14.0,27991,333257,"3,91"
28574,"Jude Deveraux
",0,0.0,16057,346155,"3,94"
41193,"Sara Donati
",0,0.0,5584,94968,"4,21"
88445,"Kathleen E. Woodiwiss
",0,0.0,4036,89237,"4,03"
23890,"Laura Kinsale
",0,0.0,3186,32071,"3,93"
285217,"Johann Wolfgang von Goethe
",1,127.0,7039,178552,"3,8"
16070,"Alexander Pushkin
",1,913.0,3721,118991,"4,08"
410680,"Ivan Turgenev
",1,913.0,4176,105381,"3,91"
228089,"Honoré de Balzac
",1,86.0,6216,118801,"3,8"
6188,"Georg Wilhelm Friedrich Hegel
",1,127.0,762,24442,"3,89"
1938,"Friedrich Nietzsche
",1,127.0,9437,281088,"4,05"
18317,"Knut Hamsun
",1,1570.0,4243,62253,"4,03"
6172,"Søren Kierkegaard
",1,1226.0,2670,55696,"4,07"
159,"Henry James
",1,0.0,17990,301393,"3,63"
232932,"Nikolai Gogol
",1,700.0,7561,178977,"4,05"
7440,"Emily Dickinson
",0,0.0,3580,122508,"4,19"
1481537,"Stendhal
",1,86.0,2426,67575,"3,84"
5132,"Kate Chopin
",0,0.0,8667,198758,"3,71"
13847,"Charles Baudelaire
",1,86.0,2413,66621,"4,22"
8249,"Anne Brontë
",0,14.0,6409,130493,"3,86"
2730977,"Henrik Ibsen
",1,1570.0,6237,170031,"3,77"
1438,"Walt Whitman
",1,0.0,3947,116990,"4,13"
1633234,"Ali Marsman
",0,8.0,26,103,"4,43"
546979,"Lane Robins
",0,0.0,149,922,"3,67"
7768501,"Deborah O'Neill Cordes
",0,0.0,347,2103,"3,97"
1139632,"Andersen Prunty
",1,,900,6063,"3,65"
1025280,"Zoë Marriott
",1,14.0,1751,13235,"3,82"
966321,"KareyLyn Parker (K.S.R. Kingworth)
",0,2087.0,80,212,"3,39"
16967,"Kevin Brockmeier
",1,0.0,3697,22752,"3,66"
231914,"Alexander Key
",1,0.0,546,6464,"3,94"
17055,"Jim Harrison
",1,0.0,4188,41162,"3,99"
82453,"Marilyn Kaye
",1,0.0,1243,27535,"3,7"
126447,"Catherine Ryan Hyde
",1,0.0,16381,209326,"4,09"
14465,"Kōji Suzuki
",1,118.0,1995,26432,"3,75"
12540,"Robert Bloch
",1,0.0,5817,136883,"4,1"
140688,"Anne Fine
",0,14.0,1605,16912,"3,61"
112892,"Jim Lovell
",1,0.0,375,5731,"4,29"
22421,"Christianna Brand
",0,2097.0,538,5303,"3,74"
52601,"N.H. Kleinbaum
",1,0.0,990,42032,"4,21"
262262,"Felix Salten
",1,901.0,717,34064,"4,1"
7127,"Chris Gardner
",1,0.0,826,21478,"4,18"
26874,"William Steig
",1,0.0,4504,83173,"4,08"
7085837,"Allison Hawn
",0,0.0,108,414,"3,94"
6589431,"Duncan Whitehead
",1,14.0,689,4859,"3,61"
7223625,"M.K. Schiller
",0,,2270,18673,"3,98"
3213942,"Linda Kage
",0,0.0,9007,112014,"4,09"
251495,"Barbara Walters
",0,0.0,990,5630,"3,68"
992351,"Kaylene Johnson
",1,127.0,111,375,"3,43"
13311,"Al Franken
",1,0.0,4611,67088,"3,97"
4309838,"Nicole ""Snooki"" Polizzi
",0,3.0,426,3152,"3,38"
2774856,"Samuel J. Wurzelbacher
",1,0.0,2,11,"3,18"
4493,"Eckhart Tolle
",1,127.0,14921,329906,"4,12"
848,"John Gray
",1,0.0,6082,160991,"3,58"
108692,"Dick Morris
",1,0.0,378,3194,"3,58"
584702,"Joe Hilley
",1,0.0,63,282,"3,4"
2778471,"Hillary Rodham Clinton
",0,0.0,8031,80068,"3,84"
30691,"Adolf Hitler
",1,856.0,2758,29258,"3,18"
12665,"Cecily von Ziegesar
",0,0.0,8585,270808,"3,62"
5944,"Bill Clinton
",1,0.0,8723,99847,"3,79"
50303,"Paris Hilton
",0,0.0,142,1630,"2,97"
19794,"Rush Limbaugh
",1,0.0,1248,12490,"4,01"
6200344,"Karl Wiggins
",1,14.0,82,1376,"4,33"
4331713,"Bronwen Evans
",0,66.0,1941,9058,"3,88"
7179522,"Kristen Hope Mazzola
",0,0.0,2846,5860,"4,09"
6902888,"Theresa Marguerite Hewitt
",1,0.0,443,5153,"4,2"
8077668,"G.S. Jennsen
",0,0.0,767,7322,"4,2"
5356562,"Teresa Gabelman
",0,0.0,3721,43722,"4,34"
7068373,"John  Cassian
",1,,153,360,"3,77"
6868719,"Jenna Roads
",1,0.0,30,67,"4,13"
6526309,"L.P. Dover
",0,0.0,7331,40798,"4,11"
5761611,"Lucian Barnes
",1,0.0,146,297,"4,16"
1808111,"Kenneth Jarrett Singleton
",1,0.0,36,1490,"4,46"
7172518,"T.K. Leigh
",0,,5915,40130,"4,18"
4558309,"Lizzy Ford
",0,0.0,5747,50506,"4,13"
7013486,"Darlene Kuncytes
",1,0.0,554,1389,"4,42"
6950900,"Shay Lynam
",0,0.0,111,378,"4,01"
5890982,"Ashley Stoyanoff
",1,8.0,780,10781,"3,85"
6561688,"Hunter S. Jones
",0,0.0,477,1601,"4,3"
7448521,"David   Michael
",1,0.0,427,840,"4,47"
5872743,"Janna Yeshanova
",0,,35,178,"4,22"
8446330,"J.C. Cliff
",1,0.0,1410,7811,"3,9"
6888212,"Harmony Lawson
",0,0.0,30,80,"4,15"
6938994,"A.R. Von
",0,0.0,538,1318,"4,09"
7388591,"Kimber S. Dawn
",1,0.0,1240,5766,"3,91"
7235737,"Aubree Lane
",0,,416,1182,"4,33"
5216431,"A.B. McKinley
",1,,89,453,"4,3"
7734306,"Tanya Holmes
",1,0.0,528,1953,"4,08"
12712,"Rob Thomas
",1,0.0,7000,58593,"3,96"
47153,"Anita Loos
",0,0.0,514,3872,"3,66"
4665968,"Mia Castile
",0,0.0,167,2168,"3,64"
6579843,"Jody A. Kessler
",0,0.0,386,795,"4,17"
2925644,"Julie Cantrell
",0,,1556,10056,"3,95"
6583811,"Cristiane Serruya
",0,261.0,973,3038,"4,16"
7055294,"Ceri London
",1,14.0,40,253,"4,45"
4712387,"Michelle Muto
",0,,541,2867,"3,66"
4399719,"Penelope Fletcher
",0,14.0,1828,20729,"3,83"
1219600,"Sherry Jones
",0,0.0,702,6358,"3,8"
4415109,"Terri Giuliano Long
",0,0.0,380,2787,"3,22"
4774430,"Cyndi Tefft
",0,0.0,232,625,"3,96"
4605878,"Ann Charles
",1,0.0,3089,33356,"4,19"
4719619,"Tiffany King
",0,0.0,3311,36327,"3,89"
3378915,"Jennifer DeLucy
",0,,243,1335,"3,88"
6644323,"Thomas Rydder
",1,0.0,45,107,"4,16"
5806102,"Andrew Seaward
",1,0.0,83,511,"3,73"
80984,"James Herbert
",1,14.0,4823,113253,"3,83"
10366,"Clive Barker
",1,14.0,18096,476539,"4,09"
6926240,"Dean R. Koontz
",1,0.0,3639,61648,"3,7"
128447,"Thomas Tryon
",1,0.0,1239,26130,"3,94"
12577,"Douglas Preston
",1,0.0,41872,684091,4
18874,"Susan Hill
",0,14.0,13257,110267,"3,7"
8050,"Ira Levin
",1,0.0,7387,172983,"3,93"
132378,"David Seltzer
",1,0.0,407,55459,4
12505,"Scott B. Smith
",1,0.0,4228,49294,"3,7"
13388,"Shirley Jackson
",0,0.0,27377,317191,"3,98"
10909117,"Sarah Glenn Marsh
",0,0.0,1167,3439,"3,49"
588356,"Nnedi Okorafor
",0,0.0,17053,104745,"3,99"
16982567,"Anna  Quinn
",1,,428,2130,"3,77"
16527452,"Dana  Mele
",0,0.0,1010,4476,"3,55"
7707972,"Eldonna Edwards
",0,0.0,289,1188,"4,26"
15298200,"Rachel Lynn Solomon
",0,0.0,579,1621,"4,08"
14469474,"Amanda Bouchet
",0,0.0,4022,29548,"4,05"
7047233,"L.R.W. Lee
",0,,567,2050,"3,89"
5833089,"Justina Ireland
",1,,3386,13703,"3,97"
7703847,"Suanne Schafer
",0,0.0,40,110,"4,27"
8056539,"Lyndsay Ely
",1,0.0,511,1872,"3,73"
14324685,"Cass Morris
",0,0.0,85,266,"3,86"
7359319,"Dhonielle Clayton
",0,0.0,6675,25281,"3,8"
14112802,"Bree Barton
",0,,492,2233,"3,63"
16100168,"Clarissa Goenawan
",0,667.0,565,2769,"3,39"
16855179,"Kimmery Martin
",0,,1120,6563,"3,65"
16640489,"Adrienne Young
",0,,3336,12959,"4,05"
14584166,"Kerri Maniscalco
",0,0.0,9877,47067,"4,12"
1074989,"Claire Legrand
",0,0.0,6070,25213,"3,87"
15945524,"Laura Sebastian
",1,0.0,2013,9759,"3,91"
588,"Neil Strauss
",1,0.0,8050,112137,"3,93"
2983296,"Anton Szandor LaVey
",1,0.0,934,14146,"3,5"
50264,"Karrine Steffans
",1,,624,5331,"3,2"
144344,"Nancy Grace
",0,0.0,394,3151,"3,4"
284450,"Tyra Banks
",0,0.0,726,3075,"3,18"
8001,"Pat Robertson
",1,,74,555,"3,45"
53988,"Lisa Papademetriou
",0,0.0,2233,30344,"4,04"
101108,"William A. Dembski
",1,,195,1912,"3,88"
361715,"Michelle Malkin
",0,0.0,260,2482,"3,89"
884168,"Russell Brand
",1,14.0,3367,39790,"3,54"
4852,"Jenna Jameson
",0,0.0,933,11730,"3,74"
14086,"Michael Savage
",1,,644,5782,"3,8"
4631645,"Bristol Palin
",0,0.0,110,992,"3,52"
126807,"John Bytheway
",1,,1535,10970,"4,33"
3522611,"S.E. Cupp
",1,0.0,29,200,"3,11"
485543,"Joseph Nicolosi
",1,0.0,203,627,"1,82"
3396410,"Dana Bennett
",1,,69,202,"4,26"
7162002,"Scott Hildreth
",1,0.0,8583,45233,"4,13"
6565686,"Priscilla Glenn
",0,0.0,2520,26106,"4,02"
6879912,"Jettie Woodruff
",1,0.0,3898,24635,"4,05"
6857154,"Morgan Parker
",1,,530,1748,"3,72"
7151069,"Devon Hartford
",1,,1712,14241,"4,05"
5160667,"Shay Savage
",0,0.0,9679,67340,"3,98"
8119270,"Jake Furie Lapin
",1,0.0,204,677,"4,6"
871368,"توفيق الحكيم
",1,2218.0,7074,61693,"3,76"
2774398,"جمال حمدان
",1,2218.0,348,3692,"4,2"
2463923,"محمد كامل حسين
",1,2218.0,856,4689,"3,94"
36378,"Amin Maalouf
",1,2015.0,6254,67938,"4,04"
1438668,"مكاوي سعيد
",1,2218.0,504,3459,"3,54"
1410883,"سلمان العودة
",1,2223.0,3667,24372,"3,88"
1479293,"جمال الغيطاني
",1,2218.0,1270,9240,"3,65"
636118,"بهاء طاهر
",1,2218.0,5556,42357,"3,71"
2729046,"صنع الله إبراهيم
",1,2218.0,2114,15090,"3,48"
1532329,"محمد عفيفي
",1,2218.0,1153,6306,"3,71"
1297551,"منذر القباني
",1,2223.0,3172,19527,"3,95"
1503841,"يوسف زيدان
",1,2218.0,13330,103534,"3,67"
5835922,"Naguib Mahfouz
",1,2218.0,20552,182933,"3,93"
1273315,"مصطفى لطفي المنفلوطي
",1,2218.0,3535,26966,"3,97"
1270413,"ابن كثير
",1,2232.0,628,11663,"4,43"
2521651,"محمد حسنين هيكل
",1,2218.0,993,11795,"3,83"
1499778,"بلال فضل
",1,2218.0,3003,26306,"3,57"
3162181,"أثير عبدالله النشمي
",1,2223.0,11194,96823,"3,49"
1856386,"محمد الغزالي
",1,2218.0,3388,29006,"4,17"
1039846,"عبد الرحمن الكواكبي
",1,2232.0,1438,8378,"4,21"
1480957,"جلال أمين
",1,2218.0,1846,14983,"3,86"
3009628,"أحمد العسيلي
",1,2218.0,1129,10826,"3,41"
4465322,"Alaa Al Aswany
",1,2218.0,5930,58045,"3,49"
2864016,"الجاحظ
",1,2241.0,363,3823,"3,89"
1244209,"يوسف السباعي
",1,2218.0,3387,36085,"3,86"
1270552,"أنيس منصور
",1,2218.0,5433,61759,"3,59"
2879088,"أبو الطيب المتنبي
",1,2241.0,152,2408,"4,31"
1452948,"صلاح الراشد
",1,2245.0,589,4809,"3,87"
1108381,"طارق السويدان
",1,2245.0,2087,21046,"4,05"
2974,"Ibrahim Nasrallah
",1,2247.0,6816,31049,"3,96"
1503405,"عبد الوهاب المسيري
",1,2218.0,3466,21941,"4,24"
2993185,"Ahlam Mosteghanemi
",0,2249.0,12217,133788,"3,71"
1446194,"رضوى عاشور
",1,2218.0,13716,72579,"4,12"
75055,"Mahmoud Darwish
",1,959.0,4933,42975,"4,15"
3299717,"يحيى بن شرف النووي
",1,2232.0,552,11051,"4,61"
70692,"Tayeb Salih
",1,2253.0,2573,21362,"3,72"
2499187,"محمد المنسي قنديل
",1,2218.0,5773,34516,"3,68"
17863957,"Ibn Khaldun
",1,2249.0,361,4265,"4,25"
6466154,"Kahlil Gibran
",1,2015.0,14504,258840,"4,15"
1268083,"مصطفى صادق الرافعي
",1,2218.0,2561,17192,"4,17"
984651,"محمد بن إدريس الشافعي
",1,959.0,482,4507,"4,47"
1304524,"سعد سعود الكريباني
",1,2245.0,638,5445,"4,11"
16083673,"Mourid Barghouti
",1,959.0,3145,17096,"4,1"
1202066,"مصطفى السباعي
",1,2232.0,590,5439,"3,97"
1335181,"فاروق جويدة
",1,2218.0,3611,27138,"3,95"
1013808,"أحمد زويل
",1,2218.0,481,4842,"3,78"
1633682,"أحمد مراد
",1,2218.0,16342,160171,"3,8"
2111680,"أمل دنقل
",1,2218.0,1919,14237,"4,27"
15342319,"أحمد جمال الدين رمضان
",1,2218.0,236,1212,"4,33"
1409619,"عباس محمود العقاد
",1,2218.0,5076,38704,"3,88"
814936,"Taha Hussein
",1,2218.0,779,8519,"3,56"
8076193,"Sayed Qutb
",1,2218.0,3698,23320,"4,03"
871371,"خالد محمد خالد
",1,2218.0,1037,11251,"4,25"
5131118,"Jessica Scott
",0,0.0,2334,12205,"4,01"
7792274,"Lily  White
",0,,3413,14781,"3,94"
7265801,"Dawn  Robertson
",0,,1739,8374,"3,88"
6208,"Dodie Smith
",0,14.0,8673,108606,"4,02"
65318,"Andrew Morton
",1,14.0,1791,16956,"3,57"
31845,"Marge Piercy
",0,0.0,2792,36520,"3,95"
10020,"Lorna Landvik
",0,0.0,5736,61836,"3,76"
6819578,"Augustine of Hippo
",1,774.0,2842,56663,"3,93"
1327946,"Christian Lander
",1,,1258,18167,"3,75"
74189,"Lisa Lutz
",0,0.0,14056,122439,"3,91"
1159886,"Arkady Strugatsky
",1,2281.0,4062,87927,"4,18"
23012,"Clifford D. Simak
",1,0.0,4320,70732,"3,97"
10885,"Edgar Rice Burroughs
",1,0.0,12375,238884,"3,83"
1853305,"Mary Wollstonecraft
",0,14.0,786,18712,"3,84"
4797485,"Mao Zedong
",1,238.0,384,4558,"3,65"
159357,"John Maynard Keynes
",1,133.0,280,5986,"3,87"
10017,"Sigmund Freud
",1,952.0,5510,165873,"3,81"
21798,"Betty Friedan
",0,0.0,1422,19544,"3,87"
2622245,"Lao Tzu
",1,238.0,4078,96747,"4,31"
36556,"René Descartes
",1,86.0,1524,62037,"3,71"
10122,"Thomas Hobbes
",1,133.0,1088,49239,"3,8"
14190,"Galileo Galilei
",1,814.0,160,6065,"4,11"
5548,"Simone de Beauvoir
",0,86.0,4513,72464,"4,06"
919,"Virgil
",1,814.0,2715,104578,"3,84"
125792,"Euclid
",1,750.0,102,3495,"4,29"
158904,"Thomas Aquinas
",1,814.0,681,11286,"4,01"
57651,"John Stuart Mill
",1,133.0,1917,69943,"3,89"
465,"Alexis de Tocqueville
",1,86.0,909,23909,"4,02"
3072638,"Nicolaus Copernicus
",1,681.0,57,4686,"4,19"
2192,"Aristotle
",1,750.0,3013,109321,"3,94"
51746,"John Locke
",1,14.0,808,50928,"3,8"
51287,"Alexander Hamilton
",1,2302.0,823,33331,"4,07"
23510,"Upton Sinclair
",1,0.0,6405,128921,"3,74"
7994,"Jean-Jacques Rousseau
",1,1155.0,2660,69491,"3,75"
15321,"Confucius
",1,238.0,689,17656,"3,84"
11038,"Immanuel Kant
",1,127.0,1838,73250,"3,9"
57639,"Thomas Paine
",1,133.0,2383,70289,"4,02"
135106,"Isaac Newton
",1,14.0,169,9201,"4,2"
9810,"Albert Einstein
",1,127.0,2148,51444,"4,09"
14424,"Adam Smith
",1,894.0,1033,28545,"3,9"
29874,"Martin Luther
",1,127.0,1401,20988,"4,11"
1771,"Sun Tzu
",1,238.0,8436,262386,"3,97"
1048676,"Founding Fathers
",1,0.0,825,43539,"4,51"
879,"Plato
",1,750.0,9636,342076,4
14551237,"James Ramos
",1,,85,207,"3,77"
6104,"Marian Keyes
",0,79.0,17734,528933,"3,77"
4649,"Plum Sykes
",1,14.0,2040,46001,"3,35"
326338,"Shanna Swendson
",0,,4344,44710,"3,9"
61565,"Hester Browne
",1,14.0,3377,55537,"3,76"
12915,"Jane Green
",0,14.0,24053,538595,"3,59"
3212742,"Gemma Burgess
",1,,1318,20919,"3,87"
7278256,"Scott Eder
",1,0.0,30,109,"4,18"
64216,"Dawn Cook
",0,0.0,976,20600,"3,85"
13014,"Vivian Vande Velde
",0,0.0,4623,49962,"3,78"
273399,"Kate Constable
",0,53.0,1030,22131,"3,94"
28544,"Sharon Shinn
",1,0.0,8747,127241,"3,91"
237194,"Victoria Hanley
",1,0.0,850,14984,"4,05"
6423103,"Morgan O'Neill
",1,0.0,287,1870,"3,98"
3194936,"Félix J. Palma
",1,525.0,3142,15926,"3,52"
6581077,"Rysa Walker
",0,0.0,4639,53617,"3,96"
20295,"Stephen Baxter
",1,14.0,15633,216638,"3,84"
502875,"Dinah Lee Küng
",1,,28,171,"3,43"
29479,"Harry Turtledove
",1,0.0,6939,136154,"3,77"
63659,"Barbara Erskine
",0,14.0,2437,33348,"4,03"
32278,"Poul Anderson
",1,0.0,5697,104886,"3,84"
3305,"L. Sprague de Camp
",1,0.0,1995,53728,"3,94"
8933,"Alan Lightman
",1,0.0,4364,38029,"3,93"
7176787,"Jodi Taylor
",0,14.0,9208,100957,"4,23"
1155463,"Mike Chen
",1,0.0,124,205,"4,07"
28083,"Stephen R. Lawhead
",1,0.0,6590,129689,"3,98"
7415,"Harlan Ellison
",1,0.0,8882,161690,"4,2"
53193,"Kage Baker
",1,0.0,3804,39065,"3,85"
14002,"S.M. Stirling
",1,86.0,8651,144520,"3,9"
22645,"Gregory Benford
",1,0.0,3854,65530,"3,75"
8688,"Eric Flint
",1,0.0,4472,113120,"3,95"
298438,"Kerstin Gier
",1,127.0,24565,268803,"4,12"
175329,"Rebecca Stead
",1,2347.0,17313,124254,"4,01"
6944,"Jack Finney
",1,0.0,3688,44793,"3,91"
7210024,"Claire North
",0,14.0,10312,73019,"3,94"
77170,"Marlys Millhiser
",0,0.0,681,5230,"3,95"
19651,"Ken Grimwood
",1,0.0,2974,25194,"4,14"
66622,"Alexandra Ripley
",0,0.0,2656,53419,"3,49"
5189455,"H.D. Gordon
",0,0.0,1325,10968,"4,01"
7070007,"Harry James Fox
",1,0.0,78,138,"4,36"
5116245,"Anthony Hulse
",1,14.0,137,1850,"4,47"
18294819,"Aimee Cabo Nikolov
",0,0.0,47,1247,"4,33"
5137209,"KaSonndra Leigh
",1,0.0,627,1878,"3,7"
6940334,"Avery Aster
",1,0.0,3282,11188,"3,68"
18272391,"Benjamin Kahriman
",1,2359.0,13,39,"4,38"
4893411,"Penelope King
",1,0.0,542,6065,"3,97"
7553558,"Anna Celeste Burke
",1,0.0,1032,3653,"4,26"
3023973,"Melissa Foster
",0,0.0,17035,111586,"4,19"
4114202,"Nancy Straight
",0,,1109,7727,"3,97"
5786511,"J.D.  Brown
",0,0.0,410,1357,"4,09"
5184237,"Veronica Blade
",0,334.0,680,4378,"3,85"
6907993,"Tammy Robinson
",0,66.0,403,1445,"4,15"
4092090,"Andrew E. Kaufman
",1,0.0,2029,20407,"3,77"
1138074,"Deborah McClatchey
",1,0.0,118,921,"4,44"
3460411,"Emma Mills
",0,14.0,279,3619,"4,07"
4015097,"Claire Farrell
",1,79.0,1571,27269,"3,98"
2888174,"Alannah Lynne
",1,,479,2851,"3,98"
4904383,"Megan Curd
",0,0.0,567,3152,"3,76"
10788120,"Emily Wibberley
",0,0.0,777,3835,"3,91"
8343145,"Sarah Brocious
",0,0.0,184,875,"4,02"
5762295,"Nicole Hill
",1,0.0,26,117,"3,74"
8265262,"Thom  Stark
",1,0.0,38,157,"4,17"
18132401,"B.Q. Hanson
",1,0.0,16,122,"3,98"
6590097,"Sara Furlong Burr
",0,0.0,134,424,"4,26"
4414284,"Dianna Hardy
",0,261.0,593,3045,"3,87"
2917423,"J.L. Bryan
",1,0.0,3056,25296,"3,97"
5338829,"A.M. Hargrove
",0,0.0,4780,29670,"3,98"
7868651,"Chris   Rose
",0,14.0,27,193,"4,55"
5121644,"Shannon Dermott
",0,0.0,965,7092,"3,87"
6433390,"Heide Goody
",1,2384.0,983,7625,"4,11"
4052252,"Marissa Farrar
",0,14.0,2088,11136,"3,97"
2919033,"Karen Luellen
",0,127.0,286,1632,"4,09"
5240334,"Karice Bolton
",0,,2021,28180,"3,99"
1219684,"Amelia James
",0,0.0,500,4659,"3,78"
7264719,"John Marrs
",1,14.0,5049,49873,"4,09"
6860531,"Bella Forrest
",0,,21077,421819,"4,17"
4727364,"Shalini Boland
",1,,3663,37053,"3,9"
6573431,"Paige W. Pendleton
",1,,32,169,"3,99"
5246390,"P.H. Dillard
",1,0.0,7,45,"3,6"
6518554,"Abigail Gibbs
",0,14.0,1712,12547,"3,79"
6554179,"Skyla Madi
",0,53.0,2646,36959,"4,08"
4191700,"Joann I. Martin Sowles
",0,0.0,424,4092,"4,17"
7427793,"D. Aswini
",1,581.0,11,25,"4,56"
585244,"Jennifer Anne Kogler
",0,0.0,355,2511,"3,66"
191456,"Cate Tiernan
",1,0.0,8497,212783,"4,15"
6284785,"Wynne Channing
",0,,444,3380,"4,01"
27206,"Nancy Holder
",0,,10593,169665,"3,85"
2599416,"Parker Blue
",0,0.0,767,7179,"3,86"
6162355,"J.A. London
",0,,1470,21302,4
2958515,"RaShelle Workman
",0,0.0,2532,29228,"3,85"
46138,"Ellen Datlow
",0,0.0,4962,54865,"3,82"
73789,"David Sosnowski
",1,14.0,493,4433,"3,65"
22543,"Meredith Ann Pierce
",1,0.0,1514,29934,4
2762,"Pete Hautman
",1,0.0,4093,24343,"3,63"
6889132,"B. Kristin McMichael
",0,0.0,1100,9499,"4,01"
7235297,"Karpov Kinrade
",1,,4811,42762,"4,1"
5276341,"Kaitlyn Davis
",0,0.0,1969,23760,"3,99"
198623,"Alex Duval
",1,,503,13575,"3,76"
379444,"Tate Hallaway
",0,0.0,1768,33706,"3,73"
724724,"Kazuko Furumiya
",1,118.0,135,10752,"4,11"
10006,"Mary Downing Hahn
",0,0.0,10728,95689,"4,05"
337831,"Justin Somper
",1,14.0,1598,25458,4
303833,"Douglas Rees
",1,0.0,609,4128,"3,66"
5895074,"Ruth Watson-Morris
",1,14.0,28,126,"4,49"
170520,"Katie Maxwell
",0,0.0,412,9585,"3,88"
7341923,"Alys Arden
",0,0.0,711,3077,"4,21"
2765438,"Lucienne Diver
",0,2421.0,1021,8135,"3,86"
3169806,"Kristi Cook
",0,,2284,22289,"3,87"
826097,"Akihisa Ikeda
",1,118.0,778,32596,"4,25"
72678,"Catherine Jinks
",0,53.0,3216,26561,"3,72"
4610078,"Morgan Rice
",1,,7738,137413,"3,69"
153742,"Yuna Kagesaki
",0,118.0,730,43982,"4,16"
4836172,"Charlotte Blackwell
",0,8.0,194,1558,"3,79"
274667,"Brian Meehl
",1,0.0,421,5031,"3,64"
1239645,"Trisha Telep
",0,8.0,1957,23029,"3,71"
21701,"Mari Mancusi
",0,0.0,3680,46633,"3,87"
3379695,"Rebecca Maizel
",1,0.0,1998,14699,"3,87"
270479,"Marlene Perez
",1,0.0,2886,37681,"4,11"
1111511,"Kimberly Pauley
",0,0.0,881,9575,"3,77"
4379470,"Young Kim
",1,2434.0,3016,71075,"3,98"
3020684,"Alyxandra Harvey
",0,8.0,5257,74225,"4,08"
146797,"Elizabeth Haynes
",0,14.0,7345,70651,"3,96"
322069,"Liane Moriarty
",0,53.0,132580,1762285,"3,98"
2059134,"Eileen Thornton
",1,14.0,138,728,"3,83"
8154595,"Alcatraz Dey
",1,581.0,134,452,"4,08"
1238,"Nelson DeMille
",1,0.0,20962,397996,"4,02"
8526768,"Francis Bandettini
",1,,10,59,"3,92"
5816079,"Mike Wech
",1,0.0,224,753,"3,57"
4715676,"Axel Howerton
",1,8.0,77,336,"3,97"
6426921,"Richard  Long
",1,,191,973,"3,39"
4565594,"Seb Kirby
",1,14.0,198,800,"3,67"
6153571,"Nancy S.  Thompson
",0,0.0,240,763,"3,81"
4251995,"Ted Bernal Guevara
",1,,48,139,"3,83"
9291,"David Baldacci
",1,0.0,79198,1423873,"4,06"
109299,"William Diehl
",1,0.0,657,13854,"4,01"
12504,"Karin Slaughter
",0,0.0,49107,707443,"4,08"
15856433,"Ashley S. Clancy
",1,0.0,117,310,"3,88"
579553,"Claude Bouchard
",1,8.0,544,4399,"3,9"
11014364,"Rati Mehrotra
",0,581.0,417,1407,"3,69"
15011553,"Keira Drake
",1,0.0,316,2996,"3,46"
7710193,"Jessica Leake
",0,,613,2251,"3,84"
4135488,"Annie Sullivan
",1,,281,891,"3,68"
7512686,"Kristina Pérez
",0,,278,771,"3,85"
16817128,"Alexa Donne
",1,0.0,589,1820,"3,74"
7034280,"Natasha Ngan
",0,14.0,2058,7778,"3,87"
16541001,"Candace Robinson
",1,0.0,439,626,"4,27"
11573940,"Jay Coles
",1,0.0,757,2590,"3,91"
6580285,"Tess Sharpe
",1,0.0,2694,14993,"3,99"
8545130,"Ashley Herring Blake
",0,0.0,2516,9855,"4,18"
15450609,"Emily X.R. Pan
",0,0.0,2232,9151,"4,16"
4701504,"Gwendolyn Clare
",0,,476,1973,"3,62"
14671253,"Sarah Henning
",0,,1217,4627,"3,69"
14926516,"Rebecca   Ross
",0,810.0,1242,5850,"4,02"
15941035,"Shea Ernshaw
",0,0.0,2953,11146,"3,82"
6610348,"Gloria Chao
",0,,1263,4308,"3,85"
15066301,"Tanaz Bhathena
",0,,536,2059,"3,78"
14684499,"Alexandra Christo
",0,14.0,5250,22487,4
7391697,"Sarah Jane Butfield
",0,14.0,127,731,"3,61"
57229,"Lucy Grealy
",0,79.0,1770,33497,4
3028,"Loung Ung
",0,2474.0,2655,28535,"4,31"
5050207,"Andy Szpuk
",1,14.0,58,418,"4,16"
7103,"Steve Martin
",1,0.0,13318,190968,"3,73"
4770,"Tracy Kidder
",1,0.0,7804,90878,"4,14"
183819,"John Elder Robison
",1,0.0,4599,60358,"3,92"
19316,"Peter Mayle
",1,14.0,7667,131912,"3,87"
7111,"Walter Isaacson
",1,0.0,25643,1008068,"4,1"
13900,"Alexandra Fuller
",0,14.0,6397,67729,"3,91"
20062,"Johnny Cash
",1,0.0,875,19611,"4,07"
1429989,"Richard Feynman
",1,0.0,8412,233770,"4,26"
114656,"Cupcake Brown
",0,,2110,23627,"4,17"
1803294,"Władysław Szpilman
",1,681.0,1019,65509,"4,23"
7349406,"Catherine Lockwood
",1,14.0,27,240,"4,13"
5005420,"Tony James Slater
",1,14.0,447,4263,"4,1"
18943,"Frederick Douglass
",1,0.0,4429,99080,"4,05"
8865,"Mary Karr
",0,0.0,6286,91998,"3,92"
427437,"Carolyn Jessop
",0,0.0,4725,36999,"3,95"
1054,"Beryl Markham
",0,14.0,2700,26202,"4,18"
6574370,"Alan Parks
",1,,268,2142,"3,67"
6582,"Antonia Fraser
",0,14.0,3195,73657,"3,95"
7215049,"Isak Dinesen
",0,1226.0,2923,50677,"4,01"
76172,"Ernesto Che Guevara
",1,698.0,2030,35588,"3,79"
788947,"Susan Joyce
",0,,87,231,"4,47"
196092,"Patti Smith
",0,2497.0,13530,185547,"4,09"
16652,"John Howard Griffin
",1,0.0,2345,54519,"4,13"
11728,"James McBride
",1,0.0,9116,123169,"4,02"
6520230,"Savannah Grace
",0,8.0,207,1023,"4,01"
3116624,"Victoria Twead
",0,14.0,612,5562,"4,1"
6441218,"George Mahood
",1,14.0,921,9590,"4,15"
46245,"Ayaan Hirsi Ali
",0,2503.0,7732,94713,"4,15"
68200,"Rüdiger Safranski
",1,127.0,180,2840,"4,07"
17435,"Malcolm X
",1,0.0,4874,166704,"4,31"
3503,"Maya Angelou
",0,0.0,16258,451431,"4,22"
8195738,"L.B. Dunbar
",0,0.0,3181,7474,"4,34"
7148752,"Tony Perez-Giese
",1,0.0,81,335,"3,87"
6869343,"Andrea  Smith
",1,0.0,4435,35150,"4,02"
7150768,"B.N. Toler
",1,0.0,3401,20024,"4,27"
6655354,"Claire Contreras
",0,,11503,97209,"4,1"
10780034,"Rose B. Mashal
",0,,332,2599,"4,14"
973,"Euripides
",1,750.0,4089,124015,"3,93"
1089946,"Cindy Spencer Pape
",0,,1075,10141,"3,63"
6740729,"McKaylin L. Felton
",0,0.0,3,29,"3,97"
399,"Napoleon Hill
",1,0.0,6163,182205,"4,2"
7276512,"Steve Bevil
",1,0.0,124,1783,"3,66"
16154,"Lisa Cach
",0,0.0,925,10430,"3,64"
3369676,"Jesse Petersen
",0,0.0,1692,12886,"3,84"
81096,"Chris Wooding
",1,14.0,4727,46803,"4,06"
101078,"Yasmine Galenorn
",0,0.0,8449,137708,"4,04"
2905789,"Catherine Bybee
",0,0.0,10282,181624,"4,11"
6561851,"Bee Ridgway
",1,0.0,1197,5873,"3,7"
230650,"Jo Barrett
",0,0.0,451,4487,"3,65"
9059,"Caroline B. Cooney
",0,0.0,9500,139577,"3,68"
177305,"Sandra Hill
",0,0.0,3277,45965,"4,01"
7124995,"Tammy Tate
",0,0.0,229,466,"4,24"
8355,"Brenda Joyce
",0,,2906,53204,"3,95"
4393396,"Laura Hunsaker
",1,0.0,270,1642,"3,86"
575968,"Suzanne Frank
",0,,155,2311,"3,96"
4446076,"Anita Clenney
",0,0.0,869,10167,"3,98"
243598,"Shelly Thacker
",0,0.0,870,10831,"3,71"
6223,"Linda Lael Miller
",0,0.0,10430,184951,"4,06"
4152894,"June Kramin
",0,0.0,123,300,"4,37"
73754,"Lisa Tawn Bergren
",1,0.0,7590,67383,"4,14"
99119,"Jane Goodger
",1,0.0,658,4429,"3,78"
3512875,"Monique Martin
",0,,1140,13602,"3,88"
4927506,"Beatriz Williams
",1,,14560,126061,"3,87"
8564,"Chie Shinohara
",0,118.0,741,42918,"4,35"
4842750,"A.J. Nuest
",0,0.0,751,2117,"4,11"
5806657,"Katherine Lowry Logan
",0,2541.0,814,10544,"4,25"
84222,"Constance O'Day-Flannery
",0,0.0,197,3734,"3,93"
28375,"Janet Chapman
",0,0.0,2683,51497,"4,19"
19971,"Teresa Medeiros
",0,,4639,65409,"3,88"
389599,"Melissa Mayhue
",0,,966,20619,"4,05"
34820,"Kinley MacGregor
",1,0.0,2415,63081,"4,08"
6134,"Arundhati Roy
",0,581.0,15684,242435,"3,9"
22694,"Flannery O'Connor
",0,0.0,9684,146429,"4,18"
3506,"Carson McCullers
",0,0.0,8823,123098,"3,95"
15558568,"T.M.  Lakomy
",1,,28,84,"4,25"
137386,"Vicki Pettersson
",0,0.0,3541,54543,"3,78"
1375697,"Devon Monk
",0,0.0,4811,73396,"3,96"
108693,"Gerald Morris
",1,0.0,1521,33355,"4,11"
68871,"Sherryl Jordan
",0,66.0,868,10074,"4,11"
249843,"Franny Billingsley
",0,,2572,16382,"3,67"
3099087,"Erin Bow
",1,0.0,2891,13550,"3,62"
5390719,"Brian D. Anderson
",1,0.0,757,19234,"3,96"
7540,"Cynthia Voigt
",1,0.0,4840,71281,"3,87"
291916,"Robert Fanney
",1,0.0,300,1383,"4,09"
237175,"Janni Lee Simner
",0,,2279,30283,"3,81"
133364,"Elizabeth Kay
",0,14.0,294,7341,"3,83"
1332,"Julia Golding
",1,14.0,2305,33486,"4,08"
5345,"Peter Dickinson
",1,1772.0,1532,16027,"3,68"
15044420,"Audrey Grey
",1,,531,1007,"4,04"
25477,"Mary Brown
",1,,238,3357,"3,98"
54201,"Kai Meyer
",1,127.0,2556,36980,"3,87"
14124424,"Farah Oomerbhoy
",0,581.0,680,2785,"4,04"
8597,"Pat O'Shea
",0,79.0,207,3217,"4,02"
145946,"Sally Gardner
",0,14.0,4158,30383,"3,81"
119830,"Frances Hardinge
",0,14.0,7053,42666,"3,93"
36175,"Caroline Stevermer
",0,0.0,4001,44044,"3,82"
26878,"Isobelle Carmody
",0,53.0,3077,55265,"4,03"
4099,"Monica Furlong
",0,14.0,635,18543,"4,1"
145092,"Stuart Hill
",1,14.0,858,16856,"4,13"
26875,"Margaret Mahy
",0,66.0,2248,20322,"3,89"
133908,"Ysabeau S. Wilce
",0,,1707,11209,"3,77"
82467,"Clare B. Dunkle
",1,0.0,2238,23516,"3,95"
5168809,"Lisa N. Paul
",1,0.0,834,5412,"4,01"
247709,"Laura Drake
",0,0.0,389,1052,"4,17"
7236797,"Julie   Johnson
",0,0.0,3503,35847,"4,06"
6996431,"Gwendolyn Field
",1,0.0,663,6867,"4,03"
7041163,"Caisey Quinn
",0,,3406,35762,"4,07"
7202043,"Jenna Travis
",1,0.0,211,1251,"3,92"
8154896,"Julie Bailes
",0,,474,1963,"4,21"
6593194,"Christina Paul
",1,0.0,16,151,"4,13"
6948816,"Abi Ketner
",0,,1475,8805,"3,87"
7077963,"Rachel Brookes
",0,53.0,1074,8825,"4,13"
7133062,"Faith  Andrews
",1,0.0,2559,9413,"3,97"
7076627,"Christine Brae
",0,,1025,3882,"3,98"
6969980,"Lynetta Halat
",0,0.0,1053,6800,"3,9"
6888652,"Tabitha McGowan
",1,14.0,816,4637,"4,05"
7164331,"Skye Turner
",0,0.0,1791,10782,"4,19"
6572366,"Tonya Burrows
",0,,1447,11447,"4,06"
6653786,"Erin Noelle
",0,,5590,41263,"4,15"
6980189,"Brooke Cumberland
",0,0.0,3140,29862,"3,94"
7162059,"Sloan  Johnson
",0,0.0,1913,11445,"3,93"
7102407,"Konstanz Silverbow
",0,,196,524,4
7221218,"Jalpa Williby
",0,,379,779,"4,44"
7222748,"Annette K. Larsen
",1,0.0,1104,5759,"4,19"
6921962,"Jen McLaughlin
",0,,2434,23623,"3,95"
7171528,"Magda Alexander
",1,,1045,13085,"4,05"
6547659,"Carmen Jenner
",0,53.0,4500,29252,"3,96"
7123141,"Hilary Storm
",0,,4106,25484,"4,16"
7256452,"Danielle Stewart
",1,0.0,1934,22556,"4,14"
6930056,"E.M. Abel
",0,0.0,895,4642,"3,98"
7059622,"Ilsa Madden-Mills
",0,0.0,11292,96098,"3,99"
7181481,"L.L. Collins
",0,0.0,1958,6310,"4,28"
6878970,"Rebecca Shea
",1,0.0,3255,22002,4
7233596,"Jack Wilder
",1,,633,4154,"4,13"
7046321,"Natasha Boyd
",1,,4151,36884,"4,08"
7084780,"J.L. Berg
",0,0.0,4574,36121,"4,14"
7060187,"Christina  Lee
",0,,4613,31603,"3,99"
7152850,"T.H. Snyder
",1,0.0,1404,6057,"3,93"
6553256,"K.I. Lynn
",0,0.0,4713,35931,"3,98"
6217503,"Maya Cross
",0,53.0,2280,41815,"3,91"
6949287,"Julie A. Richman
",0,,3312,23093,"4,17"
6872165,"J.C. Reed
",0,,4477,72351,"3,96"
7091608,"Angela  Graham
",1,2618.0,4062,41444,"4,07"
7032185,"Alison G. Bailey
",0,0.0,3303,20070,"4,07"
7112180,"Mia Asher
",1,,5242,29904,"4,12"
6089757,"Sandi Lynn
",1,0.0,8657,140727,"4,1"
29085,"Daniel Silva
",1,1573.0,23557,425236,"4,19"
691,"Trevanian
",1,0.0,1556,31165,"4,06"
17613,"Lawrence Block
",1,0.0,15285,167369,"3,87"
4693729,"Amanda Bonilla
",0,,749,7066,"3,76"
5138153,"T.L. Shreffler
",0,0.0,959,12909,"4,14"
603,"Barry Eisler
",1,0.0,5068,79456,"4,08"
13635,"Anne Stuart
",0,,8599,96176,"3,76"
4585652,"D.V. Berkom
",0,0.0,765,4371,"4,03"
3174636,"Oliver Bowden
",1,14.0,2606,38603,"3,97"
4195533,"Paul  Hoffman
",1,14.0,1850,26310,"3,61"
5154295,"April Brookshire
",1,0.0,565,8954,"3,84"
3398274,"Ben Tripp
",1,0.0,969,7512,"3,77"
10029,"Colson Whitehead
",1,0.0,24449,217617,"3,93"
3429015,"Kevin David Anderson
",1,0.0,545,3145,"3,91"
5777960,"Annie Walls
",0,0.0,432,4415,"4,06"
72451,"Jonathan Maberry
",1,2637.0,21872,209822,"4,04"
7121418,"Thomas  Jenner
",1,0.0,288,3419,"3,75"
63950,"Kim Paffenroth
",1,0.0,371,6141,"3,76"
2949152,"Sophie Littlefield
",1,,2740,19990,"3,66"
15463,"Travis Bradberry
",1,0.0,1215,68298,"3,83"
117582,"David Moody
",1,14.0,2984,37520,"3,78"
4051426,"Madeleine Roux
",0,0.0,9965,78156,"3,75"
5575284,"D.J. Molles
",1,0.0,1977,39656,"4,22"
2890051,"Z.A. Recht
",1,,645,15142,"3,95"
52047,"Joe McKinney
",1,0.0,1946,22402,"3,88"
16964,"George A. Romero
",1,2347.0,336,2934,"3,77"
2310121,"Rhiannon Frater
",0,0.0,3491,30065,"4,01"
1161372,"John Joseph Adams
",1,0.0,5457,66868,"3,96"
7278507,"Chris Philbrook
",1,0.0,870,7860,"4,32"
52050,"Brian Keene
",1,,5156,63097,"3,83"
2129854,"S.G. Browne
",1,0.0,1677,13159,"3,8"
42437,"J.L. Bourne
",1,0.0,2011,34637,"4,01"
2990843,"Mark Tufo
",1,,4154,65614,"4,3"
3488176,"Alden Bell
",1,,1975,12759,"3,83"
1302285,"Isaac Marion
",1,0.0,11789,104133,"3,93"
7054725,"Rucy Ban
",0,,214,1606,"3,46"
1029223,"Cindi Madsen
",0,,3902,26811,"3,84"
387285,"Peter Golden
",1,,320,1829,"3,73"
4533371,"Cynthia B. Ainsworthe
",0,0.0,29,93,"4,67"
5294594,"Julie Reece
",0,,349,2006,"3,63"
2989576,"Holly Cupala
",0,,1071,7166,"3,91"
5445024,"Emily Murdoch
",0,0.0,2820,17156,"4,06"
627156,"Emma Carlson Berne
",0,,514,3556,"3,62"
121072,"Janet E. Morris
",0,0.0,942,28603,"3,9"
176326,"Joan W. Blos
",1,259.0,461,7340,"3,59"
4513317,"Faraaz Kazi
",1,581.0,247,1788,"3,59"
4605557,"Bianca Sommerland
",0,8.0,2166,20070,"3,96"
4811802,"Laura Bailey
",0,,216,2321,"3,16"
4721654,"Julieanne Lynch
",0,79.0,447,1059,"4,05"
6440498,"Vina Jackson
",1,14.0,1104,11328,"3,23"
6767293,"Traci Douglass
",1,0.0,757,5422,"4,02"
6158051,"Claudette Williams
",0,,577,5382,"3,64"
2654606,"Kitty Thomas
",0,,4350,41078,"3,61"
5339130,"Skye Warren
",1,0.0,13205,107388,"3,88"
6901016,"Carlie Sexton
",1,,348,1345,"3,81"
3370555,"Annabel Joseph
",0,0.0,3789,40783,"3,85"
5129673,"Marita A. Hansen
",1,66.0,1593,7596,"3,97"
7183346,"Alyson Raynes
",0,0.0,238,803,"4,15"
7159360,"Alicia Rae
",0,0.0,940,7970,"4,13"
15560,"Claire Thompson
",0,0.0,2492,21321,"3,62"
7520984,"Layla Hagen
",1,,4550,36941,"4,17"
7179953,"Cathrina Constantine
",1,0.0,315,627,"4,14"
3074905,"Aleksandr Voinov
",1,127.0,9127,47724,"4,01"
8426654,"S.M. Gibson
",0,0.0,14,39,"4,77"
7036109,"Mia Fox
",1,0.0,226,424,"3,95"
1861991,"Varian Krylov
",1,0.0,1014,6582,"3,67"
5140393,"Lisa Shambrook
",0,14.0,59,154,"4,69"
5266193,"Candice Stauffer
",1,0.0,293,1937,"4,07"
4496779,"Sherri Hayes
",0,0.0,2148,17421,"3,98"
6539073,"Antonello Fiore
",1,8.0,42,53,"3,66"
8306834,"Stylo Fantome
",1,0.0,8160,59375,"4,15"
7246093,"Nashoda Rose
",0,8.0,6286,63473,"4,18"
5785925,"Nina Lane
",0,,6188,48473,"4,14"
6474204,"Pam Godwin
",0,,8245,47582,"4,13"
7113521,"C.P. Mandara
",0,,663,3084,"3,88"
526115,"Samantha Blair
",0,,206,3096,"3,5"
7353243,"C.B. Blaha
",1,0.0,27,155,"4,8"
7036526,"Jessica O'Gorek
",0,0.0,117,209,"3,92"
7305383,"Marissa Ames
",0,0.0,71,190,"4,35"
7365697,"Yessi Smith
",0,,867,2450,"4,13"
17287,"Shashi Tharoor
",1,14.0,1672,18066,"3,83"
7086704,"C.T. Oliver
",1,,92,542,"3,76"
6104410,"A.D. Trosper
",1,0.0,211,1254,"4,18"
4912047,"Cari Silverwood
",0,53.0,2938,13477,"3,94"
5625101,"David  Berger
",1,0.0,26,84,"4,26"
7313508,"Ker Dukey
",0,,9832,48468,"4,2"
6458460,"Jessie B. Tyson
",0,14.0,22,78,"4,35"
437669,"A.N. Roquelaure
",1,,6157,109946,"3,54"
7359629,"Tricia Daniels
",0,8.0,257,794,"4,19"
5318290,"Sophie Moss
",0,,808,7160,"4,12"
8306428,"Marissa Honeycutt
",1,0.0,1914,14649,"4,27"
6550220,"Anna Zaires
",0,,7516,87881,"4,08"
3414533,"Cara McKenna
",0,0.0,5325,35209,"3,78"
7242823,"Anthony  Bryan
",1,14.0,393,1228,"3,8"
2870363,"L.K. Madigan
",0,0.0,862,6877,"3,72"
225455,"Maryrose Wood
",1,0.0,6229,42637,"3,94"
1049315,"Eileen Cook
",0,0.0,3587,21579,"3,59"
119848,"Diana Peterfreund
",0,,10462,79501,"3,8"
2830341,"Lisa Mangum
",0,0.0,3750,22749,"3,85"
4611069,"Jackie Morse Kessler
",0,0.0,1556,7411,"3,7"
1330287,"R.J. Anderson
",0,2793.0,2869,21014,"3,9"
3016878,"Angie Frazier
",0,,616,3032,"3,7"
144020,"إبراهيم أصلان
",1,2218.0,1738,10253,"3,53"
1405181,"غادة السمان
",1,2232.0,4620,33183,"3,71"
2966488,"عبد الحكيم قاسم
",1,2218.0,202,1161,"3,61"
3462566,"LeAnn Neal Reilly
",0,0.0,65,383,"3,95"
2732850,"وليد طاهر
",1,2218.0,2321,10849,"3,83"
1375008,"إحسان عبد القدوس
",1,2218.0,3139,37586,"3,6"
3474687,"سارة درويش
",1,2241.0,1353,10252,"3,57"
2736027,"سعد مكاوي
",1,2218.0,466,4610,"3,74"
2994581,"محمد صادق
",1,2218.0,9544,75914,"3,58"
1340291,"إبراهيم عيسى
",1,2218.0,1992,12133,"3,54"
4704809,"الطيب صالح
",1,2253.0,2455,19949,"3,7"
181668,"Gail Giles
",0,0.0,3102,24604,"3,82"
456208,"Tricia Rayburn
",0,,1145,13677,"3,73"
1059425,"خيري شلبي
",1,2218.0,2249,16354,"3,72"
2760505,"عبد الرحمن الشرقاوي
",1,2218.0,792,5258,"4,14"
2754199,"Abra Ebner
",1,,318,4136,"3,67"
4959901,"أشرف العشماوي
",1,,4389,42253,"4,13"
2552821,"يحيى حقي
",1,2218.0,1569,18239,"4,07"
2729179,"محمد شكري
",1,1868.0,1104,6582,"3,44"
4466615,"نور عبدالمجيد
",1,2218.0,3878,27045,"3,84"
2736801,"عزالدين شكري فشير
",1,2245.0,4900,26796,"3,64"
5765372,"إياد عبدالرحمن
",1,2223.0,162,921,"3,88"
6542440,"Elif Shafak
",0,,22208,179024,"3,98"
345869,"Yusuf Idris
",1,2218.0,2319,22295,"3,73"
353134,"طه حسين
",1,2218.0,3299,27474,"3,7"
6953498,"Danielle Rohr
",1,0.0,60,183,"3,77"
6693551,"M.J. Abraham
",0,46.0,202,2271,"3,65"
7021276,"Donna K. Weaver
",1,,608,1717,"4,25"
7141792,"Scarlett Dawn
",0,0.0,4455,51000,"4,06"
6265027,"Carrie Butler
",0,0.0,463,2988,"3,89"
6554652,"Jennifer Iacopelli
",0,0.0,241,1611,"3,86"
5959003,"James Daugherty
",1,,439,5416,"3,75"
121292,"Dhan Gopal Mukerji
",1,581.0,190,1940,"3,31"
8343921,"Erin Entrada Kelly
",1,0.0,2720,13281,"3,93"
65864,"Joseph Krumgold
",1,0.0,362,6446,"3,47"
24446,"Lynne Rae Perkins
",0,,2498,13719,"3,45"
148577,"Elizabeth Yates
",0,0.0,672,11525,"3,9"
13454,"Nancy Willard
",0,0.0,723,7013,"3,81"
61657,"Ruth Sawyer
",1,0.0,479,4734,"3,69"
3420,"Elizabeth Enright
",0,0.0,1952,34468,"4,07"
97200,"Walter D. Edmonds
",1,0.0,422,7945,"3,73"
132332,"Elizabeth Foreman Lewis
",1,0.0,226,3788,"3,73"
427164,"Emily Cheney Neville
",0,0.0,362,5799,"3,62"
38240,"Maia Wojciechowska
",0,681.0,263,4507,"3,55"
80667,"Kate Seredy
",0,901.0,835,10021,"3,95"
83099,"Cornelia Meigs
",1,0.0,380,5857,"3,76"
116858,"Elizabeth Coatsworth
",0,0.0,628,5807,"3,76"
505867,"Virginia Sorensen
",0,0.0,555,9051,"3,82"
945430,"Kelly Barnhill
",0,1923.0,7985,40002,"4,09"
203311,"Will James
",1,8.0,315,6637,"3,97"
23821,"Eleanor Estes
",0,0.0,3842,60102,"3,98"
156992,"Elizabeth Gray Vining
",0,0.0,402,8140,"3,76"
15662,"Eric P. Kelly
",1,0.0,331,6479,"3,76"
43740,"Paula Fox
",0,0.0,1517,17284,"3,66"
70750,"Harold Keith
",1,0.0,450,8998,"3,91"
6207,"Betsy Byars
",0,0.0,1978,21135,"3,69"
5411,"Cynthia Rylant
",0,0.0,10103,108393,"4,06"
98320,"Robert Lawson
",1,0.0,5269,159147,"4,14"
274222,"Elizabeth Borton de Treviño
",0,0.0,419,7321,"3,73"
155829,"Jeanne Birdsall
",0,,8960,78971,"4,2"
47312,"Jack Gantos
",1,0.0,7777,55601,"3,73"
51535,"Edward Bloor
",1,0.0,3323,31564,"3,6"
6558842,"Kirstin Pulioff
",0,0.0,274,1058,"4,17"
116504,"Laura Amy Schlitz
",0,0.0,5537,32895,"3,84"
23356,"Rachel Field
",0,0.0,761,12469,"3,85"
5310,"Lois Lenski
",0,0.0,3085,68908,"4,04"
96375,"Gary D. Schmidt
",1,0.0,18177,101181,"4,08"
9263,"Russell Freedman
",1,0.0,3139,19238,"3,97"
70762,"Hugh Lofting
",1,14.0,1453,61560,"3,98"
37836,"Armstrong Sperry
",1,0.0,919,11693,"3,73"
37202,"Irene Hunt
",0,0.0,2290,20621,"3,69"
1194868,"Meindert DeJong
",1,877.0,882,16459,"3,91"
2003542,"Marguerite de Angeli
",0,0.0,1145,16120,"3,78"
67810,"Paul Fleischman
",1,0.0,6568,41098,"3,78"
5817,"Rodman Philbrick
",1,0.0,7006,63417,"3,93"
73494,"Jean Lee Latham
",0,0.0,922,14057,"4,11"
10105,"Avi
",1,0.0,15393,181952,"3,74"
3449712,"Clare Vanderpool
",0,,6266,38469,"4,04"
7536,"Sid Fleischman
",1,0.0,2802,32035,"3,68"
3093309,"William Pène du Bois
",1,0.0,1779,26240,"3,99"
1036736,"Katherine Applegate
",0,0.0,30064,403168,"3,97"
22414,"Richard Peck
",1,0.0,10073,94485,"3,92"
61707,"Linda Sue Park
",0,0.0,13132,164572,"4,02"
9640,"Karen Cushman
",0,0.0,4999,84506,"3,71"
99849,"Esther Forbes
",0,0.0,2172,36882,"3,64"
4057,"Karen Hesse
",1,0.0,8453,98470,"3,76"
6846,"Christopher Paul Curtis
",1,0.0,12872,172100,"3,94"
1244538,"Pam Muñoz Ryan
",0,0.0,14597,115900,"4,07"
68481,"Nawal El-Saadawi
",0,2218.0,3306,21851,"3,73"
1339,"Jane Smiley
",0,0.0,11888,125014,"3,72"
27600,"Ana Castillo
",0,0.0,648,7509,"3,82"
128607,"Elfriede Jelinek
",0,856.0,1215,12714,"3,55"
8393981,"Sarai Walker
",0,,2707,15795,"3,55"
27069,"Richard Yates
",1,0.0,8775,100682,"3,91"
1011,"Aristophanes
",1,750.0,2095,70711,"3,89"
7728,"Doris Lessing
",0,251.0,10469,147064,"3,65"
25022,"Jean Rhys
",0,3098.0,5587,66801,"3,64"
27341,"John Varley
",1,0.0,2700,43204,"3,92"
73812,"Jack McDevitt
",1,0.0,5865,77900,"3,81"
108281,"Ken MacLeod
",1,14.0,2126,30231,"3,73"
43625,"James Blish
",1,0.0,2286,46083,"3,86"
49111,"Samuel R. Delany
",1,0.0,6116,72562,"3,89"
19169,"Karl Schroeder
",1,8.0,2251,18672,"3,78"
38982,"Debra Doyle
",0,0.0,447,7789,"3,79"
70180,"Hal Clement
",1,0.0,626,14472,"3,91"
2753938,"Randolph Lalonde
",1,8.0,888,25980,"4,19"
129426,"James Alan Gardner
",1,8.0,873,8939,"3,89"
10517,"David Weber
",1,0.0,13624,429943,"4,13"
128647,"H. Beam Piper
",1,0.0,1557,24102,"3,92"
58124,"John C. Wright
",1,0.0,2221,25232,"3,92"
57980,"Sharon Lee
",0,0.0,3361,55254,"4,25"
65471,"Robert Lynn Asprin
",1,0.0,3230,173942,"3,95"
73419,"Allen M. Steele
",1,0.0,2394,22424,"3,78"
989968,"C.J. Cherryh
",0,0.0,6773,168830,"3,98"
2795823,"Thomas DePrima
",1,,444,20668,"4,02"
56,"Brian Herbert
",1,0.0,4402,151674,"3,69"
6572837,"Rachel Bach
",0,0.0,2895,24441,"3,96"
723256,"James H. Schmitz
",1,127.0,650,12157,4
48960,"Walter Jon Williams
",1,0.0,5401,72470,"3,82"
7211936,"Richard  Parry
",1,,332,949,"4,47"
304225,"David Feintuch
",1,0.0,387,10218,"3,81"
34854,"Catherine Asaro
",0,0.0,1799,28693,"3,77"
38631,"Gordon R. Dickson
",1,8.0,1717,49065,"3,87"
121557,"S.L. Viehl
",1,0.0,652,15700,"3,82"
74519,"Mike Shepherd
",1,0.0,1618,44995,"3,99"
19472,"David Drake
",1,0.0,3545,125869,"3,94"
4845,"Kevin J. Anderson
",1,0.0,14736,393058,"3,75"
4477395,"E.E. ""Doc"" Smith
",1,0.0,1335,33747,"3,82"
1048167,"Nathan Lowell
",1,0.0,2213,36963,"4,28"
3231,"George Lucas
",1,0.0,3198,83509,"3,97"
14219,"John Ringo
",1,0.0,5215,171313,"4,1"
274225,"Anna Lee Waldo
",0,0.0,499,15586,"4,21"
12479,"Timothy Zahn
",1,0.0,12863,316234,"4,06"
92881,"Helen Hooven Santmyer
",0,0.0,533,11976,"4,12"
11628,"Edward Gibbon
",1,133.0,920,16483,"4,03"
55547,"Jack Campbell
",1,0.0,6655,168889,"4,02"
3723,"Alison Leslie Gold
",0,0.0,876,59411,"4,26"
159563,"Anita Lobel
",0,681.0,985,8904,"3,97"
90845,"Victor Klemperer
",1,681.0,256,3957,"4,29"
12691,"Barry Denenberg
",1,0.0,1307,21971,"3,78"
1094283,"D.M. Thomas
",1,14.0,520,8195,4
52320,"Elizabeth E. Wein
",1,0.0,20535,124026,"4,02"
2093047,"Nonna Bannister
",1,110.0,763,7209,"3,87"
99126,"Christopher R. Browning
",1,0.0,618,9911,"4,1"
275734,"Mark Klempner
",1,0.0,16,102,"4,51"
9800,"Anne Michaels
",0,8.0,1603,15743,"3,9"
57239,"Alyson Richman
",0,0.0,6259,54112,"4,12"
26643,"Lila Perl
",1,0.0,414,5796,"3,89"
17505,"Samuel Richardson
",1,14.0,1103,17018,"3,05"
5073,"Daniel Jonah Goldhagen
",1,0.0,314,4553,"3,67"
154108,"Ruth Minsky Sender
",0,681.0,353,5628,"4,07"
6225,"Daniel Mendelsohn
",1,0.0,1231,8124,"4,14"
77190,"Simon Wiesenthal
",1,700.0,667,7027,"4,09"
580505,"Richard Rashke
",1,,196,2795,"4,24"
22580,"Julie Orringer
",0,0.0,5388,50242,"4,16"
50110,"Thomas Buergenthal
",1,3224.0,646,7941,"4,11"
26496,"Imre Kertész
",1,901.0,1036,10867,"3,92"
4739,"Murasaki Shikibu
",0,118.0,1009,11916,"3,76"
12806,"Hannah Arendt
",0,127.0,2538,42742,"4,2"
11188,"Bette Greene
",0,0.0,1223,18508,"3,66"
122741,"Joan M. Wolf
",1,0.0,866,8638,"4,09"
140547,"Han Nolan
",0,0.0,1706,13422,"3,91"
11636,"Johanna Reiss
",0,877.0,432,10515,"3,85"
127176,"Jennifer Roy
",1,0.0,2481,25738,"4,2"
1571853,"Mark A. Cooper
",1,14.0,188,3121,"4,25"
83003,"Laurence Rees
",1,,762,17100,"4,24"
227026,"Hans Fallada
",1,127.0,3111,26531,"4,16"
2939184,"Miklós Nyiszli
",1,901.0,1191,14062,"4,26"
3536,"Ursula Hegi
",1,127.0,3310,100774,"4,01"
30703,"Judith Kerr
",0,127.0,1875,31812,"4,12"
126839,"Louise Murphy
",0,0.0,1510,10455,"4,04"
6637,"Diane Ackerman
",0,0.0,10547,78115,"3,56"
133522,"Tadeusz Borowski
",1,700.0,410,6761,"4,09"
19654,"Karen Levine
",0,,710,6967,"4,13"
22493,"Irène Némirovsky
",1,700.0,8762,74005,"3,8"
3724,"Miep Gies
",1,856.0,717,51777,"4,27"
27420,"Livia E. Bitton-Jackson
",0,3224.0,961,21571,"4,14"
27857,"Jenna Blum
",1,,7419,92227,"4,09"
972216,"Lois Leveen
",0,,1246,7526,"3,88"
9459144,"David K. Saunders
",1,14.0,10,44,"4,39"
7024412,"Jessica Dotta
",1,0.0,752,3636,"3,95"
338268,"Suzannah Dunn
",0,14.0,893,6495,"3,26"
3509474,"Jannine Gallant
",1,0.0,400,1208,"3,94"
7124301,"Lauren Owen
",0,14.0,1679,7863,"3,24"
64974,"Anne O'Brien
",1,,1102,11096,"3,82"
6704895,"Heather  Webb
",0,0.0,1741,7949,"4,01"
169656,"C.W. Gortner
",1,,4423,42072,"3,96"
7182576,"Antonia Hodgson
",1,14.0,675,4600,"3,99"
5056466,"Zoe Saadia
",0,,661,4044,"4,18"
772663,"Marina Fiorato
",0,14.0,2130,17689,"3,75"
635608,"David Blixt
",1,0.0,264,1028,"4,09"
37140,"Leila Meacham
",1,0.0,3894,27301,"3,96"
4686337,"Naomi Wood
",0,14.0,778,6951,"3,8"
8030427,"Alex    Myers
",1,,130,562,"3,76"
7267515,"Phyllis T. Smith
",1,0.0,1127,13149,"3,96"
1692594,"Jane Nickerson
",0,0.0,1156,7037,"3,49"
4143142,"Carol K. Carr
",0,,848,6581,"3,71"
7125422,"Jessie Burton
",0,14.0,13369,132788,"3,66"
7271055,"Kristy Cambron
",0,,2500,11400,"4,05"
382356,"Sally O'Reilly
",0,,192,668,"3,27"
2789569,"Emma Campion
",1,0.0,397,3622,"3,82"
7189251,"Erin Lindsay McCabe
",0,0.0,1010,5860,"3,79"
850093,"Brandy Purdy
",1,0.0,517,3352,"3,62"
4795055,"Steve Brigman
",1,0.0,52,853,"4,04"
6526628,"Stephanie  Thornton
",0,0.0,771,4914,"4,13"
4512899,"Lucinda Riley
",0,79.0,9685,112599,"4,16"
71311,"Amy Belding Brown
",0,0.0,1011,7669,"3,92"
6154476,"Donna Thorland
",0,0.0,557,3057,"3,74"
4981568,"Simone St. James
",0,,6946,45281,"3,98"
3242814,"Robin Oliveira
",0,0.0,3508,25687,"3,8"
6562809,"Elizabeth Fremantle
",1,3327.0,1278,7226,"3,8"
29184,"Nancy E. Turner
",1,0.0,14499,86448,"4,25"
148847,"Daisy Goodwin
",0,14.0,8597,63064,"3,6"
7115378,"Kate Breslin
",0,0.0,995,4127,"3,96"
3024821,"Anne Fortier
",1,,4508,29171,"3,89"
1397190,"Ella March Chase
",0,,502,10478,"3,99"
485025,"Ariel Lawhon
",0,0.0,3194,17398,"3,75"
5222030,"Laura Andersen
",0,0.0,1822,9984,"3,89"
7155436,"Allison Pataki
",1,,3657,27012,"3,86"
5052587,"Kate Alcott
",0,0.0,5485,36860,"3,5"
25765,"Elizabeth Chadwick
",0,14.0,4503,57097,"4,11"
11630,"Jennifer Chiaverini
",0,,14455,126691,"3,84"
131724,"Timothy Schaffert
",1,0.0,1137,6283,"3,47"
4041697,"Elizabeth Loupas
",1,,578,4445,"3,88"
6897266,"Marci Jefferson
",0,,463,2327,"3,75"
33227,"Colleen Coble
",0,,9703,92767,"4,07"
2974095,"Kate Quinn
",0,0.0,14285,132499,"4,22"
39621,"Sandra Gulland
",1,0.0,2547,33486,"4,14"
2867287,"Erika Robuck
",0,0.0,1981,11615,"3,79"
623139,"Barbara Kyle
",1,8.0,553,4692,"3,85"
7231634,"Bruce Holsinger
",1,0.0,815,4543,"3,58"
69003,"M.J. Rose
",0,0.0,5783,35390,"3,63"
7063660,"Joanne Jaytanie
",1,0.0,429,903,"4,29"
7503278,"Madeline Pryce
",0,,288,1091,"4,09"
7023103,"M.J. Fields
",0,0.0,7642,58304,"4,24"
4340854,"Kele Moon
",0,0.0,4746,51229,"3,9"
8049898,"Grace Anne Feldman
",0,0.0,33,88,"4,47"
7164384,"Chelle Bliss
",0,,14057,93004,"4,23"
7271036,"Isabelle Peterson
",1,0.0,634,2153,"4,34"
7087549,"S.E. Hall
",0,0.0,7079,56361,"4,16"
7045140,"Jaden Wilkes
",1,,1791,9354,"3,8"
8052607,"Maryann Jordan
",1,0.0,4257,28277,"4,32"
14808492,"Dakota Willink
",0,0.0,364,1633,"4,23"
7391945,"Kate  Benson
",0,0.0,1032,2929,"4,39"
7114580,"Renee Lee Fisher
",0,0.0,238,852,"4,07"
7369643,"Komali da Silva
",0,904.0,159,238,"4,31"
7203641,"A.M. Madden
",0,0.0,4423,29221,"4,17"
4221272,"J.S. Chancellor
",1,3421.0,111,595,"3,82"
2839407,"Megan Crewe
",0,8.0,2992,17762,"3,69"
257093,"Antonia Michaelis
",0,127.0,1726,9671,4
4127279,"Hannah Blatchford
",1,14.0,6,38,"3,63"
4432824,"Melissa Jensen
",1,,924,8606,"3,33"
5253622,"Suze Reese
",1,0.0,66,478,"3,57"
135786,"Deb Caletti
",0,0.0,5749,65573,"3,67"
286059,"Jeannine Garsee
",1,0.0,947,5894,"3,91"
93526,"Richard P. Denney
",1,0.0,122,465,"3,63"
157146,"Christina Baker Kline
",1,14.0,33954,389640,"4,08"
3184722,"Priya Parmar
",0,,1294,6598,"3,77"
20411,"Lawrence Hill
",1,8.0,7207,77199,"4,34"
54751,"Robert Alexander
",1,0.0,2185,17495,"3,78"
40507,"Robert Hicks
",1,,2109,17403,"3,72"
666152,"John Thorndike
",1,0.0,39,145,"4,04"
6590171,"Christoph Fischer
",1,127.0,876,3135,"3,98"
3499,"Lalita Tademy
",0,0.0,2536,47278,"4,04"
49229,"David Ebershoff
",1,0.0,8375,71261,"3,66"
3220448,"Varsha Dixit
",0,581.0,344,3978,"3,66"
8841,"Anita Desai
",1,581.0,1597,18019,"3,53"
6093739,"Bibhutibhushan Bandyopadhyay
",1,3530.0,723,12133,"4,43"
3369,"Amitav Ghosh
",1,581.0,7403,81141,"3,9"
577199,"Sudha Murty
",0,581.0,2388,36472,"3,92"
203233,"Manju Kapur
",0,581.0,387,5294,"3,49"
63242,"Kiran Nagarkar
",1,581.0,299,2655,"3,91"
638308,"Jerry Pinto
",1,581.0,867,5357,"3,99"
4230687,"Ashwin Sanghi
",1,581.0,5410,63044,"3,56"
31428,"Kiran Desai
",1,581.0,4128,48738,"3,42"
60159,"William Dalrymple
",1,14.0,3181,36489,"4,07"
1305302,"R.K. Narayan
",1,581.0,3350,63880,"3,99"
14594440,"Pawan Mishra
",1,581.0,148,279,"3,9"
1637550,"Anuja Chauhan
",1,581.0,1338,13952,"3,62"
4343092,"Amish Tripathi
",1,581.0,12432,239486,"3,94"
15322,"Indu Sundaresan
",1,581.0,2342,22417,"3,97"
2616,"Ruth Prawer Jhabvala
",0,127.0,606,8748,"3,55"
36913,"Rabindranath Tagore
",1,581.0,3141,49147,"4,14"
15165240,"Nilesh Rathod
",1,581.0,86,158,"3,96"
11271,"Monica Ali
",0,3551.0,5501,67122,"3,66"
1417512,"J.G. Farrell
",1,14.0,1081,10240,"3,86"
21046,"Anurag Mathur
",1,581.0,342,6529,"3,24"
6549865,"Ashok  Kallarakkal
",1,581.0,19,90,"3,77"
36857,"Manil Suri
",1,581.0,989,10799,"3,55"
46603,"Ruskin Bond
",1,581.0,3637,50552,"4,08"
90,"Mulk Raj Anand
",1,3530.0,390,4767,"3,7"
68552,"C. Rajagopalachari
",1,581.0,302,7378,"4,24"
3989,"V.S. Naipaul
",1,3562.0,4197,58773,"3,7"
82531,"Amartya Sen
",1,581.0,1326,21986,"3,97"
127875,"Thrity Umrigar
",0,581.0,7375,64671,"3,94"
22496,"Vikram Chandra
",1,581.0,2092,19357,"3,84"
43028,"Upamanyu Chatterjee
",1,581.0,435,5590,"3,69"
5989103,"Munshi Premchand
",1,581.0,898,23080,"4,21"
5771483,"Rasana Atreya
",0,,236,1422,"3,72"
89095,"Jawaharlal Nehru
",1,3570.0,538,9639,"4,01"
63189,"Khushwant Singh
",1,3571.0,2852,38159,"3,73"
2908379,"Teresa Garcia
",0,0.0,15,147,"4,4"
243395,"Yoshihiro Togashi
",1,118.0,1568,84099,"4,37"
7087082,"Susan Adrian
",0,,195,788,"3,9"
5285502,"Lauren  Hunter
",1,8.0,63,160,"3,8"
4996827,"Bennett R. Coles
",1,8.0,111,493,"3,85"
4728994,"Rachel Higginson
",0,0.0,8175,94503,"4,22"
4607856,"Heather Hildenbrand
",0,,2296,17198,"3,97"
4492558,"M.G. Wells
",0,0.0,118,227,"4,28"
6080058,"Daniel D. Longdon
",1,14.0,7,17,"4,47"
4836823,"Lena Hillbrand
",1,,88,321,"3,97"
4115682,"Lauren Hammond
",0,0.0,1832,14180,"3,66"
6517376,"Travis Luedke
",1,0.0,1076,4943,"3,74"
2845738,"Rachel Hill
",0,14.0,16,104,"4,14"
2731702,"MeiLin Miranda
",0,0.0,291,1294,"4,04"
4666971,"G.P. Ching
",0,0.0,1872,30565,"3,96"
1125279,"Stephen Douglass
",1,8.0,64,705,"4,41"
5616418,"S.K. Whiteside
",0,,40,138,"3,78"
1054908,"Elizabeth Lang
",0,,36,102,"4,05"
4163056,"M.R. Mathias
",1,,1028,14074,"3,89"
5021072,"Michael G. Manning
",1,0.0,1188,47765,"4,15"
5934422,"Benjamin R.  Smith
",0,0.0,12,150,"4,33"
4455366,"Alan McDermott
",1,,1117,24575,"4,03"
1378521,"Gracen Miller
",0,0.0,730,3068,"4,2"
5758946,"Uvi Poznansky
",0,254.0,636,1613,"3,97"
6592273,"Rick Copper
",1,0.0,0,12,4
13612458,"Donald Jans
",1,0.0,284,1636,"4,38"
4038165,"C.C. Cole
",0,0.0,30,71,"4,52"
5198413,"J.H. Glaze
",1,0.0,272,690,"4,06"
4325564,"Scott Prussing
",1,0.0,535,5393,"3,86"
6587449,"Jenna Brooks
",1,0.0,62,415,"3,98"
5258872,"Nathan Squiers
",1,0.0,564,1390,"4,24"
4784496,"Shaun Allan
",1,14.0,113,290,"4,09"
5764521,"Emily Guido
",1,0.0,108,253,"4,31"
6540025,"Melodie Ramone
",1,,248,1505,"4,08"
7536711,"Jackie Lea Sommers
",1,0.0,201,893,"4,03"
8549468,"Stacy Stokes
",1,0.0,29,121,"3,67"
7540479,"Jessica  Taylor
",0,0.0,396,1877,"3,65"
13980964,"A.N. Willis
",0,,129,447,"3,77"
13921633,"K.T. Hanna
",0,53.0,119,808,"4,19"
12605648,"Savannah Ostler
",0,0.0,21,80,"4,19"
8041886,"Charlotte Huang
",1,,374,1845,"3,49"
8623147,"Debra Dockter
",1,,89,426,"3,88"
7218927,"Michael   Jensen
",1,0.0,204,907,"3,88"
7811723,"Sarah J. Schmitt
",0,,238,815,"3,77"
7705004,"Fonda Lee
",1,,1391,5547,"3,91"
13748096,"Ali Winters
",0,0.0,326,696,"4,24"
7413781,"A.J. Steiger
",0,0.0,295,1514,"3,93"
2725867,"Kate Scelsa
",0,,1301,6455,"3,79"
8186033,"Cindy L.  Rodriguez
",1,,218,897,"3,75"
7360516,"Jennifer Latham
",1,0.0,1173,5608,"4,08"
13442212,"Pintip Dunn
",0,,1114,4019,"3,89"
7369504,"Jessica Alcott
",0,,481,2926,"3,36"
7277717,"Michelle  Levy
",0,0.0,417,2792,"3,92"
8596769,"Lauren   James
",0,14.0,2651,10703,"3,8"
6926810,"Chris  Ledbetter
",1,0.0,78,148,"4,24"
7827599,"Fox Benwell
",1,,600,2150,"3,92"
119888,"Genevieve Cogman
",0,14.0,7359,59886,"3,92"
8111018,"Willa Strayhorn
",1,,95,449,"3,35"
8206823,"Abbie Rushton
",0,,351,2232,"3,6"
7224014,"Marcy Beller Paul
",0,0.0,134,532,"3,41"
7244154,"Kelly Loy Gilbert
",1,0.0,782,2806,"3,98"
7337010,"Meredith Moore
",0,0.0,207,1383,"3,54"
6470568,"Leah Thomas
",0,0.0,1223,5560,"4,03"
7213197,"Jen Brooks
",0,,222,834,"3,48"
7094711,"Laura Tims
",0,0.0,328,1620,"3,82"
8123144,"Katie Van Ark
",0,,330,1902,"3,47"
7501918,"N.K. Traver
",1,,150,515,"3,62"
7394641,"Heather W. Petty
",1,0.0,620,3149,"3,56"
6468876,"Jenny  Martin
",0,0.0,166,968,"3,67"
7205246,"Kimberly Karalius
",0,0.0,496,2153,"3,61"
6766849,"Michelle  Painchaud
",1,0.0,374,2376,"3,72"
6542320,"Gina Ciocca
",1,,888,6635,"3,72"
8107180,"Moriah McStay
",0,,406,2223,"3,76"
8660,"Kate Elliott
",0,0.0,5624,82489,"3,83"
8473856,"Valynne E. Maetani
",1,0.0,287,1213,"3,65"
7303978,"Holly Bodger
",0,8.0,623,2219,"3,66"
8054196,"Lance   Rubin
",0,,1197,5907,"3,84"
7359318,"Sona Charaipotra
",0,,1554,7294,"3,83"
6887772,"Jenn Marie Thorne
",1,0.0,1096,7692,"3,94"
7222174,"Alexandra Sirowy
",0,,840,3807,"3,62"
12089485,"Kayla Howarth
",1,53.0,447,4332,"4,14"
543716,"Stephanie Oakes
",0,0.0,1978,9708,"3,99"
7368938,"David  Arnold
",1,0.0,4827,29526,"3,93"
7214756,"Lauren Gibaldi
",1,0.0,924,5561,"3,61"
2126339,"Tommy Wallach
",1,0.0,3502,20320,"3,66"
4419823,"Sable Hunter
",0,0.0,3069,31375,"4,23"
5557309,"Red Phoenix
",1,0.0,5167,55708,"4,37"
5824220,"Dionne Lister
",1,53.0,347,1209,"4,18"
5834609,"Michael Dadich
",1,0.0,59,198,"4,15"
6525189,"A.D. Seeley
",0,0.0,16,147,"4,16"
6862869,"Suzy Soro
",0,0.0,63,299,"3,98"
5556678,"Glenn J. Soucy
",1,,91,334,"4,32"
6438033,"Alexandra Anthony
",0,0.0,284,3718,"4,04"
6421055,"Vanessa Wester
",0,3727.0,96,406,"3,85"
7069336,"Thomas Ferreolus
",1,0.0,14,70,"4,31"
6644681,"Russell A. Smith (R.A Smith)
",1,14.0,24,59,"3,98"
4192988,"Lori L. Otto
",1,0.0,1991,12562,"4,26"
5280531,"S.M. Boyce
",1,,1342,6856,"4,17"
6476977,"Paul Anthony Shortt
",1,79.0,28,161,"4,04"
3521172,"G.L. Twynham
",0,14.0,85,369,"4,15"
3297510,"Lacey Weatherford
",0,0.0,4962,67847,"4,01"
682431,"Pamela Fagan Hutchins
",1,0.0,1694,13500,"3,96"
7817816,"Jan Raymond
",0,,122,426,"4,34"
6541966,"Angella Graff
",0,0.0,147,1044,"3,92"
6908388,"Ireland Taylor
",0,0.0,46,121,"4,5"
6573131,"Lindy Zart
",0,0.0,2494,17657,"3,9"
15115333,"Alex Lux
",0,,1161,10849,"3,82"
6888961,"Elizabeth A. James
",0,0.0,150,673,"4,03"
4619475,"Rachel  Thompson
",0,0.0,356,1586,"3,6"
7000989,"Katherine Reay
",0,0.0,4327,22164,"3,81"
250531,"John Dunning
",1,0.0,1658,18466,"3,87"
34878,"Walter Moers
",1,127.0,3866,55293,"4,17"
4576669,"Jackie Williams
",0,14.0,228,2281,"4,04"
42559,"Sarra Manning
",0,14.0,4540,49760,"3,8"
6578577,"C.C. Gibbs
",1,,1298,16619,"3,97"
6860161,"K.M. Golland
",0,53.0,2066,17941,"4,24"
16589,"Kara
",1,2434.0,310,16158,"4,07"
732829,"Yuu Watase
",0,118.0,3304,209913,"4,08"
38495,"Kosuke Fujishima
",1,118.0,438,12020,"3,94"
227382,"Asuka Katsura
",1,118.0,188,7726,"4,11"
320741,"Setona Mizushiro
",0,118.0,679,14467,4
60631,"Kazuya Minekura
",0,118.0,448,21815,"4,25"
13022,"Kaoru Mori
",0,,2717,34965,"4,17"
144405,"Bisco Hatori
",0,118.0,4227,323583,"4,42"
164141,"Emura
",1,118.0,245,15582,"4,2"
204812,"Jinsei Kataoka
",1,,1351,46237,"4,24"
151717,"Wataru Yoshizumi
",0,118.0,989,46999,"4,02"
1435883,"Nagaru Tanigawa
",1,118.0,1025,22999,"3,97"
42530,"Yumi Tamura
",0,118.0,353,16369,"4,3"
294649,"Naoki Urasawa
",1,118.0,3950,107244,"4,4"
8469,"Kyoko Hikawa
",0,118.0,730,26779,"4,34"
75603,"Shiro Amano
",1,118.0,1020,20411,"4,22"
2789878,"QuinRose
",1,118.0,1845,46284,"4,21"
8476,"CLAMP
",0,118.0,8333,429803,"4,18"
227048,"Daisuke Moriyama
",1,118.0,162,8624,"4,17"
24610,"Kiyohiko Azuma
",1,118.0,2494,60950,"4,44"
166635,"Masami Tsuda
",1,118.0,607,38754,"4,08"
40143,"Mia Ikumi
",1,118.0,587,31267,4
784067,"Mi-Kyung Yun
",0,,809,19325,"4,02"
42508,"Kaori Yuki
",0,118.0,1269,61461,"4,11"
408864,"Norihiro Yagi
",1,118.0,1370,45612,"4,25"
164714,"Yoshiyuki Sadamoto
",1,118.0,798,27244,"4,24"
7340907,"Sui Ishida
",1,118.0,5534,169396,"4,45"
696185,"Yuki Kure
",1,118.0,330,16049,"4,07"
17272,"Kohta Hirano
",1,118.0,802,54231,"4,3"
379549,"Tomoko Ninomiya
",0,118.0,431,16152,"4,22"
155990,"Kanoko Sakurakouji (桜小路かのこ)
",1,118.0,2121,108348,"4,22"
8477,"Yumi Hotta
",0,118.0,716,27973,"4,19"
117369,"Naoko Takeuchi
",1,118.0,5464,175509,"4,36"
2881050,"Ai Yazawa
",0,118.0,2301,118490,"4,29"
311365,"Arina Tanemura
",0,118.0,2065,125804,"4,16"
15708586,"Yun Kouga
",1,118.0,629,31994,"4,07"
1018547,"Yōko Kamio
",0,118.0,1214,57261,"4,17"
3091065,"Julietta Suzuki
",0,118.0,1739,78543,"4,43"
145435,"Kentaro Miura
",1,118.0,2368,98774,"4,49"
4519463,"Kyousuke Motomi
",1,118.0,2266,121658,"4,34"
791996,"Maki Minami
",0,118.0,961,60176,"4,27"
165682,"Natsumi Andō
",0,118.0,1567,65041,"4,23"
878225,"Fuyumi Soryo
",0,118.0,986,57688,"4,26"
16525871,"Kazune Kawahara
",0,118.0,1841,73260,"4,22"
127404,"Tomoko Hayakawa
",0,118.0,821,49120,"4,17"
4107314,"Kazue Kato
",1,118.0,2026,107646,"4,4"
18161184,"Aya Nakahara
",0,118.0,993,48208,"4,31"
2686,"Akira Toriyama
",1,118.0,3220,132662,"4,38"
4263,"Hayao Miyazaki
",1,118.0,2002,47605,"4,49"
803937,"Tachibana Higuchi
",0,118.0,791,47690,"4,38"
166674,"Yukiru Sugisaki
",0,118.0,437,58714,"4,08"
12948,"Rumiko Takahashi
",0,118.0,4367,252288,"4,23"
2018764,"Atsushi Ohkubo
",1,118.0,1452,93458,"4,34"
164153,"Hisaya Nakajo
",0,118.0,1200,110388,"4,28"
4958172,"Gosho Aoyama
",1,118.0,2637,99833,"4,27"
2776647,"Hiro Fujiwara
",0,118.0,1531,115461,"4,47"
5365396,"Hajime Isayama
",1,118.0,9216,296944,"4,43"
311098,"Katsura Hoshino
",0,118.0,1215,84735,"4,35"
2830569,"Karuho Shiina
",0,118.0,1984,97176,"4,29"
150810,"Hiro Mashima
",1,118.0,3874,251489,"4,42"
376347,"Peach-Pit
",1,118.0,861,65143,"4,19"
2901559,"Jun Mochizuki
",1,118.0,2036,82450,"4,41"
18100,"Nobuhiro Watsuki
",1,118.0,1668,112380,"4,35"
208650,"Eiichiro Oda
",1,118.0,6217,319705,"4,46"
164127,"Yoshiki Nakamura
",0,118.0,3314,212417,"4,47"
2988406,"Yana Toboso
",0,118.0,4984,234774,"4,45"
11047,"Masashi Kishimoto
",1,118.0,9367,566996,"4,4"
1977,"Tite Kubo
",1,118.0,5575,443677,"4,27"
7061349,"Lesley  Jones
",1,14.0,5058,27403,"4,32"
6876994,"Kate  McCarthy
",0,53.0,3151,28045,"4,17"
6670530,"Lisa De Jong
",1,0.0,4665,37967,"4,13"
14175077,"Emem Uko
",0,,10,592,"4,26"
7276618,"B.A. Shapiro
",0,0.0,6602,68956,"3,66"
4747988,"Nancy Bilyeau
",0,0.0,1156,6466,"3,85"
2958717,"Melanie Benjamin
",0,3924.0,15049,112446,"3,77"
5774116,"Amanda Coplin
",1,0.0,5631,39035,"3,77"
2995577,"Helen Simonson
",0,14.0,16815,152203,"3,86"
4536964,"Amor Towles
",1,0.0,31535,259272,"4,21"
159430,"Maryanne O'Hara
",1,0.0,353,1659,"3,6"
4971182,"Jessica Maria Tuccelli
",0,,228,979,"3,61"
20849,"Rosamunde Pilcher
",0,14.0,6851,179433,"4,08"
3006839,"Randy Susan Meyers
",0,0.0,3155,26218,"3,62"
1585457,"Cameron Dane
",1,,2258,32369,"3,85"
3497918,"Rowan Speedwell
",0,,1413,9620,"3,89"
3009736,"S.J. Frost
",0,0.0,1709,13339,"3,96"
2847963,"J.M. Colail
",0,,224,2262,"3,82"
99882,"Laura Baumbach
",1,0.0,1098,12118,"3,78"
32638,"Suzanne Brockmann
",0,0.0,12242,212520,"4,07"
2986789,"P.L. Nunn
",1,0.0,740,6063,"3,86"
49028,"Jet Mykles
",1,0.0,2338,33741,"3,84"
7136995,"River Jaymes
",1,,1915,15745,"3,96"
2457566,"Isabelle Rowan
",0,14.0,671,4090,"3,85"
2744713,"Jez Morrow
",1,,619,5457,"3,71"
4769304,"Kaje Harper
",1,8.0,6200,43154,"4,04"
1496392,"Lynn Lorenz
",0,0.0,1172,10866,"3,65"
240840,"Evangeline Anderson
",0,,10867,147311,"3,88"
2738500,"Z.A. Maxfield
",1,,5332,44454,"3,84"
962319,"Manna Francis
",1,14.0,2252,17862,"4,23"
1999187,"Tere Michaels
",0,0.0,2490,23757,"4,03"
1202850,"J.L. Langley
",0,0.0,3206,50247,"3,95"
3128303,"Brooke McKinley
",0,0.0,579,5587,"4,05"
267618,"Chris Owen
",1,8.0,2980,29664,"3,91"
5451387,"Dani Alexander
",1,0.0,1244,8294,"4,09"
2896790,"Crystal Rose
",1,0.0,645,4737,"4,1"
1122774,"Madeleine Urban
",0,0.0,7544,74899,"4,18"
1120780,"Sean Kennedy
",1,53.0,1996,15874,"4,02"
4656955,"Damon Suede
",1,0.0,2994,19930,"3,96"
2892465,"Jane Seville
",0,0.0,1553,14343,"4,06"
4605,"Lisi Harrison
",0,8.0,12555,237832,"3,76"
4752305,"Constance Sharper
",0,,160,1691,"3,63"
7754966,"Linda  Watkins
",0,0.0,196,801,"4,02"
8570971,"Mason Sabre
",1,14.0,927,2120,"4,48"
5296727,"Elizabeth Marx
",0,0.0,801,5266,"3,96"
5347052,"Priya Ardis
",1,,465,3888,"3,68"
7701589,"Angie Martin
",1,0.0,473,1410,"4,06"
7727258,"A. Payne
",0,0.0,177,513,"4,18"
2737333,"Zoe Winters
",0,,510,5082,"3,76"
6914330,"Angee Taylor
",1,0.0,48,94,"4,07"
6580373,"Shane K.P. O'Neill
",1,79.0,199,1191,"4,48"
3397290,"Imogen Rose
",0,,634,8696,"3,88"
4061922,"Laury Falter
",0,,881,27565,"4,05"
5756901,"R.M. Gilmore
",0,0.0,362,793,"4,26"
7076304,"Alanea Alder
",1,,3676,53442,"4,35"
3512625,"Stacey Wallace Benefiel
",0,0.0,1148,11964,"3,71"
5181752,"Dannika Dark
",1,0.0,8171,129762,"4,25"
6533956,"Jessica Kong
",1,0.0,57,216,"4,44"
3425403,"Tina Folsom
",0,,5403,85958,"4,06"
6995709,"Amalie Jahn
",0,0.0,456,1828,"4,17"
4096668,"Addison Moore
",0,,8642,139736,"3,95"
4171164,"Susan Bischoff
",1,0.0,625,6021,"3,85"
4800436,"Julia Crane
",0,0.0,2521,19745,"3,83"
6693905,"Joseph DiBartolo
",1,0.0,146,369,"4,34"
6180865,"Rebekkah Ford
",0,0.0,225,677,"4,03"
3498720,"S.L. Naeole
",0,0.0,610,10947,"4,02"
6564741,"Komal Kant
",0,,1364,17268,"3,8"
6404,"Jonathan Lethem
",1,0.0,16099,161167,"3,77"
8203,"James Redfield
",1,0.0,4563,111718,"3,68"
3524,"Joyce Carol Oates
",0,0.0,30930,342174,"3,69"
1064072,"T. Coraghessan Boyle
",1,0.0,13205,114350,"3,7"
4000,"Pat Barker
",1,14.0,5402,66248,"3,96"
5684,"Alex Garland
",1,14.0,3059,77826,"3,83"
463,"Philip Roth
",1,0.0,24756,343967,"3,81"
4128,"J.M. Coetzee
",1,149.0,14404,191614,"3,76"
184987,"Janette Rallison
",0,0.0,7296,55392,"3,95"
5783958,"J.A. Dennam
",0,,252,2209,"3,98"
3465557,"L.A. Weatherly
",0,0.0,3793,53444,"3,95"
6862831,"Sara Wolf
",0,0.0,3993,41334,"4,06"
6584188,"Brei Betzold
",1,0.0,736,11327,"3,94"
6470181,"Sadie Grubor
",0,,1269,14281,"3,96"
6448939,"Christine Zolendz
",1,0.0,5253,63586,"4,06"
6888697,"J.B. Salsbury
",0,,6456,76240,"4,26"
5403174,"Jean Haus
",0,,1141,17983,"3,87"
5763298,"Tammy Falkner
",0,,7450,111900,"4,23"
5436815,"Lydia Kang
",0,0.0,2353,17700,"3,87"
6542670,"Charity Bradford
",0,0.0,117,365,"3,93"
5806077,"Laura Lam
",0,0.0,1532,6979,"3,96"
5381588,"Annie Laurie Cechini
",1,0.0,19,82,4
172490,"Jim C. Hines
",1,0.0,6467,51313,"3,9"
5806079,"Julianna Scott
",1,0.0,329,1411,"3,86"
6154478,"Evie Manieri
",0,0.0,150,703,"3,51"
5049521,"Amanda  Carlson
",0,0.0,2059,16656,"3,84"
4831561,"Mazarkis Williams
",1,,451,3339,"3,53"
6443115,"Petteri Hannila
",1,1743.0,64,242,"4,09"
804399,"Myke Cole
",1,0.0,2451,18583,"3,75"
6893006,"Roy Huff
",1,0.0,397,1154,"3,85"
6524620,"Brian  McClellan
",1,4174.0,6363,101855,"4,26"
13557729,"Daniel Abraham
",1,0.0,10475,189301,"4,13"
4161354,"Shawn Speakman
",1,0.0,815,7332,"3,82"
4287922,"Alex J. Cavanaugh
",1,0.0,256,958,"4,01"
4178213,"Douglas Hulick
",1,0.0,887,16452,"4,02"
2841445,"Zathyn Priest
",1,53.0,947,5943,"3,88"
3432558,"R.J. Scott
",0,,10390,69839,"3,89"
332067,"Jesse Hajicek
",1,0.0,330,3446,"4,1"
2839336,"Kim Dare
",0,14.0,5370,52375,"3,67"
4632661,"Zen Cho
",1,,2627,11511,"3,8"
1445909,"Adrian Tchaikovsky
",1,14.0,5585,63512,"4,11"
8326635,"Judd Trichter
",1,2347.0,124,507,"3,55"
2918731,"Aliette de Bodard
",1,,4467,23035,"3,76"
14039683,"Alex   Marshall
",1,,566,3974,"3,8"
5760737,"Seth Dickinson
",1,,2073,11508,"4,01"
5214733,"Fran Wilde
",1,0.0,1236,5733,"3,62"
3405346,"Max Gladstone
",1,0.0,4788,33679,4
2924955,"Ian Tregillis
",1,,3283,26498,"3,94"
5990662,"Wesley Chu
",1,4213.0,2516,18676,"3,82"
105839,"Marie Brennan
",0,0.0,6562,45887,"3,94"
4475715,"Daniel Polansky
",1,0.0,1881,13845,"3,92"
7390210,"Sebastien de Castell
",1,8.0,4676,37844,"4,19"
108173,"Elizabeth Bear
",1,0.0,9894,78931,"3,79"
6872325,"Luke Scull
",1,14.0,789,10445,"3,87"
2915870,"J.M. Martin
",1,0.0,302,1625,"3,87"
4601681,"Victor Milán
",1,0.0,1874,26497,"3,68"
2917920,"Ken Liu
",1,,20784,152323,"4,06"
5898355,"John Gwynne
",1,14.0,3196,31911,"4,3"
6535608,"Miles  Cameron
",1,,1947,30981,"4,22"
31468,"Todd Strasser
",1,0.0,6399,48641,"3,74"
639491,"Django Wexler
",1,0.0,3843,45574,"4,08"
6893037,"Normandie Alleman
",0,0.0,1532,6580,"3,69"
7751,"Tennessee Williams
",1,0.0,8405,431157,"3,92"
3496,"John Knowles
",1,0.0,6604,177024,"3,57"
7127884,"Peter Arpesella
",1,814.0,4,45,"4,31"
18002918,"Trevor Alan Foris
",1,,25,978,"4,19"
6496644,"C.Toni Graham
",0,0.0,30,667,"4,21"
6376,"Starhawk
",0,0.0,1069,21255,"4,12"
4933112,"Billy London
",0,14.0,364,4471,4
6123144,"Robert Thier
",1,127.0,2571,37609,"4,53"
7190965,"Meredith Wild
",0,0.0,11352,125490,"4,2"
4846190,"J.D. Stroube
",0,0.0,143,964,"3,74"
6922292,"Jennifer Szewczuk
",0,0.0,12,66,"4,24"
5093822,"Amanda Leigh Cowley
",0,14.0,100,586,"3,62"
5767871,"M.L. Woolley
",0,0.0,124,374,"4,12"
1651861,"Jillian Cantor
",0,,2705,15189,"3,9"
8059188,"John Darryl Winston
",1,0.0,523,948,"4,21"
2980339,"Shelena Shorts
",0,,473,2968,"3,81"
310364,"Lisa Ann Sandell
",1,0.0,1854,15672,"3,86"
4011131,"G.D. Falksen
",1,0.0,717,5821,"3,88"
4828608,"Jocelyn Adams
",0,8.0,332,1364,"3,88"
256775,"Janet Fox
",1,0.0,721,3706,"3,63"
4422693,"JoAnne Kenrick
",1,,165,654,"3,62"
3023434,"Kiki Hamilton
",0,0.0,864,6913,"3,88"
4736939,"Rachel Firasek
",0,,483,1811,4
4556932,"Cara Lynn Shultz
",1,,1712,17936,"3,91"
1569666,"E.J. Stevens
",0,,1004,5507,"3,8"
4145664,"Gretchen McNeil
",0,0.0,4623,22238,"3,72"
1141209,"Donna Grant
",0,0.0,9457,93928,"4,23"
4062676,"Kristina Douglas
",1,,893,9539,"3,89"
4074044,"Karsten Knight
",1,0.0,1257,11519,"3,83"
4430487,"Trinity Faegen
",0,0.0,826,8551,"4,02"
4845754,"Nicholas Denmon
",1,0.0,210,985,"3,91"
4499034,"Karey White
",1,0.0,1825,7764,"3,92"
4814317,"Elizabeth  Miles
",0,0.0,1103,7157,"3,41"
4623294,"Sherry Gammon
",0,0.0,684,8147,"4,08"
3418947,"Dawn Metcalf
",1,0.0,1139,6684,"3,79"
3023842,"Lisa Kessler
",1,0.0,1941,7470,"4,08"
4992618,"Lynn Rush
",1,,353,1398,4
2931654,"Mary Lindsey
",0,0.0,1383,9685,"3,93"
4665259,"Mayandree Michel
",0,0.0,374,3608,"3,62"
4308706,"Kady Cross
",0,8.0,5923,51222,"3,87"
2750123,"بثينة العيسى
",1,2245.0,8694,40543,"3,67"
1446223,"سحر الموجي
",1,2218.0,372,2779,"3,32"
4413928,"حسام تمام
",1,2218.0,434,2549,"3,73"
5817486,"دينا عماد
",1,2218.0,1353,13509,"3,28"
4101258,"محمد  ربيع
",1,2218.0,465,1458,"3,28"
74305,"Sinan Antoon
",1,2241.0,2540,11079,"3,8"
4405745,"عمرو شريف
",1,2218.0,1311,6643,"4,02"
6554849,"‎شروق إلهامى - Shrouk Elhamy
",1,2218.0,31,277,"3,7"
1282417,"عبد الله ناصر الداوود
",1,2223.0,459,1996,"3,08"
1873377,"صلاح جاهين
",1,2218.0,896,14433,"4,36"
3279606,"محمد الدواخلي
",1,2218.0,342,2084,"3,91"
4546268,"أحمد عاطف مجاهد
",1,,107,815,"3,39"
3286694,"مصطفى حسني
",1,2218.0,151,2204,"4,24"
6151688,"محمد مصطفى عبدالمجيد
",1,2218.0,99,762,"3,88"
6425980,"Amr Algendy - عمرو الجندي
",1,2218.0,1807,13348,"3,1"
1552790,"تميم البرغوثي
",1,2218.0,580,5024,"3,99"
5754828,"أحمد حلمي
",1,2218.0,1664,17021,"3,1"
5829448,"عبد الحميد عبد اللطيف
",1,2218.0,49,725,"3,8"
6451512,"منى ياسين
",1,2218.0,30,256,"3,7"
6435766,"سارة البدري
",1,,324,2534,"3,18"
5101366,"Wael Ghonim
",1,2218.0,321,1972,"3,92"
6450590,"آية محمد حماد
",1,2218.0,76,523,"3,77"
18708,"Desmond Morris
",1,14.0,987,15608,"3,95"
552,"Donald A. Norman
",1,,1843,25618,"4,12"
31624,"Edward O. Wilson
",1,0.0,4620,61256,"3,97"
17674,"V.S. Ramachandran
",1,581.0,1418,29557,"4,15"
19109,"Stephen Jay Gould
",1,0.0,2424,63273,"4,03"
34261,"Natalie Angier
",1,0.0,1327,10278,"3,84"
509,"Brian Greene
",1,0.0,3583,125749,"4,08"
18800,"Michio Kaku
",1,0.0,4961,96562,"4,1"
16175,"Deborah Blum
",1,0.0,2938,27712,"3,98"
12855,"Neil deGrasse Tyson
",1,0.0,11712,114354,"4,1"
11307,"Peter Watson
",1,,566,4801,"4,06"
10542,"Jacob Bronowski
",1,681.0,323,7315,"4,17"
72183,"Jonathan Weiner
",1,,804,9724,"4,08"
12668,"Charles Seife
",1,0.0,1104,11121,"3,93"
6685,"Fritjof Capra
",1,856.0,901,20436,4
10894,"Simon Singh
",1,14.0,3116,62673,"4,2"
647715,"Jerry A. Coyne
",1,0.0,916,19166,"4,16"
38285,"Carl Jung
",1,1155.0,3616,103805,"4,2"
16328,"John M. Barry
",1,0.0,2090,22249,"4,01"
1399,"Leonard Mlodinow
",1,0.0,5945,111324,"4,05"
1410,"Lawrence M. Krauss
",1,0.0,2165,34634,"3,9"
3915,"Steven Pinker
",1,8.0,8289,112924,"4,03"
1387272,"Ben Goldacre
",1,14.0,2365,39662,"4,07"
12627,"Laurie Garrett
",1,0.0,385,10045,"4,16"
14313,"James D. Watson
",1,0.0,998,18446,"3,88"
3089156,"Randall Munroe
",1,0.0,8513,115702,"4,16"
4735497,"Thomas S. Kuhn
",1,0.0,1052,20701,4
767633,"Neil Shubin
",1,0.0,1536,20985,"3,97"
3151,"Matt Ridley
",1,14.0,2891,53920,4
3206446,"Sam Kean
",1,0.0,5248,51821,"3,98"
72401,"Daniel Kahneman
",1,254.0,7985,209610,"4,12"
4905702,"Liliana Hart
",0,0.0,8219,111685,"4,07"
33461,"Lynne Ewing
",0,0.0,1986,74635,"3,94"
8296035,"Mari Hamill
",0,4431.0,37,118,"4,06"
7074856,"R.J. Craddock
",0,0.0,28,104,"4,7"
6568691,"Killion Slade
",0,,64,192,"3,91"
7008445,"D.M. Wolfenden
",1,14.0,262,411,"4,28"
6935697,"G.J. Walker-Smith
",1,53.0,1438,19921,"4,35"
7847481,"Tali Alexander
",0,,829,2939,"3,97"
7324934,"R.S. Grey
",0,,15743,164006,"4,02"
7131935,"Beth Ehemann
",0,0.0,4367,49874,"4,23"
7095467,"Melanie Harlow
",1,4454.0,11802,94378,"4,09"
5759214,"Sasha Summers
",0,0.0,697,3730,"4,01"
944594,"Adrian Phoenix
",0,0.0,1297,14427,"3,82"
7111433,"Chris       Smith
",1,0.0,70,344,"4,55"
6941668,"Danielle DeVor
",0,0.0,254,1265,"3,94"
927454,"Amber Kizer
",0,0.0,1305,14483,"3,76"
43393,"Danielle Trussoni
",0,0.0,3153,20410,"3,42"
8415664,"Nancy Haviland
",0,8.0,1207,11788,"4,08"
7692079,"Lisa Cardiff
",0,0.0,615,5099,4
4462782,"S.W. Frank
",0,0.0,768,6505,"4,29"
6563368,"Francette Phal
",0,,1694,16250,"3,9"
7277744,"Bethany-Kris
",0,8.0,5741,46113,"4,2"
4401574,"Sienna Mynx
",0,,2303,26022,"4,14"
8153734,"Soraya Naomi
",0,,1889,8058,"4,15"
2884305,"Jessica Clare
",0,0.0,9570,117736,"3,88"
13549895,"A. Zavarelli
",0,0.0,8615,61962,"4,19"
6740126,"Roxie Rivera
",1,0.0,4031,65038,"4,07"
8312760,"Sarah Brianne
",1,0.0,3188,40089,"4,04"
6150565,"Amy Rachiele
",0,0.0,637,5870,"3,93"
8118655,"J.J. McAvoy
",1,8.0,7136,67047,"4,19"
5298385,"Jennifer Loren
",1,0.0,762,9239,"4,04"
4968129,"Tiffany Snow
",1,,5285,61382,"4,26"
7738088,"H.M. Boatman
",1,0.0,29,82,"4,28"
8367459,"Emily   Foster
",0,0.0,7,32,"3,59"
2001324,"John Christopher
",1,14.0,2767,41865,"3,92"
1568,"David R. Palmer
",1,0.0,189,1932,"4,13"
111012,"Victor Gischler
",1,,3064,34193,"3,79"
12076,"Russell Hoban
",1,0.0,3240,95951,"4,16"
49347,"Jean Hegland
",0,0.0,1405,10192,"3,78"
7048334,"Chris Dietzel
",1,0.0,557,2693,"3,73"
134408,"Peter Heller
",1,0.0,9250,65102,"3,87"
2184228,"Nancy Holzner
",1,0.0,605,7672,"3,71"
221073,"Mark Del Franco
",1,,863,17046,"3,77"
46976,"Amanda Stevens
",0,0.0,5502,42705,"3,93"
5921279,"J.C. Daniels
",0,,1530,14499,"3,99"
2895111,"Nicole Peeler
",0,0.0,2509,29747,"3,87"
165168,"Derek Landy
",1,79.0,11705,184041,"4,36"
5172000,"Shannon Mayer
",1,8.0,9549,155116,"4,17"
613805,"Kate Griffin
",1,14.0,1556,19071,"3,97"
2869203,"Kelly Gay
",1,,1378,17029,"3,93"
4159043,"John Conroe
",1,,1448,52308,"4,34"
46540,"Eileen Wilks
",0,0.0,5165,109694,"4,03"
1136158,"Larry Correia
",1,0.0,8557,130193,"4,2"
9018,"Mike Carey
",1,14.0,11697,268758,"4,02"
5819903,"Steve McHugh
",1,14.0,2209,47261,"4,21"
2060858,"Kristen Painter
",0,,8931,76251,"4,08"
37557,"Richard Kadrey
",1,,7945,117709,"3,99"
849723,"Benedict Jacka
",1,14.0,4479,79083,"4,1"
7092218,"Amelia Hutchins
",0,0.0,6684,80196,"4,28"
7051454,"Roland H. Bainton
",1,14.0,382,3701,"4,06"
59333,"Arthur W. Pink
",1,14.0,591,11626,"4,39"
639,"Lee Strobel
",1,2497.0,4263,138597,"4,14"
5003975,"Wayne Grudem
",1,0.0,1150,28775,"4,37"
46742,"Brother Andrew
",1,877.0,923,29636,"4,34"
5830,"D.C. Talk
",1,0.0,355,20919,"4,21"
847789,"Timothy J. Keller
",1,0.0,11340,156333,"4,32"
1082290,"A.W. Tozer
",1,0.0,3412,82468,"4,34"
2737,"Max Lucado
",1,0.0,12133,249562,"4,35"
7491463,"Francis A. Schaeffer
",1,0.0,1539,29837,"4,18"
9204,"Philip Yancey
",1,0.0,4396,94850,"4,18"
1250965,"R.C. Sproul
",1,0.0,4207,55614,"4,27"
5544,"Frank E. Peretti
",1,8.0,8671,276981,"4,07"
313356,"Gordon B. Hinckley
",1,0.0,1514,36405,"4,57"
36065,"Richard J. Foster
",0,0.0,2461,57465,"4,2"
32105,"Eric Metaxas
",1,0.0,6524,67531,"4,21"
27405,"Brennan Manning
",1,0.0,2888,53314,"4,23"
16104262,"Lew Wallace
",1,0.0,923,30670,"4,03"
4314,"Josh McDowell
",1,0.0,1547,42310,"4,16"
127901,"Lloyd C. Douglas
",1,0.0,1507,25495,"4,17"
25423,"John Piper
",1,0.0,8233,141487,"4,19"
5107618,"Charles M. Sheldon
",1,0.0,601,22002,"4,16"
6264,"Elisabeth Elliot
",1,32.0,2784,75322,"4,26"
128952,"Thomas à Kempis
",1,127.0,761,17244,"4,19"
4829,"Donald Miller
",1,0.0,9021,168197,"3,97"
66573,"Brother Lawrence
",1,86.0,1002,33090,"4,3"
1362751,"Francis Chan
",1,4592.0,6883,192836,"4,14"
7014283,"G.K. Chesterton
",1,133.0,11006,137024,"3,97"
622,"Gary Chapman
",1,,15211,282782,"4,21"
1145220,"J.I. Packer
",1,14.0,2735,68930,"4,26"
13288,"Hannah Hurnard
",0,14.0,1259,42842,"4,3"
70993,"Michael Bond
",1,14.0,2654,87531,"4,19"
29333,"Dietrich Bonhoeffer
",1,127.0,2731,60380,"4,26"
16244,"John Bunyan
",1,133.0,3273,97830,4
4392029,"Chester Himes
",1,0.0,1121,12712,"3,9"
63244,"Kalki
",1,581.0,1353,23591,"4,46"
2962652,"Christy Leigh Stewart
",1,0.0,160,610,"3,82"
71644,"Hannah Tinti
",1,0.0,3883,23425,"3,76"
183005,"Jordan Sonnenblick
",1,0.0,8146,59853,"4,11"
79632,"Frances O'Roark Dowell
",0,,3389,23040,"3,73"
121585,"Katherine Hannigan
",1,,2697,26896,"3,9"
64028,"Sarah Weeks
",0,0.0,7154,59917,"4,02"
2798546,"علي الوردي
",1,2241.0,4771,32020,"3,95"
1311839,"محمد الرطيان
",1,2223.0,2095,12944,"3,8"
2853925,"فراس السواح
",1,2232.0,795,6175,"4,12"
1253776,"علي الطنطاوي
",1,2232.0,3432,24053,"4,15"
5132632,"عبد الرزاق الجبران
",1,2241.0,544,3280,"3,82"
1446295,"شريف عرفة
",1,2218.0,1788,14506,"3,89"
2043856,"محمد الماغوط
",1,2232.0,984,7810,"3,88"
1569475,"عمر طاهر
",1,2218.0,6526,54460,"3,58"
4698951,"ياسر حارب
",1,4660.0,3402,24426,"3,53"
1302004,"أحمد الشقيري
",1,2223.0,2205,17462,"3,93"
2865234,"علي أحمد باكثير
",1,667.0,1444,12665,"3,69"
6522377,"إبراهيم الفقي
",1,2218.0,3756,52134,"3,86"
1479015,"أحمد خالد توفيق
",1,2218.0,31579,404613,"3,67"
1176324,"محمد عبد الرحمن العريفي
",1,2223.0,2177,24396,"4,1"
1201952,"عائض القرني
",1,2223.0,3896,42844,"4,02"
44061,"Thornton Wilder
",1,0.0,4015,77528,"3,74"
38185,"Mary Renault
",0,14.0,2666,36512,"4,06"
6599,"Margaret George
",0,0.0,5014,77957,"4,1"
25619,"Henryk Sienkiewicz
",1,681.0,1398,49434,"3,83"
932179,"C.S. Forester
",1,2218.0,4106,95337,"4,18"
6527479,"Charles Bernard Nordhoff
",1,14.0,432,16224,"4,02"
4431689,"Allan Frewin Jones
",1,14.0,2103,34009,"3,76"
2945688,"Lindsey Leavitt
",0,0.0,3077,22163,"3,78"
2924010,"Tara Kelly
",0,0.0,1105,9455,"3,78"
1691206,"Stacey Jay
",1,0.0,5610,40559,"3,76"
2987888,"Alexandra Bullen
",1,,540,4386,"3,53"
2945301,"Karen Healey
",1,66.0,1850,11259,"3,62"
345739,"Adam Selzer
",1,0.0,725,4004,"3,51"
2985555,"Kay Cassidy
",0,,339,2929,"3,81"
17761,"Lauren Henderson
",0,14.0,1614,27667,"3,64"
2946451,"C.J. Omololu
",1,0.0,1711,10083,"3,78"
6014380,"Georgia Hunter
",0,0.0,4400,42305,"4,41"
3528,"Kathleen Rooney
",0,0.0,2689,13931,"3,87"
4669556,"Kayla Rae Whitaker
",0,,1385,9260,"3,97"
13531492,"L.J. Shen
",0,0.0,23252,166473,"4,19"
6451908,"Mindy Mejia
",1,0.0,2595,16952,"3,81"
7429243,"Kennedy Ryan
",1,0.0,7291,34207,"4,29"
7568925,"Erika Kelly
",0,,812,4339,4
7795802,"Amy Engel
",0,4735.0,6806,42042,"3,93"
556546,"Jane Harper
",1,14.0,15153,139327,"4,01"
15504358,"Jennifer    Ryan
",1,14.0,3238,17162,"3,99"
457300,"Sarah Pinborough
",0,4740.0,15805,88532,"3,73"
178832,"Lisa Wingate
",0,,25215,238201,"4,28"
127642,"Mark T. Sullivan
",1,0.0,16038,208887,"4,24"
8534434,"Sylvain Neuvel
",1,8.0,12800,85493,"3,88"
8885,"George Saunders
",1,0.0,30428,217254,"3,91"
6572605,"Taylor Jenkins Reid
",0,,20443,133218,"4,08"
16902,"Mohsin Hamid
",1,1543.0,18757,152161,"3,77"
18049968,"Behrouz Hosseini
",1,251.0,17,200,"4,61"
13922215,"Katherine Arden
",0,0.0,15455,90959,"4,23"
14558709,"Gail Honeyman
",0,14.0,32304,299447,"4,33"
6216688,"Erica Stevens
",1,0.0,4324,75493,"4,16"
2871110,"Michael Rubens
",1,,376,1967,"3,7"
27212,"Lauren Baratz-Logsted
",0,,2604,17650,"3,61"
2561660,"Clive Blake
",0,14.0,9,38,"4,05"
2980475,"J.J. Hebert
",1,0.0,105,535,"3,66"
31723,"Percival Everett
",1,0.0,1559,11043,"3,89"
70868,"Jerry Pinkney
",1,0.0,8296,93443,"4,13"
172487,"Brom
",1,0.0,3438,27749,"4,12"
30033,"Justine Larbalestier
",0,53.0,7683,50287,"3,59"
118249,"Jill Dawson
",0,14.0,407,2388,"3,41"
2871046,"Amy Reed
",0,0.0,3591,22744,"3,98"
234088,"Jay Lake
",1,,3849,28121,"3,61"
123719,"Paula Morris
",0,66.0,2038,18511,"3,83"
256100,"Beth Pattillo
",1,0.0,2251,13868,"3,47"
790918,"Amanda Marrone
",0,0.0,1079,12981,"3,45"
57198,"Amanda Grange
",0,,4453,37948,"3,54"
735413,"Ben H. Winters
",1,,10932,81909,"3,75"
76342,"Charlotte Featherstone
",1,8.0,1687,11335,"3,73"
67123,"Jess Michaels
",0,0.0,3642,32296,"3,91"
6572969,"S.L. Jennings
",0,0.0,6841,60303,"4,08"
6953499,"Tessa Bailey
",1,,13115,109931,"3,98"
8184331,"J.  Daniels
",0,0.0,11454,112917,"4,17"
7232339,"Victoria Ashley
",1,0.0,6980,56844,"4,05"
10405165,"Emma   Scott
",0,,8525,43392,"4,35"
64565,"Berkeley Breathed
",1,0.0,2096,57266,"4,35"
23924,"Martin Luther King Jr.
",1,0.0,2748,38100,"4,44"
52274,"Charles Addams
",1,0.0,352,3961,"4,32"
98688,"Ellen Emerson White
",0,0.0,2042,23330,"3,95"
139434,"Oğuz Atay
",1,1583.0,735,19973,"4,46"
3578,"Don Rosa
",1,0.0,553,10065,"4,56"
2865,"Eric Blehm
",1,0.0,2336,23825,"4,35"
5822041,"Eduardo Galeano
",1,4809.0,3841,37095,"4,24"
19928,"Gary Larson
",1,0.0,1614,124698,"4,45"
205563,"Meša Selimović
",1,4811.0,356,11138,"4,53"
52285,"Frank Stanford
",1,0.0,131,1421,"4,53"
2793859,"Mustafa Kemal Atatürk
",1,750.0,112,3372,"4,76"
189701,"James E. Talmage
",1,14.0,1415,28912,"4,55"
6432921,"Wildbow
",1,,615,5475,"4,54"
6584435,"Abolqasem Ferdowsi
",1,251.0,378,5164,"4,47"
685523,"Inio Asano
",1,118.0,2146,28892,"4,2"
11328,"Joseph Frank
",1,0.0,2874,89260,"4,19"
24846,"Shelby Foote
",1,0.0,1636,36285,"4,4"
15291385,"Hafez
",1,251.0,845,12104,"4,49"
209672,"Charles M. Schulz
",1,0.0,4747,77288,"4,36"
30898,"Quino
",1,698.0,945,20859,"4,57"
8300313,"J.L. Drake
",0,8.0,2725,29161,"4,4"
171515,"Georg Trakl
",1,856.0,119,1774,"4,41"
7906,"Rainer Maria Rilke
",1,952.0,5457,86767,"4,31"
7201181,"Lauren Nicolle Taylor
",0,53.0,816,6886,"3,99"
3372702,"Cari Quinn
",0,0.0,7586,55229,"3,97"
5812874,"Robin Covington
",0,0.0,2778,10879,"3,95"
583990,"Nicola Marsh
",1,,1315,11708,"3,62"
677817,"Amy Vansant
",0,0.0,1212,6773,"4,1"
6929462,"Michael James Gallagher
",1,8.0,45,168,"4,23"
8380350,"C.E. Medford
",0,0.0,44,326,"3,85"
6877480,"Su Williams
",1,0.0,81,291,"4,13"
2892333,"Stephanie Draven
",0,0.0,382,1872,"3,64"
5779458,"Annie Seaton
",0,53.0,1345,5640,"3,95"
6892195,"Yelle Hughes
",0,0.0,59,672,"4,54"
7358908,"Zack Love
",1,,696,1746,"3,83"
6583458,"Mikey Brooks
",1,0.0,146,572,"4,21"
5109680,"Fuminori Nakamura
",1,118.0,1233,7644,"3,41"
5815435,"Lisa Amowitz
",0,0.0,171,619,"3,81"
26006,"Eric Ambler
",1,14.0,1495,19007,"3,86"
194243,"Louise Penny
",1,8.0,55665,556221,"4,17"
14502459,"Ellie Masters
",0,,930,1688,"4,49"
26917,"Tony Hillerman
",1,0.0,6354,153581,"4,04"
2533,"Graham Greene
",1,14.0,18079,250089,"3,89"
16980118,"David Lee Corley
",1,0.0,26,388,"4,27"
9013543,"Ruth Ware
",0,14.0,48725,494486,"3,67"
904719,"Jo Nesbø
",1,1570.0,44236,603741,"3,93"
85587,"Mary Roberts Rinehart
",0,0.0,1853,15124,"3,67"
7031,"James Lee Burke
",1,0.0,13288,196856,"4,09"
41112,"Rex Stout
",1,0.0,7022,129087,"4,09"
3953740,"Rosamund Lupton
",0,14.0,7894,67161,"3,76"
268199,"Robert Muchamore
",1,14.0,6711,189908,"4,21"
11162,"Ann Rinaldi
",0,0.0,4589,59292,"3,78"
5829944,"Ellie Potts
",0,0.0,28,95,"3,69"
5046440,"L.S. Murphy
",0,,191,521,"3,82"
5108886,"Angela Kulig
",0,,174,585,"3,75"
4115952,"Shelley Workinger
",1,,295,605,"3,76"
4719629,"Tatiana Vila
",0,,149,1523,"3,85"
4353071,"Claire Chilton
",1,14.0,287,3054,"3,68"
3449368,"Brenda Pandos
",0,0.0,1802,20111,"3,86"
758992,"Jennifer Laurens
",0,0.0,1587,14064,"3,56"
4094557,"Susan Kaye Quinn
",0,0.0,3702,25076,"3,9"
6533979,"Riley Banks
",0,53.0,127,307,"3,73"
4965551,"Jessie Harrell
",1,0.0,511,3309,"3,7"
2943699,"Ami Blackwelder
",0,,391,1001,"3,87"
3163910,"Melissa Luznicky Garrett
",0,0.0,157,1016,"3,72"
4576191,"Patti Larsen
",1,8.0,1469,15847,"4,24"
6585212,"Murielle Cyr
",0,8.0,70,759,"4,45"
4574107,"Megg Jensen
",0,,1689,16302,"3,75"
3203095,"Kelly Oram
",0,,9256,72429,"4,05"
4730228,"E.M. Sky
",1,14.0,108,514,"3,9"
13528752,"James Faro
",1,14.0,83,142,"4,35"
7784759,"Chelsey Philpot
",0,,581,4058,"3,72"
4953639,"Kat Rosenfield
",1,,842,3958,"3,35"
14171086,"Samuel Marquis
",1,0.0,319,2023,"4,1"
13652,"David Almond
",1,14.0,6108,41854,"3,72"
7788528,"Lisa Ladew
",1,0.0,3563,37605,"4,24"
5560488,"Emma Trevayne
",1,,844,4053,"3,67"
468339,"Alicia Dean
",1,0.0,413,1778,"3,59"
7172051,"Stevie Turner
",0,14.0,297,1482,"4,08"
8441842,"B.L. Berry
",0,,1083,2770,"4,06"
8298036,"Krysten Lindsay Hager
",1,1573.0,239,364,"3,91"
6448708,"Marie Drake
",0,0.0,83,170,"4,18"
5767306,"Donna Galanti
",0,0.0,152,342,"4,04"
7752383,"Martina Riemer
",1,856.0,209,486,"3,98"
5241459,"Griffin Hayes
",1,,308,2045,"3,7"
7382629,"Tonya Alexandra
",1,53.0,98,309,"3,61"
6557729,"Liz Czukas
",1,,1740,9822,"3,72"
5444060,"Elle Cosimano
",1,,1177,7844,"3,98"
5832178,"Justin Bog
",1,0.0,155,282,"4,44"
3301336,"Michelle Browne
",0,8.0,227,969,4
8523113,"Kay Ellington
",1,0.0,67,299,"3,98"
7096237,"Matthew Jobin
",1,8.0,256,1513,"3,83"
7061260,"Shelby Westland
",0,,14,49,"4,04"
7060289,"Daisy Prescott
",0,0.0,4452,25661,"3,96"
6550683,"John Dolan
",1,14.0,312,1516,"3,95"
4649677,"Amanda Sun
",1,8.0,2469,14827,"3,71"
5022765,"Natalie Whipple
",0,0.0,1015,5995,"3,72"
8551973,"Helen  Bateman
",0,14.0,17,62,"3,95"
6873499,"Matt Schiariti
",1,0.0,125,303,"4,24"
8184486,"William Ritter
",1,0.0,6865,35179,"3,92"
6520834,"Colleen Oakes
",0,0.0,2646,13200,"3,79"
5238854,"Teri Terry
",0,86.0,5338,47841,"4,1"
6577839,"Jaye Robin Brown
",0,0.0,1223,8614,"3,79"
2711612,"Russel Lazega
",1,0.0,168,361,"4,37"
6572080,"C.E. Kilgore
",0,0.0,553,3553,"3,92"
6915245,"Christine Elaine Black
",1,,61,305,"4,32"
5337983,"Jennifer Jaynes
",1,4994.0,2342,21822,"4,03"
6549285,"Amy Ewing
",0,,7038,60767,"3,91"
6434323,"Trish Marie Dawson
",1,0.0,880,6554,"4,03"
6966248,"Lea Bronsen
",0,,130,275,"4,07"
7336499,"Amber L.  Johnson
",1,,3038,14885,"4,19"
2882940,"Brett Arquette
",1,,2472,14788,"4,15"
6940748,"Helen Argiro
",0,8.0,26,90,"3,47"
8029282,"Sahara Foley
",1,0.0,241,1001,"3,99"
5421861,"Emi Gayle
",0,0.0,167,1056,"3,8"
8286265,"Molle McGregor
",0,0.0,125,458,4
6438996,"Bobbi Romans
",0,0.0,189,402,"3,73"
586216,"Jessica James
",0,,497,3743,"4,05"
7065134,"Kirsty Dallas
",0,53.0,1236,9432,"4,03"
6150699,"Kaitlin Bevis
",1,0.0,997,8660,"3,96"
8247140,"Susan Stoker
",0,,11181,106644,"4,3"
6522132,"Howard  Shapiro
",1,0.0,321,468,"3,88"
7011191,"C.S. Moore
",0,0.0,94,558,"3,98"
6483061,"Rochelle Maya Callen
",1,,144,632,"3,79"
3886089,"J.M. Schroder
",1,0.0,22,67,"4,04"
7796821,"Lincoln Cole
",1,0.0,706,2534,"4,16"
6003257,"Megan S. Johnston
",0,0.0,28,50,"3,74"
7722020,"Simon W. Clark
",1,53.0,95,220,"3,93"
6565450,"Dermot Davis
",1,,284,1107,"3,78"
7032949,"Katie Hayoz
",0,0.0,248,1006,"3,74"
6536994,"Lucy Pireel
",0,,56,461,"4,21"
6534744,"Kenra Daniels
",0,,91,452,"4,16"
6644346,"Jennifer Adele
",0,0.0,30,229,"4,32"
8280771,"Debbie   White
",0,0.0,528,2043,"3,98"
6564752,"Taylor Evan Fulks
",1,0.0,79,359,"4,21"
2951405,"Christine James
",1,0.0,45,310,"4,3"
6463529,"Massimo Marino
",1,814.0,237,907,"3,65"
7866768,"P.J. Fiala
",1,0.0,749,2521,"4,23"
6622140,"Arthur Crandon
",1,14.0,41,129,"3,91"
57108,"Gloria Steinem
",0,0.0,5456,55163,"3,99"
29947,"Adrienne Rich
",0,0.0,1314,25648,"4,2"
29500,"Valerie Solanas
",1,0.0,449,3874,"3,56"
516921,"Gloria E. Anzaldúa
",0,0.0,665,17373,"4,36"
18486,"Audre Lorde
",0,0.0,1737,33230,"4,35"
328504,"Julia Serano
",1,0.0,605,6616,"4,18"
222118,"Jessica Valenti
",0,259.0,3717,36131,"3,87"
32677,"Ntozake Shange
",0,0.0,1689,36921,"4,23"
3360355,"Roxane Gay
",0,,21063,161333,"4,06"
10697,"bell hooks
",0,0.0,4676,61060,"4,2"
60441,"Nicholas D. Kristof
",1,0.0,5899,54751,"4,23"
11286,"Ariel Levy
",0,0.0,3139,31959,"3,73"
1244575,"Cherríe L. Moraga
",0,0.0,395,11455,"4,33"
56667,"Germaine Greer
",0,53.0,806,9498,"3,69"
117182,"Susan Faludi
",0,,912,12722,"3,95"
901977,"Clarissa Pinkola Estés
",0,,2740,36095,"4,18"
5231,"Judith Butler
",0,0.0,1030,21246,"4,06"
939363,"Caitlin Moran
",0,14.0,12679,129754,"3,74"
1727682,"Jaclyn Friedman
",1,,335,5179,"4,17"
22393,"Naomi Wolf
",1,0.0,2378,27898,"3,88"
60609,"Eve Ensler
",1,0.0,2828,33293,"3,9"
1816412,"Dimitris Lyacos
",1,750.0,18,181,"4,61"
643126,"Muriel Barbery
",0,1868.0,17953,140514,"3,71"
11686,"Bryan Magee
",1,14.0,291,3333,"4,14"
11004,"Denis Diderot
",1,86.0,791,15645,"3,71"
7869,"Louis-Ferdinand Céline
",1,86.0,2216,37876,"4,17"
1466,"Jean-Paul Sartre
",1,86.0,9811,258998,"3,99"
7816,"Fernando Pessoa
",1,114.0,3595,46226,"4,27"
5668,"Nikos Kazantzakis
",1,750.0,5498,59333,"4,12"
202355,"Mary Jane Auch
",0,0.0,1572,10379,"3,83"
107072,"Tracy Barrett
",0,0.0,1291,7383,"3,62"
118639,"Kimberly Brubaker Bradley
",1,0.0,10184,60464,"4,4"
128454,"Suzanne Fisher Staples
",0,0.0,1188,12210,"3,8"
105764,"Julie Hearn
",1,14.0,556,4734,"3,46"
578,"Mary Pope Osborne
",0,0.0,17489,419858,"3,96"
221019,"Adèle Geras
",0,254.0,1064,9906,"3,65"
19053,"Carolyn Meyer
",0,0.0,3302,47188,"3,77"
51289,"James Lincoln Collier
",1,0.0,2144,17270,"3,44"
57462,"Eva Ibbotson
",0,856.0,8760,112718,"3,93"
121579,"Kirby Larson
",0,0.0,4542,28685,"4,02"
4735,"Kathryn Lasky
",0,0.0,9564,211931,4
30654,"Eloise Jarvis McGraw
",0,,2089,27672,"3,99"
15171687,"Abby Fabiaschi
",0,0.0,1596,8690,"4,17"
15139238,"Jenni L. Walsh
",0,,234,814,"3,78"
3473558,"Lisa Duffy
",0,0.0,285,2052,"3,84"
15263286,"Mary Ann Marlowe
",1,0.0,274,977,"3,72"
15865642,"Kathleen  Barber
",0,,1121,7844,"3,64"
7485811,"Crystal King
",0,0.0,259,910,"4,09"
1056657,"Jessica Strawser
",0,0.0,2835,16321,"3,55"
7022586,"Ruth  Silver
",0,0.0,534,2406,"3,76"
99650,"Wendy Mass
",0,0.0,16781,180288,"4,13"
350507,"Eric A. Shelman
",1,0.0,486,3376,"4,31"
682045,"Craig DiLouie
",1,0.0,1078,12970,"3,9"
5823495,"John       O'Brien
",1,0.0,576,12200,"4,25"
6998214,"W.J. Lundy
",1,,604,7586,"4,25"
5620466,"David P. Forsyth
",1,0.0,302,2915,"3,9"
3355188,"T.W. Brown
",1,0.0,959,10157,"4,14"
16438874,"Christopher Artinian
",1,14.0,187,855,"4,41"
5335592,"Angela  Scott
",1,0.0,445,1987,"3,99"
1343790,"Daryl Gregory
",1,0.0,4770,30972,"3,83"
6447537,"R.R. Haywood
",1,14.0,1721,28598,"4,25"
1641503,"Manel Loureiro
",1,525.0,2059,23767,"3,75"
5756976,"James N. Cook
",1,0.0,453,10255,"4,23"
550322,"Shane Moore
",1,0.0,55,614,"4,63"
3439713,"Kenzaburō Ōe
",1,118.0,2019,22044,"3,78"
4005,"Julie E. Czerneda
",1,8.0,1306,18364,"3,97"
22369,"Lucy Monroe
",0,0.0,3910,53428,"3,78"
107891,"Tobias S. Buckell
",1,5176.0,3612,32865,"3,81"
3500,"Anna Quindlen
",0,0.0,66845,2664192,"4,19"
8123141,"Sally Hepworth
",0,53.0,5575,38396,"3,9"
14220744,"Tiffany McDaniel
",0,,1146,4749,"3,93"
5805694,"Dot Hutchison
",0,,10544,113424,"4,08"
485392,"Jane Mayer
",0,0.0,2768,17868,"4,31"
14172374,"Sue Klebold
",0,,3739,23401,"4,13"
5763380,"Robert Bryndza
",1,14.0,9252,105425,"4,09"
14199891,"Richard  Fifield
",1,0.0,687,3962,"3,63"
18282,"Lisa Gardner
",0,0.0,31687,523592,"4,09"
457,"Anne Tyler
",0,0.0,33913,391804,"3,66"
915500,"Matthew Desmond
",1,0.0,6076,40404,"4,48"
14031516,"Fiona Barton
",1,14.0,11198,100525,"3,64"
381355,"Noah Hawley
",1,0.0,12248,103601,"3,73"
6903961,"Emma V. Leech
",1,,796,8220,"4,19"
14056202,"Lynda Cohen Loigman
",0,,2561,19405,"3,94"
14425604,"B.A. Paris
",0,,32694,286909,"3,89"
2926065,"Emma Cline
",0,0.0,14730,135886,"3,47"
14160478,"Martha Hall Kelly
",0,0.0,13183,130174,"4,3"
4183574,"Bryn Greenwood
",1,,9725,64870,"4,07"
5725556,"Lin-Manuel Miranda
",1,0.0,6279,43869,"4,44"
14031444,"Paul Kalanithi
",1,0.0,24752,282988,"4,34"
5375385,"Scott McElhaney
",1,0.0,301,3845,"3,85"
6551041,"Irene Helenowski
",0,0.0,84,107,"3,55"
5314499,"Carrie Salo
",0,0.0,42,117,"4,03"
6554935,"Florian Armas
",1,790.0,122,320,"3,81"
24009,"Meljean Brook
",0,,8704,107376,"3,97"
214232,"David Anthony Durham
",1,0.0,1655,21357,"3,73"
2845500,"Robert V.S. Redick
",1,0.0,1184,15351,"3,78"
265462,"Donald Allen Kirch
",1,0.0,146,612,"3,92"
130698,"Ted Chiang
",1,0.0,7887,62069,"4,15"
85317,"Lewis Grizzard
",1,0.0,298,7323,"4,09"
41814,"Marina Lewycka
",0,127.0,3739,35766,"3,42"
219,"Harry G. Frankfurt
",1,0.0,1180,10927,"3,57"
51484,"Paul Zindel
",1,0.0,2404,42641,"3,64"
3601,"Jean Shepherd
",1,0.0,947,7946,"4,03"
10747,"David Markson
",1,0.0,1260,9855,4
3120127,"Judy Sheindlin
",0,0.0,246,1697,"3,88"
16625,"Carlton Mellick III
",1,0.0,2313,17508,"3,81"
27944,"Robert Rankin
",1,14.0,1768,48333,"3,8"
9639,"Laurel Thatcher Ulrich
",0,0.0,1177,8857,"3,96"
5856,"Tucker Max
",1,0.0,5817,87320,"3,57"
22782,"George Carlin
",1,0.0,2120,53508,"4,05"
982055,"Cara North
",1,0.0,140,1316,"3,92"
77416,"Sarah Shankman
",0,0.0,120,1709,"3,62"
220,"Nick Flynn
",1,0.0,1659,16251,"3,85"
128556,"Brock Clarke
",1,0.0,1648,7425,"3,05"
31545,"Toby Young
",1,14.0,451,5325,"3,3"
114442,"Celia Rivenbark
",0,0.0,2064,19456,"3,74"
225033,"David  Wong
",1,0.0,9321,91519,"4,02"
47687,"Barbara Vine
",0,14.0,2838,32785,"3,77"
18130,"Carol Goodman
",0,,6691,53785,"3,72"
2362,"Marisha Pessl
",0,0.0,15769,108050,"3,76"
137082,"Sarah Caudwell
",0,14.0,638,8631,"4,07"
1728,"Orhan Pamuk
",1,1583.0,15369,163459,"3,74"
23280,"Minette Walters
",0,14.0,3983,62744,"3,77"
125736,"Tom Franklin
",1,,6065,46937,"3,85"
11111,"Ian Caldwell
",1,0.0,3362,39329,"3,33"
9780,"Sheri Holman
",0,0.0,1094,11586,"3,55"
25092,"Victoria Holt
",0,14.0,3345,83715,"3,83"
90864,"Richard Connell
",1,0.0,1481,39807,"3,93"
26932,"John William Polidori
",1,14.0,742,9902,"3,54"
38840,"Algernon Blackwood
",1,14.0,2541,27924,"3,96"
13072,"Patrick McGrath
",1,14.0,1607,15779,"3,69"
26656,"William Beckford
",1,14.0,444,5894,"3,38"
70906,"John Harwood
",1,53.0,2004,14862,"3,46"
50314,"James Hogg
",1,894.0,551,7662,"3,7"
45896,"Mary Elizabeth Braddon
",0,14.0,2154,28475,"3,75"
43220,"Ann Radcliffe
",0,14.0,1545,20531,"3,41"
2995925,"M.R. James
",1,14.0,2593,33367,"4,02"
6523516,"Charles Robert Maturin
",1,79.0,302,4352,"3,7"
9494,"H.P. Lovecraft
",1,0.0,22803,446132,"4,08"
28525,"Washington Irving
",1,0.0,5921,166516,"3,86"
8131,"Horace Walpole
",1,14.0,1743,20752,"3,22"
7170947,"Ryan Michele
",0,0.0,6280,53654,"4,2"
7201427,"Jani Kay
",0,,2601,20956,"4,13"
7875736,"Megan O'Brien
",0,,1164,22804,"4,19"
8110729,"M.N. Forgy
",0,,3913,29417,"4,2"
6570635,"Amanda Heath
",1,0.0,1865,35947,"3,86"
515155,"Paige Toon
",1,14.0,4581,60718,"4,06"
5041454,"Elena Aitken
",0,,2801,20160,"3,88"
146987,"Jennifer Apodaca
",1,,798,10397,"3,81"
6570570,"Lynda LeeAnne
",1,0.0,1352,22411,"3,9"
5192439,"Melody Anne
",1,0.0,10862,211176,"4,09"
6431156,"Cheryl McIntyre
",0,0.0,4330,59557,"4,04"
7759261,"K.C. Lynn
",0,8.0,5837,61130,"4,41"
3001574,"Lisa Gillis
",0,,200,2327,"3,89"
14250598,"Jana Aston
",0,0.0,9182,79719,"4,06"
132509,"Jane Graves
",0,,1015,12868,"3,78"
5817154,"L.D. Davis
",0,0.0,2955,32756,"4,05"
5136485,"M. Molly Backes
",0,,361,2137,"3,66"
5188180,"Marie Landry
",0,8.0,341,941,"3,8"
3081700,"Daisy Whitney
",0,0.0,1857,11788,"3,77"
4515355,"K.M. Walton
",0,0.0,894,5663,"3,87"
4794663,"Ivy Adams
",1,,87,552,"3,54"
4719775,"Alecia Whitaker
",0,0.0,411,2535,"3,8"
2919206,"Denise Jaden
",0,8.0,518,3074,"3,84"
114528,"Jen Calonita
",0,0.0,4273,57167,"3,88"
1151557,"Kathryn Williams
",0,,306,2254,"3,46"
5259422,"Colleen Clayton
",0,2618.0,668,5661,"3,97"
1441644,"Antony John
",1,14.0,1634,13805,"3,81"
2950094,"Margie Gelbwasser
",1,,951,5080,"3,93"
121420,"Heather Hepler
",1,0.0,1903,18530,"3,82"
3161921,"Amanda Grace
",0,0.0,1322,10012,"3,67"
62448,"Kieran Scott
",0,0.0,3212,33573,"3,9"
888893,"Melissa C. Walker
",1,14.0,1400,12821,"3,76"
154791,"Phoebe Stone
",0,,1404,9598,"3,8"
1716404,"Terra Elan McVoy
",1,0.0,1187,10314,"3,46"
7176,"Daniel Handler
",1,0.0,9881,70643,"3,49"
3413449,"Sarah Tregay
",1,0.0,1258,12471,"3,79"
800187,"Siobhan Vivian
",0,0.0,11896,88428,"3,73"
2824597,"Lindsey Kelk
",1,14.0,5203,91906,"3,96"
14135080,"Camilla Isley
",0,,882,4319,"3,91"
692656,"Federico Moccia
",1,814.0,1977,35116,"3,36"
5366587,"Amber Lea Easton
",0,0.0,168,1216,"4,16"
7390292,"Eleanor  Green
",0,,286,676,"4,15"
5823355,"Sara Fawkes
",0,127.0,2836,56415,"3,88"
6995972,"Jen Frederick
",1,0.0,16460,157097,4
7715877,"C.P.  Smith
",0,0.0,2493,18162,"4,09"
7279470,"Robin York
",0,0.0,1641,10946,"4,01"
6541926,"Sabrina Devonshire
",0,0.0,150,705,"4,05"
52310,"Joanna Russ
",1,0.0,1865,26999,"3,96"
12672,"Karen Traviss
",0,14.0,2886,75387,"4,09"
4493935,"Andrea K. Höst
",1,1.0,1806,14853,"4,05"
90780,"Nicola Griffith
",0,14.0,3143,22029,"3,84"
21158,"Nancy Kress
",0,0.0,8240,77664,"3,79"
5354569,"Cary Caffrey
",1,8.0,300,3277,"3,88"
11735,"Alan Dean Foster
",1,0.0,9208,193805,"3,82"
23503,"Vonda N. McIntyre
",0,0.0,2021,54115,"3,93"
26546,"Wen Spencer
",0,0.0,1788,24924,"4,11"
32279,"Joan D. Vinge
",0,0.0,1309,27638,"3,93"
8076648,"Ōgai Mori
",1,118.0,254,2591,"3,6"
261393,"Taichi Yamada
",1,118.0,284,3103,"3,57"
6263,"Jun'ichirō Tanizaki
",1,118.0,3237,34099,"3,84"
5088478,"Takuji Ichikawa
",1,118.0,563,3897,"3,89"
42775,"Yōko Ogawa
",0,118.0,6301,39746,"3,82"
36351,"Shōhei Ōoka
",1,118.0,95,1052,"3,97"
28229,"Banana Yoshimoto
",0,118.0,7544,94709,"3,7"
71081,"Miyuki Miyabe
",1,118.0,1228,10680,"3,82"
2845502,"Hiroshi Sakurazaka
",1,118.0,2399,21901,"4,04"
103307,"Fumiko Enchi
",0,118.0,287,3414,"3,8"
8550,"Yasunari Kawabata
",1,118.0,5284,58419,"3,76"
70312,"Akira Yoshimura
",1,118.0,329,2663,"3,93"
35258,"Yukio Mishima
",1,118.0,6222,85141,"3,94"
35238,"Lafcadio Hearn
",1,750.0,1102,12236,"3,9"
4795659,"Rampo Edogawa
",1,118.0,861,6477,"3,94"
16061597,"Sōseki Natsume
",1,118.0,3721,37564,"3,83"
7303145,"Ueda Akinari
",1,118.0,127,1577,"3,86"
28719,"Gail Tsukiyama
",1,0.0,4990,56072,4
646944,"Lady Nijō
",0,118.0,42,453,"3,93"
8483,"Junji Ito
",1,118.0,5241,67865,"4,13"
8881,"Ryū Murakami
",1,118.0,3522,43691,"3,57"
746687,"Otsuichi
",1,118.0,792,7653,"3,97"
25563,"Kakuzō Okakura
",1,118.0,813,8052,"3,83"
131321,"Hitomi Kanehara
",1,118.0,525,4699,"3,23"
113561,"Osamu Dazai
",1,118.0,1781,21174,"4,01"
6526,"Kōbō Abe
",1,118.0,2430,30957,"3,81"
617,"Mineko Iwasaki
",0,118.0,1134,17111,"3,92"
188760,"Tetsuko Kuroyanagi
",0,118.0,2108,22216,"4,3"
14269,"Natsuo Kirino
",0,118.0,4028,36375,"3,76"
117366,"Keigo Higashino
",1,118.0,8687,63391,"4,01"
14164,"Shūsaku Endō
",1,118.0,3455,27370,"4,02"
10983,"Sei Shōnagon
",1,118.0,458,5096,"4,02"
58917,"Eiji Yoshikawa
",1,118.0,1709,30111,"4,36"
5775185,"Ryūnosuke Akutagawa
",1,118.0,1778,21121,"4,03"
1539,"Dan Millman
",1,0.0,2704,59992,"4,15"
5286911,"Nick Shamhart
",1,2618.0,127,1273,"4,67"
570218,"Dalai Lama XIV
",1,5439.0,11265,212369,"4,19"
10330,"Daniel Quinn
",1,0.0,6317,99986,"3,98"
20105,"Joseph Campbell
",1,0.0,5887,218937,"4,3"
15328,"John Hersey
",1,238.0,3113,62349,"3,96"
16575,"Diablo Cody
",0,0.0,1723,13503,"3,58"
8154,"Troy Denning
",1,0.0,2320,89502,"3,77"
87305,"Martha Wells
",0,0.0,10786,88054,"4,17"
55474,"Cherry Adair
",0,5451.0,3124,49606,"3,96"
5778093,"Christine Wade
",0,,62,235,"3,28"
3219496,"Gini Koch
",0,0.0,2803,22749,"4,05"
3149825,"Jess Haines
",1,0.0,1160,12131,"3,81"
3219566,"Sierra Dean
",0,5457.0,1620,22679,"3,94"
6259,"Kay Hooper
",0,0.0,6950,169655,"4,05"
6525929,"Marissa Clarke
",0,,828,4418,"3,96"
3431194,"Eve Langlais
",1,8.0,14038,182619,"3,94"
3464665,"Shona Husk
",0,,1277,7917,"3,7"
421434,"Terry Spear
",0,0.0,3571,36134,"4,04"
1709139,"Celia Kyle
",0,814.0,9566,115772,"4,02"
6553241,"Lauren   Smith
",0,0.0,2977,14730,"3,96"
6198966,"Lynn Crandall
",1,,122,262,"3,94"
752898,"Cheryl Brooks
",0,0.0,1053,12546,"3,86"
7798544,"J.C. Nelson
",1,0.0,372,3066,"3,74"
4486715,"J.D. Tyler
",0,0.0,1543,20446,"4,02"
5865943,"J.T. Geissinger
",0,0.0,6349,53871,"4,14"
3500801,"Caris Roane
",1,,2694,21471,"4,03"
19729,"Stephanie Rowe
",0,,3800,45167,"4,03"
7010202,"K.F. Breene
",1,,8063,135622,"4,15"
4517253,"Cassie Alexander
",0,,1198,8635,"3,64"
4720629,"Jessica Sims
",0,0.0,1872,21929,"3,83"
1731936,"Tara West
",0,0.0,1221,8521,"3,9"
153738,"Cynthia Eden
",0,0.0,16239,190397,"4,03"
5321960,"Coreene Callahan
",0,8.0,2076,24495,"4,05"
8840,"Jayne Castle
",0,0.0,4363,88391,"4,08"
1228468,"Felicity Heaton
",0,14.0,5372,57550,"4,03"
1383797,"Dianna Love
",0,,2984,45557,"4,12"
5763301,"Bec McMaster
",0,53.0,4015,33401,"3,96"
4221284,"Walter Rhein
",1,0.0,169,506,"4,42"
4400405,"Dianne Duvall
",1,0.0,4036,49546,"4,16"
23113,"John Brunner
",1,14.0,2804,54343,"3,91"
7159848,"S.K. Munt
",0,66.0,337,1458,"4,11"
40983,"Elizabeth Hand
",0,0.0,4583,34536,"3,75"
7010931,"J.G. Ballard
",1,238.0,8720,124997,"3,74"
18741,"Max Barry
",1,53.0,6198,54171,"3,81"
6437480,"Holy Ghost Writer
",1,5495.0,534,1869,4
534366,"Jeremy C. Shipp
",1,,817,4208,"3,74"
4483617,"Jacob Gowans
",1,0.0,503,8095,"4,17"
8186790,"Christina L. Rozelle
",0,0.0,532,1205,"4,39"
8573796,"Aria Michaels
",0,,199,494,"4,31"
7133401,"Logan Keys
",0,0.0,541,2684,"4,27"
161149,"Susan Crandall
",0,0.0,4464,30135,"4,02"
2396206,"Kate Emerson
",0,0.0,523,8899,"3,75"
1135958,"Lori Baker
",1,0.0,81,306,"3,13"
6597,"Carolly Erickson
",1,0.0,2971,41275,"3,75"
250977,"Mary Novik
",1,8.0,124,524,"3,43"
2904199,"Ann Hite
",0,0.0,616,3373,"3,96"
517286,"Susan Elia MacNeal
",0,0.0,7560,61983,"3,85"
3513,"Christina Schwarz
",1,0.0,3062,78957,"3,72"
16143,"Kate Forsyth
",0,53.0,3184,43289,"4,06"
2340310,"Tracy Grant
",0,0.0,624,6177,"3,86"
6477649,"T.J. Brown
",1,0.0,578,4264,"3,64"
5778486,"Suzanne Palmieri
",1,0.0,1566,8245,"3,82"
448774,"Freda Lightfoot
",1,14.0,740,13128,"3,87"
6476317,"Elizabeth  Ross
",0,,606,3198,"3,62"
56747,"Lynn Cullen
",1,,2593,16131,"3,66"
5351847,"Cat Winters
",0,0.0,5803,27395,"3,83"
6464806,"Amy Brill
",1,259.0,381,1815,"3,54"
5778068,"Alison Atlee
",0,0.0,235,1225,"3,17"
62263,"Kathleen Tessaro
",0,0.0,4787,44285,"3,85"
1078939,"Maryka Biaggio
",1,0.0,311,1689,"3,46"
6325925,"J. Boyce Gleason
",1,0.0,85,360,"3,84"
4519652,"Juliet Grey
",0,0.0,869,7882,"3,82"
965819,"Jo Baker
",0,14.0,7357,46221,"3,6"
6561195,"Jessica Brockmole
",1,0.0,2780,14608,"3,89"
6547911,"Yangsze Choo
",0,,2807,16062,"3,75"
3033637,"Christine Trent
",0,,942,5709,"3,53"
2776754,"Mary Beth Keane
",0,0.0,1448,8823,"3,66"
5823520,"Joanna Hickson
",0,,457,4292,"3,87"
1106214,"Paula Brackston
",0,14.0,5882,50598,"3,62"
72439,"Sandra Byrd
",0,,2301,14876,"3,97"
4040343,"Gillian Bagwell
",0,0.0,366,2575,"3,8"
24558,"Ann Hood
",1,0.0,8003,51421,"3,71"
6569504,"Hannah Kent
",1,53.0,11308,79486,"3,99"
4467375,"Sarah Jio
",0,,11014,78588,"3,83"
3126353,"D.L. Bogdan
",1,,388,4512,"3,82"
5192116,"Julie Kibler
",1,,4536,31549,"4,22"
24183,"Morgan Llywelyn
",0,0.0,1725,28864,"3,98"
6457875,"Susanna Calkins
",0,0.0,536,3161,"3,68"
12352,"Anne Easter Smith
",0,14.0,902,15704,"3,98"
6454131,"Tara Conklin
",0,0.0,4999,50644,"3,76"
6442240,"Patricia Bracewell
",0,0.0,796,5065,"3,89"
54450,"John Shors
",1,0.0,2895,18636,"3,93"
1038226,"Sharon J. Bolton
",0,14.0,9598,76615,4
7078175,"C.L. Taylor
",0,14.0,3672,36046,"3,82"
232473,"Sophie Hannah
",0,14.0,11884,83144,"3,42"
202260,"Caroline Kepnes
",0,0.0,16758,101018,"3,83"
2862091,"Ruth Dugdall
",0,14.0,919,8264,"3,94"
14719991,"J.P. Delaney
",1,,9978,92065,"3,69"
7082224,"Tilia Klebenov Jacobs
",0,0.0,252,494,"4,03"
16943823,"Zoje Stage
",1,1834.0,4117,16069,"3,68"
6175529,"Paula Daly
",0,14.0,2717,19296,"3,79"
24534,"Emily Barr
",0,,3339,33086,"3,57"
16270,"Louise Doughty
",0,14.0,2466,24192,"3,68"
6573508,"A.B. Whelan
",0,,563,2327,"3,81"
7127317,"Claire Kendal
",0,,1612,12281,"3,6"
2967303,"Faith Mortimer
",1,14.0,346,1187,"3,95"
976887,"Sophie McKenzie
",1,14.0,3526,47080,"3,96"
6452053,"Kimberly McCreight
",0,0.0,14964,146477,"3,81"
5280308,"Laura McNeill
",0,0.0,852,3128,"3,85"
5012636,"Alex Marwood
",0,14.0,3115,26217,"3,58"
7177796,"Laura McHugh
",0,0.0,3136,24274,"3,74"
426034,"Lauren Beukes
",0,149.0,9967,74113,"3,6"
6577129,"Samantha Hayes
",0,14.0,2614,19217,"3,9"
6583160,"Koethi Zan
",0,0.0,1683,11679,"3,6"
8509533,"Clare Mackintosh
",0,14.0,17047,140590,"3,99"
195778,"Cindy Gerard
",0,,4140,78173,"4,11"
4672071,"A.S.A. Harrison
",0,8.0,8855,84854,"3,3"
335382,"Jo Davis
",0,,1412,17838,"4,01"
75375,"Karen      Rose
",0,0.0,7489,123779,"4,23"
99042,"Shannon McKenna
",1,,2368,39710,4
2741576,"Christy Reece
",0,0.0,1531,28292,"4,19"
38,"Mark Smylie
",1,,490,4531,"3,84"
4219886,"Lazlo Ferran
",1,14.0,41,347,"4,12"
7079034,"Ashlyn Forge
",1,,222,520,"3,86"
4369922,"Kameron Hurley
",0,,4284,23571,"3,74"
2915851,"Jon Sprunk
",1,,595,9227,"3,65"
246590,"Carol Berg
",0,0.0,2106,36469,"3,93"
7392660,"Austin Aslan
",1,5592.0,462,2312,"3,7"
5404616,"Jeff Salyards
",1,0.0,573,4539,"3,75"
2868678,"Mary Robinette Kowal
",0,0.0,9982,75278,"3,94"
6949698,"Katherine Addison
",0,0.0,3166,18221,"4,05"
3020656,"Ian C. Esslemont
",1,8.0,1723,40665,"4,07"
3060064,"Nujood Ali
",0,5599.0,2446,16761,"3,81"
13687771,"E.J. Plows
",1,14.0,30,112,"4,62"
3405767,"Portia de Rossi
",0,53.0,2588,35954,"3,84"
19026,"Susan Jane Gilman
",1,0.0,3270,25201,"3,72"
84099,"Katharine Hepburn
",0,0.0,732,13439,"3,88"
5675,"Waris Dirie
",0,2503.0,1131,18864,"4,07"
6162,"Nuala O'Faolain
",0,79.0,785,6100,"3,53"
49187,"Noor Al-Hussein
",0,0.0,683,8276,"3,8"
24349,"Betty Mahmoody
",0,0.0,1301,23247,"4,05"
200277,"Sojourner Truth
",1,0.0,243,7853,"4,12"
6781,"Julie Andrews Edwards
",1,14.0,4097,36993,"4,1"
18357,"Jennifer Traig
",1,0.0,634,4962,"3,57"
17421,"Abigail Thomas
",1,,1991,12437,"3,8"
4262,"Truddi Chase
",0,0.0,526,15010,"4,03"
11192,"Lauren Bacall
",0,0.0,370,7905,"3,96"
2637,"Karen Armstrong
",1,14.0,6803,99744,"3,9"
63111,"Madeleine K. Albright
",1,952.0,3003,22091,"4,1"
23056,"Julia Scheeres
",1,0.0,2259,19746,"3,96"
145047,"Gilda Radner
",0,0.0,364,8227,"4,07"
25926,"Firoozeh Dumas
",0,251.0,3392,21879,"3,84"
4369397,"Harriet Ann Jacobs
",0,0.0,2471,44680,"4,12"
3878,"Adeline Yen Mah
",0,238.0,4736,55044,"3,97"
54931,"Katharine Graham
",0,0.0,1077,18556,"4,13"
5662,"Ruth Reichl
",0,0.0,12423,126257,"3,94"
90150,"Carrie Fisher
",0,0.0,15125,120952,"3,71"
21163,"Jill Ker Conway
",0,53.0,785,13150,"4,01"
72953,"Jennifer Lauck
",0,0.0,918,10411,"4,04"
3465,"Julia Child
",0,0.0,7935,149236,"4,25"
7190,"Anaïs Nin
",0,86.0,4069,67548,"3,87"
5448929,"Jean Sasson
",0,0.0,4660,58499,"3,98"
86883,"Jeanne Wakatsuki Houston
",1,0.0,1100,10652,"3,57"
4842866,"Jaycee Dugard
",1,0.0,7731,89307,"3,89"
19038,"Kay Redfield Jamison
",1,0.0,3674,62447,"4,04"
7103320,"Chris   Blake
",1,0.0,11,58,"3,62"
5778769,"Alex Lidell
",1,,1926,16406,"4,14"
7256865,"Lyra Parish
",0,0.0,894,5429,"3,97"
3155383,"Erin Nicholas
",0,,6676,48036,"4,14"
6938728,"Stacey Marie Brown
",0,0.0,3430,43567,"4,23"
15987,"Shana Abe
",0,0.0,2463,24194,"3,77"
7237845,"Sally Ember
",0,0.0,33,138,"3,99"
7022082,"Jessica MacIntyre
",0,8.0,81,314,"4,01"
5218360,"Kate Karyus Quinn
",0,0.0,1631,10345,"3,63"
7924666,"Derick Ackins-Farris
",1,0.0,5,86,"4,37"
7093656,"Patricia A. Knight
",0,0.0,546,2639,"3,93"
46474,"Patrick Carman
",1,0.0,8297,140550,"3,94"
6522939,"Carla J. Hanna
",0,0.0,145,460,"4,11"
5267376,"Demitria Lunetta
",0,,2165,15472,4
5767141,"Cristin Terrill
",0,0.0,3695,22213,"4,04"
3436678,"إيمان مرسال Iman Mersal
",1,2218.0,764,3052,"3,65"
4633553,"وائل رداد
",1,,252,2004,"3,79"
3046391,"محمود المصري
",1,2218.0,228,2895,"4,18"
2663983,"نبيل فاروق
",1,2218.0,3492,138682,"3,59"
4568549,"شيرين عادل
",1,2218.0,127,620,"3,69"
7314557,"هدى قنديل
",1,2218.0,82,201,"2,62"
3279601,"حسن الجندي
",1,2218.0,7869,67841,"3,86"
1061323,"بدرية البشر
",1,2223.0,1330,6419,"3,48"
2891513,"كريم الشاذلي
",1,2218.0,2781,26109,"3,79"
6911075,"Ibraheem Abbas
",1,,2464,17853,"3,66"
6924701,"سامح فايز
",1,2218.0,78,308,"3,3"
6524398,"رشاد حسن
",1,2223.0,445,3582,"3,7"
6449730,"عمرو المنوفي
",1,,663,4762,"2,8"
8108644,"Jessica  Peterson
",0,0.0,972,4083,"4,12"
7850247,"L.P. Lovell
",0,14.0,4353,22973,"4,2"
1508588,"Marie Force
",0,0.0,19146,264929,"4,28"
7154678,"Lani Lynn Vale
",0,0.0,12667,176665,"4,36"
8133160,"Rachel Blaufeld
",0,,1657,5017,"3,97"
7243737,"T. Gephart
",0,53.0,2296,13343,"4,14"
8617437,"Alex  Grayson
",0,127.0,2088,7783,"4,27"
14212528,"Fiona Cole
",1,,1350,5977,"4,09"
18256750,"Christi Whitson
",0,,39,80,"4,59"
7827726,"J.J.  Knight
",1,,4406,22547,"4,11"
7741564,"K.  Webster
",0,,21538,97828,"4,12"
10000,"Carly Phillips
",0,0.0,15130,190724,"3,93"
9860469,"Jordan Marie
",0,0.0,7808,64944,"4,19"
7319216,"Kandi Steiner
",0,0.0,7023,37535,"4,19"
12120359,"Olivia Ryann
",1,0.0,789,2018,"4,23"
16904020,"Tara  Leigh
",0,0.0,1169,2835,"4,06"
14787783,"B.B. Easton
",0,,2243,9019,"4,35"
7122826,"Patricia D. Eddy
",0,,1210,4060,"4,15"
15014061,"L.M. Halloran
",0,,609,2955,"4,26"
15810938,"Piper Rayne
",1,0.0,4114,15260,"4,23"
17143816,"Zane Michaelson
",1,14.0,557,926,"4,71"
16282216,"Dylan  Allen
",1,,2250,6150,"4,24"
6938229,"Kimberly Kincaid
",0,0.0,3226,12253,"4,03"
7798960,"Sara Ney
",0,0.0,9340,70581,4
4894804,"Avery Flynn
",1,,3928,17391,"3,93"
8184875,"Meghan March
",0,0.0,22747,220370,"4,2"
4708,"Emma Holly
",1,0.0,2847,60864,"3,87"
104514,"Sarah McCarty
",0,,2481,33544,"3,96"
41762,"Lisa Marie Rice
",0,,4084,50956,"3,89"
6470397,"Kayla Stonor
",1,14.0,281,1154,"3,88"
52767,"Robin Schone
",1,0.0,841,10497,"3,83"
1329767,"Anita Philmar
",0,0.0,304,857,"3,86"
14787070,"Nancy Quinn
",0,0.0,11,51,"4,73"
438483,"Rob Lowe
",1,0.0,5925,66314,"3,77"
640021,"Eileen Cronin
",1,2618.0,74,559,"3,82"
79787,"Laurie Lee
",1,14.0,1212,14563,"4,01"
66216,"Robert M. Edsel
",1,,3807,43041,"3,76"
2867696,"Piper Kerman
",1,0.0,13700,164328,"3,71"
18575,"Malika Oufkir
",1,1868.0,3071,26804,"4,04"
8176646,"Polly Whittaker
",0,14.0,21,88,"4,26"
76408,"Loretta Lynn
",1,1525.0,308,3553,"4,09"
183491,"Amanda Foreman
",0,14.0,1405,18321,"3,82"
527872,"Jennifer Worth
",0,14.0,8948,82536,"4,19"
28380,"David Niven
",1,14.0,372,7434,"4,12"
4760403,"Bernie Morris
",1,14.0,24,325,"4,58"
17079733,"John  Dennehy
",1,0.0,65,171,"4,41"
4491297,"Harry Leslie Smith
",1,14.0,220,1297,"4,22"
859143,"William  Gibson
",1,0.0,400,31080,"4,21"
40882,"Robert K. Massie
",1,0.0,7789,170852,"4,06"
367338,"Nelson Mandela
",1,149.0,3920,64249,"4,29"
96426,"Solomon Northup
",1,0.0,5884,81906,"4,18"
957910,"Henri Charrière
",1,86.0,1776,50571,"4,22"
322733,"Tamera Alexander
",0,0.0,5021,51114,"4,2"
3222582,"Bette Lee Crosby
",0,,3242,12081,"4,17"
38662,"Rick Atkinson
",1,127.0,2356,35582,"4,29"
5741,"Stacy Schiff
",1,0.0,7426,98509,"3,58"
11789,"William Manchester
",1,0.0,3180,57297,"4,23"
14084,"Jonathan Kozol
",1,0.0,2245,33234,"4,17"
8157754,"Christine Ardigo
",0,0.0,105,408,"4,3"
13264,"Kenneth C. Davis
",1,5782.0,1878,18133,"3,76"
5784534,"Leigh Evans
",1,8.0,472,2623,"3,67"
7617,"André Gide
",1,86.0,2458,36240,"3,69"
63289,"Larry Kramer
",1,0.0,399,5787,"3,95"
175196,"W.A. Hoffman
",0,,238,2244,"4,18"
28978,"David Leavitt
",1,0.0,1743,19825,"3,78"
15975,"Edmund White
",1,0.0,2666,43137,"3,79"
29952,"Jean Genet
",1,86.0,973,21033,"3,99"
29414,"John Rechy
",1,0.0,330,4416,"3,83"
10022,"Armistead Maupin
",1,0.0,6877,105796,"4,04"
91085,"Elizabeth Knox
",1,66.0,2274,15106,"3,76"
26766,"Felice Picano
",1,0.0,411,4066,"3,92"
11889,"Ellen Kushner
",0,0.0,4424,42948,"3,84"
90090,"Jim Grimsley
",1,0.0,854,9067,"3,88"
23511,"Rita Mae Brown
",0,0.0,7165,119765,"3,84"
10427,"James Baldwin
",1,0.0,12774,170857,"4,26"
1556719,"Christopher  Rice
",1,0.0,3935,38978,"3,79"
7732,"Marguerite Yourcenar
",0,32.0,2089,27227,"4,11"
136007,"Andrew Holleran
",1,0.0,602,9153,"3,99"
15543,"Alan Hollinghurst
",1,14.0,3737,44163,"3,63"
53047,"Scott Heim
",1,0.0,575,9140,"4,02"
158276,"Maria McCann
",1,14.0,767,5205,"3,79"
11315,"Evelyn Waugh
",1,14.0,9732,173070,"3,93"
35822,"Tony Kushner
",1,0.0,1667,60700,"4,24"
10229,"Christopher Isherwood
",1,14.0,3764,50942,"4,02"
6880531,"Angela Richardson
",1,53.0,528,3890,"3,93"
119005,"April Lindner
",1,0.0,2361,11877,"3,6"
3119823,"Kirsty Eagar
",0,53.0,1059,6965,"3,73"
31095,"Daniel       Mason
",1,0.0,1903,12882,"3,62"
16865,"Timothy Findley
",1,8.0,1363,29096,"3,86"
12991,"Nina Kiriki Hoffman
",0,0.0,3965,53068,"3,86"
15248,"Flann O'Brien
",1,79.0,2733,30472,"3,97"
317,"Sharyn McCrumb
",0,0.0,5338,79151,"3,94"
10108,"Roddy Doyle
",1,79.0,7547,100265,"3,79"
22515,"Mario Vargas Llosa
",1,661.0,12414,155998,"3,96"
47991,"Alan Garner
",1,133.0,1740,20020,"3,86"
13654965,"Durgesh Satpathy
",1,581.0,12,205,"3,92"
2063615,"Joshua Mohr
",1,,561,2767,"3,86"
73021,"Booth Tarkington
",1,0.0,1487,16178,"3,75"
668710,"Ekaterina Sedia
",1,110.0,1584,10022,"3,61"
3275595,"T. Rafael Cimino
",1,0.0,87,696,"3,84"
60172,"John Myers Myers
",1,0.0,240,2039,"3,82"
3515,"Ann-Marie MacDonald
",0,127.0,4499,73878,"3,94"
44942,"Pete Hamill
",1,0.0,4042,31662,"3,84"
932941,"Gin Phillips
",0,0.0,3448,18216,"3,55"
8878,"Alistair MacLeod
",1,8.0,1006,12441,"4,07"
18069,"Kurban Said
",1,700.0,641,5241,"3,91"
2883386,"David Eagleman
",1,0.0,4137,42410,"4,06"
92064,"Paul Gallico
",1,0.0,1651,19540,"3,99"
193302,"Gil Adamson
",0,,1372,8124,"3,68"
147204,"Cornelia Otis Skinner
",0,0.0,253,1824,"4,07"
498980,"Allison van Diepen
",1,,2511,19136,"3,95"
4808225,"Dennis Sharpe
",1,0.0,172,623,"4,14"
2098,"Elizabeth von Arnim
",0,53.0,2888,19051,"3,91"
50416,"Fay Weldon
",0,14.0,2364,21130,"3,47"
293,"Tom Stoppard
",1,952.0,3856,117964,"4,05"
45852,"Elizabeth Flock
",1,0.0,2783,27476,"3,8"
200033,"Anita Amirrezvani
",1,251.0,2182,16952,"3,93"
329782,"Austin Tappan Wright
",1,0.0,106,524,"4,31"
36686,"Luther Blissett
",1,,434,5774,"4,14"
345873,"Joan Lindsay
",0,53.0,1202,11205,"3,71"
8869,"Matthew Kneale
",1,14.0,872,7805,"3,89"
82608,"Rafael Sabatini
",1,814.0,1864,28332,"4,08"
130272,"Charles Palliser
",1,0.0,988,9150,"3,82"
1452,"John Perkins
",1,0.0,3865,35420,"3,86"
3078,"Atul Gawande
",1,0.0,19178,186516,"4,3"
78035,"David Starkey
",1,14.0,837,24605,"4,07"
84278,"Booker T. Washington
",1,0.0,1397,26008,"4,11"
311849,"Norman Doidge
",1,8.0,6268,66792,"4,09"
16376765,"Aldrin Mathew
",1,581.0,29,35,"4,91"
11682,"Arthur Schopenhauer
",1,681.0,2171,40251,4
18206,"Thor Heyerdahl
",1,1570.0,1193,20698,"4,1"
88483,"Oswald Spengler
",1,127.0,165,2172,"4,09"
2936846,"Tacitus
",1,,543,17003,"4,01"
2788,"Eric R. Kandel
",1,,451,6735,"4,16"
3159044,"J.M. Stewart
",0,0.0,619,2438,"3,78"
7149925,"Nina G. Jones
",0,0.0,2274,16602,"4,11"
8416438,"James Sillwood
",1,14.0,85,229,"4,45"
7173896,"Skye Callahan
",0,,1246,6223,"4,02"
7256754,"Riley Mackenzie
",1,0.0,874,6057,"4,08"
6916632,"Shauna Allen
",0,0.0,1038,3174,"4,4"
6250492,"S.R. Watson
",0,0.0,521,2442,"3,98"
19563,"Daniel Yergin
",1,,1030,11570,"4,29"
2520656,"David Howarth
",1,14.0,992,11917,"4,05"
6433082,"S.R. Grey
",0,0.0,2087,9236,"3,88"
21461,"Orlando Figes
",1,14.0,1206,12334,"4,15"
48305,"Cornelius Ryan
",1,79.0,907,39857,"4,27"
5062,"David Hackett Fischer
",1,,1118,20342,"4,13"
44565,"Candice Millard
",0,,10092,95489,"4,18"
48403,"Anthony Everitt
",1,14.0,1068,12769,"3,97"
22827,"Norman Davies
",1,14.0,797,11351,"4,07"
1483,"Joseph J. Ellis
",1,0.0,5515,113846,"3,93"
243930,"Timothy Snyder
",1,,5515,39267,"4,25"
30702,"Ian Kershaw
",1,14.0,1109,18584,"4,24"
695,"Simon Schama
",1,14.0,1504,33464,"3,95"
9950,"Ron Chernow
",1,0.0,10753,155475,"4,2"
26604,"Greg King
",1,,604,4848,"3,98"
3407,"Antony Beevor
",1,14.0,3015,59175,"4,22"
31280,"Eugene B. Sledge
",1,0.0,1469,25470,"4,41"
86003,"Richard J. Evans
",1,14.0,1099,17734,"4,23"
52292,"Tom Holland
",1,14.0,2455,30145,"4,06"
5882,"Stephen E. Ambrose
",1,0.0,8900,234135,"4,24"
54521,"Hampton Sides
",1,0.0,5536,64291,"4,2"
172931,"John Farman
",1,14.0,70,736,"3,7"
4090011,"S.C. Gwynne
",1,0.0,3348,30680,"4,17"
23013,"Edmund Morris
",1,155.0,3494,105512,"4,09"
16319,"Suetonius
",1,774.0,633,16092,"4,04"
159090,"Tim Weiner
",1,,1531,13422,"3,92"
2497,"Jack Weatherford
",1,0.0,2909,41720,"4,01"
3783,"David Fromkin
",1,0.0,645,7218,"4,09"
7792163,"Christopher   Clark
",1,53.0,977,9622,"4,17"
61711,"Thomas J. DiLorenzo
",1,,368,3462,"4,14"
6366,"Margaret MacMillan
",0,8.0,1630,16894,"4,05"
957,"Thucydides
",1,750.0,728,27916,"3,89"
12622,"Eamon Duffy
",1,79.0,189,2003,4
122371,"John Newsinger
",1,,36,418,"4,24"
901,"Herodotus
",1,750.0,1185,38989,"3,98"
12144,"James M. McPherson
",1,0.0,2721,44371,"4,2"
39788,"Lynn Austin
",0,0.0,9854,102745,"4,29"
10679,"Lori Wick
",0,,3667,130521,"4,08"
82603,"Cathy Marie Hake
",0,,1942,30062,"4,01"
3159984,"Karen Kingsbury
",0,,22244,469320,"4,33"
928415,"Julie Klassen
",0,0.0,11414,97659,"3,93"
67487,"Charles Martin
",1,0.0,12313,98239,"4,21"
4862,"Randy Alcorn
",1,,4447,62304,"4,29"
2821124,"Elizabeth Payson Prentiss
",1,0.0,433,6392,"4,24"
117290,"Cindy Woodsmall
",0,,3942,32118,"4,32"
100752,"Donita K. Paul
",1,,1736,36973,"4,07"
19811,"Terri Blackstock
",0,0.0,9303,144699,"4,23"
1085845,"Bodie Thoene
",0,,3980,90784,"4,33"
965709,"Julie Lessman
",0,,2837,22832,"4,15"
34227,"Beverly Lewis
",0,0.0,11464,197496,"4,16"
107761,"Eric Wilson
",1,0.0,1033,46617,"4,43"
6214,"Liz Curtis Higgs
",1,0.0,3379,45314,"4,1"
40552,"Jan Karon
",0,0.0,14604,234434,"4,21"
6592596,"J.J.   Johnson
",1,0.0,24,67,"3,79"
165519,"Dee Henderson
",1,,8007,180593,"4,3"
52609,"Deeanne Gist
",0,,5381,66186,"3,98"
5331802,"Shelly Goodman Wright
",0,,62,202,"4,07"
11237,"Catherine Marshall
",0,0.0,2184,62517,"4,21"
9219,"Adriana Trigiani
",0,0.0,23779,244078,"3,86"
7973,"Eudora Welty
",0,0.0,3770,41976,"3,87"
3520,"Sheri Reynolds
",0,0.0,1410,37032,"3,8"
45915,"Joshilyn Jackson
",0,0.0,13101,106949,"3,83"
17326,"Erskine Caldwell
",1,0.0,1212,17132,"3,72"
3501,"Kaye Gibbons
",0,0.0,3717,70528,"3,76"
3150553,"Dorothy Love
",0,,1018,4754,"3,84"
72932,"Lee Smith
",0,0.0,4060,38922,"3,8"
337,"Walker Percy
",1,0.0,14883,232749,"3,87"
3533,"Ernest J. Gaines
",1,0.0,3857,64470,"3,99"
6518821,"C.D. Bonner
",1,0.0,10,40,"3,98"
3448642,"Billy Coffey
",1,,1028,3997,"3,71"
7921,"Thomas Wolfe
",1,0.0,1657,21551,"3,97"
3736,"Robert Penn Warren
",1,0.0,2943,57840,"4,08"
52627,"Olive Ann Burns
",0,0.0,4090,96851,"3,98"
7789942,"Lilo Abernathy
",1,0.0,217,1274,"4,01"
4938076,"B.J.  Scott
",1,8.0,328,3471,"4,06"
7791215,"Rainy Kaye
",0,0.0,497,2191,"3,88"
5116661,"Shawntelle Madison
",0,0.0,1416,5710,"3,68"
200208,"A.A. Aguirre
",1,0.0,431,2732,"3,75"
2300692,"Paige Tyler
",0,,4306,26283,"3,99"
5989639,"Kathryn Le Veque
",0,0.0,4231,47660,"4,37"
1563059,"Katie Reus
",0,0.0,9112,68407,"4,04"
6952559,"Violetta Rand
",0,0.0,1205,5295,"3,94"
7164245,"D.L. McDermott
",0,,309,2246,"3,71"
410993,"Dianne Sylvan
",0,0.0,1070,15816,"3,93"
5135449,"Delilah S. Dawson
",0,0.0,6855,37526,"3,78"
5150716,"Elisabeth Staab
",0,,565,2980,"3,69"
8605,"Mandy M. Roth
",0,0.0,7376,55278,"4,08"
1611087,"Dana Marie Bell
",0,0.0,3062,75434,"3,98"
35022,"Marjorie M. Liu
",0,0.0,13593,157663,"3,96"
114283,"Shannon K. Butcher
",0,0.0,2948,42672,"3,99"
6177334,"Cecy Robson
",0,,3411,21801,"4,03"
7116446,"J.D. Horn
",1,,2993,39142,"3,85"
267687,"Pamela Palmer
",0,,2704,46828,"4,05"
23497,"John Heilemann
",1,,3432,26839,"4,05"
49538,"Nancy Pickard
",1,0.0,4492,44495,"3,75"
97389,"Brady Udall
",1,0.0,3459,20836,"3,65"
3090079,"Shilpi Somaya Gowda
",0,8.0,6198,74155,"3,99"
3246397,"Jean Kwok
",0,4592.0,5710,44832,"3,95"
63630,"Beth Hoffman
",0,,10065,83048,"3,93"
5821849,"Jennifer Loiske
",0,,208,892,"4,32"
3200938,"Charlotte Stein
",0,14.0,4126,27380,"3,62"
9815997,"B.B. Reid
",0,0.0,4846,44994,"4,11"
7373215,"Michele Mannon
",0,,425,3188,"3,8"
8014891,"Cora Brent
",1,,4676,71860,"4,1"
4899743,"Abby Niles
",0,0.0,1143,10144,"3,9"
5041254,"Ranae Rose
",0,0.0,1116,13623,"3,77"
4877034,"Carly Fall
",1,0.0,750,5158,"3,95"
2759175,"Jennifer Lyon
",0,0.0,1942,21417,"4,12"
8379774,"Adriana Locke
",0,,10539,76965,"4,22"
6585459,"Hadley Quinn
",1,0.0,653,7543,"3,96"
7702391,"Sabrina Stark
",1,,1137,19838,"3,97"
6897457,"Bethany Bazile
",0,0.0,878,11467,"3,93"
6920675,"Sarah Castille
",0,8.0,4883,38839,"3,97"
3330668,"Jenika Snow
",1,0.0,15060,155934,"3,79"
4466856,"Christine  Bell
",0,,2657,37440,"3,87"
6761816,"Priscilla West
",0,,4051,41946,"3,92"
6861964,"Kelley R. Martin
",0,6047.0,849,13387,"3,97"
7142650,"Alyssa Rae Taylor
",0,0.0,974,15274,"4,04"
239569,"Tracy Banghart
",0,,1998,7395,"3,91"
3409966,"David Edison
",1,0.0,189,791,"3,18"
14541877,"Dani René
",0,149.0,3234,7769,"4,07"
4110498,"Sophie Oak
",0,6055.0,3129,49467,"4,19"
7383937,"Aubrey Wynne
",1,0.0,922,1703,"4,25"
14403352,"James Perrin
",1,14.0,33,68,"3,6"
685277,"Doreen Orion
",0,0.0,340,1528,"3,45"
6206993,"Sherelle Green
",0,,400,1449,"4,41"
7831156,"Audrey Carlan
",0,,10167,129977,"4,07"
2932249,"Vivian Arend
",0,8.0,6857,91757,"3,96"
7176561,"Elizabeth Hayley
",1,0.0,1594,7594,"3,82"
15577876,"T.L. Travis
",0,,341,678,"4,18"
3272041,"Christi Barth
",0,,1798,4871,"3,81"
17127519,"Harlow Layne
",1,0.0,147,254,"4,28"
1508701,"R.C. Stephens
",0,8.0,1020,3319,"3,99"
5832703,"Nicole Helm
",0,,1405,6037,"3,71"
14160972,"Carrie Aarons
",0,0.0,2386,11636,"3,89"
15289816,"Willow Winters
",0,,9808,51374,"4,06"
9836502,"Heatherly Bell
",1,0.0,528,2678,4
7462746,"Sarah Darlington
",1,0.0,1245,3879,"3,7"
7134317,"Lisa Suzanne
",0,0.0,2338,8716,"4,17"
14168280,"Lauren Runow
",0,0.0,1525,3319,"4,17"
14923699,"J. Saman
",0,0.0,590,1331,"4,35"
14543027,"R.C. Boldt
",0,0.0,2659,9131,"4,14"
18313748,"Madison Quinn
",0,0.0,174,371,"4,26"
8326316,"Sierra Hill
",0,,892,2354,"4,07"
7355350,"Melanie Moreland
",0,8.0,4166,30069,"4,05"
12591285,"Lauren Landish
",0,,8592,59217,"3,97"
17166029,"Kristy  Marie
",0,0.0,372,735,"4,31"
6969772,"Lauren Layne
",0,0.0,16941,152399,"3,98"
1250276,"Samantha Chase
",0,0.0,6755,44365,"3,93"
15572101,"Kennedy Fox
",1,0.0,4623,27767,"4,1"
13563235,"Jayne Frost
",1,,982,3354,"4,16"
15854913,"Devney Perry
",0,,5461,41137,"4,22"
16192760,"Saffron A. Kent
",0,,2260,9388,"4,15"
13747693,"Andrea L. Wells
",1,,40,200,"3,95"
5024658,"Diana Ballew
",0,118.0,31,154,"3,84"
7212647,"A.C. Heller
",1,0.0,39,202,"3,88"
4518241,"Brianna J. Merrill
",0,,83,735,"3,72"
7103413,"J.L. McFadden
",1,0.0,24,54,"4,46"
7246409,"Season Vining
",0,0.0,532,1609,"3,72"
4968442,"Sarah Skilton
",0,0.0,262,1305,"3,7"
7060506,"Shari J. Ryan
",1,,2556,6891,"4,15"
6568891,"Allyse Near
",1,53.0,221,900,"4,16"
7160746,"Erin Rhew
",0,,90,211,"4,35"
5833021,"Amy McCulloch
",0,14.0,314,1840,"3,73"
7134548,"Matthew Kadish
",1,0.0,329,1212,"4,11"
2994743,"Erin Richards
",0,0.0,219,613,"3,99"
6538688,"Cal Armistead
",0,0.0,443,2552,"3,66"
5154098,"Caela Carter
",0,0.0,997,5160,"3,87"
5774905,"J.L. Spelbring
",0,0.0,101,494,"3,66"
7010364,"Louise D. Gornall
",1,14.0,17,73,"4,18"
6539034,"Anne Applegate
",0,0.0,285,1627,"3,41"
6448958,"Heather L. Reid
",0,0.0,196,510,"3,39"
5768552,"Amy Spalding
",0,1106.0,1590,7836,"3,72"
5555591,"K.A. Barson
",0,0.0,870,4870,"3,8"
5762535,"Stephanie Kuehn
",1,,2563,10323,"3,65"
5771853,"Lindsay Ribar
",0,0.0,842,4152,"3,67"
4705142,"Polly Holyoke
",1,,487,3349,"4,29"
5832728,"Kit Grindstaff
",0,14.0,86,363,"3,7"
5761118,"Helen  Douglas
",1,14.0,341,2338,"3,67"
5833999,"Romily Bernard
",1,0.0,818,4688,"3,92"
4619719,"Kara Taylor
",0,,840,5499,"3,95"
5191177,"Rachele Alpine
",0,4174.0,285,1116,"3,76"
5398571,"Carly Anne West
",1,,458,2870,"3,57"
5421048,"Laurie Boyle Crompton
",1,0.0,525,1854,"3,56"
6579646,"Kellie Sheridan
",0,8.0,418,1217,"3,75"
5820784,"Kimberly Ann Miller
",0,0.0,87,296,"3,5"
739875,"Page Morgan
",1,,900,6667,"3,83"
5622767,"C.J. Flood
",1,14.0,277,1589,"3,61"
5387969,"T. Michael Martin
",1,0.0,531,3187,"3,51"
6425045,"Kelsey Sutton
",0,0.0,747,3592,"3,85"
4750818,"Liz Coley
",0,0.0,1072,6314,"4,01"
6151349,"J.J. Howard
",1,0.0,444,2625,"3,79"
5204084,"Steven dos Santos
",1,0.0,352,1773,"3,96"
5837868,"Lisa Voisin
",0,8.0,147,607,"3,81"
3901024,"Amy Butler Greenfield
",0,0.0,678,5450,"3,83"
5418337,"Jamie  Blair
",1,,385,1999,"3,76"
4439177,"Alison Cherry
",0,0.0,996,4163,"3,54"
3201662,"Lisa M. Basso
",0,0.0,255,863,"3,77"
5018116,"Erica Lorraine Scheidt
",0,,474,1805,"3,3"
5815423,"Dorothy Dreyer
",1,1796.0,199,568,"4,04"
5251026,"Yelena Black
",1,0.0,675,4132,"3,58"
5333625,"Emma Pass
",1,,948,8230,"3,76"
5054179,"Miriam Forster
",0,0.0,815,5973,"3,76"
3509782,"Bridget Zinn
",0,0.0,1320,9818,"3,92"
634694,"Kevin Kwan
",1,6152.0,31388,336044,"3,85"
7213399,"Angela Ford
",0,8.0,765,1659,"4,08"
5895680,"Susan M. Boyer
",0,0.0,1744,12967,"4,13"
21387,"Mary Kay Andrews
",0,0.0,19620,235769,"3,85"
194416,"Mindy Kaling
",0,0.0,30421,510564,"3,86"
8573907,"Julie Mulhern
",0,0.0,1309,5578,"4,29"
17546461,"Molly O'Hare
",0,0.0,157,579,"4,07"
14047384,"Amo Jones
",0,53.0,4608,24176,"4,21"
3295197,"Ruth Saberton
",0,14.0,753,7464,"4,16"
16017918,"Shahad Al Rawi
",1,2241.0,261,1373,"3,65"
8842946,"Brynne Asher
",0,0.0,2043,15473,"4,2"
15095061,"Logan Chance
",1,0.0,3120,13459,"4,06"
15715539,"Miquel Reina
",1,0.0,302,1004,"4,13"
5826888,"Annika Martin
",1,0.0,4280,31681,"3,96"
6570694,"April White
",0,0.0,1632,11777,"4,32"
15371222,"Natasha Madison
",0,,5064,27876,"4,21"
8577407,"Lilly Wilde
",0,0.0,636,2034,"4,56"
16304661,"Lee  Piper
",0,53.0,278,375,"4,34"
7792877,"Lex Martin
",1,,4886,38315,"4,14"
18108320,"Michelle Heard
",0,149.0,1760,9603,"4,07"
7390938,"Kate  Stewart
",0,0.0,8577,46272,"4,18"
16851087,"Ella Fields
",0,53.0,2210,10907,"4,11"
8301757,"K.K. Allen
",0,0.0,1983,7352,"4,28"
15254222,"R. Scarlett
",0,8.0,2289,10024,"4,2"
14901102,"Giana Darling
",0,8.0,2192,6989,"4,33"
14175946,"Ashley Jade
",1,0.0,2562,7531,"4,46"
7505427,"Jewel E. Ann
",0,0.0,9942,64482,"4,33"
7340518,"Lori Rader-Day
",0,6179.0,1105,6670,"3,47"
32504,"Dorothy Kunhardt
",1,0.0,474,21540,"4,06"
4575283,"Susan Hatler
",0,,3233,22433,"3,7"
980856,"Patti Roberts
",0,53.0,468,2124,"3,95"
16604778,"Angelina J. Steffort
",0,856.0,73,465,"4,02"
222429,"Heather Terrell
",0,,817,8494,"3,59"
78111,"Kailin Gow
",0,,2967,40686,"3,87"
4760235,"Shawn Kirsten Maravel
",1,0.0,108,286,"3,97"
895117,"Molly Snow
",0,,331,2093,"3,68"
6444153,"Anne Zoelle
",1,0.0,284,1771,"4,42"
12019356,"Alex Dunn
",0,,81,201,"3,96"
833687,"Suzanne Selfors
",0,,3961,32728,"3,94"
4789042,"S.B. Niccum
",0,698.0,91,342,"3,78"
6704768,"Stacey R. Campbell
",0,0.0,342,528,"3,71"
15606198,"Nikki Moyes
",0,53.0,101,446,"3,98"
1050482,"Joydeep Roy-Bhattacharya
",1,,405,1789,"3,45"
4188120,"Ednah Walters
",0,,4206,40953,"4,17"
5139046,"Astrid Yrigollen
",0,0.0,83,279,"3,72"
6470636,"R.A. Gates
",1,0.0,45,309,"3,68"
5381542,"T.S. Hall
",1,0.0,73,248,"3,92"
4843796,"J. Leigh Bralick
",0,0.0,122,574,"4,09"
18616370,"Dimitri Liountris
",1,149.0,0,11,"4,64"
4823543,"Jolene Ballard Gutiérrez
",0,0.0,18,34,"3,88"
5374297,"Amber Garr
",0,0.0,568,2278,"3,92"
2313312,"Jocelyn Davies
",0,,3773,35732,"3,87"
3988619,"Carol Oates
",0,79.0,232,1049,"3,71"
3002235,"Rebecca Lim
",1,,1501,13122,"3,76"
6470349,"Bisi Leyton
",0,14.0,74,276,"3,7"
5322962,"Misty Paquette / Misty Provencher
",0,0.0,729,3753,"3,94"
7012142,"Teresa Orts
",1,,120,325,"3,84"
32804,"Leo Lionni
",1,877.0,3608,88650,"4,15"
13901,"Richard Scarry
",1,0.0,2472,127902,"4,25"
142116,"Lynley Dodd
",1,66.0,802,22995,"4,27"
14018535,"Gianni Perticaroli
",1,814.0,19,65,"4,57"
6442922,"Venessa Kimball
",0,0.0,452,715,"4,48"
4528793,"Kelly Hashway
",0,,715,3527,"3,88"
3151788,"Nicole Weaver
",1,,27,89,"4,64"
719277,"Rachel Fisher
",1,,182,389,"4,01"
72545,"Michelle Knudsen
",1,0.0,2155,15593,"4,14"
26181,"Peggy Rathmann
",0,0.0,3105,73419,"4,19"
194256,"Jody Gehrman
",0,0.0,2026,16433,"3,69"
28709,"Chuck Dixon
",1,0.0,5990,295759,"4,25"
6541020,"Leandi Cameron
",0,149.0,27,80,"3,64"
35105,"Karma Wilson
",0,0.0,4276,69727,"4,17"
49420,"Janet Ahlberg
",0,14.0,1677,41670,"4,31"
6561846,"Drew Daywalt
",1,,6567,53202,"4,4"
7381751,"Karen Brueggeman
",0,0.0,21,70,"4,44"
5601445,"Stephanie Lawton
",0,0.0,256,1079,"3,69"
5780445,"Intisar Khanani
",0,0.0,1656,9445,"4,12"
198837,"Peter H. Reynolds
",1,8.0,10149,132891,"4,1"
7219081,"Adrienne Woods
",0,149.0,2042,25046,"4,14"
6446220,"Jonathan Lynch
",1,79.0,10,93,"4,15"
94085,"Jane O'Connor
",0,,5144,77494,"4,1"
6468237,"Rhonda Patton
",1,0.0,50,259,"4,75"
5031409,"Stephanie Judice
",0,0.0,81,232,"4,18"
11095,"Audrey Penn
",1,,2108,59516,"4,41"
10547,"E.E. Cummings
",1,0.0,2617,78202,"4,25"
16461,"David Wiesner
",1,0.0,10535,94566,"4,13"
2059918,"Michael Rosen
",1,14.0,3072,72337,"4,18"
5038955,"Wendy Owens
",0,0.0,900,7655,"3,84"
25415,"Charles Simic
",1,670.0,1300,16755,"4,07"
191976,"Barbara Cooney
",1,0.0,3390,86656,"4,2"
59712,"Sappho
",0,750.0,1234,16688,"4,2"
33998,"Edna St. Vincent Millay
",0,0.0,1322,22123,"4,16"
5222068,"Amy  Lignor
",1,0.0,216,793,"3,72"
30055,"Ezra Pound
",1,0.0,935,22678,"3,94"
45882,"Percy Bysshe Shelley
",1,133.0,16222,872465,"3,76"
1435,"Graeme Base
",1,14.0,1871,41023,"4,24"
8725,"Tomie dePaola
",1,0.0,7601,142964,"4,14"
99703,"Anna Akhmatova
",0,700.0,549,13955,"4,33"
5145815,"Nina Berry
",0,0.0,616,3013,"3,86"
5247949,"J.D. Field
",1,14.0,80,455,"3,65"
103243,"Julia Donaldson
",1,14.0,6147,85550,"4,29"
4717601,"Devon Ashley
",1,0.0,744,4561,"3,78"
86801,"John Ashbery
",1,259.0,1022,15486,"4,06"
77098,"Raymond Briggs
",1,14.0,1702,27811,"4,2"
438,"Billy Collins
",1,0.0,4406,51521,"4,17"
36722,"Martin Waddell
",1,14.0,1863,29135,"4,11"
15435,"William Carlos Williams
",1,0.0,2743,120709,"4,14"
5834274,"Frankie Rose
",0,14.0,798,6349,"4,08"
66244,"James Wright
",1,0.0,420,5961,"4,25"
179153,"Kristen Day
",1,,466,3852,"4,15"
4957267,"Heather McCorkle
",1,0.0,280,1176,"3,82"
29574,"Seamus Heaney
",1,79.0,5858,205428,"3,5"
313653,"David Walliams
",1,14.0,5592,68617,"4,21"
6475772,"Karen Swart
",0,149.0,259,3047,"4,12"
86816,"Paul Celan
",1,700.0,394,6402,"4,35"
3224031,"Jen  Meyers
",0,,858,4725,"3,97"
187510,"Novalis
",1,127.0,167,3170,"3,93"
42912,"Hart Crane
",1,0.0,180,4342,"4,15"
5753842,"Kate Bloomfield
",0,14.0,382,3506,"3,69"
6896219,"Susan  Rodgers
",1,8.0,86,311,"4,11"
57983,"Newt Scamander
",1,14.0,8801,268464,"3,99"
72605,"Arthur Rimbaud
",1,86.0,1243,36879,"4,34"
7531,"Theodore Roethke
",1,0.0,297,6827,"4,15"
16325,"Jan Brett
",0,0.0,6038,154615,"4,18"
51724,"Constantinos P. Cavafis
",1,2218.0,398,5281,"4,36"
1399243,"Friedrich Schiller
",1,127.0,724,26786,"3,49"
23162,"Friedrich Hölderlin
",1,127.0,181,3519,"4,11"
4776454,"Kimberly Spencer
",1,0.0,168,1591,"3,58"
6883979,"Erica Cope
",0,0.0,653,8211,"3,92"
4947651,"Taylor Longford
",1,,317,2718,"4,1"
7047831,"Jill Prand
",0,0.0,149,407,"3,71"
44150,"Federico García Lorca
",1,525.0,2711,59614,"3,98"
64845,"William Wordsworth
",1,133.0,937,30763,4
6436214,"E.C. Newman
",0,0.0,63,615,"3,88"
67032,"Elizabeth Barrett Browning
",0,14.0,885,19551,"4,04"
3368,"Audrey Wood
",0,0.0,5174,118713,"4,22"
7338961,"Saralyn Richard
",0,,43,132,"4,55"
23988,"Mary Oliver
",0,0.0,7582,78699,"4,31"
86808,"John Berryman
",1,0.0,606,11789,"4,15"
4340243,"Ripley Patton
",1,0.0,465,1650,"4,08"
29970,"Lawrence Ferlinghetti
",1,0.0,1403,26025,"4,16"
44407,"Lord Byron
",1,133.0,1492,38812,"3,96"
5757476,"Ada Adams
",0,,343,1211,"3,97"
26814,"Anne Sexton
",0,0.0,1297,28718,"4,22"
5916592,"Melissa Bender
",1,53.0,167,1498,"4,08"
4579328,"Sarah  Porter
",1,0.0,2753,15437,"3,62"
4473599,"Melody Manful
",0,,119,857,"3,66"
6898157,"Jennifer Martinez
",1,0.0,76,246,"3,55"
64716,"Philip Larkin
",1,14.0,1247,29944,"4,08"
4788613,"Rebecca A. Rogers
",0,0.0,424,7563,"3,81"
241828,"Bennett Madison
",1,0.0,780,3662,"3,28"
6669,"Wisława Szymborska
",0,681.0,1253,13946,"4,32"
195780,"Gerard Manley Hopkins
",1,14.0,629,9355,"4,1"
24956,"Dorothy Parker
",0,0.0,2424,32337,"4,1"
14002590,"W.H. Auden
",1,14.0,1543,27512,"4,12"
546427,"Alaya Dawn Johnson
",1,,4549,26249,"3,74"
6464067,"Aviva Orr
",0,149.0,88,477,"3,69"
1127,"Ovid
",1,814.0,2166,67819,"4,04"
55349,"Richard Siken
",1,0.0,1176,17064,"4,27"
13453,"William Blake
",1,14.0,2305,86837,"4,17"
41588,"Elizabeth Bishop
",1,0.0,1200,24231,"4,2"
7715,"Robert Frost
",1,0.0,2801,110697,"4,25"
80892,"Frank O'Hara
",1,0.0,771,18085,"4,25"
36910,"Langston Hughes
",1,0.0,3425,46335,"4,25"
77318,"John Donne
",1,133.0,1005,31636,"4,14"
57189,"Dylan Thomas
",1,14.0,1803,35114,"4,16"
42920,"Wallace Stevens
",1,0.0,651,19065,"4,24"
875661,"Rumi
",1,486.0,3453,66551,"4,36"
11525,"Samuel Taylor Coleridge
",1,133.0,1631,74968,"3,96"
7350402,"Amy Poehler
",0,0.0,23402,354379,"3,82"
29963,"W.B. Yeats
",1,79.0,2259,67751,"4,17"
11978,"John Keats
",1,14.0,1883,47194,"4,18"
15952,"Rachel Vail
",1,0.0,2424,17658,"3,63"
4261,"Allen Ginsberg
",1,0.0,4341,175471,"4,05"
117288,"Nancy Moser
",0,0.0,2062,15878,"3,95"
6590,"Jean Plaidy
",0,14.0,3407,70658,"3,86"
4721275,"Wendy Wunder
",0,,1812,13676,"3,83"
1015012,"Marissa Doyle
",1,0.0,849,7854,"3,71"
474489,"R.A. Nelson
",1,,733,5397,"3,51"
80760,"Siobhan Dowd
",0,14.0,25398,150785,"4,3"
80769,"Jessica Anthony
",1,,1680,20476,"3,73"
7790815,"Bridie Hall
",0,,121,214,"4,09"
1246629,"Jennifer Bradbury
",0,,1189,5984,"3,68"
53970,"Elisa Carbone
",1,0.0,972,6079,"3,94"
237997,"Erin Downing
",1,6808.0,413,10775,"3,78"
1330133,"Meredith Duran
",0,,4043,34382,"3,87"
11137,"Adam Rex
",1,3421.0,9554,50051,"3,94"
1379078,"Jonathan Friesen
",1,0.0,1020,5234,"3,57"
21944,"Liz Carlyle
",1,,2081,34297,"3,81"
80941,"Ciji Ware
",0,0.0,908,8966,"3,7"
6551820,"Angela N. Blount
",0,0.0,191,556,"3,82"
190441,"Joan Bauer
",0,0.0,6393,56147,"3,94"
6889902,"Jessica Hawkins
",1,0.0,6905,50513,"4,13"
3198692,"Angie Stanton
",0,0.0,1962,24682,"3,74"
3435784,"Tiffany Clare
",0,8.0,416,2774,"3,47"
31284,"Joseph Monninger
",1,0.0,1442,6802,"3,81"
4562866,"Marla Monroe
",0,0.0,349,10146,"3,95"
3188620,"C.J. Skuse
",0,14.0,1154,5287,"3,83"
1722834,"Marie Treanor
",0,14.0,590,3156,"3,77"
4575345,"Elissa Janine Hoole
",1,,210,1348,"3,51"
4125517,"Jillian Larkin
",0,0.0,1505,12604,"3,79"
14058058,"Kimber  Lee
",0,,176,1573,"4,47"
256405,"Julie Halpern
",0,,2300,16542,"3,72"
6459723,"Jennifer Salvato Doktorski
",0,,1032,8468,"3,79"
116389,"Catherine Clark
",1,0.0,957,17812,"3,67"
141600,"Brigid Lowry
",0,66.0,324,3211,"3,73"
1818261,"Lynn Weingarten
",1,,2395,14594,"3,55"
4505164,"Adi Alsaid
",1,334.0,3217,18317,"3,61"
21913,"Hailey Abbott
",0,0.0,1398,39433,"3,76"
2489840,"Albert Borris
",1,,402,5362,"3,78"
17298543,"Christine Lynn Herman
",0,0.0,106,147,"4,35"
15282277,"Zara Raheem
",1,,8,25,"4,44"
18139063,"Tricia Lynne
",0,0.0,85,102,"4,38"
18305208,"Melonie Johnson
",0,,98,134,"4,09"
4474657,"Leah Kaminsky
",1,53.0,123,701,"3,53"
1292596,"Suzanne McLeod
",1,14.0,1074,11169,"3,72"
54989,"George Mann
",1,14.0,3003,24001,"3,74"
16198480,"K.A. Doore
",0,,44,54,"4,61"
17959878,"Victoria  Lee
",0,6958.0,67,88,"4,6"
17035725,"Saya Lopez Ortega
",1,6960.0,15,164,"4,12"
12123245,"Rachael Slate
",0,8.0,924,2024,"4,23"
4706998,"E.B. Walters
",1,,1031,9881,"4,02"
6921953,"Katie Cotugno
",0,,7398,42349,"3,56"
6521036,"J.K. Accinni
",1,,836,3321,"4,09"
6434818,"Indigo Bloome
",0,53.0,773,8230,"3,39"
6479383,"Elizabeth Boyce
",1,0.0,390,3688,"3,76"
7390971,"Michelle Hughes
",0,0.0,1003,9523,"3,78"
177047,"Carolyn Jewel
",0,,1846,14892,"3,74"
59445,"Deborah Smith
",0,0.0,3407,28999,"3,89"
402788,"Toni Blake
",0,0.0,2329,25323,"3,86"
29792,"Zoey Dean
",0,,1869,55753,"3,67"
6424546,"Kelly Favor
",0,,2266,84420,"3,97"
5656153,"Jason F. Wright
",1,,7939,42116,"3,78"
5183602,"Leslie D. Stuart
",0,0.0,30,183,"4,13"
3980069,"Kate Dawes
",1,0.0,849,23316,"3,78"
44076,"Paul Beatty
",1,0.0,5797,48485,"3,8"
5779953,"Z. Stefani
",1,,373,5221,"3,88"
2906892,"Courtney Milan
",0,0.0,14574,118204,"3,85"
4676106,"Amy Valenti
",0,14.0,448,2237,"3,82"
2766097,"Shelly Bell
",0,0.0,635,2731,"4,03"
124727,"Victoria Dahl
",0,,6454,85407,"3,78"
6443929,"Paloma Beck
",0,0.0,231,515,"3,6"
7153244,"Zeenat Mahal
",0,1543.0,313,1483,"3,7"
168076,"Kamila Shamsie
",0,1543.0,4714,37322,"3,96"
17082616,"Tara Sheets
",0,,175,513,"4,13"
5174290,"Eden Bradley
",0,0.0,1716,16918,"3,71"
163176,"David Davidar
",1,581.0,162,1637,"3,58"
7560530,"Natasha Ahmed
",0,1543.0,77,133,"3,83"
4877863,"Roni Loren
",0,0.0,4705,42432,"4,12"
137130,"Karen Connelly
",0,8.0,672,4004,"3,97"
4454736,"Sherri Duskey Rinker
",0,0.0,1403,13678,"4,25"
2747995,"Mahbod Seraji
",1,,857,6405,"4,04"
303578,"Catherine Atkins
",1,,214,1801,"3,71"
5373159,"Alaska Angelini
",0,0.0,1497,9456,"3,99"
1159995,"Tia Fanning
",0,0.0,88,999,"3,69"
648748,"Monica Burns
",0,0.0,960,5481,"3,82"
5210459,"Kartik  Sharma
",1,581.0,323,606,"4,11"
3504,"Jacquelyn Mitchard
",0,0.0,5963,146441,"3,77"
4918224,"T.R. Ragan
",0,,4387,87531,"4,15"
365388,"Indra Sinha
",1,581.0,391,4165,"3,84"
4534486,"Jennifer Hillier
",0,8.0,3633,20009,"3,91"
3432663,"Michelle D. Argyle
",1,,640,4544,"3,58"
7451,"Keri Hulme
",0,66.0,1592,18301,"4,05"
682506,"Logan Ryan Smith
",1,0.0,61,281,"4,24"
13081,"Hanif Kureishi
",1,14.0,2014,28753,"3,57"
786925,"Jan-Philipp Sendker
",1,127.0,7226,68570,4
6443334,"Lisa  Regan
",0,0.0,2137,29635,"4,32"
95806,"Rani Manicka
",0,2097.0,629,6104,"3,99"
61124,"Chetan Bhagat
",1,581.0,13910,387605,"3,16"
7513718,"Sophie Summers
",1,149.0,335,4234,"3,92"
14006736,"Kayla Krantz
",0,0.0,304,620,"4,09"
36718,"Sonya Sones
",0,0.0,4927,39879,"3,86"
11646,"Lynda Barry
",0,0.0,3274,39539,"4,13"
73699,"Laura Ruby
",0,,5780,32152,"3,79"
6549592,"Maggie Thom
",0,8.0,175,533,"4,26"
16068722,"Chris G. Wright
",1,750.0,25,46,4
1806413,"Linda Carroll-Bradd
",0,0.0,265,2015,"4,09"
12424,"Brian Michael Bendis
",1,0.0,25297,416772,"3,91"
6442717,"Kelli Maine
",1,0.0,1456,14678,"3,72"
27927,"Edeet Ravel
",1,254.0,423,2897,"3,65"
6563933,"Nenia Campbell
",1,,1778,10276,"3,72"
8201501,"Ken Poirot
",1,0.0,17,71,"4,17"
19093,"Sara Zarr
",0,0.0,9357,77029,"3,71"
4338999,"Alan Walsh
",1,79.0,22,52,"4,1"
6966605,"Amanda Lance
",0,,771,4336,"3,82"
88507,"April Henry
",1,0.0,7959,53187,"3,95"
7086643,"M.S. Willis
",0,,1328,10063,"3,92"
29482,"Osamu Tezuka
",1,118.0,4404,79932,"4,2"
5434956,"Annalise Grey
",1,0.0,153,393,"4,01"
15042820,"Shandi Boyes
",0,53.0,1403,5380,"4,43"
30460,"Jenny O'Connell
",0,0.0,490,16468,"3,71"
239949,"Teresa Denys
",1,,263,2255,"3,77"
7134270,"R.D. Cole
",1,,386,4072,"4,14"
2131916,"E. Jamie
",0,,49,518,"3,91"
8320107,"R.L. Nolen
",1,,67,367,"3,97"
8573632,"حسين السيد
",1,,759,4539,"3,69"
7243288,"Khalid Muhammad
",1,1543.0,88,349,"4,21"
7352883,"هدى  عبد المنعم
",1,2218.0,58,544,"3,37"
7374777,"James Chalk
",1,0.0,126,547,"3,94"
7383607,"David   Meredith
",1,0.0,421,532,"3,86"
5755221,"Nell Henderson
",1,14.0,21,246,"3,78"
2890695,"أحمد الديب
",1,2218.0,242,768,"3,44"
7126685,"أحمد القرملاوي
",1,2218.0,201,732,"3,69"
6537252,"محمد أحمد الناغي
",1,2218.0,72,380,"3,69"
5107897,"إبراهيم المحلاوي
",1,2218.0,140,1048,"3,34"
4723295,"مصطفى إبراهيم
",1,2218.0,1944,14049,"4,18"
8394488,"Mohamed Ragab
",1,2218.0,629,4137,"3,65"
218105,"Beth Kephart
",1,0.0,1789,7571,"3,58"
140320,"Barbara Robinson
",0,0.0,3141,46584,"4,15"
339632,"Hervé Tullet
",1,86.0,2802,26683,"4,31"
6082927,"Brooke Burgess
",1,8.0,87,237,"4,52"
396165,"Anna Burns
",1,79.0,1359,7687,"3,71"
59002,"Stanley Middleton
",1,14.0,79,665,"3,36"
100219,"David Storey
",1,14.0,157,1496,"3,48"
430857,"Bernice Rubens
",0,14.0,244,2499,"3,81"
29919,"John Berger
",1,14.0,2883,192960,"3,79"
3222,"Penelope Fitzgerald
",0,14.0,3646,24153,"3,51"
55397,"Nadine Gordimer
",0,149.0,2600,24648,"3,57"
51209,"James Kelman
",1,894.0,601,6246,"3,61"
56064,"Marlon James
",1,1451.0,4711,30200,"3,97"
3101,"Barry Unsworth
",1,14.0,1406,13205,"3,82"
171414,"Howard Jacobson
",1,14.0,4086,27931,"3,17"
28244,"Anita Brookner
",0,14.0,2447,25969,"3,6"
8864,"Richard Flanagan
",1,53.0,7329,56102,"3,91"
9738,"Penelope Lively
",0,2218.0,5335,38509,"3,65"
2093764,"Eleanor Catton
",0,8.0,7899,59286,"3,69"
22595,"Peter Carey
",1,53.0,6235,73884,"3,6"
52832,"Anne Enright
",0,79.0,5553,36548,"3,23"
7471,"D.B.C. Pierre
",1,53.0,1694,29963,"3,55"
91,"John Banville
",1,79.0,8251,64516,"3,57"
3413928,"Sloan Parker
",0,0.0,1699,10901,"3,87"
1010469,"Angel  Martinez
",0,0.0,2448,14330,"3,92"
5813830,"David R. Gillham
",1,0.0,2005,15301,"3,8"
93345,"Diane Chamberlain
",0,0.0,31267,329811,"4,05"
160033,"Karen   White
",0,0.0,19029,173560,"4,01"
20258,"Lisa Scottoline
",0,0.0,40401,377411,"3,77"
247642,"Charles Belfoure
",1,0.0,4191,37390,"3,97"
5774172,"Hazel Gaynor
",0,14.0,5850,38660,"3,91"
117786,"Lily King
",0,,7078,63964,"3,82"
7273667,"Nadia Hashimi
",1,0.0,5705,48182,"4,09"
60390,"Susan Meissner
",0,0.0,14132,104021,"4,04"
3493753,"L.A. Gilbert
",0,14.0,839,4585,"3,91"
21135,"Anne Morrow Lindbergh
",0,0.0,3903,41149,"4,16"
2633785,"Dan Skinner
",1,,999,3045,"4,23"
3499509,"Josephine Myles
",0,14.0,3312,18941,"3,72"
486329,"Daniel James Brown
",1,0.0,20926,187448,"4,34"
604905,"James Buchanan
",1,0.0,1134,8643,"3,88"
3394874,"A.B. Gayle
",1,53.0,522,2000,"3,76"
6534660,"J.T. Cheyanne
",0,0.0,356,1579,"3,98"
5990515,"T.A. Webb
",1,0.0,1869,8840,"3,98"
7353473,"Laura Lane McNeal
",0,0.0,1566,10481,"3,85"
4228385,"Sue  Brown
",1,,3001,17112,"3,76"
5080042,"Brandon Shire
",1,0.0,1120,4620,"3,9"
4563849,"S.J.D. Peterson
",1,0.0,3914,24729,"3,85"
6563931,"Brad Boney
",1,0.0,1063,5961,"4,05"
6968046,"Nicole  Castle
",0,0.0,266,1386,4
7313776,"J. Fally
",0,,402,1625,"4,25"
6974899,"Julio Alexi Genao
",1,0.0,480,1217,"4,09"
4959678,"Taylor V. Donovan
",1,0.0,1369,8739,"4,08"
4059028,"Harper Fox
",0,14.0,4233,25688,4
6936948,"Cate Ashwood
",0,8.0,2458,10604,"3,76"
3149946,"Sunny Moraine
",1,,933,4261,"3,82"
625876,"Sarah Black
",1,,957,5387,"3,88"
10801588,"Alexandra Engellmann
",1,,179,485,"3,81"
6887277,"K.L. Belanger
",0,,153,1115,"3,86"
1708173,"Eli Brown
",1,,1174,5386,"3,91"
13652897,"M.H. Boroson
",1,,531,2740,"3,9"
7068560,"A.J.  Thomas
",0,0.0,913,5492,"4,01"
3092531,"Lyn Gala
",0,0.0,2475,15227,"3,97"
5041314,"S.E. Culpepper
",0,0.0,604,4977,"3,88"
7047282,"V.M. Waitt
",0,0.0,292,1520,"4,03"
6936449,"Cara Dee
",1,1.0,3531,21059,"4,04"
78354,"Barbara Michaels
",0,0.0,1915,45133,"3,79"
6570748,"Madison  Parker
",0,0.0,1086,6011,"3,99"
5139410,"Alex Kidwell
",1,0.0,502,2151,"3,86"
26819,"Lois Duncan
",0,0.0,5687,71019,"3,72"
6477115,"Kathryn  Knight
",0,0.0,221,974,4
1000381,"Philippa Ballantine
",0,66.0,2753,23358,"3,82"
2012967,"L.M. Boston
",0,14.0,847,14067,"4,02"
7032108,"Alexis  Hall
",1,14.0,4265,17916,"4,13"
1563499,"R. Cooper
",1,0.0,2619,16671,"3,83"
974195,"F.G. Cottam
",1,14.0,992,7097,"3,64"
5034532,"Sara Alva
",0,,678,5386,"4,02"
175282,"Robert Marasco
",1,0.0,389,4350,"3,8"
31247,"Jennifer Fallon
",1,53.0,1644,42416,"4,03"
4831235,"Anne Tenino
",0,0.0,2997,19599,"3,74"
29227,"Giovanni Boccaccio
",1,814.0,1299,32297,"3,85"
11029,"François Rabelais
",1,86.0,581,18198,"3,71"
53519,"Thomas Malory
",1,133.0,1183,54690,"3,98"
216539,"Frank De Felitta
",1,0.0,316,21220,"3,86"
22796,"Laurence Sterne
",1,79.0,1365,23185,"3,66"
13728,"Alvin Schwartz
",1,0.0,3539,75182,"4,13"
4078538,"Tatyana K. Varenko
",0,,75,141,"3,96"
10476658,"Jennifer Foxcroft
",0,53.0,26,72,"4,51"
5371025,"Micalea Smeltzer
",0,0.0,3360,32777,"4,09"
5786451,"Desiree Finkbeiner
",0,0.0,75,277,"3,68"
7127375,"Diane Mannino
",1,0.0,152,901,"3,69"
5299577,"Kelli McCracken
",0,0.0,748,4684,"3,91"
13967180,"Jenna Moreci
",0,0.0,820,2619,"3,95"
11195,"Ronlyn Domingue
",0,0.0,948,5989,"3,82"
16329,"Gina Kolata
",0,0.0,797,7609,"3,88"
5783658,"Sheri  Fink
",0,0.0,2956,20383,"3,9"
11155,"Christopher Marlowe
",1,14.0,2529,72022,"3,78"
896419,"Berton Roueché
",1,0.0,137,1657,"4,08"
2934,"Noah Gordon
",1,0.0,3039,58521,"4,14"
9996,"Richard   Preston
",1,0.0,6130,66715,"3,79"
87968,"Henry Gray
",1,14.0,107,3238,"4,3"
7382113,"Judy Melinek
",0,,1496,12238,"4,15"
108325,"Jerome Groopman
",1,,1123,13385,"3,92"
27706,"Sherwin B. Nuland
",1,0.0,849,9137,"3,96"
5105154,"Chris Titus
",1,0.0,41,226,"3,48"
19697,"Robin Cook
",1,0.0,9686,277475,"3,79"
82111,"Jill Bolte Taylor
",0,0.0,3137,20763,"3,87"
1506,"Elisabeth Kübler-Ross
",0,1155.0,1391,35987,"4,18"
5778057,"Susannah Cahalan
",0,0.0,10675,133236,"4,03"
7360513,"Meghan Quinn
",1,0.0,14948,83622,"4,16"
4511390,"Finn Marlowe
",0,8.0,1090,6011,"3,8"
5831353,"T. Baggins
",1,0.0,924,4465,"3,88"
1563721,"Jane Davitt
",1,14.0,2149,14423,"3,78"
613899,"G.A. Hauser
",0,0.0,1815,22673,"3,69"
2869305,"Diana DeRicci
",0,0.0,989,8077,"3,61"
5756881,"seventhswan
",1,0.0,306,2016,"3,68"
9222070,"Alessandra Hazard
",1,,4295,39830,4
3512511,"M.J. O'Shea
",0,0.0,4872,33024,"3,83"
2918916,"Scarlet Blackwell
",0,,1779,10984,"3,5"
3007539,"Cooper Davis
",0,,463,3435,"3,57"
741648,"Shayla Kersten
",0,0.0,531,6586,"3,61"
5141623,"Wade Kelly
",0,2421.0,912,5093,"3,73"
17147855,"Helen Hoang
",0,,7796,42282,"3,97"
1366050,"Sharon Maria Bidwell
",0,14.0,251,1994,"3,46"
4172510,"J.R. Loveless
",1,,784,6481,"3,65"
16161,"Willa Okati
",1,,1159,11140,"3,51"
3413044,"K.C. Burn
",1,8.0,1883,12286,"3,81"
16344312,"Kester Grant
",0,14.0,25,20,"4,75"
2833648,"Helen  Smith
",0,14.0,940,3916,"2,97"
1218,"Jon Ronson
",1,14.0,14727,192193,"3,9"
7383,"Melody Carlson
",0,,10848,101718,"3,87"
5125250,"Meg Mims
",0,0.0,153,450,"4,24"
5260678,"Jen Estes
",0,0.0,122,249,"3,89"
6467568,"Aaron Overfield
",1,0.0,39,104,"4,42"
2902079,"Ayane Ukyou
",0,118.0,182,7206,"3,75"
1651952,"Leanna Renee Hieber
",0,0.0,2055,10975,"3,59"
5163997,"K.C. Neal
",0,,307,1942,"3,68"
5409221,"Pepper Pace
",0,0.0,1517,17642,"4,13"
2759153,"Grace Draven
",1,,6749,69258,"4,06"
712951,"Victoria Lynne
",0,,266,2411,"3,66"
130346,"Adele Ashworth
",0,,472,6458,"3,69"
3220397,"Kotori Momoyuki
",1,,35,602,"3,86"
17047,"Mayu Shinjō
",0,118.0,1031,35810,"4,01"
2937053,"Jenni James
",1,0.0,3431,29441,"3,77"
410118,"Rinko Ueda
",0,118.0,845,41320,"4,16"
1256582,"Susan  Wilson
",1,0.0,3129,21849,"4,03"
175006,"Chika Shiomi
",0,118.0,493,13169,"4,02"
8866,"Celeste Bradley
",0,,1952,27609,"3,87"
3280629,"Eve Vaughn
",0,0.0,1748,19841,"3,85"
1055374,"Riko Miyagi
",1,118.0,138,10023,"4,06"
4181354,"Christine Pope
",0,,3023,31808,"3,88"
6447559,"Shinobu Amano
",1,118.0,277,10869,"4,31"
1395455,"Shoko Conami
",1,118.0,280,14849,"4,15"
2515462,"Sarah M. Eden
",1,,13417,77872,"4,05"
6552875,"Jax Garren
",0,0.0,596,2455,"3,85"
4556168,"Jeanne Bannon
",1,,376,867,"4,13"
18153857,"Suu Morishita
",1,1451.0,225,7593,"4,01"
5828060,"Elizabeth Darcy
",0,0.0,118,960,"3,59"
5153812,"Red Tash
",1,,218,711,"3,73"
68758,"Karen Ranney
",0,,2015,21168,"3,78"
270939,"Koge-Donbo*
",0,118.0,287,18335,"4,04"
5595081,"Ichigo Takano
",1,118.0,4102,37111,"4,35"
2971816,"Nicky  Lee
",0,,197,8930,"4,26"
4067254,"Iris Blobel
",1,,136,352,"3,82"
4916087,"Christina Meredith
",1,,378,3156,"3,05"
4878191,"Hisamu Oto
",1,118.0,289,19920,"4,35"
49377,"Julia London
",0,,6507,67601,"3,82"
14001187,"M.J. Haag
",0,,1643,17177,"4,11"
5260380,"Terry C. Simpson
",1,7842.0,35,418,"3,76"
386969,"Mizuho Kusanagi
",0,118.0,1668,37957,"4,5"
4189090,"Moses Siregar III
",1,0.0,155,881,"3,57"
2887638,"Anna Jarzab
",0,0.0,1305,9480,"3,82"
103838,"Rie Takada
",0,118.0,302,11175,"3,93"
135564,"Mitsuba Takanashi
",1,118.0,415,17839,"4,04"
1044642,"So Hee Park
",1,2434.0,346,14576,"4,05"
1442948,"Ayumi Komura (小村あゆみ)
",0,118.0,302,10053,"3,95"
4641669,"Angeline Kace
",1,,368,3211,"3,87"
296477,"Anna Campbell
",1,53.0,3698,30758,"3,82"
3208481,"Kiiro Yumi
",1,,1757,25600,"4,25"
6476425,"Amber Jaeger
",0,,387,4801,"3,82"
7211470,"Katy Regnery
",0,0.0,10829,62692,"4,08"
483910,"Sakura Tsukuba
",0,118.0,245,9031,"4,04"
6893644,"K.M. Shea
",0,0.0,3434,42253,"4,19"
50885,"Hinako Ashihara
",1,118.0,574,12913,"3,98"
4327516,"L.K. Rigel
",1,,621,3485,"3,54"
97228,"Hannah Howell
",0,,4921,103589,"4,13"
5593912,"Sorata Akizuki
",1,118.0,282,12402,"4,35"
287923,"Marianne de Pierres
",0,,1032,5784,"3,68"
5440457,"Io Sakisaka
",1,118.0,3036,75587,"4,3"
5585398,"Mika Yamamori
",1,118.0,926,25893,"4,34"
7735497,"Yōko Maki
",1,118.0,239,9684,"3,98"
130347,"Judith Ivory
",0,,914,10616,"3,78"
6948607,"Robico
",1,118.0,720,19494,"4,23"
2980337,"Kou Matsuzuki
",1,118.0,255,13879,"4,25"
827948,"Kanae Hazuki
",1,118.0,818,28391,"4,22"
4839210,"Kaede Kouchi
",1,,500,22789,"4,36"
5268666,"Chris Stralyn
",0,0.0,82,502,"3,91"
294144,"Meca Tanaka
",1,118.0,434,33115,"4,26"
6861797,"YellowBella
",1,,281,1398,"4,28"
7034900,"Paige Weaver
",0,0.0,1686,18598,"4,12"
3510823,"Walt Disney Company
",1,0.0,15077,504449,"4,24"
6451162,"Emma  Hart
",0,14.0,12551,130838,"4,01"
5596285,"Rei Toma
",0,118.0,1240,30789,"4,22"
2927166,"Kaoru Tada
",0,118.0,239,5076,"4,2"
693999,"Yuuki Obata
",0,118.0,533,14321,"4,11"
19909,"Sarah Mayberry
",0,53.0,4325,38405,"3,78"
5098,"Laurie Notaro
",1,0.0,6114,77298,"3,85"
5182891,"Miki Aihara
",1,118.0,789,27602,"3,8"
6542627,"Elizabeth   Lee
",1,0.0,1594,14377,"3,89"
3404684,"Irene L. Pynn
",0,0.0,15,83,"4,08"
18442618,"Aya Kanno
",0,118.0,1057,25731,"4,07"
4320136,"K.A. Jordan
",0,0.0,46,194,"3,78"
5822460,"Emma   Mills
",0,,4583,22418,"4,04"
163327,"Theresa Weir
",0,0.0,1524,9265,"3,66"
4472748,"Darien Gee
",0,0.0,1747,9708,"3,75"
4573983,"Sarah Alderson
",0,14.0,3060,32441,"3,95"
397315,"Jennifer Castle
",0,0.0,1363,11195,"3,75"
4996736,"Jus Accardo
",0,0.0,2661,26904,"3,9"
7418796,"E.K. Johnston
",0,8.0,8851,44130,"3,8"
6959231,"Megan   Smith
",0,0.0,2794,39499,"4,1"
7065829,"Michelle  Lynn
",0,0.0,2608,23909,"4,04"
3292979,"Lisa Napoli
",0,0.0,471,2387,"3,5"
189344,"Kiyoko Arai
",1,118.0,581,42733,"4,22"
3487915,"Stephen Schwegler
",1,0.0,22,60,"3,75"
110234,"Marcus Sedgwick
",1,14.0,8226,46237,"3,68"
186034,"Kālidāsa
",1,581.0,141,1844,"3,88"
1365301,"Mari Carr
",0,,5832,66212,4
5332461,"H.H. Laura
",1,0.0,23,31,"3,71"
15907,"Tom Perrotta
",1,0.0,14411,124125,"3,47"
119376,"Gemma Halliday
",0,0.0,5279,78360,"3,87"
4167784,"Rebecca Rasmussen
",1,0.0,984,4703,"3,44"
5343704,"Robin Leemann Donovan
",0,0.0,18,51,"3,78"
1245772,"Herman Koch
",1,877.0,19415,146806,"3,23"
3103764,"Anne M. Carpenter
",0,0.0,37,116,"3,99"
17117605,"Elizabeth  Dyer
",1,,297,1433,"4,21"
5324136,"Helen Haught Fanick
",0,0.0,218,2088,"3,73"
5173683,"Apryl Baker
",1,0.0,3033,25890,"4,22"
18369592,"Catherine  Stein
",0,0.0,23,23,"4,91"
9831226,"Elle Wright
",0,,404,1092,"4,33"
2902054,"Kaylea Cross
",0,8.0,3762,51823,"4,2"
18446251,"Karine Saint Jacques
",1,,11,18,"3,5"
1351915,"Valerie Douglas
",1,0.0,280,1635,"3,77"
3353667,"Lia Habel
",1,0.0,1946,12265,"3,84"
6653763,"Beth Reekles
",0,14.0,1800,16333,"3,54"
1852,"Monique Truong
",1,7980.0,1011,6328,"3,53"
17039266,"Kate Clayborn
",0,,406,1454,"4,05"
1270672,"K.Z. Snow
",1,7982.0,1080,5986,"3,76"
6995826,"Stacey Lynn
",1,,4543,27288,"3,99"
4707891,"Alison DeLuca
",0,0.0,101,276,"4,14"
4789886,"Danger Slater
",1,,323,788,"4,16"
17091538,"Sandy Alvarez
",0,,837,6017,"4,41"
4734981,"Christine DeMaio-Rice
",1,0.0,167,1046,"3,43"
11162424,"Linzi Basset
",1,,428,2421,"4,4"
3430431,"Maisey Yates
",0,,5834,41425,"3,74"
1043497,"Sandra Beasley
",0,0.0,434,2165,"3,72"
17450,"Karen Harper
",0,0.0,3563,42990,"3,8"
121724,"Megan Crane
",0,,3328,21255,"3,64"
1067243,"Simon Morden
",1,14.0,780,7020,"3,9"
113936,"Meg Wolitzer
",1,0.0,20984,167907,"3,51"
1507905,"Vanessa Fewings
",0,14.0,1338,9062,"4,29"
5090434,"Larry Closs
",1,0.0,23,67,"4,09"
53597,"Scarlett Thomas
",0,14.0,3914,31901,"3,64"
33297,"Brian W. Aldiss
",1,14.0,6681,173035,"3,88"
8063,"Matt Rees
",1,14.0,759,3809,"3,55"
4859966,"Angelo Tsanatelis
",1,750.0,46,258,"4,03"
4896030,"Ali Harris
",0,14.0,761,5899,"3,89"
607236,"Erik Tomblin
",1,,37,175,"3,75"
16835123,"Anna B. Doe
",0,8032.0,272,663,"3,93"
5483010,"Luis de Góngora
",1,525.0,52,883,"3,98"
4338,"Robert Silverberg
",1,0.0,11127,175830,"3,87"
8345486,"Kate Canterbary
",0,,4000,28872,"4,24"
519355,"Ann Lister
",0,0.0,1707,13743,"4,08"
15292581,"Nicola Rendell
",0,,2640,10929,"4,03"
13671097,"P. Dangelico
",0,814.0,2087,15833,"4,13"
5355122,"Angela M. Hudson
",0,53.0,1194,14194,"4,26"
1567394,"Matthew Woodring Stover
",1,0.0,2437,51928,"4,02"
4991561,"Pela Via
",1,,43,250,"4,19"
826607,"Matthew Dunn
",1,0.0,40,61,"4,39"
16738629,"L.J. Evans
",0,,178,358,"4,56"
109116,"Algis Budrys
",1,127.0,713,8178,"3,74"
6534710,"Eden Summers
",1,53.0,3128,19139,"4,06"
16024,"Greg Bear
",1,0.0,14394,499060,"3,85"
15343495,"Jacquelyn Middleton
",1,8.0,526,1853,"3,77"
5019751,"Fola
",1,2218.0,14,39,"3,69"
5087194,"Dean Frank Lappi
",1,0.0,20,55,"3,78"
5821344,"Mackenzie Crowne
",1,0.0,425,1836,"3,94"
193296,"Zenna Henderson
",0,0.0,484,5854,"4,24"
5016007,"Rob Ziegler
",1,0.0,201,1229,"3,24"
16147,"Harry Harrison
",1,0.0,4175,119506,"3,86"
5265619,"D.L. Richardson
",0,79.0,103,247,"3,95"
1637218,"Jami Davenport
",0,0.0,2108,14937,"4,04"
1041872,"Patrick deWitt
",1,8.0,11085,90719,"3,79"
5825070,"Robin Bielman
",0,8095.0,1822,9017,"3,89"
2531619,"Kate Willoughby
",1,0.0,821,6724,"3,88"
7056501,"Kat Latham
",0,0.0,1252,7119,"3,84"
6519003,"Tracy Solheim
",0,0.0,798,6644,"3,98"
3116709,"Morgan Kearns
",0,,233,1600,"3,82"
22652,"James P. Hogan
",1,14.0,920,16996,"3,88"
9699494,"Lauren Rowe
",0,,5648,38226,"4,21"
6542403,"Cora Hawkes
",0,14.0,986,14735,"3,89"
1386355,"Lexxie Couper
",0,53.0,2162,21086,"3,69"
5055017,"Jeanette Murray
",0,,892,10587,"3,9"
7369992,"Sierra Simone
",1,,10696,56894,"4,1"
7415085,"Vanessa Marie
",0,,327,1298,"4,13"
15275015,"Heather M. Orgeron
",0,,2244,11166,"4,27"
277202,"David Belbin
",1,14.0,120,1627,"3,43"
21981,"Robin Wasserman
",0,,16914,151608,4
8328712,"Laura  Ward
",0,0.0,1352,6828,"4,07"
7202946,"Claudia Y. Burgoa
",0,,2618,5295,"4,26"
7271354,"Laura Elizabeth Woollett
",0,53.0,121,570,"3,87"
15984818,"Corinne Sullivan
",0,0.0,245,917,"3,24"
110206,"Maureen F. McHugh
",0,0.0,1999,15431,"3,84"
48885,"Kate Wilhelm
",0,0.0,3680,40081,"3,78"
13531458,"Sophie  Jackson
",1,14.0,1647,9880,"3,99"
178669,"Heather McGowan
",1,0.0,63,417,"3,21"
6443153,"Eva Márquez
",0,698.0,179,708,"3,61"
162023,"Kate Angell
",0,0.0,1791,25382,"3,85"
33408,"Karen Robards
",0,0.0,8649,119355,"3,85"
76471,"George Alec Effinger
",1,0.0,1603,36566,"3,96"
19317,"Spider Robinson
",1,0.0,1945,50097,"4,03"
6469137,"Andrea Randall
",1,,2160,14974,"4,01"
4156441,"Jon Messenger
",1,14.0,495,3095,"3,83"
125253,"Stasia Ward Kehoe
",1,0.0,609,3392,"3,57"
6567678,"Josie Leigh
",0,0.0,193,1517,"3,7"
22602,"Jacqueline Wilson
",0,14.0,10040,265895,"3,7"
7340710,"Luna Lacour
",1,,160,883,"3,48"
425585,"Jacquie Gordon
",0,,34,229,"4,14"
13536087,"Paige Laurens
",1,0.0,139,1408,"3,91"
6449464,"Tracie Puckett
",1,0.0,1305,24166,"3,98"
114504,"Scott Sigler
",1,0.0,8268,83990,"4,02"
6535792,"Kimberly Stedronsky Adams
",0,0.0,715,4956,"4,18"
8268,"Zoë Heller
",0,14.0,2729,24269,"3,62"
8151452,"Jessica Roe
",0,14.0,307,3484,"4,11"
5181921,"Gretchen de la O
",0,0.0,484,3515,"3,85"
28010,"Chris Crutcher
",1,0.0,6525,54225,"3,89"
7109423,"Kelly Stevenson
",0,0.0,227,2045,4
6151482,"Kate  Roth
",0,,601,3713,"3,84"
150484,"Barry Lyga
",1,0.0,11002,82075,"3,96"
6542246,"Isabelle Rae
",1,14.0,961,12207,"3,92"
7259226,"Saadi
",1,251.0,401,7301,"4,43"
45706,"Alfred Döblin
",1,681.0,387,6612,"3,82"
38706,"Italo Svevo
",1,814.0,851,16314,"3,75"
292578,"Elsa Morante
",0,814.0,471,7226,"4,06"
8875,"Halldór Kiljan Laxness
",1,8221.0,1962,16462,"3,97"
17241,"Michel de Montaigne
",1,86.0,1027,20409,"4,15"
5031025,"Anton Chekhov
",1,913.0,13967,222311,"3,97"
24375,"Kyra Davis
",1,0.0,3630,53030,"3,76"
1191318,"M. Malone
",0,0.0,4187,39742,"4,06"
5768062,"Kahlen Aymes
",0,0.0,2956,22370,"4,14"
5755064,"محمود حسيب
",1,2218.0,311,2156,"3,38"
5758095,"محمد صلاح راجح
",1,2218.0,66,358,"3,1"
6585767,"ياسمين ثابت
",1,2218.0,278,1117,"3,48"
6981255,"عبدالرحمن خضارى
",1,2218.0,56,255,"3,32"
6936817,"Tasneem Fehead
",1,2218.0,97,223,"3,62"
5500154,"شيرين سامي
",1,2218.0,168,934,"3,68"
1424397,"Radwa Ashour
",0,2218.0,13751,72723,"4,12"
6894757,"محمد إنسان
",1,2218.0,115,1301,"3,83"
2957043,"Maria Rachel Hooley
",1,127.0,415,5929,"3,7"
6608,"Margret Rey
",0,127.0,2187,145779,"4,21"
26886,"Stan Berenstain
",1,0.0,6674,349433,"4,1"
2539720,"Nikki Smith
",0,0.0,179,3072,"4,01"
6428814,"Con Riley
",1,14.0,1312,7023,"3,98"
5806018,"FayJay
",1,14.0,617,4441,"4,22"
74488,"Victoria Laurie
",0,0.0,8589,117007,"4,06"
5767872,"Gordon Andrews
",1,0.0,1749,50693,"4,24"
4500872,"Ryan Loveless
",1,,1004,5985,"3,93"
153741,"Michele Bardsley
",1,0.0,4053,54337,4
94865,"Dolores Cannon
",0,0.0,461,6534,"4,45"
4773,"Bruce Catton
",1,0.0,950,21140,"4,3"
2728589,"Chris Kyle
",1,0.0,7852,97343,"3,99"
85384,"David Irving
",1,14.0,144,1751,"4,02"
252929,"Daniel P. Bolger
",1,0.0,107,609,"3,75"
5430253,"Stephen Paul Register
",1,0.0,20,57,"4,33"
16535395,"Gaius Julius Caesar
",1,814.0,568,14732,"4,01"
45878,"Martin J. Sherwin
",1,0.0,682,10129,"4,16"
30764,"Alex Kershaw
",1,14.0,1660,17760,"4,11"
87979,"Erwin Rommel
",1,127.0,148,3804,"4,2"
53939,"Bevin Alexander
",1,0.0,187,1326,"3,7"
2875209,"T.E. Lawrence
",1,14.0,773,7587,"4,02"
2106002,"Henrik O. Lunde
",1,1570.0,69,530,"3,48"
31233,"Max Hastings
",1,14.0,2114,31448,"4,16"
31388,"Hans von Luck
",1,127.0,121,3269,"4,14"
23876,"Doug Stanton
",1,0.0,1653,24791,"4,22"
148433,"Heinz Guderian
",1,127.0,116,3994,"4,1"
173264,"Audie Murphy
",1,0.0,188,5153,"4,2"
238874,"Paul Ham
",1,53.0,334,2577,"3,96"
77005,"Desmond Young
",1,14.0,50,709,"4,06"
62110,"Paul Brickhill
",1,53.0,464,9104,"4,24"
8833,"Dick Winters
",1,0.0,492,12251,"4,26"
43825,"Robert Leckie
",1,0.0,877,16115,"4,15"
4619485,"John Keegan
",1,14.0,1978,40306,"4,02"
15509,"Philip Caputo
",1,0.0,1394,16935,"4,02"
146600,"David Fraser
",1,14.0,73,2084,"4,1"
33034,"Anthony Swofford
",1,0.0,686,9181,"3,61"
6568,"James D. Bradley
",1,0.0,3396,67611,"4,14"
2996,"Michael Herr
",1,0.0,968,15052,"4,2"
281443,"Ernst Jünger
",1,127.0,867,10997,"4,04"
3105671,"Charles Pellegrino
",1,0.0,624,4349,"3,89"
23897,"Harold G. Moore
",1,0.0,652,24023,"4,3"
3017,"Anthony Shadid
",1,0.0,414,2838,"3,74"
379290,"Marcus Luttrell
",1,,7082,75285,"4,34"
44306,"Dave Grossman
",1,0.0,933,10717,"4,18"
6800,"Patrick J. Buchanan
",1,0.0,480,3651,"3,87"
14108787,"Samantha Bohrman
",0,,124,313,"3,63"
14254207,"Jenn Hype
",1,,599,2706,4
4489132,"Candace Blevins
",0,0.0,2447,11412,"4,05"
1415338,"W.E.B. Griffin
",1,0.0,4113,165746,"4,16"
3646,"James D. Hornfischer
",1,0.0,1359,20922,"4,28"
87712,"Willi Heinrich
",1,127.0,68,1016,"4,1"
818808,"Norman Ohler
",1,127.0,883,6914,"4,02"
26970,"Alistair MacLean
",1,14.0,2936,135950,"3,92"
5179658,"Tina Boscha
",0,0.0,41,187,"3,8"
3098,"Mark Bowden
",1,0.0,4517,85180,"4,16"
5335601,"Keri Lake
",1,,2419,9373,"4,17"
3999,"James  Jones
",1,0.0,820,28242,"4,03"
14655,"Jeff Shaara
",1,0.0,5249,100110,"4,16"
3191546,"Timothy James Dean
",1,8409.0,30,101,"3,88"
7735,"Irwin Shaw
",1,0.0,1320,43808,"4,09"
11057,"Olivia Manning
",0,14.0,524,3837,"4,05"
4229,"Sebastian Faulks
",1,14.0,8550,119638,"3,84"
179578,"Sarah Blake
",0,0.0,5476,38098,"3,31"
1072930,"Theodore Odrach
",1,8420.0,46,118,"4,04"
179600,"Edward L. Beach
",1,0.0,163,4657,"4,16"
47118,"Nicholas Monsarrat
",1,14.0,401,7059,"4,12"
517153,"Lothar-Günther Buchheim
",1,127.0,162,3524,"4,3"
93351,"Michelle Magorian
",0,14.0,2000,40138,"4,27"
19706,"Jack Higgins
",1,14.0,4893,153720,"3,94"
8126161,"Leylah Attar
",0,,3756,20230,"4,27"
13486461,"Mia Storm
",1,0.0,388,2175,"3,72"
7055100,"Ginger Scott
",0,0.0,6192,49134,"4,1"
10841856,"S.D. Hendrickson
",0,,1859,12008,"4,19"
18163,"Jane Goodall
",0,14.0,2271,29558,"4,22"
21625,"Lilian Jackson Braun
",0,0.0,8114,200304,"3,86"
20828,"Susan Wittig Albert
",0,0.0,7883,83620,"3,91"
4428294,"Katherine Easer
",0,,157,790,"3,26"
260800,"Jo Dereske
",1,0.0,497,5609,"3,82"
919801,"Sheela Chari
",1,581.0,145,626,"3,74"
4019810,"Caroline Starr Rose
",1,0.0,1111,6059,"3,85"
3101309,"Sonia Gensler
",1,,885,4328,"3,68"
4086531,"Medeia Sharif
",0,,384,818,"3,68"
4074046,"Amy Fellner Dominy
",1,0.0,463,1787,"3,89"
4394044,"Ashley Hope Pérez
",1,0.0,1216,4745,"4,03"
4044314,"Kimberly Marcus
",1,,430,2854,"3,72"
4130856,"Paige Harbison
",1,0.0,1003,4631,"3,52"
2172337,"Stephanie Burgis
",1,0.0,2254,11372,"3,97"
4146527,"Carole Estby Dagg
",0,0.0,308,1147,"3,78"
3399621,"Angie Smibert
",1,0.0,280,1309,"3,53"
3351600,"Alissa Grosso
",0,,147,671,"3,58"
124365,"Elise Allen
",1,1834.0,2207,17425,"3,6"
88924,"Laura Childs
",0,,7296,77702,"3,83"
39464,"Monica Ferris
",0,0.0,2434,28230,"3,76"
4200652,"Christina Mandelski
",0,,372,1323,"3,66"
159606,"Leann Sweeney
",0,0.0,1395,13449,"4,04"
241807,"Blaize Clement
",0,0.0,1335,11481,"3,97"
1555579,"Krista Davis
",0,0.0,3416,27785,"4,08"
5041072,"Bailey Cates
",1,,2072,20938,"3,96"
27032,"Randy Russell
",1,,387,3625,"3,83"
147295,"Sammi Carter
",1,0.0,263,3393,"3,74"
3100200,"Scott Tracey
",1,0.0,1484,10482,"3,81"
4765396,"Ellery Adams
",0,0.0,6294,45319,"3,94"
4074037,"Jessica Martinez
",1,8.0,1043,6593,"3,71"
54703,"Edmund Crispin
",1,14.0,1192,12559,"3,8"
51483,"G.A. McKevett
",0,,1623,21736,"4,01"
4044324,"Ty Roth
",1,0.0,138,774,"3,32"
1178460,"Sheila Connolly
",0,0.0,4000,34126,"3,81"
2944726,"Joan Hess
",1,0.0,2398,35776,"3,77"
3233626,"Jessica Beck
",0,,1528,23501,"3,93"
108579,"Jeanne M. Dams
",1,0.0,995,8289,"3,69"
3351599,"Lara Chapman
",0,0.0,263,2590,"3,78"
125558,"Carola Dunn
",0,14.0,4462,53000,"3,74"
1020232,"Julie Hyzy
",0,,3326,27487,"3,99"
53958,"Kate Collins
",0,0.0,1843,28479,"3,93"
223885,"Jeff Sampson
",1,127.0,626,6491,"3,85"
2924930,"Juliet Blackwell
",0,0.0,5297,61237,4
3043141,"Sara Bennett Wealer
",1,0.0,201,1424,"3,69"
128487,"Denise Swanson
",0,0.0,2533,27701,"3,9"
2992321,"Jenn McKinlay
",0,,8627,68953,"3,96"
9172,"Lord Dunsany
",1,14.0,1842,18861,"3,89"
24,"Delia Sherman
",0,118.0,4768,53224,"3,92"
94892,"Karen MacInerney
",1,0.0,2655,28319,"3,89"
6579501,"R.E. Hargrave
",0,0.0,665,2308,"4,22"
9345,"Brian Froud
",1,14.0,1610,125735,"3,96"
93728,"Emily Brightwell
",0,0.0,1808,21706,"3,96"
73540,"Nancy Martin
",0,,1861,25133,"3,92"
3100202,"Maurissa Guibord
",1,0.0,629,5195,"3,74"
3160535,"Lisa Roecker
",1,0.0,686,4560,"3,78"
68536,"Charlotte MacLeod
",0,8.0,1471,20253,"3,87"
73478,"Jill Churchill
",0,0.0,1066,20590,"3,76"
106829,"Julie Campbell
",0,0.0,1013,24949,"4,1"
4023658,"Lorraine Zago Rosenthal
",1,0.0,672,4112,"3,84"
81338,"Shirley Damsgaard
",1,,853,15867,"3,93"
146237,"Robin Paige
",1,,932,14060,"3,83"
173156,"Laura Levine
",1,0.0,3543,42537,"3,85"
169992,"JoAnna Carl
",0,0.0,1613,20341,"3,82"
242185,"Carolyn Haines
",0,0.0,3506,48235,"3,96"
51816,"Maggie Sefton
",1,0.0,3440,33321,"3,67"
6887176,"Juli Page Morgan
",0,,63,300,"3,91"
209,"Terry Jones
",1,14.0,1956,47608,"3,97"
6082024,"Dean F. Wilson
",1,79.0,558,2465,"3,98"
30852,"Earlene Fowler
",0,0.0,1748,31902,"3,98"
284897,"Madelyn Alt
",0,,1555,28312,"3,9"
1932450,"Spencer Quinn
",1,,8423,55915,"3,99"
11145,"Edmund Spenser
",1,133.0,607,18416,"3,61"
4051662,"Heather   Gray
",0,0.0,662,3341,"4,11"
272650,"Kate Carlisle
",0,,5353,44737,"3,95"
6907727,"Ivan Amberlake
",1,,171,407,4
48067,"Kerry Greenwood
",0,53.0,10082,107884,"3,9"
117606,"Dorothy Cannell
",0,14.0,1382,15172,"3,75"
4649673,"Phoebe North
",1,286.0,570,3137,"3,62"
1142669,"Lorna Barrett
",0,,3562,36185,"3,81"
14150,"Martha Grimes
",0,0.0,6084,105148,"3,89"
37123,"Anne George
",1,0.0,1302,21075,"4,21"
4278425,"Carolyn G. Hart
",0,0.0,4718,57470,"3,77"
6154918,"Mia Hoddell
",0,14.0,342,807,"4,05"
140848,"Nancy Atherton
",0,,5407,61758,"3,94"
51488,"Cleo Coyle
",0,0.0,6421,75368,"3,92"
5100095,"J.R. Johansson
",1,,1068,5160,"3,88"
7201761,"David  Beckett
",1,0.0,133,788,"3,71"
60646,"Donna Andrews
",0,0.0,6979,82187,"3,93"
1657638,"M.C. Beaton
",0,14.0,27669,343945,"3,75"
61934,"Dorothy Gilman
",0,0.0,5398,77649,"4,07"
65391,"Herbie Brennan
",1,79.0,1316,29834,"3,74"
5815425,"Kristin Bailey
",0,0.0,340,2177,"3,75"
18819,"Joanne Fluke
",0,0.0,19469,266564,"3,78"
4582548,"Bethany Wiggins
",0,,2228,15692,"4,04"
6459572,"M.M. Vaughan
",0,14.0,244,1606,"4,14"
5392961,"Joanne DeMaio
",0,,1079,5760,"3,87"
1111480,"Donna Fasano
",0,0.0,1542,10481,"3,85"
63,"Bryce Courtenay
",1,149.0,8727,136849,"4,19"
12130438,"Dennis E. Taylor
",1,8.0,5923,79899,"4,33"
15149526,"Trevor Noah
",1,149.0,19583,176848,"4,44"
5894826,"Sameer Kamat
",1,581.0,164,786,"3,82"
58501,"Anita Nair
",1,,902,8960,"3,58"
5830950,"Meghna Pant
",1,581.0,78,464,"3,59"
6555784,"Jim Gaffigan
",1,0.0,9905,77512,"3,75"
168903,"Rajashree
",1,581.0,55,1378,"3,01"
800588,"Ravinder Singh
",1,581.0,3269,65843,"3,54"
7140448,"Richardson Susairaj
",1,581.0,39,131,"4,09"
456016,"Sharon Maas
",0,468.0,545,5336,"4,08"
9802136,"Aziz Ansari
",1,0.0,12240,141580,"3,84"
4969048,"Nikita Singh
",0,581.0,1042,18663,"3,53"
13544498,"Lady Diana
",0,581.0,50,123,"3,91"
4583781,"Subhasis Das
",1,581.0,20,320,"3,48"
4071652,"Durjoy Datta
",1,,2544,56424,"3,46"
1164847,"Ravi Subramanian
",1,,1983,18938,"3,5"
5243587,"Sudeep Nagarkar
",1,581.0,1003,16011,"3,53"
6574021,"Shubham Choudhary
",1,581.0,29,194,"3,65"
5785094,"Anand Neelakantan
",1,581.0,2114,18799,"3,81"
3527,"Alan Paton
",1,149.0,3760,61353,"3,89"
1687270,"Karan Bajaj
",1,0.0,768,6694,"3,56"
6697472,"Aporva Kala
",1,581.0,115,341,"4,14"
4113892,"Conor Grennan
",1,0.0,2459,18237,"4,27"
43665,"Bruce Chatwin
",1,14.0,1883,27333,"3,83"
182089,"Deborah Rodriguez
",1,,4807,40272,"3,63"
125262,"Margaret Landon
",0,0.0,231,2116,"3,76"
769979,"Åsne Seierstad
",0,1570.0,4341,49696,"3,88"
14589884,"Eric    Weiner
",1,0.0,4010,31956,"3,82"
6367,"Peter Hessler
",1,0.0,2275,23118,"4,19"
9599,"Paul Theroux
",1,0.0,8903,115003,"3,83"
2872571,"Preeti Shenoy
",0,581.0,2486,33963,"3,58"
14672377,"Aleron Kong
",1,,2454,49852,"4,37"
6581301,"Rohit  Sharma
",1,581.0,246,1583,"3,99"
17734732,"Kat Cho
",0,,43,22,"4,77"
16305520,"Tehlor Kay Mejia
",0,0.0,622,2124,"4,02"
17830241,"Rachel Burge
",1,14.0,135,281,"4,09"
17673530,"Kalyn Josephson
",0,,149,299,"4,08"
8345582,"Samira Ahmed
",0,581.0,1776,6990,"3,86"
17892034,"Mason Deaver
",1,,61,55,"4,58"
15265325,"Kara Barbieri
",0,0.0,473,757,"3,75"
16820001,"R.F. Kuang
",1,238.0,2798,12097,"4,05"
16835515,"Mimi Yu
",0,0.0,190,330,"3,74"
30716,"Alan Bullock
",1,14.0,141,3569,"4,11"
43633,"Taylor Branch
",1,0.0,755,13247,"4,28"
14851,"Judith Thurman
",0,,672,9770,"3,99"
47456,"Peggy Noonan
",1,0.0,671,8776,"4,07"
3545,"Dinesh D'Souza
",1,581.0,1861,15756,"4,08"
107079,"Manning Marable
",1,0.0,802,16763,"4,22"
8152594,"Jim Wight
",1,14.0,230,5680,"4,22"
7814,"Nancy Milford
",0,0.0,972,15155,4
16386,"Kate Williams
",0,14.0,1196,8068,"3,63"
62012,"Sheri Dew
",0,0.0,2918,28873,"4,45"
61426,"Robert Kanigel
",1,5782.0,458,5855,"4,13"
16380,"Carl Sandburg
",1,,1336,19112,"4,13"
3041,"Jon Meacham
",1,0.0,5730,81257,"3,93"
68790,"Neal Gabler
",1,0.0,692,7832,"4,09"
7922,"David Herbert Donald
",1,0.0,661,33407,"4,16"
4194881,"Stephen Greenblatt
",1,0.0,4291,52455,"3,97"
63278,"Tom Reiss
",1,0.0,2149,13981,"3,98"
3187882,"John  Toland
",1,0.0,629,10911,"4,16"
13421,"Mary S. Lovell
",0,14.0,1462,17464,"4,01"
7550235,"Danny Sugerman
",1,0.0,863,36659,"3,95"
5792,"Martin  Gilbert
",1,14.0,1000,15082,"4,17"
33200,"Henri Troyat
",1,110.0,523,7735,"3,95"
346745,"Sally Bedell Smith
",1,0.0,1610,27789,"3,86"
8262,"Hayden Herrera
",1,,454,50670,"3,97"
3572,"Richard Ellmann
",1,0.0,1148,21435,"4,19"
4165753,"Rachel Haimowitz
",1,0.0,3808,23980,"3,85"
13275,"Charles Bukowski
",1,127.0,21359,494970,"4,01"
5761314,"Kate Avelynn
",0,0.0,802,5020,"3,74"
1251054,"Nahoko Uehashi
",0,118.0,568,3843,"4,1"
1354155,"Malayattoor Ramakrishnan
",1,581.0,200,4490,"3,86"
5376394,"Sethu
",1,8908.0,65,1243,"3,61"
5288487,"Cherie Colyer
",1,,160,455,"3,99"
4094825,"Suza Kates
",0,0.0,462,8030,"4,16"
7044030,"Rachel Schieffelbein
",0,0.0,132,406,"3,82"
7152490,"Laura Thalassa
",0,,8491,94615,"4,1"
4153170,"Sherry D. Ficklin
",0,,1492,8062,"3,94"
6968144,"Cheryl Koevoet
",1,0.0,136,328,"3,88"
5139182,"A.L. Waddington
",0,0.0,169,466,"3,99"
1248068,"Cayla Kluver
",0,0.0,1744,13370,"3,77"
7133276,"Melissa Giorgio
",1,0.0,118,458,"4,13"
6938303,"Bhagyalakshmi
",0,581.0,16,254,"3,7"
3145809,"Anne Elisabeth Stengl
",0,,1585,8976,"4,09"
6925957,"Mary Elizabeth Summer
",0,0.0,697,4560,"3,69"
5228256,"Ryan Graudin
",0,0.0,7464,32266,"4,11"
187472,"M.T. Vasudevan Nair
",1,581.0,871,19259,"4,01"
4340042,"Books LLC
",1,,1381,26959,"4,32"
289489,"Vaikom Muhammad Basheer
",1,581.0,720,24161,"4,08"
121729,"Chinmayananda Saraswati
",1,581.0,33,494,"4,41"
5447823,"C. Radhakrishnan
",1,581.0,65,1058,"3,91"
6537386,"Sharon Biggs Waller
",0,,1043,5382,"3,82"
2879085,"C.V. Raman Pillai
",1,581.0,15,515,"3,93"
4011455,"R.C. Lewis
",1,8949.0,1702,9151,"3,85"
441872,"Anand
",1,581.0,79,1702,"3,86"
5189109,"Liz Reinhardt
",0,0.0,2513,36736,"3,79"
6547389,"P. Kunhiraman Nair
",1,581.0,2,85,"3,73"
260716,"Thakazhi Sivasankara Pillai
",1,581.0,127,2796,"3,87"
2995693,"Sergio de la Pava
",1,,465,2592,"3,99"
5078625,"V.K.N.
",1,581.0,71,1682,"3,94"
6549512,"Maggi Myers
",0,0.0,773,6856,"3,97"
485981,"Carole Wilkinson
",0,14.0,1198,21234,"4,01"
6464033,"P. Padmarajan
",1,581.0,151,3799,"3,93"
6470055,"M.P. Narayana Pillai
",1,581.0,24,297,"4,02"
6604,"Margaret Hodges
",0,0.0,803,9359,"4,12"
172977,"Malorie Blackman
",1,14.0,6448,102840,"4,09"
187491,"O.V. Vijayan
",1,581.0,370,7129,"4,03"
6563421,"Jaycee DeLorenzo
",0,0.0,110,2108,"3,85"
5423542,"Kakkanadan
",1,581.0,28,506,"3,65"
6423090,"Ophelia London
",0,0.0,1285,6802,"3,73"
4331549,"Benyamin
",1,581.0,841,10441,"4,07"
7855177,"Romina Russell
",0,698.0,2481,14512,"3,93"
7303535,"Elias Zapple
",1,14.0,73,416,"4,86"
179712,"Chris d'Lacey
",1,14.0,4107,96188,"3,93"
386853,"Elizabeth Fama
",1,165.0,1794,9246,"3,67"
4372737,"Erica O'Rourke
",1,,891,5915,"3,84"
6671692,"K.R.  Meera
",0,581.0,185,2401,"4,01"
138702,"Elizabeth Kerner
",0,,263,8808,4
6984304,"C.N. Lesley
",1,,286,844,"4,18"
5122405,"O. Chandu Menon
",1,581.0,40,1088,"3,81"
47290,"Jaclyn Moriarty
",0,53.0,4391,47049,"3,87"
4843211,"Punathil Kunjabdulla
",1,581.0,38,1216,"3,63"
343171,"Peter Yarrow
",1,,362,4719,"4,19"
3382401,"P.K. Balakrishnan
",1,581.0,71,1401,4
447583,"Kamala Suraiyya Das
",0,581.0,396,11821,"3,73"
3004356,"Uroob
",1,581.0,48,1491,"3,84"
443696,"Sarah Joseph
",0,581.0,50,1722,"3,8"
4822512,"S.K. Pottekkatt
",1,581.0,212,5541,4
371202,"Georgia Byng
",0,14.0,1546,40260,"3,89"
662653,"Lalithambika Antharjanam
",0,581.0,58,1741,"4,05"
10087,"Bruce Coville
",1,0.0,5336,109824,"3,96"
4766,"Andre Norton
",0,0.0,5248,140029,"3,87"
3179318,"Perumbadavam Sreedharan
",1,581.0,138,3166,"3,94"
4777916,"Dugald A. Steer
",1,14.0,1084,24769,"4,08"
7021934,"Elizabeth   Jennings
",0,,49,230,"3,96"
543080,"Pseudonymous Bosch
",1,,6931,117279,"4,18"
23894,"Cressida Cowell
",0,14.0,8983,109620,"4,13"
156522,"Allyson James
",1,0.0,3278,56400,"3,87"
27528,"Nalo Hopkinson
",1,1451.0,4195,31146,"3,87"
8538,"Fuyumi Ono
",0,118.0,698,14077,"4,26"
5402447,"Kenya Wright
",0,,2186,12942,"3,97"
9465,"Barry Hughart
",1,0.0,1403,14777,"4,24"
110153,"Kij Johnson
",0,,2958,17347,"3,86"
23417,"Tananarive Due
",0,0.0,3490,33132,"3,96"
6535756,"Tara Elizabeth
",1,0.0,285,3125,"3,97"
5235670,"J.J. Bonds
",0,0.0,219,3180,"3,95"
2471183,"Cindy Pon
",0,4213.0,3375,13563,"3,63"
6527799,"Kimberly Krey
",0,,1087,6150,"4,13"
6468535,"Brynna Gabrielson
",0,8.0,226,2618,"3,73"
6423449,"Jenn Cooksey
",0,0.0,786,5855,"3,96"
6573700,"Autumn Doughton
",1,0.0,1389,17591,"3,9"
6869072,"C.L. Stone
",1,0.0,5936,115459,"4,33"
815259,"G. Willow Wilson
",1,0.0,18317,214573,"4,11"
866822,"Tawny Stokes
",0,8.0,384,1975,"3,8"
5458477,"Rachel  Morgan
",0,149.0,3505,25602,"4,19"
5047249,"Alyssa Rose Ivy
",0,,4685,66333,"3,98"
5781474,"Natalie G. Owens
",0,,225,1011,"3,8"
5368048,"Paul Cude
",1,14.0,70,304,"4,24"
4862274,"P.T. Michelle
",1,0.0,3126,33373,"4,19"
5272736,"K. Trap Jones
",1,0.0,125,990,"4,07"
9081352,"Ella Maise
",1,,3098,37189,"4,14"
10019,"Henry Petroski
",1,0.0,921,7723,"3,62"
4789680,"Melissa Brayden
",1,,1820,18037,"4,2"
1983563,"Emma Straub
",0,,9871,96743,"3,27"
1033445,"Uwem Akpan
",1,765.0,2347,13930,"3,52"
7768490,"Kelly Quindlen
",0,,393,3209,"4,23"
6964634,"Rossana Condoleo
",1,814.0,10,65,"4,46"
9756539,"Michelle L. Teichman
",1,8.0,245,977,"4,08"
15308360,"Charlotte Reagan
",0,0.0,375,2118,"4,05"
5578317,"Clare  Ashton
",0,,570,4350,"4,15"
96469,"J.M. Redmann
",0,0.0,310,4130,"4,21"
12884,"Ali Vali
",0,46.0,485,7871,"4,22"
7246581,"Jackie  Kennedy
",0,,72,708,"4,17"
4334738,"R.E. Bradshaw
",0,0.0,311,4938,"4,26"
19666,"Radclyffe
",0,0.0,2154,50881,"4,14"
129676,"Gerri Hill
",0,0.0,1531,32348,"4,07"
7977202,"Stephanie Kusiak
",0,0.0,96,506,"4,32"
575225,"Kate Sweeney
",0,0.0,248,4220,"4,08"
1021062,"واسيني الأعرج
",1,774.0,2600,16070,"3,52"
71090,"Meghan O'Brien
",0,0.0,774,10029,"3,96"
26257,"Lynn Galli
",0,,410,6861,"4,03"
1468802,"محمد المخزنجي
",1,2218.0,2028,10753,"3,66"
5170071,"Nell Boye
",1,149.0,7,105,"3,72"
51563,"Ahdaf Soueif
",0,2218.0,1197,8523,"3,79"
2957451,"مصطفى خليفة
",1,2232.0,1831,9628,"4,3"
5627525,"Jennifer S. Brown
",0,,469,3282,"3,91"
7127292,"Jennifer Robson
",0,,3228,23247,"3,79"
7019579,"Jennifer Lyndon
",1,,154,1399,"3,93"
14189328,"Christine  Reilly
",0,,113,608,"3,33"
3173836,"عبد الوهاب مطاوع
",1,2218.0,3557,27261,"3,98"
1305376,"Gill McKnight
",0,79.0,438,5536,"3,94"
4499,"Karin Kallmaker
",0,0.0,622,13158,"3,84"
1112683,"أحمد خيري العمري
",1,2241.0,10501,56392,"4,1"
229443,"Merry Shannon
",0,0.0,157,2407,"3,93"
489649,"Christina Kilbourne
",0,8.0,159,732,"4,1"
444045,"Robin Alexander
",0,0.0,982,12697,"4,13"
233269,"Marcy Dermansky
",0,0.0,961,6349,"3,53"
1605157,"Janice Y.K. Lee
",0,4592.0,3988,29260,"3,42"
1058268,"Dan Vyleta
",1,,1214,6127,"3,36"
71303,"Jacques-Henri Bernardin de Saint-Pierre
",1,86.0,532,4574,"3,77"
2894415,"Affinity Konar
",0,,1682,11136,"3,86"
41784,"Georgia Beers
",0,0.0,1297,16352,"3,96"
9853134,"Sahara Sanders
",0,,88,221,"4,53"
14054951,"Jung Yun
",0,2434.0,1074,6243,"3,73"
2131108,"Jade Chang
",0,0.0,1824,12469,"3,32"
18664453,"Chris  Watson
",1,14.0,6,10,"4,8"
181302,"Blayne Cooper
",0,0.0,276,4888,"4,09"
53,"Heidi Murkoff
",0,,3959,64014,"3,78"
4890069,"Andrew C. Walton
",1,,9,232,"3,85"
580231,"Travis Mulhauser
",1,0.0,463,2645,"3,79"
5627,"Anthony Robbins
",1,0.0,5108,97665,"4,13"
74538,"Louise L. Hay
",0,0.0,2988,87138,"4,19"
4492850,"Sunjeev Sahota
",1,14.0,906,7439,"3,81"
803796,"Susan X. Meagher
",0,0.0,490,9274,"4,04"
3537,"Bill Cosby
",1,0.0,993,11884,"3,68"
14676611,"Renee Hines
",0,,2,17,"4,35"
374437,"Shamim Sarif
",0,14.0,339,7297,"4,1"
2809023,"Xavier de Montepin
",1,86.0,344,3013,"3,73"
2338628,"Michelle Obama
",1,0.0,10930,80255,"4,68"
210456,"Timothy Ferriss
",1,0.0,8788,173743,"3,9"
1125007,"Fran Sorin
",0,0.0,18,101,"3,91"
4175328,"Glennon Doyle Melton
",0,,6292,56344,"4,11"
15683552,"Lisa Hawkins
",0,0.0,3,17,5
292970,"Tayari Jones
",0,0.0,13297,119600,"3,98"
14196420,"Imbolo Mbue
",0,9160.0,4632,40389,"3,95"
13583042,"Katie Hess
",0,,6,52,"4,48"
6485347,"Lorna Peel
",0,14.0,83,261,"3,91"
39628,"Charles F. Stanley
",1,0.0,1118,11298,"4,33"
7141835,"Chris     Murray
",1,14.0,23,129,"4,05"
6575052,"Cynthia Bond
",0,0.0,2177,11589,"3,63"
15066147,"Amelia Bert
",0,,44,165,"4,38"
74507,"Melissa Good
",0,0.0,189,7681,"4,31"
96531,"Breena Clarke
",1,0.0,410,13245,"3,48"
3380468,"Paul Huljich
",1,66.0,62,145,"3,46"
2282707,"Catherine M. Wilson
",1,0.0,718,9762,"4,19"
3519,"Melinda Haynes
",0,0.0,529,19429,"3,67"
3004686,"Ian McGuire
",1,14.0,2616,20511,"3,99"
3522,"Mary McGarry Morris
",0,0.0,1288,34838,"3,67"
45141,"Sidney Poitier
",1,0.0,1251,10512,"3,69"
14650,"Paramahansa Yogananda
",1,581.0,2192,46046,"4,27"
2749820,"Jae
",0,127.0,2147,20712,"4,13"
4918514,"Charlie Jane Anders
",1,,7412,43742,"3,65"
5589647,"Marie Kondō
",1,118.0,25585,222605,"3,82"
58843,"A. Manette Ansay
",0,0.0,1577,31196,"3,39"
14027014,"Sunil Yapa
",1,,936,5310,"3,62"
6420810,"Stevie Mikayne
",1,,86,272,"3,99"
3521,"Bret Lott
",1,0.0,1159,38267,"3,64"
67406,"Jane Rule
",0,0.0,185,4684,"3,89"
17491,"Isabel Miller
",0,0.0,219,4251,"3,87"
96150,"Daniel H. Pink
",1,0.0,8083,129264,"3,92"
3516,"Pearl Cleage
",0,0.0,1441,30835,"3,82"
3514,"Tawni O'Dell
",0,0.0,2386,32343,"3,76"
5195639,"Ann McMan
",0,0.0,445,4862,"4,1"
6494034,"Darrius Garrett
",1,0.0,19,158,"4,26"
74248,"Radclyffe Hall
",0,14.0,702,11622,"3,67"
3525,"Edwidge Danticat
",0,9205.0,7230,74753,"3,92"
8352,"Joyce Meyer
",0,0.0,5800,110792,"4,33"
289513,"Benjamin Franklin
",1,0.0,3319,65345,"3,85"
1565,"Katherine V. Forrest
",0,8.0,516,9959,"3,85"
3517,"Sue Miller
",0,2497.0,5565,101830,"3,6"
600,"Robert T. Kiyosaki
",1,0.0,13102,356148,"4,02"
19753,"Og Mandino
",1,814.0,2404,69063,"4,23"
71922,"Sylvia Brownrigg
",0,0.0,518,8941,"3,91"
22033,"Brian Tracy
",1,,5717,78056,4
3035771,"Bruce H. Wilkinson
",1,,1572,85154,"3,99"
415636,"Charles Sheehan-Miles
",1,0.0,3068,23455,"4,09"
3529,"Elizabeth Berg
",0,0.0,23312,241910,"3,73"
27446,"Mihaly Csikszentmihalyi
",1,8032.0,2611,50753,"4,08"
47072,"John Hart
",1,0.0,10796,82150,"4,03"
3526,"Jane Hamilton
",0,0.0,4486,140869,"3,77"
15285057,"James Melouney
",1,149.0,18,109,"4,06"
14104736,"Hope Jahren
",0,,5366,34732,"4,02"
4719155,"Sarah Diemer
",1,0.0,940,8083,"3,86"
69641,"Jen Sincero
",0,,6992,91917,"3,99"
2350,"Gwyn Hyman Rubio
",0,0.0,1277,37450,"3,68"
6879446,"Liz Moore
",0,,3658,22222,"4,01"
702,"Robert Morgan
",1,,2420,53057,"3,73"
1856113,"Karan Mahajan
",1,,1454,11665,"3,56"
9824300,"Stephanie Danler
",0,0.0,5177,43192,"3,28"
80702,"Leslie Feinberg
",1,0.0,1119,19970,"4,22"
335181,"K.E.  Lane
",0,,242,3804,"4,22"
1166852,"Lauren Baker
",1,14.0,441,6095,"3,92"
24678,"Robin S. Sharma
",1,,7759,126864,"3,87"
78754,"Gary Keller
",1,,2577,32713,"4,18"
1641826,"Tina Gayle
",1,0.0,107,446,"3,68"
4562105,"Susan  Jeffers
",0,,963,24841,"4,01"
13649527,"Mónica B. Wagner
",0,661.0,129,491,"3,61"
14987923,"K.J. Gordon
",1,0.0,1,141,"4,95"
167932,"Jenny Carroll
",0,0.0,1415,52766,"4,07"
21246,"Gretchen Rubin
",1,0.0,17629,169757,"3,64"
865,"Robert Greene
",1,0.0,6231,105916,"4,2"
2960,"Wayne W. Dyer
",1,0.0,6014,131614,"4,2"
97088,"Roxanne St. Claire
",1,,6452,62418,"4,03"
18731,"Marcus Buckingham
",1,,1684,63615,"3,93"
190905,"Samantha Hunt
",0,0.0,1952,11960,"3,7"
158735,"Alexander Chee
",1,0.0,2280,13293,"3,7"
4559483,"J.M. Madden
",0,0.0,2861,23059,"4,15"
6547946,"Tom Rath
",1,0.0,4078,65777,"3,91"
80719,"Monica Wood
",0,0.0,4584,31140,"4,02"
14972725,"Steven  Rowley
",1,0.0,4833,25400,"3,72"
162578,"Brené Brown
",0,,22244,277187,"4,2"
80808,"Helen Oyeyemi
",1,,7863,48723,"3,49"
70102,"Paulette Jiles
",0,0.0,8616,54635,"4,02"
27397,"Benjamin Hoff
",1,0.0,4821,113839,4
6371051,"Amy Wiseman
",1,0.0,63,600,"3,44"
8435,"Norman Vincent Peale
",1,0.0,1444,72036,"4,11"
4608985,"M.A. Stacie
",0,14.0,619,5073,"3,65"
15376492,"Nathan  Hill
",1,0.0,6465,47138,"4,09"
3201716,"Ruth Madison
",0,0.0,64,546,"3,31"
28913,"Daniel G. Amen
",1,0.0,1987,20339,"3,9"
90212,"Maxwell Maltz
",1,0.0,627,16871,"4,23"
4119155,"Han Kang
",0,2434.0,11012,74524,"3,66"
8750,"Jon Kabat-Zinn
",1,0.0,3601,65791,"4,11"
3061,"M. Scott Peck
",1,0.0,2972,92903,"4,04"
4402,"Miguel Ruiz
",1,334.0,10239,195032,"4,17"
5310434,"Rebecca Kanner
",0,,355,1478,"3,6"
5773036,"Dana Gynther
",0,0.0,342,2006,"3,41"
1058,"David    Allen
",1,,4919,110504,"3,97"
15237154,"Nuala  O'Connor
",0,79.0,230,992,"3,55"
8470839,"Leslie Parry
",0,0.0,1388,8540,"3,79"
97444,"Posie Graeme-Evans
",0,53.0,779,7666,"3,74"
13845104,"Connie Hertzberg Mayo
",0,,53,246,"4,2"
67819,"Andrea Chapin
",0,0.0,145,569,"3,27"
7086012,"Eliza Redgold
",0,,150,462,"3,82"
8034994,"Alan Finn
",1,0.0,180,683,"3,98"
4505583,"Genevieve Graham
",1,8.0,517,2139,"3,84"
409350,"Melanie Dobson
",0,0.0,1823,9127,"4,08"
34893,"Amy  Stewart
",0,0.0,8572,53387,"3,82"
61173,"Kathy Hepinstall
",0,0.0,2108,12850,"3,76"
3301538,"Olivia Brynn
",0,,269,3061,"3,52"
6479377,"M.J. Schiller
",1,4735.0,216,1229,"3,65"
12535,"David Morrell
",1,8.0,6367,74101,"3,87"
3329076,"Judith Kinghorn
",0,14.0,576,4660,"3,85"
13854110,"Sally  Christie
",1,9347.0,625,3169,"3,8"
6306189,"Kim van Alkemade
",0,0.0,509,5739,"3,79"
16532,"Norah Vincent
",0,0.0,1374,8919,"3,34"
6456709,"Ella Fox
",0,0.0,6859,74961,"4,1"
4876604,"Jade C. Jamison
",0,0.0,2643,16088,"3,92"
5353,"Barbara Taylor Bradford
",0,14.0,4951,98942,"3,91"
264143,"Jonathan Odell
",1,0.0,1387,9831,4
588448,"Kate Furnivall
",0,14.0,3067,29395,"3,81"
6581511,"Sophie Monroe
",0,0.0,1341,18453,"3,99"
5625059,"Rachel K. Burke
",0,0.0,234,2134,"3,61"
8267477,"Tessa Arlen
",0,14.0,405,1862,"3,62"
8570972,"Amalia Carosella
",0,,612,5506,"3,63"
6575011,"Kate Riordan
",0,14.0,836,5604,"3,72"
232862,"Maureen Gibbon
",1,0.0,243,1610,"3,25"
5775520,"Anna Lee Huber
",0,0.0,3676,29810,"3,98"
8137823,"Greer Macallister
",0,,2237,12785,"3,69"
1102395,"Meg Waite Clayton
",0,0.0,3751,23651,"3,52"
4654517,"Ginger Voight
",0,0.0,1560,14624,"4,01"
5623914,"Marissa Campbell
",0,8.0,124,414,"3,76"
4877970,"Sophie Perinot
",0,,537,4197,"3,99"
5334279,"Katy Atlas
",1,,186,4544,"3,73"
5321310,"J.P. Grider
",0,0.0,347,1206,"3,72"
6444264,"Anne-Marie Klein
",1,8.0,20,51,"4,12"
4867023,"Leah Spiegel
",0,,354,5077,"3,9"
4743015,"Heather Lynn Rigaud
",0,0.0,362,2637,"3,51"
8333761,"Cynthia Swanson
",0,,2844,19172,"3,69"
2770941,"Sarah McCoy
",0,0.0,3894,28054,"3,91"
14989,"Vince Flynn
",1,0.0,20298,575096,"4,31"
83714,"Matthew Reilly
",1,53.0,10193,197980,"4,08"
5088,"Brad Thor
",1,,11571,271633,"4,16"
4917483,"Patrick  Lee
",1,0.0,2486,24213,"4,03"
1088355,"Andy McDermott
",1,14.0,2332,49411,"4,01"
18411,"Clive Cussler
",1,0.0,27456,691174,"3,96"
38809,"James Rollins
",1,0.0,24132,470507,"4,09"
14079,"Jay McInerney
",1,0.0,2771,42776,"3,68"
7363,"Raymond Carver
",1,0.0,8257,132024,"4,21"
163,"Marguerite Duras
",0,7980.0,4304,59103,"3,73"
233,"Don DeLillo
",1,0.0,14771,196724,"3,68"
3401,"David Cordingly
",1,14.0,835,9681,"3,72"
384202,"Sarah Rose
",0,9432.0,459,2483,"3,74"
88762,"Natalie Zemon Davis
",1,0.0,295,3967,"3,74"
46075,"Tom Zoellner
",1,,803,8123,"4,04"
1934,"David Bodanis
",1,0.0,747,9320,"4,05"
25254,"Russell Shorto
",1,0.0,1623,12413,"4,06"
31112,"Robert Lacey
",1,14.0,1538,13623,"3,95"
48573,"Marilyn Yalom
",1,0.0,405,3059,"3,75"
91185,"Joshua Zeitz
",1,0.0,459,3357,"3,85"
2636,"Tom Standage
",1,14.0,2762,23232,"3,78"
282828,"Jill Jonnes
",1,,633,5168,"3,89"
16491,"Giles Milton
",1,14.0,1625,13441,"3,89"
50758,"John Vaillant
",1,0.0,2378,15964,"4,01"
158292,"Simon Garfield
",1,14.0,2313,40346,"3,79"
2812860,"Bill Wasik
",1,,906,6463,"3,66"
955517,"Rose George
",1,,771,4447,"3,86"
139532,"Katherine Ashenburg
",0,,328,2265,"3,71"
247908,"Bee Wilson
",0,14.0,1426,9842,"3,81"
6829,"Franklin Foer
",1,0.0,1033,12241,"3,75"
16881,"Peter Ackroyd
",1,14.0,7921,114613,"3,86"
50840,"Sophie D. Coe
",0,,112,1155,"3,81"
19683,"Karen Abbott
",0,0.0,3501,23869,"3,64"
74009,"Mike Dash
",1,133.0,639,6503,"3,85"
92055,"David Laskin
",1,0.0,1280,10024,"3,94"
6414,"Robert Sullivan
",1,0.0,819,4902,"3,68"
14111,"Mark Pendergrast
",1,0.0,373,3142,"3,72"
26293,"Ross King
",1,8.0,2374,67232,"3,79"
33987,"LaVyrle Spencer
",0,0.0,3714,72790,"4,03"
186987,"Julianne MacLean
",0,,4827,59183,"3,93"
4633,"Karen Hawkins
",0,,4526,64699,"3,92"
5406631,"Suzan Tisdale
",0,,1487,16752,"4,17"
207379,"Mary Wine
",0,,1723,22467,"3,88"
5228,"Jean Anouilh
",1,86.0,608,18398,"3,82"
269098,"Kathleen Givens
",0,,454,6211,"3,81"
589737,"Monica McCarty
",0,0.0,5681,87928,"4,18"
2858606,"Margaret Mallory
",0,0.0,1524,18621,"4,06"
253272,"Paula Quinn
",0,9489.0,2103,28993,"4,02"
371595,"Marsha Canham
",1,8.0,1232,18098,"3,99"
5179,"Winston Graham
",1,14.0,6447,80657,"4,2"
7239827,"Amber Forbes
",0,0.0,57,112,"4,24"
42540,"John Twelve Hawks
",1,,2087,21319,"3,76"
18485,"Penelope Williamson
",0,0.0,537,5586,"3,95"
30095,"Jean Webster
",0,0.0,4277,43552,"4,06"
33876,"Mary Jo Putney
",0,0.0,7220,83940,"3,82"
16168306,"Catia M Rodrigues
",0,114.0,28,50,"4,5"
7212788,"J. Abram Barneck
",1,0.0,27,145,"3,9"
3091721,"Kate Milford
",0,0.0,2942,17278,"3,9"
294697,"Laura London
",0,,370,2889,"3,98"
797715,"Robert Bevan
",1,9506.0,1600,21103,"4,01"
3180513,"Jacqueline  Houtman
",1,0.0,47,173,"3,9"
6461551,"Roberto Calas
",1,0.0,177,1809,4
1414132,"Daniel McHugh
",1,0.0,34,463,"3,81"
3377501,"Adam Jay Epstein
",1,0.0,1115,13619,"4,18"
19273,"Robert V. Remini
",1,0.0,462,6491,"3,94"
23001,"Fritz Leiber
",1,0.0,5072,88800,"3,96"
14558,"Eric Foner
",1,,1316,19782,"4,02"
15441,"Bob Woodward
",1,0.0,8839,113410,"3,97"
1184434,"Arthur M. Schlesinger Jr.
",1,0.0,2746,41928,"3,93"
15448,"C. Vann Woodward
",1,0.0,376,5285,"4,05"
43835,"R.A. MacAvoy
",0,0.0,721,10707,"3,86"
1083084,"Irene Latham
",0,,493,1709,"4,06"
3097903,"Mara Purnhagen
",0,,673,4842,"3,69"
14106658,"Chantel Seabrook
",1,8.0,1940,7653,"4,17"
1126499,"Rick Chiantaretto
",1,0.0,121,345,"3,95"
13143,"Sean Stewart
",1,0.0,992,14991,"3,73"
41661,"Hope Mirrlees
",1,14.0,479,4149,"3,87"
2917433,"Josh Berk
",1,1834.0,615,2691,"3,63"
2843647,"Tom Leveen
",1,0.0,1948,10124,"3,81"
5755759,"Anne Golon
",0,86.0,373,12194,"4,17"
8423109,"Jacob  Cooper
",1,,203,1521,"3,95"
5908,"Richard Hofstadter
",1,0.0,477,6936,"4,03"
80026,"Rick Perlstein
",1,,1152,11348,"4,14"
5808280,"Chelsea M. Campbell
",0,0.0,543,6067,"3,95"
5827855,"Jes Young
",0,0.0,108,623,"3,76"
5775487,"Joelle Anthony
",1,,392,2199,"3,68"
3047,"John F. Kennedy
",1,0.0,807,11785,"3,95"
1030094,"Christina Diaz Gonzalez
",0,,1159,5436,"4,03"
6552299,"Paul Freeman
",1,79.0,77,418,"4,23"
23171,"Catherine Drinker Bowen
",0,0.0,175,1843,"4,02"
101131,"Amity Shlaes
",0,,1135,8325,"3,88"
2868833,"Y.S. Lee
",0,,3858,31304,"3,88"
26115,"Maggie Furey
",0,14.0,258,11467,"3,86"
3101322,"Mindi Scott
",0,0.0,1386,8564,"3,88"
12145,"Stephen B. Oates
",1,0.0,497,9603,"4,18"
207746,"Kit Whitfield
",0,14.0,243,1703,"3,54"
6926,"Ulysses S. Grant
",1,0.0,605,7550,"4,21"
31726,"Marc Reisner
",1,0.0,708,8120,"4,23"
6869437,"Shawna Romkey
",0,0.0,222,481,"4,32"
3048234,"Alyssa B. Sheinmel
",0,0.0,3601,19806,"3,89"
3111598,"Holly Schindler
",0,,972,7340,"3,74"
15266429,"Lauren L. Garcia
",1,0.0,78,148,"3,93"
2918424,"J. Kathleen Cheney
",0,0.0,515,2737,"3,9"
2906285,"Kitty Keswick
",1,,59,288,"3,71"
261937,"Paula Volsky
",0,0.0,364,4925,"3,83"
14417841,"Dave  Barrett
",1,,104,221,"3,68"
2851248,"Swati Avasthi
",0,,1109,7720,"3,99"
3494705,"Paul  Johnson
",1,14.0,2168,18870,"3,89"
3166590,"Judith Graves
",1,8.0,188,1342,"3,84"
814354,"Morgan Howell
",1,0.0,362,5930,"3,71"
18495,"Tom Brokaw
",1,0.0,2605,30293,4
336058,"Lisa Shearin
",0,,3169,42365,"3,97"
13562729,"Dan Koboldt
",1,,237,558,"4,08"
6904806,"Mishell Baker
",1,0.0,943,5062,"3,91"
41544,"Neil Sheehan
",1,0.0,456,10798,"4,19"
4645,"H.W. Brands
",1,0.0,2232,48637,"4,02"
128570,"Sarah Monette
",1,0.0,3262,31573,"3,87"
3001246,"Yoon Ha Lee
",1,0.0,4334,26555,"3,9"
31145,"Jay Winik
",1,0.0,743,13810,"4,12"
14238083,"Paul Inman
",1,0.0,34,91,"3,87"
48965,"Cokie Roberts
",1,0.0,1968,11487,"3,67"
30279,"Dave Duncan
",1,14.0,1898,43313,"3,89"
14239042,"Mark   Tompkins
",1,,420,1843,"3,17"
8132662,"Ada Palmer
",1,0.0,1944,10743,"3,99"
38968,"P.C. Hodgell
",1,0.0,482,8473,"4,19"
9852801,"Peter  Newman
",1,,1150,7890,"3,77"
580090,"Doug Dillon
",1,0.0,142,355,"3,86"
5258016,"Sofia Samatar
",0,,2236,9627,"3,84"
4608186,"Peter Tieryas
",1,,829,3271,"3,63"
14688158,"Hayley Stone
",0,0.0,234,526,"4,03"
36344,"Jane Lindskold
",0,0.0,2029,44156,"3,93"
5447772,"Debbie  Peterson
",0,0.0,126,1030,"4,58"
1182751,"S.A. Bodeen
",0,0.0,6160,41856,"3,81"
10442,"Robert Cormier
",1,0.0,6647,73006,"3,59"
226812,"Lesléa Newman
",0,,2505,17548,"3,98"
4750,"Émile Zola
",1,86.0,6542,117760,"3,93"
1288026,"Pierre Choderlos de Laclos
",1,86.0,1292,39707,"4,07"
7123138,"Kristin Rae
",1,,392,2202,"3,99"
6452404,"Shawn StJean
",1,0.0,19,49,"4,12"
7044446,"Kelsey Macke
",0,0.0,210,939,"3,87"
7350392,"Rachel M. Wilson
",0,0.0,330,1596,"3,81"
5011897,"سهام محمد
",1,2223.0,104,434,"3,19"
5425858,"Brandy Colbert
",1,,4950,21283,"3,7"
894765,"Micheal Rivers
",1,0.0,135,452,"3,74"
5765316,"عبدالرحمن المطيري
",1,2223.0,163,863,"3,11"
4228215,"لينا هَوْيان الحسن
",1,2232.0,127,521,"2,94"
1064874,"Laura Johnston
",0,0.0,247,786,"3,8"
8155887,"Alex Tully
",0,0.0,160,813,"3,98"
7513629,"Kat Spears
",1,,925,4178,"3,62"
6561857,"Una LaMarche
",0,0.0,1099,6293,"3,65"
9296528,"Shari Green
",0,8.0,290,879,"4,27"
6967637,"Brooklyn Skye
",0,0.0,533,3290,"3,67"
6209666,"J.C. Carleson
",0,,1029,4327,"3,65"
1164105,"Kevin Emerson
",1,0.0,1540,9371,"3,75"
2961327,"Juliana Stone
",0,8.0,2938,36258,"3,98"
984724,"Ahmad Abu Dahman
",1,2223.0,400,2001,"3,84"
7800147,"Elodie Nowodazkij
",0,86.0,382,972,"3,79"
7264073,"Alexis Bass
",0,0.0,454,2335,"3,3"
2997878,"بدر عبد المحسن
",1,2223.0,77,690,"4,2"
7133283,"Kathleen  Hale
",0,0.0,1527,5703,"3,03"
5610666,"Annie Cardi
",0,,139,987,"3,76"
580517,"Steve Brezenoff
",1,,2222,11357,"3,7"
527011,"Marcia Lynn McClure
",0,0.0,6424,55654,"4,07"
7095091,"Chelsie Hill
",1,,93,405,4
1344300,"محمد حسن علوان
",1,2223.0,4167,20666,"3,5"
6536079,"Andrea Hannah
",0,0.0,238,1018,"3,6"
5752060,"Carrie Arcos
",0,5782.0,613,3903,"3,73"
5442570,"Martha Bourke
",0,0.0,283,1775,"3,83"
850723,"نزار قباني
",1,2232.0,4262,37070,"3,93"
7071439,"Dahlia Adler
",0,0.0,2187,9795,"3,77"
6442339,"Jessica Verdi
",0,0.0,1221,9158,"3,86"
6439443,"LeighAnn Kopans
",0,,546,2572,"3,6"
2664359,"تامر إبراهيم
",1,2245.0,3252,29676,"3,66"
926628,"غازي عبد الرحمن القصيبي
",1,2223.0,10961,66646,"3,77"
4482196,"أسما حسين
",1,2218.0,434,2625,"3,42"
7964607,"Kate Brauning
",0,,182,688,"3,66"
2766330,"سوزان عليوان
",1,2015.0,1854,8290,"3,4"
6114984,"John C. Brewer
",1,8.0,45,216,"3,87"
7264269,"Amy Finnegan
",0,,342,1900,"4,07"
3078068,"أسماء معيكل
",1,2232.0,4,69,"3,68"
7326808,"Rachael  Allen
",0,,806,6349,"3,78"
5156226,"Kelly Fiore Stultz
",1,0.0,635,3091,"3,78"
2072970,"Donna Hatch
",0,0.0,2109,10441,"3,97"
7153800,"Elle Bright
",1,0.0,154,639,"3,82"
2786374,"R.S. Guthrie
",1,0.0,423,3918,"3,64"
4147574,"Janet Gurtler
",0,8.0,1848,12860,"3,83"
2793560,"علي سلامة
",1,2218.0,95,1204,"4,03"
5922,"Peter Robinson
",1,14.0,8715,128609,"3,94"
4971410,"Tiffany Schmidt
",0,0.0,1424,8612,"3,82"
899999,"Joyce DiPastena
",0,0.0,762,2692,"3,94"
8187076,"Damian Magnay
",1,53.0,1,28,"3,86"
33031,"Ian Rankin
",1,894.0,17078,279059,"3,95"
20989,"Melissa Kantor
",1,,2759,24626,"3,73"
5344531,"Patty Blount
",0,0.0,1845,10933,"4,02"
60459,"Laura Lippman
",1,0.0,20279,174459,"3,54"
2732892,"خليل صويلح
",1,2232.0,163,668,"3,06"
19696,"Greg Iles
",1,127.0,17332,221253,"4,1"
7020466,"Philip Siegel
",1,0.0,385,2370,"3,47"
108007,"Dakota Cassidy
",0,,4566,52934,"3,94"
7832192,"Shannon Lee Alexander
",0,,526,2094,4
3453636,"J.A. Jance
",0,0.0,18163,256624,"3,99"
36320,"Cammie McGovern
",1,,3614,24101,"3,69"
4766550,"Vered Ehsani
",1,149.0,477,2438,"3,95"
5830205,"Bethany Crandell
",0,,141,570,"3,57"
91382,"M.L. Rhodes
",1,,1236,16051,"3,78"
8944,"Robert Crais
",1,0.0,15001,281881,"4,14"
3165674,"Erin McCahan
",0,0.0,1486,8744,"3,82"
28509,"Sara Paretsky
",0,0.0,8372,145453,"3,93"
5124235,"Lexi Blake
",0,0.0,13561,170357,"4,27"
42353,"Carol O'Connell
",1,0.0,2869,34167,"3,99"
6549106,"Jennifer Mathieu
",1,,5764,25759,"3,96"
43613,"Nevada Barr
",0,0.0,10780,131802,"3,85"
14705616,"May B. Bridges
",0,0.0,40,65,"4,45"
5807164,"Ali Novak
",0,0.0,3005,26796,"3,95"
3184606,"Becca  Abbott
",0,0.0,162,1755,"3,69"
6431805,"Courtney C. Stevens
",1,,2071,12325,"4,04"
5363257,"Julianne Donaldson
",0,,12083,58899,"4,27"
6590310,"Simon Okill
",1,14.0,185,718,"4,35"
24690,"John D. MacDonald
",1,0.0,7020,228484,4
33986,"Julia Spencer-Fleming
",1,0.0,4503,44940,"4,05"
397,"Robert B. Parker
",1,0.0,19327,349818,"3,93"
16290,"Donna Leon
",0,0.0,14277,154578,"3,86"
4334648,"Abigail Barnette
",0,,2347,25842,"3,88"
4999150,"Deanna Roy
",0,9844.0,1541,8634,"4,01"
6470635,"Kit Rocha
",1,,6067,47147,"4,12"
4524507,"Elise Stokes
",0,0.0,391,2446,"4,17"
26372,"Kathy Reichs
",0,0.0,31118,617768,"3,94"
2752898,"William Sewell
",1,0.0,30,191,"3,55"
4952447,"Linda Rawlins
",0,0.0,70,478,"4,46"
5301911,"Andy Holloman
",1,0.0,167,937,"3,45"
2559520,"Joseph Fink
",1,,5638,37645,"3,93"
6893860,"Robyn Roze
",0,0.0,115,427,"4,22"
4043,"Wilbur Smith
",1,1772.0,8260,222037,"4,04"
8471725,"Tina Ness
",0,0.0,25,79,"3,94"
14220,"George MacDonald Fraser
",1,14.0,2857,53711,"4,14"
3013593,"J.C. Owens
",1,8.0,1234,15034,"3,81"
3023964,"Derekica Snake
",0,8.0,627,5826,"3,86"
7163595,"M. Joseph Murphy
",1,8.0,45,154,"4,21"
5827280,"J. Tullos Hennig
",1,,220,958,"4,13"
1152342,"S.A. Payne
",1,0.0,239,3290,"4,06"
2977293,"S.W. Vaughn
",1,0.0,399,3735,"3,84"
353686,"Ricardo Pinto
",1,114.0,98,1646,"3,66"
69803,"Fiona Patton
",0,8.0,1056,20223,"3,82"
5389056,"Isabella Carter
",1,0.0,330,2587,"3,74"
1252319,"Sara Bell
",0,0.0,444,4143,"3,8"
4520226,"Carole Cummings
",1,,732,4580,"3,98"
13574409,"Sam Argent
",0,,442,2908,"3,98"
3092499,"Eressë
",0,,580,5834,"4,07"
1141422,"Ann Somerville
",0,53.0,886,7205,"3,75"
1417529,"R.W. Day
",0,,147,1253,"3,81"
1204165,"Astrid Amara
",1,,1596,10206,"3,96"
1036925,"Jaida Jones
",0,259.0,488,5145,"3,84"
1374091,"Kirby Crow
",0,0.0,805,8909,"3,81"
45816,"Storm Constantine
",0,14.0,922,15434,"3,93"
5323230,"R.L. Naquin
",0,,837,7925,"4,05"
15225448,"Amanda Lovelace
",0,0.0,9269,59413,"3,91"
409113,"Katherine Center
",0,0.0,6440,36972,"3,96"
2928672,"Wendy Lyn Watson
",0,0.0,348,3251,"3,76"
7053742,"Marisa Oldham
",0,0.0,481,1152,"4,33"
181078,"Karen E. Olson
",0,0.0,747,5601,"3,86"
308537,"Livia J. Washburn
",0,0.0,1040,8572,"3,79"
6455200,"Lee Strauss
",1,0.0,2054,16433,"3,96"
6885143,"T. Torrest
",0,0.0,3108,29455,"4,15"
4937202,"Jennie Bentley
",1,,776,10218,"3,95"
7922460,"Kirsten Fullmer
",1,0.0,109,3702,"4,25"
7361601,"Eliza Gordon
",1,0.0,857,5631,"3,93"
5308032,"Ruthie Knox
",0,0.0,4378,25106,"3,83"
167400,"Stephanie Bond
",0,0.0,6445,106972,"3,89"
7074909,"Nikolas Lee
",1,0.0,213,542,"4,28"
137561,"Jennifer L. Holm
",0,0.0,14064,154825,4
7074786,"Anatoli Rybakov
",1,700.0,204,5495,"4,23"
17160405,"Ali Berg
",1,53.0,292,1175,"3,82"
16379953,"Sharon Bala
",0,4660.0,569,3169,"4,02"
803005,"Leni Zumas
",0,9962.0,2145,12117,"3,72"
509706,"Heather Webber
",0,,2372,20682,"3,98"
26872,"Louisa Luna
",0,0.0,1378,9307,"3,83"
138514,"Barbara O'Connor
",0,,2647,18500,"3,96"
16062789,"Derek Milman
",1,0.0,266,773,"3,83"
53249,"Dan Gutman
",1,0.0,7699,104429,"4,09"
1212001,"Stephen Brusatte
",1,,667,3800,"4,21"
7085305,"Shobha Rao
",0,581.0,1579,9139,"3,82"
7266555,"Georgia Le Carre
",0,,5856,64385,"4,02"
5816813,"Renita Pizzitola
",0,,694,7041,"3,84"
11783,"Richard Powers
",1,0.0,5386,35343,"3,81"
13589,"Megan McDonald
",0,0.0,5743,103158,"4,02"
1161639,"Paul Aertker
",1,0.0,49,386,"4,34"
7807992,"C.J. Fallowfield
",0,14.0,1877,5894,"4,3"
7327371,"Amity Cross
",0,53.0,1906,12154,"3,94"
63095,"Andrew Clements
",1,0.0,14306,223231,"3,84"
5263027,"Jennifer Bernard
",0,0.0,2721,15305,"4,09"
13730,"R.L. Stine
",1,0.0,35274,734314,"3,69"
16847770,"Catherine Steadman
",0,14.0,5207,41287,"3,66"
6886702,"B.J. Harvey
",0,66.0,3173,17902,"3,97"
165006,"Kristin Harmel
",0,0.0,5272,35394,"3,94"
93504,"Lisa Jewell
",0,14.0,18989,205030,"3,87"
188983,"Michael Wolff
",1,0.0,8299,57766,"3,45"
8020971,"Jamie Beck
",0,0.0,3346,68073,"4,07"
16437249,"Mira T. Lee
",1,,1173,7822,"3,94"
3015727,"C.K. Kelly Martin
",1,8.0,898,6740,"3,51"
282885,"Jordan B. Peterson
",1,8.0,4254,40095,"4,01"
6585995,"Lilian Roberts
",0,,154,1207,"4,18"
17029974,"Heather   Morris
",1,66.0,8691,94380,"4,32"
7736956,"A.L. Goulden
",1,0.0,114,178,"4,22"
7043934,"Delia Owens
",0,,8821,71248,"4,52"
16819959,"Michelle McNamara
",0,,8011,68898,"4,21"
7992137,"A.J. Finn
",1,,22409,194421,"3,96"
16121977,"Tara Westover
",0,,20608,167129,"4,49"
771,"Sarah Mlynowski
",0,8.0,10708,137015,"3,8"
6950818,"Kristi Charish
",0,8.0,839,3376,"3,77"
1958136,"Kimberly Frost
",1,0.0,1307,15480,"3,97"
30819,"Heather Graham
",0,0.0,18883,248029,"3,92"
7414345,"Jami Brumfield
",0,0.0,911,3413,"4,14"
2002988,"Elisabeth Naughton
",0,,7543,91690,"4,08"
279140,"Mary Hughes
",1,0.0,722,4788,"3,77"
27209,"Amber Benson
",1,10028.0,2951,25643,"3,77"
1357414,"Dani Harper
",0,8.0,851,6603,"3,95"
8045260,"A.D. Marrow
",0,,136,246,"3,87"
40119,"Grant Naylor
",1,,663,39006,"4,07"
1332605,"Angie Fox
",0,0.0,5861,47873,"4,04"
35023,"Alyssa Day
",0,,3635,57480,"4,09"
7124038,"Christy Newton
",0,0.0,306,825,"4,05"
6468716,"Mae Clair
",0,,364,1065,"4,34"
13843907,"Nancee Cain
",0,0.0,287,502,"4,41"
28707,"Sue Townsend
",0,14.0,5273,102118,"3,74"
34055,"Isaac Babel
",1,700.0,561,8965,"4,09"
9790201,"Veniamin Kaverin
",1,913.0,60,3284,"4,32"
4452588,"Vladimir Mayakovsky
",1,810.0,333,7359,"4,12"
24952,"Nikolai Leskov
",1,110.0,501,7673,"3,9"
1255971,"Aleksey Nikolayevich Tolstoy
",1,110.0,318,10444,4
4594585,"Victor Pelevin
",1,110.0,2407,49300,"3,91"
14167341,"Ivan Bunin
",1,110.0,361,10811,"4,06"
295231,"Alexander Blok
",1,110.0,68,2428,"4,21"
64625,"Tatyana Tolstaya
",0,110.0,526,6419,"3,92"
3424683,"Nikolai Chernyshevsky
",1,110.0,89,1865,"3,53"
444847,"Nikolai Ostrovsky
",1,700.0,193,2828,"3,81"
63475,"Yury Olesha
",1,700.0,203,5294,"3,89"
887400,"Sergei Yesenin
",1,913.0,72,6004,"4,34"
209681,"Chingiz Aitmatov
",1,10073.0,1268,17728,"4,12"
4731222,"Ilya Ilf
",1,700.0,659,30125,"4,44"
6454067,"Andrei Platonov
",1,110.0,542,7620,"3,95"
5786093,"Marina Tsvetaeva
",0,110.0,353,8161,"4,31"
3072763,"Maxim Gorky
",1,913.0,2013,30428,"3,87"
13997171,"Andrei Bely
",1,110.0,220,4248,"3,98"
19595,"Vasily Grossman
",1,700.0,1317,12655,"4,29"
4193568,"Tim O'Rourke
",1,14.0,2357,28739,"4,25"
7022046,"John A.   Saunders
",1,14.0,11,134,"4,47"
44202,"Mikhail Sholokhov
",1,110.0,620,14961,"4,06"
7054485,"Brandy L. Rivers
",1,0.0,2774,12689,"4,14"
5326370,"Ivan Goncharov
",1,110.0,824,26169,"4,03"
15538,"Mikhail Lermontov
",1,913.0,1379,50692,"4,12"
13263,"Edith Hamilton
",0,127.0,2222,42735,"3,99"
433824,"Lise Haines
",0,0.0,882,5109,"2,99"
7124795,"Stephany Tullis
",1,0.0,188,632,"4,13"
7212411,"Ashley Suzanne
",0,0.0,2038,10668,"4,01"
5823122,"Erica Chilson
",0,0.0,755,4292,"4,33"
2940336,"Lydia Storm
",0,0.0,17,152,"3,84"
9876016,"Steve Snyder
",1,0.0,59,1129,"4,34"
36935,"Dorothea Benton Frank
",0,0.0,13899,163589,"3,81"
1387050,"Julie Rollins
",1,0.0,36,296,"4,39"
128070,"Loraine Despres
",0,0.0,463,5863,"3,71"
4413991,"عبد المنعم أبو الفتوح
",1,2218.0,276,1780,"3,71"
313118,"Gustave Le Bon
",1,86.0,1479,9848,"3,82"
801874,"Ali Shariati
",1,251.0,3168,27893,"3,75"
3073528,"مصطفى حجازي
",1,2015.0,788,4345,"4,08"
233434,"Louise Shaffer
",0,0.0,519,4435,"3,71"
2743031,"أنور السادات
",1,2218.0,304,3277,"3,74"
2792871,"Stephanie Snowe
",0,0.0,31,95,"3,95"
104125,"Mark Childress
",1,0.0,1503,13530,"3,7"
3452437,"Rebecca  James
",0,53.0,1310,8853,"3,79"
33893,"Bruce Boston
",1,0.0,455,2913,"4,02"
14901967,"أبو الحسن علي الندوي
",1,581.0,767,6115,"4,09"
6981057,"Donna K. Childree
",0,0.0,14,80,"3,98"
5306240,"Rebecca Lochlann
",0,,81,411,"3,91"
2860745,"D.D. Barant
",1,8.0,1095,17971,"3,85"
3407560,"خالد الباتلي
",1,2223.0,1655,11201,"2,99"
6557536,"Clive Mullis
",1,14.0,9,44,"3,93"
31274,"Alain Robbe-Grillet
",1,86.0,668,8230,"3,78"
8646,"Diana Pharaoh Francis
",1,,1509,21380,"3,87"
4504786,"Jessica L. Degarmo
",0,0.0,180,1446,"3,36"
5092858,"Cheri Lasota
",0,0.0,322,1455,"3,77"
15991,"William Gaddis
",1,0.0,1206,11130,"4,08"
4859959,"Alija Izetbegović
",1,4811.0,2323,12073,"4,33"
16078416,"Ryushiro Hindemith
",1,0.0,2,15,"4,53"
17439,"Malcolm Lowry
",1,14.0,1365,21746,"3,8"
6875729,"Helen Harper
",1,,5469,96793,"4,07"
5752454,"Robert Shea
",1,0.0,1045,20199,"4,02"
147,"Henry Miller
",1,0.0,6132,118199,"3,8"
1874732,"Ian Ellis
",1,14.0,37,110,"3,72"
5227478,"Al   Stone
",1,,211,579,"4,02"
14250273,"Charles  James
",1,0.0,6,55,"4,36"
4201,"Laura Wright
",1,,5286,50033,"4,06"
6433025,"Walter Lazo
",1,0.0,18,62,"3,6"
5833418,"Tara Sue Me
",0,0.0,3941,50270,"4,01"
13880491,"Char Sharp
",1,0.0,60,101,"4,37"
10961381,"S.J. Hooks
",0,,410,1927,"3,72"
4961171,"Catherine Cavendish
",0,14.0,315,598,"4,04"
4455528,"C.L. Stegall
",1,0.0,68,153,"4,33"
2981932,"Sophia Bennett
",1,14.0,688,4898,"3,89"
2770351,"Pam Bachorz
",0,,1253,8545,"3,58"
3321132,"Amy Meredith
",0,,325,5388,"3,73"
4397966,"Chrystalla Thoma
",1,10209.0,341,2512,"3,85"
3387293,"Alma Katsu
",1,0.0,2945,17141,"3,73"
6914886,"Patrick O'Scheen
",1,,59,121,"4,55"
5756812,"Diane M. Graham
",0,,17,53,"4,45"
1827868,"Cat Adams
",1,0.0,1318,22133,"3,95"
4790114,"Laura Ellen
",1,0.0,324,1605,"3,61"
5235537,"S.R. Johannes
",0,0.0,855,4366,"3,94"
28572,"Jennifer Archer
",0,0.0,389,3131,"3,63"
4856634,"Christin Lovell
",1,0.0,1084,15076,"3,91"
5107011,"Christie  Anderson
",0,0.0,592,8807,4
1731657,"Ann Vaughn
",1,0.0,413,3120,"4,24"
7320506,"Apollonius of Rhodes
",1,2218.0,238,7935,"3,81"
7929831,"Apuleius
",1,774.0,754,13193,"3,92"
5401598,"Kelly Cozzone
",1,,185,539,"4,45"
990,"Aeschylus
",1,750.0,2483,76800,"3,96"
7887786,"Olivia Howe
",0,0.0,179,336,"4,23"
4619822,"Linn B. Halton
",0,14.0,486,1442,"4,11"
639265,"Hilman Hariwijaya
",1,667.0,664,22760,"3,41"
164478,"Dee Lestari
",0,667.0,8550,82674,"3,9"
512651,"Seno Gumira Ajidarma
",1,0.0,1899,16537,"3,76"
7824085,"Heather C. Leigh
",0,0.0,1694,12498,"3,96"
900615,"Maulana M. Syuhada
",1,667.0,58,408,"3,61"
626568,"Y.B. Mangunwijaya
",1,667.0,739,7801,"3,98"
669979,"Budi Darma
",1,667.0,585,3813,"3,82"
475407,"Tasaro G.K.
",1,667.0,970,8075,"4,13"
824284,"Nh. Dini
",0,667.0,592,6604,"3,61"
703723,"Iwan Simatupang
",1,667.0,152,1257,"3,97"
681236,"Mira W.
",1,667.0,603,8714,"3,47"
489970,"Habiburrahman El-Shirazy
",1,667.0,3716,42905,"3,79"
3367032,"Multatuli
",1,877.0,349,5700,"3,51"
491233,"Ayu Utami
",1,667.0,2192,19551,"3,6"
659620,"Soe Hok Gie
",1,667.0,530,6859,"4,12"
420122,"Armijn Pane
",1,667.0,125,1792,"3,85"
881687,"Linus Suryadi
",1,667.0,78,839,"3,89"
672218,"Wiji Thukul
",1,667.0,149,1103,"4,2"
5758093,"Marga T.
",0,667.0,264,5069,"3,4"
765791,"Idrus
",1,667.0,94,1293,"3,86"
688171,"Asma Nadia
",1,667.0,1950,28123,"3,76"
637674,"Langit Kresna Hariadi
",1,667.0,523,5658,"3,88"
62357,"Roberto Calasso
",1,814.0,481,4544,"4,08"
1402045,"E.S. Ito
",1,667.0,386,2367,"3,94"
647438,"Andrea Hirata
",1,667.0,7374,75863,"4,03"
541628,"Remy Sylado
",1,667.0,696,6006,"3,8"
167915,"Sapardi Djoko Damono
",1,667.0,1565,10836,"3,9"
600490,"Raditya Dika
",1,667.0,2687,40419,"3,62"
1001895,"Achdiat K. Mihardja
",1,667.0,186,1857,"3,86"
151902,"Chairil Anwar
",1,667.0,258,3842,"4,1"
624095,"Ahmad Tohari
",1,667.0,1450,12000,"3,98"
700880,"Donny Dhirgantoro
",1,667.0,1685,15937,"3,81"
4506281,"Charity Parkerson
",0,,2171,18797,"3,92"
15745317,"John Shelton Jones
",1,0.0,15,24,"4,58"
4478744,"Jeff W. Horton
",1,0.0,85,362,"4,11"
4429773,"Tania Tirraoro
",0,10270.0,18,82,"3,73"
6875745,"Charles O'Donnell
",1,0.0,46,110,"4,11"
1451404,"John Corwin
",1,0.0,732,12468,"4,07"
1054429,"Vincent Hobbes
",1,0.0,347,1814,"3,52"
4809796,"Lili Tufel
",0,,25,120,"3,57"
4404110,"M.A. Comley
",1,14.0,3066,23531,"4,07"
4106470,"Sarah Barnard
",1,14.0,13,109,"4,15"
77146,"Libby Fischer Hellmann
",0,0.0,1146,5338,"3,86"
6995343,"H.B.  Morris
",1,14.0,3,59,"4,86"
7075737,"C.W. Lovatt
",1,8.0,94,260,"4,33"
45712,"Katherine Mansfield
",0,66.0,2568,29601,"3,78"
784866,"Donald Ray Pollock
",1,0.0,3250,23155,"4,06"
14444,"Isaac Bashevis Singer
",1,681.0,2399,32682,"4,06"
24425,"Donald Barthelme
",1,0.0,1915,23236,"3,97"
7371,"Tobias Wolff
",1,0.0,4730,59724,"3,94"
16002,"William Trevor
",1,79.0,3289,27835,"3,81"
49941,"Alan Furst
",1,0.0,6550,65961,"3,9"
39467,"Eric Van Lustbader
",1,0.0,4952,131434,"3,88"
230318,"Erskine Childers
",1,14.0,488,4982,"3,64"
18710,"Amy Hempel
",0,0.0,2631,27301,"3,85"
18791,"Guy de Maupassant
",1,86.0,5793,105269,"3,86"
65678,"Miranda July
",0,0.0,7521,79404,"3,79"
6468,"Denis Johnson
",1,127.0,8222,78595,"3,86"
4950999,"Norm Clark
",1,0.0,18,158,"4,11"
6410,"Alice Munro
",1,8.0,15234,147405,"3,92"
31234,"Len Deighton
",1,14.0,2276,71024,"3,96"
101398,"Robert Littell
",1,0.0,1105,10803,"3,88"
45645,"Sherwood Anderson
",1,0.0,2694,33671,"3,84"
7464,"John Cheever
",1,0.0,2836,41795,"3,97"
904939,"Terry Hayes
",1,14.0,8616,94398,"4,24"
132225,"James Grady
",1,0.0,1748,27420,"3,84"
327983,"Olen Steinhauer
",1,0.0,3900,35758,"3,78"
13177248,"D.D. Prince
",1,8.0,1526,11440,"4,07"
4362934,"Lynda Chance
",1,,3894,68901,"3,75"
6903512,"Jason  Matthews
",1,,5355,57825,"4,06"
3073,"John Buchan
",1,894.0,3411,39400,"3,66"
6554386,"Adriana Noir
",0,0.0,710,6776,"3,7"
5989661,"Kait Ballenger
",0,0.0,359,2296,"4,11"
3340475,"Linda Poitevin
",0,8.0,597,2695,"3,82"
5438808,"Zrinka Jelic
",0,8032.0,181,286,"4,2"
3409997,"Elle Jasper
",0,,944,8804,"3,83"
5046525,"Suzanne  Johnson
",0,0.0,1156,6526,"3,92"
7150942,"T.F. Walsh
",0,,616,1512,"4,15"
969638,"Sandy Williams
",0,,1720,14791,"3,8"
6981919,"Nola Sarina
",0,,200,559,"3,76"
5835506,"Michelle Mankin
",0,,1927,8268,"3,94"
1980985,"Lauren Conrad
",0,0.0,4849,73909,"3,54"
4777419,"India Lee
",1,,480,8038,"3,84"
1470927,"E.M. Tippetts
",0,0.0,1453,11562,"3,73"
4562998,"Kimberly Montague
",0,0.0,274,4151,"3,91"
7306871,"Kat Madrid
",1,1796.0,39,592,"4,26"
6447520,"Emily  Evans
",0,0.0,882,17875,"3,72"
13561098,"Ingri d'Aulaire
",0,1570.0,1668,27291,"4,32"
4858120,"Johanna Garth
",0,0.0,29,136,"3,73"
5786742,"Elora Nicole Ramirez
",0,,162,537,"4,09"
18967,"Joan Holub
",1,0.0,4642,58526,"4,15"
3098115,"Susannah Charleson
",0,0.0,704,5037,"4,09"
22348,"Virginia Lanier
",0,0.0,207,3818,"4,22"
5143595,"Tom   Davis
",1,0.0,20,163,"3,66"
3060067,"J.A. Saare
",0,0.0,1245,12628,"3,86"
5005267,"J.A. Templeton
",1,0.0,1149,15497,"4,06"
13658254,"Victoria Denault
",0,,950,6517,"4,06"
7790155,"Alyssa Cole
",0,,3710,14884,"3,92"
5400988,"Marni Mann
",0,0.0,4567,19546,"4,11"
6525174,"Amanda  Green
",1,14.0,71,257,"3,79"
263567,"Marie Harte
",1,0.0,3987,46264,"3,83"
4744566,"Linda Anne Wulf
",0,0.0,35,188,"3,64"
2387,"Jayne Ann Krentz
",0,0.0,23315,469769,"3,91"
8474696,"Mariah Dietz
",0,,1940,7929,"4,13"
345572,"Tiffany Trent
",0,0.0,1102,7620,"3,63"
5834516,"Michael Wood Jr.
",1,0.0,12,42,"3,79"
164958,"Kate Noble
",0,,1519,10191,"3,67"
2034966,"Sonja Yoerg
",1,0.0,1414,9431,4
5582891,"Amber Garza
",0,0.0,1090,11013,"3,79"
16300956,"Brianna Hale
",0,,680,2267,"3,9"
17900425,"Annie Dyer
",1,14.0,373,848,"4,5"
21712,"Susan Conant
",1,0.0,965,13812,"3,77"
6551743,"Kate Meader
",1,79.0,4688,22938,"3,95"
13746768,"Colin              Campbell
",1,8.0,210,997,"4,42"
14355329,"Chelsea McDonald
",0,53.0,90,136,"4,35"
2731809,"Tina Connolly
",1,0.0,1434,6857,"3,56"
372433,"Jacqueline Sheehan
",1,0.0,1904,15260,"3,74"
5752810,"Kate Evangelista
",0,1796.0,1430,5979,"3,73"
17160940,"Pippa Grant
",0,,2291,11809,"4,27"
288202,"Marshall Saunders
",0,8.0,217,1984,"4,2"
3388918,"Mira Lyn Kelly
",0,0.0,3245,33716,"3,6"
277189,"David Rosenfelt
",1,,8254,69548,"4,02"
157036,"Julie Klam
",0,,1154,7375,"3,66"
61509,"Mark Doty
",1,0.0,1396,13745,"4,13"
13879,"Snorri Sturluson
",1,8221.0,543,12578,"4,15"
1320312,"Sara Grant
",0,0.0,440,2810,"3,49"
72819,"Pam Houston
",1,0.0,2704,20418,"3,84"
72012,"Bill Wallace
",1,0.0,1360,14832,"4,01"
20987,"Julie Anne Long
",1,,4933,50233,"3,95"
296961,"Paul Auster
",1,0.0,21276,286802,"3,82"
5110,"Cesar Millan
",1,334.0,2515,23126,"3,73"
41895,"Caroline Knapp
",0,0.0,1516,21420,"4,03"
893708,"Nick Trout
",1,14.0,1527,9861,"3,86"
3241692,"Allie Larkin
",0,,1207,7329,"3,85"
68092,"Merrill Markoe
",1,0.0,1485,8314,"3,41"
36719,"Jon Katz
",1,0.0,2995,25510,"3,99"
4627059,"Luis Carlos Montalván
",1,0.0,1394,9070,"4,21"
70978,"Jim Kjelgaard
",1,0.0,608,26547,"4,09"
71159,"Willie Morris
",1,0.0,388,4373,"4,02"
2874371,"Alexandra Horowitz
",0,0.0,2338,15284,"3,57"
40883,"Alexandra Day
",0,0.0,1015,13384,"4,18"
3507043,"Larry Levin
",1,,1344,11443,"4,04"
50896,"Nina Bruhns
",0,8.0,1251,13434,"3,89"
38231,"Beth Williamson
",0,0.0,654,7083,"3,97"
116581,"Anya Bast
",0,10434.0,2618,43354,"3,82"
4827747,"Ann Mayburn
",0,0.0,3359,29371,4
1142428,"Tracey H. Kitts
",1,,725,5154,"3,99"
1806382,"Michelle Witvliet
",1,,16,77,"3,65"
431825,"Terri Garey
",0,0.0,892,11020,"3,87"
2003596,"Tracy Wolff
",0,,6310,39378,"3,93"
104557,"Sasha White
",1,8.0,791,6738,"3,66"
7376084,"Renée Paule
",1,,129,251,"4,61"
146033,"Stephen Richards
",1,,197,2652,"3,92"
64222,"Dawn Thompson
",0,0.0,246,3237,"3,78"
114362,"Patricia Evans
",1,,317,4600,"4,16"
112914,"Mackenzie McKade
",1,0.0,513,8861,"3,72"
172271,"Aaron Hoopes
",1,0.0,9,94,"3,97"
8052,"Pema Chödrön
",0,0.0,5412,86752,"4,31"
6406273,"Paul Van Der Merwe
",1,149.0,19,68,"4,41"
1316048,"Steve Pavlina
",1,0.0,146,4773,"3,8"
3234591,"Jason Harvey
",1,8.0,53,408,"3,59"
1498,"David D. Burns
",1,,1030,27549,"3,99"
31944,"Barbara Sher
",0,,588,10210,"3,93"
7338255,"Beth Ashworth
",0,14.0,169,655,"3,59"
5269606,"Lama Surya Das
",1,0.0,602,16847,"4,16"
41093,"Shakti Gawain
",0,0.0,586,25507,"4,14"
1114699,"Henry Cloud
",1,,4873,69899,"4,2"
6705865,"Noah Elkrief
",1,0.0,32,460,"3,81"
8034199,"Ellie Cahill
",1,,862,3301,"3,73"
11040057,"Jovana Rodolakis
",0,0.0,14,24,"4,29"
2753100,"Stanley M. Giannet
",1,0.0,13,88,"4,22"
40541,"Marshall B. Rosenberg
",1,0.0,1374,13716,"4,32"
7082675,"Renea Mason
",0,0.0,691,3062,"4,18"
44526,"Dave Ramsey
",1,0.0,7887,101912,"4,26"
114558,"Rory Freedman
",0,0.0,5032,40697,"3,45"
240484,"Paul Rega
",1,0.0,111,775,"3,47"
8557018,"Jason Navallo
",1,0.0,118,469,"3,94"
9878015,"Jamie Shaw
",0,0.0,2139,19671,"4,19"
8422979,"Lily Paradis
",0,0.0,473,1904,"3,77"
7275511,"Vivek Rajan Vivek
",1,,65,124,"4,13"
18233,"Samantha Schutz
",1,0.0,608,6172,"3,79"
7060310,"Kaylee Ryan
",0,0.0,5288,54466,"4,13"
150588,"Kate Millett
",0,0.0,234,5236,"3,95"
112258,"Eric Berne
",1,8.0,867,24542,"3,84"
202782,"Ellen Forney
",1,0.0,22694,208471,"4,1"
91236,"Maggie O'Farrell
",0,79.0,11061,90759,"3,85"
688,"George S. Clason
",1,0.0,3764,75861,"4,25"
492884,"Amit Ray
",1,581.0,298,1283,"4,68"
26655,"Elaine Showalter
",0,0.0,2063,31740,4
94000,"Patty Duke
",0,0.0,221,4706,"3,87"
6458246,"Jane Harvey-Berrick
",1,,6541,39197,"4,04"
28243,"Zelda Fitzgerald
",0,0.0,398,4410,"3,78"
6565,"Deborah Spungen
",1,0.0,341,5463,"4,09"
15820383,"Brian Maddox
",1,8.0,5,171,"4,02"
6966491,"Scott   Stevens
",1,0.0,21,147,"4,26"
4142333,"Stacy Pershall
",1,0.0,244,3165,"3,88"
926987,"Terri Cheney
",0,,805,10574,"3,81"
8163117,"Susan Sofayov
",1,0.0,36,219,"3,76"
2528119,"Emilie Autumn
",0,0.0,504,3400,"4,07"
542704,"Elyn R. Saks
",0,0.0,1049,10831,"4,25"
6580262,"Ruth Mancini
",0,14.0,166,1149,"3,66"
6534906,"Shayne McClendon
",0,0.0,1533,8392,"4,2"
14199585,"Elisa E. Enzo
",1,814.0,18,110,"4,3"
6552446,"Heather Lyons
",0,,1888,10907,"4,11"
6545412,"P.J. LaRue
",0,0.0,61,157,"4,43"
6473981,"Judith Starkston
",0,,76,164,"4,42"
3340,"Spencer Johnson
",1,10521.0,13586,418998,"3,8"
2287512,"Emily Whitman
",0,0.0,514,4061,"3,63"
4582507,"Lynne   Kelly
",0,0.0,222,1129,"4,18"
124622,"Kathleen  Morgan
",0,0.0,1758,27242,"3,94"
7485494,"E.V. Fairfall
",0,0.0,240,396,"3,97"
6445698,"Sarah E. Ladd
",1,,3125,21381,"3,88"
4575353,"Lynda Mullaly Hunt
",1,0.0,6893,49712,"4,31"
5282455,"Kate A. Boorman
",1,,442,2206,"3,55"
4849738,"Joanne Levy
",0,8.0,227,975,"3,81"
7383025,"Chanel Cleeton
",0,,4481,28928,"3,99"
7843051,"Randi Cooley Wilson
",0,0.0,1574,21367,"4,28"
6538176,"Madeleine Beckett
",0,0.0,481,3209,"3,91"
7845968,"A.J. Pine
",0,165.0,1044,3787,"3,88"
84181,"Laura Griffin
",0,,4893,49110,"4,03"
6923563,"Heather Gunter
",0,,358,3687,"3,83"
5813022,"Siri Mitchell
",0,,2364,18379,"3,81"
7375051,"Sam Mariano
",0,0.0,2060,12102,"4,2"
7103149,"Nora Flite
",0,0.0,3639,26498,"3,78"
7134215,"M.D. Saperstein
",1,0.0,898,5705,"3,97"
4575382,"Kate Kae Myers
",0,0.0,826,4275,"3,79"
6872503,"Sarah Combs
",0,0.0,463,2213,"3,58"
1150547,"Stephanie Palmer
",0,,65,402,"3,79"
7047257,"Paul     Adams
",1,14.0,9,48,"3,96"
5321576,"Malia Mallory
",0,0.0,817,4905,"3,61"
8174674,"Christy Pastore
",0,0.0,829,2062,"4,18"
17258111,"Tracey Jerald
",0,0.0,159,355,"4,44"
18141893,"Emma   Louise
",1,,219,479,"4,3"
6469490,"Robin Talley
",1,0.0,4544,22482,"3,85"
4848337,"Catrina Taylor
",0,,51,380,"3,86"
205589,"Stuart MacBride
",0,14.0,5668,70090,"4,1"
58306,"Mary Connealy
",0,0.0,5597,50549,"4,11"
7256929,"Kym Brunner
",0,165.0,77,214,"3,85"
3387296,"Anna Sheehan
",1,0.0,1256,7346,"3,82"
6964734,"Craig Hurren
",1,8.0,27,163,"4,04"
7135390,"Amy Talkington
",0,0.0,417,1756,"3,64"
2826,"James C. Collins
",1,0.0,5627,180574,"4,04"
63607,"Craig Johnson
",1,0.0,15526,159772,"4,22"
37492,"Philip Kotler
",1,0.0,902,15803,4
7105827,"Emily Hemmer
",1,,393,2520,"3,92"
18175,"Laura Florand
",0,,3455,19877,"3,79"
16647845,"Maya Hughes
",1,,1559,5809,"4,02"
3319233,"Phil Knight
",1,0.0,5452,70720,"4,45"
7020954,"Brenda St. John Brown
",0,0.0,534,1719,"3,94"
5094848,"Stacy Verdick Case
",0,0.0,61,164,"3,79"
114998,"J.J. Murphy
",1,,272,1072,"3,53"
3151111,"Dawn Kimberly Johnson
",0,0.0,483,2674,"3,79"
4443115,"Erin Jade Lange
",0,0.0,1675,10366,"3,77"
4347037,"Elle Lothlorien
",0,,481,4645,"3,6"
6915131,"Kristen Lippert-Martin
",1,0.0,402,1790,"3,7"
7112966,"Vicki Green
",0,0.0,1612,7497,"3,99"
7144570,"Emme Rollins
",0,0.0,1667,13795,"3,85"
4695869,"Sean      Allen
",1,14.0,24,102,"3,62"
172946,"Alan G. Robinson
",1,,33,250,"3,84"
5243264,"Mikel J. Wilson
",1,0.0,137,404,"4,03"
56625,"Martin Duberman
",1,0.0,251,2443,"3,92"
2992396,"Sarah Sundin
",1,,3165,18992,"4,23"
105025,"Scott Berkun
",1,0.0,789,15321,"3,91"
101287,"Brandilyn Collins
",0,,1929,20952,"4,08"
132117,"Regina Jennings
",0,,2443,14408,"4,03"
34997,"Ally Blue
",0,,1569,16179,"3,68"
3132958,"M.J. Pearson
",1,,210,1191,"3,79"
5815760,"Tara Dairman
",0,0.0,673,3360,"4,2"
18121606,"Kristi Lynn
",1,0.0,80,143,"4,22"
5001,"Milton Friedman
",1,0.0,985,17959,"4,04"
6860779,"Arabella Quinn
",0,,720,12437,"3,73"
7359445,"A.J.  Walters
",0,14.0,165,364,"4,03"
6937037,"Staci Hart
",0,,7782,53643,"3,94"
2776786,"Jeffrey Small
",1,0.0,387,2352,"3,78"
207356,"Peter James
",1,14.0,9733,117825,"4,04"
1228621,"Saranna DeWylde
",0,0.0,1136,5427,"3,94"
4984837,"Spencer Brokaw
",1,0.0,18,33,"4,52"
3358829,"Jody Hedlund
",0,,6389,37235,"4,09"
7207526,"Brian E. Boyd Sr.
",1,,3,31,"4,42"
6444267,"Jennifer  James
",0,0.0,309,958,"3,85"
4880398,"J.A. Souders
",0,0.0,680,4670,"3,74"
6570230,"Amber Lough
",0,,330,2070,"3,68"
12008,"Peter F. Drucker
",1,856.0,1972,56707,"4,08"
3310143,"Felisblanco
",1,8221.0,169,1494,"4,2"
4530313,"Fiona Paul
",1,0.0,1033,7250,"3,79"
5331519,"Mary Firmin
",0,,60,111,"4,3"
6444266,"N. Isabelle Blanco
",0,0.0,1756,8222,"3,9"
6535359,"Cat Devon
",0,,277,1409,"3,6"
41419,"Stephanie Grace Whitson
",0,0.0,1599,15662,"4,08"
3388865,"Mia James
",1,14.0,289,3103,"3,66"
412433,"Heather Davis
",0,0.0,1008,10606,"3,7"
16155,"Kate Douglas
",0,0.0,2410,25791,"3,98"
6586039,"Xavier  Mayne
",1,0.0,648,3332,"3,8"
7009629,"Hillary Monahan
",1,0.0,726,2658,"3,84"
7366597,"Lia Riley
",0,,1671,6232,"3,82"
3051260,"James L. Rubart
",1,0.0,1770,9921,"4,03"
2726790,"Lisa Marie Davis
",0,0.0,331,3152,"3,35"
4580131,"Diana  Renn
",1,0.0,321,1660,"3,63"
1279042,"Brad Taylor
",1,,2563,58366,"4,2"
7212406,"Kendall Kulper
",0,0.0,655,3188,"3,54"
249882,"Chris Brady
",1,0.0,589,8632,"4,46"
4540022,"J. Anderson Coats
",1,0.0,1294,5307,"3,72"
1609844,"Amanda Cabot
",0,0.0,2186,18507,"3,99"
3185565,"Claire Ashgrove
",0,,271,995,"3,98"
2937372,"Linda  Robertson
",1,0.0,809,12409,"3,79"
14442,"Tim Harford
",1,,2207,35681,"3,82"
7242174,"Cleo Scornavacca
",0,0.0,258,518,"3,92"
4373408,"E.M. Kokie
",1,0.0,1051,5585,"3,99"
7043852,"Sarah Bromley
",0,0.0,35,152,"3,64"
6452601,"Tracy Brogan
",0,0.0,4119,63262,"3,9"
4693347,"Jennifer Ryan
",0,,2376,26044,"4,1"
5828129,"Susannah Sandlin
",1,0.0,896,7871,"4,01"
1140298,"Veronica Wolff
",0,0.0,959,13032,"3,91"
4292165,"Jeyn Roberts
",0,8.0,1695,13479,"3,96"
4107194,"Lexi George
",0,0.0,549,4158,"3,79"
7393959,"Joshua David Bellin
",1,0.0,224,730,"3,53"
38238,"Tom DeMarco
",1,0.0,702,10614,"4,12"
77193,"Helen Prejean
",0,0.0,610,7105,"4,09"
2152471,"Stormy Glenn
",1,,6032,113682,"3,83"
4658172,"Emily Hainsworth
",0,5782.0,525,2859,"3,54"
1635425,"Emily Goodwin
",0,0.0,3398,29341,"4,07"
7169602,"Helene Dunbar
",0,,310,1069,"3,98"
916010,"Cynthia Garner
",0,,262,1294,"3,72"
6729028,"Vine Deloria Jr.
",1,0.0,387,6075,"4,12"
6536597,"Ressa Empbra
",0,0.0,21,52,"4,15"
7275168,"Eden Butler
",0,0.0,2998,13244,"4,04"
7169579,"Kat Ellis
",0,,200,711,"3,77"
3012335,"Andrew Ross Sorkin
",1,0.0,1247,31390,"4,11"
7111589,"Kathryn  Rose
",1,8.0,88,361,"3,5"
1271571,"Shelley Shepard Gray
",1,0.0,4354,29286,"4,18"
14156852,"Katie Ruggle
",0,,2575,13637,"4,08"
1005984,"Deborah Cooke
",0,,2260,29257,"3,94"
13849789,"Carol Pavliska
",0,,130,439,"4,18"
14223455,"Amber Lacie
",0,0.0,647,991,"4,6"
6912103,"Laurel Ulen Curtis
",0,,918,5986,"3,93"
56880,"Erica Orloff
",0,0.0,771,4975,"3,53"
452671,"Sean Michael
",1,,7431,71882,"3,71"
4904146,"Stephen England
",1,,157,1565,"4,2"
6506571,"Brooklyn Ann
",0,0.0,817,4041,"3,89"
7341071,"Tracy Holczer
",1,0.0,507,2555,"4,07"
1023590,"Alana Woods
",1,14.0,20,63,"4,33"
7132747,"Jaimie Roberts
",0,14.0,2537,14261,"3,91"
7256159,"Genna Rulon
",0,0.0,946,8434,"4,11"
7756699,"Sonia Lin
",1,,19,104,"3,92"
5267473,"Martin Bodenham
",1,14.0,47,239,"3,75"
7026053,"Skylar Dorset
",0,0.0,444,2919,"3,75"
5808498,"Kerrigan Byrne
",1,0.0,4131,24050,"4,06"
1194340,"Ashlyn Chase
",0,,1288,9875,"3,55"
4750548,"Ezra Barany
",1,0.0,49,214,"3,72"
2594,"Nina Bangs
",1,0.0,1305,26968,"3,98"
4632663,"Corinne Duyvis
",0,877.0,1196,5085,"3,85"
57611,"Michael E. Porter
",1,0.0,247,19200,"4,17"
6644836,"Gemma James
",0,0.0,3481,24246,"3,92"
3319050,"Lorna Seilstad
",1,,1204,8733,4
23,"Angela Knight
",0,,3453,96790,4
8415462,"M. Never
",0,,5686,27697,"4,23"
1780,"Al Ries
",1,0.0,1165,32698,"4,02"
4112157,"Kenneth H. Blanchard
",1,0.0,15089,474539,"3,84"
901057,"Mary Crockett
",0,,218,993,"3,52"
144788,"Steven James
",1,0.0,3354,35016,"4,23"
7559069,"Scarlett Flame
",1,14.0,90,271,"4,41"
6462472,"Amy Raby
",0,0.0,415,4021,"3,68"
50316,"Zig Ziglar
",1,0.0,2034,64144,"4,16"
1366033,"Bobby Michaels
",1,,231,3230,"3,52"
4868074,"Linda Hawley
",0,0.0,103,535,"3,89"
6462453,"Kerry Schafer
",0,8.0,285,825,"3,63"
7059361,"Danielle Torella
",1,0.0,363,2517,"3,8"
5106676,"MaryLu Tyndall
",1,0.0,2700,17758,"4,16"
8476149,"Nikki Sloane
",1,0.0,3665,22534,"4,1"
96909,"Shiloh Walker
",0,0.0,6842,65362,"3,82"
86210,"Stokely Carmichael
",1,3562.0,77,1900,"4,3"
6474501,"Heather Marie
",0,,55,138,"3,89"
4452622,"Rosslyn Elliott
",0,,277,1667,"3,99"
266945,"Michael Robotham
",1,53.0,8987,79590,"4,03"
1475821,"Laurie Stevens
",0,0.0,68,309,"4,02"
3428119,"Erin Leigh
",0,,1059,14736,"3,72"
37728,"Frantz Fanon
",1,11066.0,930,23500,"4,2"
3770,"Jack Welch
",1,0.0,1113,49708,"3,81"
4243254,"Daniel  Palmer
",1,0.0,1470,9129,"3,88"
7062305,"Robin Constantine
",0,0.0,1289,8925,"3,62"
659,"Thomas J. Stanley
",1,259.0,3159,82421,"4,06"
8449324,"Oleg Konovalov
",1,,75,118,"4,81"
6585049,"Liv Morris
",0,0.0,4364,22467,"3,98"
10033,"Beverly Daniel Tatum
",1,,746,9777,"4,16"
2541526,"Elly Griffiths
",0,,11462,113523,"3,95"
5200691,"Calinda B.
",0,,1237,3064,"4,13"
7710196,"Kerry O'Malley Cerra
",0,,132,548,"4,11"
6906110,"L.M. Augustine
",1,,506,2747,"3,46"
24197,"Michael Koryta
",1,,6460,45040,"3,76"
34517,"Geoffrey A. Moore
",1,0.0,578,22267,"3,96"
5260599,"Kate Locke
",0,,1183,10063,"3,98"
1180263,"Kendra Leigh Castle
",0,5782.0,1273,11215,"3,87"
68,"John C. Maxwell
",1,0.0,7230,145938,"4,17"
4138275,"Missy Welsh
",0,0.0,1380,9097,"3,78"
8648059,"Aubrey Dark
",1,,1459,18100,"3,81"
5749310,"Bethany Hagen
",0,0.0,952,5200,"3,54"
762,"Roger Lowenstein
",1,0.0,1466,43571,"4,16"
2833117,"L.B. Gregg
",0,0.0,2447,17225,"3,81"
10521,"John Lescroart
",1,0.0,7128,94007,"3,9"
3501390,"Tessa Afshar
",0,251.0,2052,15966,"4,36"
504627,"Amy Kathleen Ryan
",0,0.0,3033,20684,"3,65"
6980149,"Stefanie Gaither
",1,0.0,220,1093,"3,4"
3248211,"John Verdon
",1,0.0,4164,43636,"3,88"
63460,"Joseph Finder
",1,0.0,6878,67611,"3,81"
6094847,"Amy Zhang
",0,,2946,18246,"3,78"
48465,"Keith Ferrazzi
",1,,1736,42122,"3,88"
2986307,"Laura Frantz
",0,0.0,3188,22838,"4,2"
1978003,"Ava March
",0,0.0,2600,19818,"3,76"
6536595,"Danielle Ellison
",0,,285,757,"3,65"
11503,"Patrick Lencioni
",1,0.0,6484,164153,"3,97"
126453,"Michael Lee West
",0,0.0,1432,12255,"3,71"
13418410,"Lili Valente
",0,,4771,40984,"4,01"
17807432,"Thomas J. Peters
",1,0.0,164,11602,"3,91"
17284011,"Grahame Claire
",1,,196,538,"3,86"
6883551,"Lynne Matson
",1,,1139,7214,"3,97"
5828179,"Lauren Stewart
",0,0.0,1848,14145,"3,91"
6587442,"J.L. Brooks
",0,,327,1603,"4,06"
7048010,"Maureen Mayer
",0,0.0,243,1754,"3,88"
676070,"Anders Roslund
",1,1.0,1631,15229,"3,73"
3418030,"Kristine Carlson Asselin
",0,0.0,155,475,"4,14"
1791,"Seth Godin
",1,0.0,9679,194533,"3,83"
61237,"Meg Gardiner
",0,0.0,3286,23487,"3,82"
7341041,"Danielle Vega
",1,,3708,18371,"3,61"
1254833,"R.L. Griffin
",0,0.0,873,3663,"4,19"
2949712,"Elle Parker
",1,,312,2560,"3,84"
1792,"Clayton M. Christensen
",1,0.0,4199,74059,"4,03"
3343,"W. Chan Kim
",1,,1060,43481,"3,9"
8056592,"Louise Bay
",0,14.0,6550,58530,"4,08"
7142495,"Jen Malone
",0,0.0,1351,6864,"3,91"
10710,"W.E.B. Du Bois
",1,0.0,1596,35728,"4,25"
7165566,"Michelle  Graves
",0,0.0,366,1025,"4,18"
41108,"Paulo Freire
",1,261.0,1441,24960,"4,25"
8214,"Andrew Gross
",1,0.0,13366,274697,"3,96"
1975671,"Tessa Adams
",0,,450,4955,"3,74"
16080793,"Heidi Chiavaroli
",0,,262,543,"4,37"
2838,"Roger Fisher
",1,,1610,54167,"3,92"
9657,"Richard Wright
",1,0.0,5779,130715,"4,01"
18235985,"Lanie Love
",1,0.0,98,232,"4,7"
4881349,"D.L. Kung
",1,,13,82,"3,82"
13757,"Lisa Jackson
",1,0.0,14693,234522,"3,96"
6176,"Cornel West
",1,0.0,1872,25610,"4,21"
3114906,"Karen Witemeyer
",0,0.0,6446,58626,"4,17"
6893188,"Megan Whitmer
",0,0.0,106,627,"3,79"
20379,"Stephen M.R. Covey
",1,,646,17354,"3,97"
5108885,"Kendall Grey
",1,0.0,3155,23527,"4,03"
3064249,"Tony Hsieh
",1,,2145,50416,"3,99"
2780539,"Ashlyn Kane
",1,8.0,1018,7209,"3,83"
7536047,"Joy N. Hensley
",0,0.0,738,4951,"3,97"
2476,"Noam Chomsky
",1,0.0,6748,105289,"4,03"
82570,"Gregg Hurwitz
",1,0.0,9776,87530,"3,97"
16204277,"Rebecca  Sharp
",1,0.0,399,897,"4,33"
458771,"Linwood Barclay
",1,0.0,15735,148940,"3,94"
108774,"Alafair Burke
",0,,13077,120912,"3,81"
39021,"Chip Heath
",1,,6334,113289,"3,98"
4119134,"Taylor Stevens
",0,0.0,3101,20065,"3,84"
18445,"Lisa Unger
",0,0.0,11630,87856,"3,71"
8033909,"Kate   Bassett
",1,,117,545,"3,79"
60619,"Jason Fried
",1,,4499,130746,"3,93"
3416,"Michael E. Gerber
",1,,1849,52610,"3,98"
1734716,"Jussi Adler-Olsen
",1,1226.0,12920,155448,"3,93"
7029937,"Trisha Leaver
",0,0.0,1042,4755,"3,52"
3051490,"Michelle Alexander
",1,0.0,4619,38807,"4,51"
160932,"Robert B. Cialdini
",1,0.0,3454,86051,"4,14"
5104111,"Wendy L. Young
",1,0.0,59,178,"3,75"
3047053,"جلال عامر
",1,2218.0,512,5382,"4,02"
3423688,"David  Niven
",1,,365,2733,"3,57"
5321197,"Bernadette  Walsh
",0,0.0,67,198,4
957028,"Daniel I. Russell
",1,14.0,281,1341,"4,01"
5114344,"Chloe Hart
",0,,425,6983,"3,88"
5616191,"Alicia Wright Brewster
",1,,134,234,"3,48"
8155833,"Nabse Bamato
",1,865.0,9,29,"3,79"
5100743,"Alexei Maxim Russell
",1,8.0,42,322,"4,22"
5073719,"Matthew Tait
",1,53.0,49,143,"3,84"
2963485,"S.J.A. Turney
",1,14.0,611,11683,"4,24"
3520560,"Carrie Clevenger
",0,0.0,152,347,"4,35"
5830094,"Victoria Champion
",0,0.0,3,16,"3,81"
7520492,"Michelle St. James
",1,0.0,946,10236,"4,09"
8425041,"J.L. Beck
",0,0.0,7443,23764,"3,88"
8079006,"Jackie Griffiths
",0,14.0,9,26,"3,38"
7339622,"Sandra  Love
",0,0.0,167,353,"4,24"
6885811,"Boyko Ovcharov
",1,11546.0,45,127,"4,65"
984659,"تركي الدخيل
",1,2223.0,917,5315,"3,08"
6474518,"Mia Kerick
",0,0.0,1462,5486,"3,86"
5287392,"Becca J. Campbell
",1,0.0,498,781,"4,09"
7074112,"Helena Newbury
",1,,1982,16216,"4,03"
2765118,"Tom  Carter
",1,0.0,62,300,4
4747714,"Jonathan  Gould
",1,53.0,139,319,"3,89"
5109482,"A.J. Armitt
",1,14.0,32,185,4
7849867,"Vanessa Waltz
",0,,3081,31490,"3,74"
6564542,"C.R. Everett
",0,,72,123,"4,2"
17152,"Chuck Wendig
",1,0.0,12060,83727,"3,69"
5328610,"The Silver Elves
",1,0.0,96,448,"4,76"
1289325,"Alex Beecroft
",1,14.0,1090,5108,"3,66"
240708,"K.J. Parker
",1,14.0,3386,30012,"3,81"
2847546,"Angela Slatter
",0,53.0,1667,6761,"3,92"
4088550,"Silvia Moreno-Garcia
",0,334.0,2249,10408,"3,77"
7035308,"Michael R. Fletcher
",1,8.0,646,2528,"4,11"
5779976,"Chantilly White
",0,0.0,92,425,"3,77"
5088808,"Ioana Visan
",0,790.0,362,776,"4,08"
560412,"Vox Day
",1,,705,5661,"3,93"
5758692,"Alyc Helms
",0,,103,429,"3,67"
5965,"Rick R. Reed
",1,0.0,2395,9041,"3,72"
8260548,"Lizzy Grey
",1,14.0,12,80,"2,89"
74459,"Edith Layton
",0,,731,6909,"3,58"
4494819,"Daisy Harris
",0,0.0,1573,8968,"3,58"
54389,"Fuchsia Dunlop
",0,14.0,462,5631,"4,15"
7811273,"Thug Kitchen
",1,,1025,23728,"4,11"
14192453,"C.E. Dimond
",0,8.0,52,95,"3,91"
45203,"Thomas Keller
",1,0.0,819,24311,"4,22"
8202129,"Scott  Nelson
",1,66.0,28,82,"4,04"
13623,"Michael Ruhlman
",1,0.0,1998,38195,"4,1"
5801,"Jamie Oliver
",1,14.0,1573,79521,"4,05"
120395,"Heidi Swanson
",1,,405,14064,"3,91"
5137530,"Daniel José Older
",1,,6106,27629,"3,9"
506633,"Jeff Hertzberg
",1,,868,21909,"4,04"
6044755,"John Ayliff
",1,14.0,15,69,"3,97"
65583,"Emeril Lagasse
",1,0.0,205,2864,"3,91"
1397570,"Yotam Ottolenghi
",1,959.0,1109,35860,"4,29"
58480,"Alton Brown
",1,0.0,908,38776,"4,21"
5367341,"Cathy Perkins
",0,0.0,193,547,4
7022361,"Kai Ashante Wilson
",1,,1248,5837,"3,76"
762973,"Trisha Baker
",1,,158,1860,"3,91"
4390441,"Haley Walsh
",0,,548,3614,"3,95"
27045,"Isa Chandra Moskowitz
",1,,2123,71905,"3,99"
2884275,"Ree Drummond
",0,,5389,96000,"4,12"
6884399,"Nelle L'Amour
",0,0.0,3187,26102,"3,98"
171379,"Aviva Goldfarb
",0,0.0,45,229,"4,31"
9867438,"Kate  McIntyre
",0,8.0,166,871,"4,1"
7872519,"D.K. Cassidy
",0,,332,1265,"3,99"
92097,"Marion Cunningham
",0,,204,16169,"4,1"
11713,"Marcella Hazan
",0,814.0,338,16953,"4,17"
5365291,"Heidi Belleau
",0,8.0,3923,19117,"3,81"
21686,"Nigella Lawson
",0,14.0,1204,87781,"4,01"
4574972,"T. Frohock
",0,0.0,332,1066,"3,99"
6437086,"Stefania Mattana
",0,,155,589,"4,3"
966591,"Jeff  Smith
",1,,134,7568,"3,83"
6256,"Michelle Sagara West
",0,,2071,44125,4
295246,"Doris Janzen Longacre
",0,0.0,175,2166,"4,21"
3240453,"J.P. Barnaby
",0,,1813,11012,"4,02"
580494,"Jason Aaron
",1,0.0,15955,187363,4
175556,"James Beard
",1,0.0,252,6123,"4,19"
1506712,"Guy Fieri
",1,0.0,230,7013,"4,01"
60435,"Laurel Robertson
",0,,143,5675,"4,04"
536013,"Carolyn Ives Gilman
",0,,822,5620,"3,78"
6863565,"Emma Winters
",0,53.0,235,3105,4
6549307,"Alan  Hardy
",1,14.0,313,1241,"3,95"
2646,"Rachael Ray
",0,0.0,780,53050,"3,75"
38159,"Paula H. Deen
",0,0.0,885,29269,"4,03"
4533716,"Eliezer Yudkowsky
",1,0.0,1470,16243,"4,34"
80134,"The Moosewood Collective
",1,0.0,559,25727,"3,99"
3329042,"Emma Newman
",0,14.0,2761,15144,"3,83"
5737121,"Kurtis J. Wiebe
",1,8.0,7567,86651,"4,06"
7023272,"Melissa  Collins
",0,0.0,3412,25530,"4,06"
2832,"Julee Rosso
",0,0.0,237,31652,"3,99"
792,"Giada De Laurentiis
",0,814.0,755,73198,"3,99"
8446650,"Natasha Pulley
",0,14.0,3507,20622,"3,77"
7142872,"Gemma Farrow
",0,14.0,87,159,"4,48"
59490,"Anne Byrn
",1,,316,13657,4
1408429,"M.F.K. Fisher
",0,0.0,1524,18685,"4,17"
439887,"Kieron Gillen
",1,14.0,20140,228201,"3,96"
40636,"Nigel Slater
",1,14.0,1194,19571,"4,08"
58572,"Rose Levy Beranbaum
",1,,402,24386,"4,21"
6448979,"Better Homes and Gardens
",1,,1501,120265,"4,12"
225231,"Anna Thomas
",1,,213,7108,"3,92"
1785,"Mark Bittman
",1,0.0,2925,105366,4
12090,"Elizabeth David
",0,14.0,233,4931,"4,2"
17693,"Madhur Jaffrey
",0,581.0,698,10449,"4,09"
6692215,"Michelle Hauck
",1,0.0,107,281,"4,29"
790441,"Stephanie Alexander
",1,53.0,81,2063,"4,33"
91791,"Rick Bayless
",1,0.0,321,10012,"4,15"
25456,"Good Housekeeping
",1,14.0,371,3409,"3,88"
1166430,"Lisa Jervis
",1,0.0,225,3860,"4,02"
5074920,"Tyrolin Puxty
",1,53.0,293,710,"3,83"
58484,"Harold McGee
",1,0.0,511,13190,"4,44"
4674,"Karen Page
",1,,395,14829,"4,19"
42861,"Mollie Katzen
",0,0.0,816,51895,"3,94"
2658,"Ina Garten
",0,0.0,1633,158108,"4,16"
8446300,"Scott  Hawkins
",1,0.0,4480,23307,"4,08"
2657,"Martha Stewart
",0,0.0,2382,80156,"4,03"
126459,"Claudia Roden
",0,2218.0,227,6686,"4,15"
88314,"Alice Waters
",0,0.0,2537,41009,4
80131,"Deborah Madison
",0,0.0,1281,22919,"4,03"
42697,"Irma S. Rombauer
",0,0.0,1119,127073,"4,12"
4856232,"Frederick Lee Brooke
",1,0.0,215,368,"3,87"
5323,"Sydney Taylor
",0,0.0,1228,39854,"4,21"
14139,"Arthur Nersesian
",1,,764,15918,"3,6"
9972,"Julia Glass
",0,0.0,6917,68207,"3,54"
73310,"Kay Thompson
",1,0.0,878,27269,"4,18"
22832,"Jim Carroll
",1,0.0,769,30893,"3,98"
13943,"Damon Runyon
",1,0.0,391,4233,"4,16"
17287280,"Daire Feeney
",1,9489.0,4,18,"4,44"
114453,"Valentine Davies
",1,0.0,276,1803,"4,06"
16481,"Richard Price
",1,0.0,5268,81303,"3,97"
65685,"Nathanael West
",1,0.0,1833,33608,"3,79"
127374,"Edwin G. Burrows
",1,0.0,185,2186,"4,19"
17699,"Luc Sante
",1,32.0,1726,13974,"4,12"
67037,"Cathy Maxwell
",0,0.0,2972,33353,"3,71"
174767,"Sandra Heath
",0,,313,2691,"3,54"
62650,"David von Drehle
",1,0.0,619,6716,"4,02"
79535,"Jean Merrill
",1,0.0,602,5632,"4,12"
14015,"Victoria Alexander
",0,0.0,3756,46454,"3,76"
13830,"Herbert Asbury
",1,0.0,404,4771,"3,65"
45898,"Sarah Morgan
",0,14.0,10600,81117,"3,9"
37774,"Susanna Gregory
",0,14.0,1405,22219,"3,98"
2609,"Fern Michaels
",0,,14015,220546,"4,02"
40974,"Lyn Stone
",0,,203,1826,"3,48"
22680,"Barbara Cleverly
",0,14.0,1619,13500,"3,68"
71059,"Lisa Mondello
",0,,2036,22127,"3,79"
10318,"Jo Beverley
",0,14.0,4932,59324,"3,76"
201555,"Robert N. Charrette
",1,,180,6195,"3,73"
4152482,"Grace Burrowes
",0,,9268,89076,"3,89"
3148560,"Sara Creasy
",0,14.0,433,3801,"3,67"
2622364,"Candace Robb
",1,0.0,684,14657,"3,95"
6420702,"P.B. Ryan
",1,0.0,1413,18803,"4,03"
15295,"Ashley Gardner
",1,0.0,1617,21919,"4,02"
2994705,"Addison Fox
",0,,823,6408,"3,77"
13434447,"C.T. Phipps
",1,0.0,1063,5749,"4,01"
311174,"Trisha Ashley
",0,14.0,2445,29641,"3,95"
5060731,"E.J. Deen
",0,,7,64,"4,06"
7066576,"B.N. Mauldin
",1,,24,144,"4,24"
34429,"Bruce Sterling
",1,0.0,5979,115121,"3,83"
6934883,"Christine S. Feldman
",0,,331,1868,"3,92"
130704,"Rudy Rucker
",1,0.0,1681,27585,"3,82"
11349,"Debbie Macomber
",0,0.0,56154,754383,"4,01"
10987,"Laura Joh Rowland
",0,0.0,1856,22976,"3,84"
1003655,"K.W. Jeter
",1,0.0,1463,24121,"3,57"
61958,"John Shirley
",1,0.0,2860,37010,"3,87"
13705,"George Selden
",1,0.0,1690,57810,"4,01"
395,"Jane Feather
",0,2218.0,2111,29928,"3,57"
7231,"Christie Ridgway
",1,,3701,36572,"3,83"
215710,"Joel Shepherd
",1,53.0,845,14783,"4,09"
6861666,"Jeannie Moon
",0,,1242,6596,"3,98"
4410813,"Katie Lane
",0,0.0,1772,13481,"4,07"
3033292,"Gary Ballard
",1,0.0,90,700,"3,9"
38217,"Lori Wilde
",0,0.0,3986,39105,"3,89"
17064,"Maggie Shayne
",0,0.0,7957,149387,"4,05"
419233,"Phillipa Ashley
",1,14.0,838,9758,"3,95"
5350056,"William Hertling
",1,0.0,1092,13635,"3,95"
1264,"Jean Baudrillard
",1,86.0,1125,22984,"3,94"
809148,"Jeff Somers
",1,0.0,1239,10561,"3,78"
14454,"Michael Swanwick
",1,0.0,6660,68934,"3,83"
19860,"James Francis Cameron
",1,8.0,374,23284,"4,06"
3198951,"Karen  Erickson
",0,0.0,2867,36261,"3,76"
27841,"Pat Cadigan
",0,0.0,4777,47226,"3,79"
703032,"Penny Watson
",0,0.0,914,3895,"3,75"
485862,"David Louis Edelman
",1,0.0,229,2870,"3,76"
3450,"Yukito Kishiro
",1,118.0,766,24534,"4,2"
6585223,"Victoria  James
",1,,1812,11583,"3,97"
6467335,"Lana Wachowski
",0,0.0,205,5465,"4,1"
75822,"Melissa Scott
",0,0.0,1582,14886,"3,95"
6451976,"Lola Karns
",1,0.0,48,263,"3,89"
9233,"Jeff Noon
",1,14.0,1150,18951,"3,9"
9800707,"Julia Pierpont
",0,0.0,1590,11260,"2,91"
387985,"Matt Phelan
",1,,4141,25869,"3,87"
435891,"Lidia Yuknavitch
",0,0.0,2869,16659,"3,73"
6423089,"Pam B. Morris
",1,0.0,23,58,"3,52"
114752,"Andy Runton
",1,0.0,880,14868,"4,11"
232825,"Thomas Thompson
",1,0.0,322,3509,"4,14"
5782568,"Sharma Shields
",0,0.0,311,1480,"3,61"
7812495,"Dana Simpson
",0,,1803,17559,"4,15"
3283808,"Candace Dempsey
",1,0.0,78,566,"3,76"
904440,"T.J. English
",1,,1019,9306,"3,93"
2925639,"Steve    Jackson
",1,0.0,549,5239,"4,04"
206712,"Opal Carew
",1,8.0,5228,38500,"3,66"
144024,"Annmarie McKenna
",0,,797,18096,"3,71"
18225,"Pete Earley
",1,,1282,11433,"4,06"
2846074,"Kelly Meding
",1,0.0,1776,17379,"3,73"
151324,"Joe McGinniss
",1,259.0,1260,35209,"4,06"
18341,"Stewart O'Nan
",1,0.0,8057,52612,"3,62"
178234,"Ron Franscell
",1,0.0,589,4736,"3,89"
4189235,"Dixie Lynn Dwyer
",0,,1510,38057,"4,08"
98389,"Richard Belzer
",1,0.0,349,2283,"3,57"
1011325,"Samantha Kane
",0,0.0,1999,19725,"3,89"
4405738,"Valeria Luiselli
",0,334.0,2032,13306,"3,9"
2766223,"Jayne Rylon
",0,0.0,4069,51039,"4,04"
1637418,"Gail Z. Martin
",0,0.0,2004,37571,"3,9"
389017,"Harry N. MacLean
",1,,204,2766,"3,9"
59839,"Richard Pérez
",1,0.0,129,592,"3,03"
3050316,"William Richter
",1,0.0,261,1435,"3,66"
32430,"Peter Vronsky
",1,8.0,622,8634,"3,89"
99326,"Kaitlyn O'Connor
",0,0.0,1275,26675,"3,66"
91578,"Nicholas Pileggi
",1,0.0,701,16799,"4,14"
4104631,"Kate Poole
",1,,123,1007,"3,71"
58527,"David Carr
",1,0.0,796,5287,"3,74"
59749,"Chris Riddell
",1,149.0,12919,130685,"4,07"
47247,"Janice Erlbaum
",0,0.0,626,6561,"3,78"
5825906,"Katie Jennings
",0,0.0,264,1390,"3,8"
34946,"Philip Sugden
",1,14.0,159,2517,"4,08"
403230,"Douglas Starr
",1,,468,4788,"3,87"
99573,"Mackenzie Phillips
",0,0.0,677,6357,"3,73"
133217,"Richard McGuire
",1,0.0,1276,7748,"4,16"
82244,"Lacey Alexander
",0,,1116,13606,"3,68"
21172,"Lawrence Schiller
",1,0.0,290,4318,"3,61"
175035,"Simone van der Vlugt
",0,877.0,1634,21519,"3,56"
4461106,"Luke Pearson
",1,14.0,2253,19354,"4,18"
54208,"John Edward Douglas
",1,0.0,2555,43623,"4,04"
5741473,"Thomas Siddell
",1,14.0,647,12758,"4,32"
71155,"Austin Grossman
",1,0.0,3168,19603,"3,59"
11214,"Mary Gaitskill
",0,0.0,3174,27651,"3,74"
6878170,"Lisa Jey Davis
",1,0.0,25,84,"4,75"
7364393,"S.K. Dinning
",1,14.0,16,101,"3,75"
5625577,"Dusty Crabtree
",0,0.0,50,92,"4,07"
6469080,"Alicia Michaels
",1,,1144,8709,"3,84"
6464662,"Chinelo Okparanta
",0,765.0,934,6019,"3,97"
40202,"Dick Lehr
",1,0.0,779,8218,"3,79"
688826,"Kate Pearce
",0,14.0,3546,30196,"3,84"
6452152,"Leigh Talbert Moore
",1,0.0,1302,10181,"3,86"
18686,"Craig Clevenger
",1,0.0,751,12548,"3,94"
4983116,"Shannon Dittemore
",0,,536,2473,"4,02"
37171,"Aphrodite Jones
",0,0.0,381,7499,"3,96"
54970,"Paul Feig
",1,0.0,848,7936,"3,8"
5771399,"Jillian Lerner
",0,8.0,7,15,"3,6"
21618,"Raina Telgemeier
",1,0.0,25097,340158,"4,22"
60589,"Karen Horney
",1,127.0,251,3833,"4,16"
5252348,"Tiffany Truitt
",0,0.0,453,4449,"3,76"
15035,"Gregg Olsen
",1,0.0,5171,53052,"3,82"
97199,"George O'Connor
",1,,3080,25681,"4,04"
552384,"Ivan Pavlov
",1,110.0,3,138,"4,12"
1120685,"Kate  Rigby
",1,,221,362,"4,17"
5399365,"Kathleen Alcott
",0,0.0,505,3407,"3,54"
87306,"Karen Miller
",1,8.0,2992,61153,"3,73"
9915,"Ann Packer
",0,0.0,4097,34783,"3,38"
105562,"Linda Olsson
",0,1.0,1774,10010,"3,68"
8583937,"Mia Alvar
",1,1796.0,388,2610,"4,06"
6511338,"Kevin  Moore
",1,,22,80,"3,89"
7623849,"Virginia M. Axline
",1,0.0,415,10693,"4,15"
9788934,"Lenora Bell
",0,,1167,7180,"3,86"
74506,"Melissa Senate
",1,0.0,1800,26394,"3,58"
3099070,"Bill Clegg
",1,,4061,28286,"3,8"
36347,"Vendela Vida
",0,0.0,2347,13439,"3,48"
23992,"Peter Maas
",1,0.0,540,10271,"3,92"
5775596,"Larry Bjornson
",1,0.0,83,241,"4,05"
3335,"Alice  Miller
",0,681.0,1049,17953,"4,1"
1083757,"Jonathan Evison
",1,0.0,3549,21546,"3,59"
2802356,"Hergé
",1,32.0,6445,251206,"4,02"
6573921,"Lucia  Adams
",0,0.0,43,238,"4,04"
50325,"Thomas de Quincey
",1,133.0,779,9621,"3,37"
30757,"Tom McCarthy
",1,14.0,3072,21488,"3,37"
16166,"Elliot Aronson
",1,0.0,1086,23786,"4,03"
4302108,"Dina Kucera
",0,0.0,128,1073,"3,82"
6498645,"Terri Favro
",0,8.0,83,250,"3,94"
9290,"Jack Olsen
",1,0.0,936,12449,"3,97"
815278,"Lincoln Peirce
",1,0.0,5478,168927,"4,32"
3297217,"Deborah Swift
",1,14.0,661,3155,"3,85"
3053826,"Michael  Anthony
",1,0.0,55,399,"3,64"
183479,"Susan  Barker
",0,14.0,788,4558,"3,74"
2852315,"Claire Fuller
",0,14.0,4385,29927,"3,63"
102062,"Carl R. Rogers
",1,0.0,341,15533,"4,14"
710888,"Christian Cameron
",1,0.0,985,15930,"4,32"
4540172,"Jennifer Close
",0,,5424,51513,"3,23"
15613183,"Robinne Lee
",0,,1006,3962,"4,19"
30891,"Clifford Stoll
",1,,690,8861,"4,15"
93757,"Helen Phillips
",1,,820,4441,"3,38"
2867678,"Anhoni Patel
",0,0.0,5,45,"3,38"
12676,"Heather O'Neill
",0,8.0,3542,31118,"3,9"
87209,"Richard Zimler
",1,0.0,741,6429,"3,94"
482295,"David Vann
",1,0.0,2408,13204,"3,58"
51490,"Harold Schechter
",1,0.0,3233,39184,"3,71"
4703645,"Kate Lord Brown
",1,14.0,400,2626,"3,71"
33949,"Francine du Plessix Gray
",0,681.0,1172,61671,"3,95"
134964,"Eric Clapton
",1,14.0,1389,21414,"3,84"
57798,"Robert Wright
",1,,2064,24431,"4,02"
98880,"Molly Ivins
",1,0.0,483,7813,"4,1"
14493999,"S.C. Sterling
",1,0.0,50,263,"3,79"
4408937,"Paul Murray
",1,79.0,2739,21455,"3,71"
4780234,"S.J. Parris
",0,14.0,1937,19782,"3,9"
5148629,"Taylor M. Polites
",1,0.0,277,1399,"3,22"
1022900,"Gavin MacLeod
",1,0.0,69,394,"3,65"
3276202,"Ottessa Moshfegh
",0,0.0,7296,48386,"3,61"
13597,"Marissa Moss
",1,0.0,1693,21174,"3,98"
8179815,"Christopher Scotton
",1,0.0,1372,7724,"4,09"
44085,"Elena Ferrante
",0,814.0,30934,342255,"4,13"
5251266,"Lee  Taylor
",1,8.0,38,313,"3,62"
3212743,"Ben Hatke
",1,0.0,5003,48656,"4,13"
5820388,"Sheryn MacMunn
",1,0.0,93,813,"3,64"
215765,"Jami Attenberg
",1,0.0,5097,37642,"3,45"
6459705,"Louisa Hall
",1,,707,3855,"3,55"
13799,"Paul Ekman
",1,0.0,521,10712,4
166614,"Frank Cammuso
",1,0.0,707,10080,"4,03"
1985179,"Leah Brooke
",1,,882,28415,"4,04"
6433264,"Marquita Valentine
",0,0.0,4475,35617,"3,91"
7305,"Mary McCarthy
",0,0.0,1703,18094,"3,71"
3038151,"Archie Comics
",1,0.0,579,12504,"4,19"
197865,"Richard Lloyd Parry
",1,14.0,1875,14902,"3,83"
1830698,"R.G. Alexander
",0,0.0,3140,38099,"3,98"
17277776,"Aashna K.
",0,,29,59,"4,47"
4436873,"R.D. Laing
",1,894.0,381,8155,"4,06"
7273843,"Dina Di Mambro
",0,0.0,45,374,"3,49"
114722,"Spike Milligan
",1,581.0,881,20011,"4,01"
15865,"William James
",1,0.0,767,16407,"4,01"
3232449,"Naima Simone
",0,0.0,2113,8429,"3,9"
4112359,"Christina Courtenay
",1,14.0,578,3307,"3,75"
36276,"Ursula Vernon
",0,0.0,3682,30020,"4,18"
117884,"Eric Shanower
",1,0.0,2699,63785,"4,08"
7210172,"Cheryl Lee Petro
",1,8.0,14,75,"4,17"
7008472,"Mellini Kantayya
",1,0.0,17,46,"4,28"
6463048,"Anne Sweazy-Kulju
",1,0.0,50,103,"4,3"
16495848,"Juliette Poe
",0,,894,2856,"4,09"
6450490,"Bev Spicer
",0,14.0,60,144,"4,01"
489648,"Marie Bostwick
",0,0.0,3171,24848,4
6545553,"T.R. Heinan
",1,0.0,30,197,"3,7"
12441,"Ori Brafman
",1,254.0,1610,24306,"3,78"
9788932,"Alexandra Kleeman
",1,,656,4061,"3,28"
91589,"Joseph D. Pistone
",1,0.0,257,6498,"3,97"
5404227,"Marie Macpherson
",0,14.0,51,85,"4,4"
9761937,"Val Brelinski
",0,0.0,354,1696,"3,72"
5819761,"Michael  Morris
",1,,242,1514,"3,7"
217759,"Elisa Albert
",0,0.0,1075,6509,"3,53"
469075,"Jason Shiga
",1,0.0,1521,9878,"3,73"
12456,"Thomas A. Harris
",1,,388,15307,"3,73"
6568981,"J.J. Hensley
",1,0.0,146,471,"4,21"
5386283,"Karen Ann Hopkins
",0,0.0,1449,13556,"4,05"
7055470,"Prescott Lane
",0,0.0,1790,6849,"4,03"
234724,"Damien Echols
",1,0.0,1388,10703,"4,01"
5094344,"Charlotte Rogan
",1,,3596,22461,"3,19"
6067088,"Travis Casey
",1,0.0,56,301,"4,33"
13741856,"Paige P. Horne
",0,0.0,313,649,"4,45"
407963,"Adam Carolla
",1,0.0,1566,17173,"3,74"
5686,"Tony Hawks
",1,14.0,1152,21074,"3,75"
5294761,"Sandi Tan
",0,6152.0,160,695,"3,46"
31631,"B.F. Skinner
",1,0.0,565,9953,"3,67"
3874378,"Sara      Taylor
",0,0.0,695,2895,"3,54"
137095,"Donna Ball
",1,,2170,21464,"4,03"
6478179,"Lynelle Clark
",1,149.0,32,105,"3,81"
600253,"Ruth Tenzer Feldman
",0,0.0,137,780,"3,92"
45687,"Doug TenNapel
",1,0.0,3366,34917,"4,02"
1362939,"Bruce Campbell
",1,0.0,1260,18476,"3,94"
223088,"Tony Hays
",1,0.0,165,652,"3,66"
5368636,"Claire Vaye Watkins
",0,0.0,1771,10572,"3,6"
4774429,"Tara Chevrestt
",0,0.0,248,529,"4,07"
6903411,"Glenna Maynard
",0,0.0,1819,8700,"4,06"
49417,"Kris Radish
",0,0.0,2521,14650,"3,49"
9899961,"M.E. Carter
",1,,2005,11208,"4,01"
21004,"Grace Metalious
",0,0.0,934,10107,"3,72"
4939125,"Olaf Olafsson
",1,,412,2767,"3,52"
27372,"Kazu Kibuishi
",1,118.0,16838,196888,"4,29"
10917,"Stephen Fry
",1,14.0,10920,130039,"3,96"
44924,"Robert K. Ressler
",1,0.0,479,7872,"4,04"
257934,"Rachel Hauck
",0,0.0,7767,69648,"3,94"
428923,"Jonah Lehrer
",1,0.0,3971,70041,"3,79"
4640495,"Carolyn Steele
",0,14.0,56,146,"4,37"
51027,"Whitney Otto
",0,0.0,712,6868,"3,56"
8788,"Erich Fromm
",1,127.0,4304,79186,"4,08"
2766469,"Rachel Renée Russell
",1,,11330,238398,"4,32"
14151380,"Andrea  Johnston
",0,,834,2901,"4,24"
14482,"Diane Haeger
",0,0.0,789,14017,"3,84"
15016763,"Alyson Santos
",1,,1038,3968,"4,27"
6953434,"Melanie Marchande
",1,,1535,20291,"3,64"
6749587,"Michelle Knight
",0,2618.0,2273,20195,"4,13"
319345,"Mat Johnson
",1,0.0,1638,10192,"3,63"
4945190,"David McRaney
",1,,2022,29192,"3,88"
8359,"Miriam Toews
",0,8.0,5291,51853,"3,75"
88301,"Elin Hilderbrand
",0,0.0,41855,548798,"3,82"
40648,"Ellen DeGeneres
",0,0.0,8291,107541,"3,71"
68992,"Ali Smith
",0,894.0,11162,97417,"3,69"
1501041,"Rebecca Dean
",0,14.0,474,2724,"3,55"
3033809,"Jorge Aguirre
",1,0.0,652,9634,"4,04"
16839,"James Thurber
",1,0.0,3925,37779,"3,96"
7209,"J. Maarten Troost
",1,877.0,3992,42562,"3,83"
11166,"Kate Summerscale
",0,14.0,3337,24028,"3,41"
7680,"Eugene O'Neill
",1,0.0,1844,59002,"3,96"
215013,"Sara Varon
",1,0.0,2388,22169,"3,93"
4384611,"Kristina McMorris
",0,0.0,3484,19983,"3,84"
121027,"Mara Leveritt
",0,0.0,701,8201,"4,12"
12064,"Jean Piaget
",1,1155.0,117,4936,"3,99"
4025591,"Saladin Ahmed
",1,0.0,3073,18737,"3,7"
2751666,"DeAnna Cameron
",0,0.0,199,648,"3,74"
6994777,"Jams N. Roses
",1,14.0,240,1234,"3,82"
24902,"Kelly Link
",0,0.0,17987,129923,"3,77"
2956496,"Kathy Griffin
",0,0.0,1966,39347,"3,76"
474991,"Christiane F.
",0,127.0,882,23547,"4,17"
171079,"Michael Crummey
",1,8.0,1820,12403,"3,83"
38328,"P. Craig Russell
",1,0.0,10627,260183,"4,34"
56977,"Melvin Burgess
",1,14.0,2418,30443,"3,69"
1914334,"André Alexis
",1,3562.0,2286,17311,"3,77"
5213951,"Barry Finlay
",1,8.0,98,555,"4,15"
5076,"Luanne Rice
",0,0.0,6928,98684,"3,85"
787031,"Garth Risk Hallberg
",1,0.0,2206,12644,"3,41"
45115,"Mary Sharratt
",0,0.0,1574,10350,"3,79"
678030,"Jeffrey Zaslow
",1,,18589,279052,"4,21"
1187587,"Christine Blevins
",1,0.0,266,1655,"3,56"
5406182,"Jessica Therrien
",0,0.0,617,2610,"3,75"
12465,"Joseph Wambaugh
",1,0.0,2175,44870,"3,95"
2955,"Anthony Kiedis
",1,0.0,2372,54619,"4,1"
61248,"Robert Graysmith
",1,0.0,918,18760,"3,84"
22485,"Jacqueline Susann
",1,0.0,3500,57314,"3,72"
2824712,"James Hannaham
",1,0.0,959,5461,"3,77"
5334470,"Mary Hart Perry
",0,0.0,199,1044,"3,63"
217172,"Carol S. Dweck
",0,0.0,5167,54789,"4,07"
26076,"Kathryn Harrison
",0,,2307,21783,"3,47"
93012,"Olivia Goldsmith
",0,0.0,1034,28340,"3,74"
4570807,"Abraham H. Maslow
",1,0.0,256,8241,"4,17"
13800950,"Jessica Gadziala
",0,0.0,7789,75463,"4,29"
7213961,"Tia Louise
",0,,6631,34073,"3,99"
45967,"Dora Levy Mossanen
",0,254.0,463,3016,"3,26"
4086369,"Roberta Rich
",1,0.0,1603,13087,"3,59"
184459,"Cece Bell
",1,0.0,6968,58201,"4,11"
8674,"Konrad Lorenz
",1,856.0,343,5233,"4,11"
75395,"Patricia Gaffney
",0,0.0,2356,36784,"3,81"
104943,"David Sheff
",1,0.0,4465,49758,"4,06"
6957,"Barry Schwartz
",1,0.0,1472,26010,"3,83"
3431863,"Lainey Reese
",0,0.0,1342,19793,"4,01"
14924773,"Asaad Almohammad
",1,2232.0,87,568,"3,85"
130345,"Jude Morgan
",1,14.0,1003,5721,"3,77"
10758,"Nikki Sixx
",1,0.0,3615,56355,"4,14"
8532549,"Jennifer Blackwood
",0,0.0,2233,11789,"3,72"
1715786,"Regina O'Melveny
",0,0.0,638,2679,"2,92"
2729597,"Donna Russo Morin
",0,0.0,309,11873,"3,83"
124526,"Philip G. Zimbardo
",1,0.0,1136,19951,"3,9"
7884394,"T.L.  Smith
",0,53.0,3849,19129,"4,06"
410154,"Robin Palmer
",0,0.0,1226,11178,"3,63"
1501668,"Alan W. Watts
",1,14.0,3074,57449,"4,23"
122676,"Bhikkhu Bodhi
",1,12653.0,188,4808,"4,43"
18146950,"K Chess
",0,0.0,17,38,"4,11"
3046553,"Eric M. Black
",1,,11,23,"4,65"
33505,"John Birmingham
",1,14.0,1972,26674,"3,85"
5822342,"KaraLynne Mackrory
",0,0.0,482,3140,"4,1"
16893,"MacKinlay Kantor
",1,0.0,469,8210,"4,06"
17727060,"Samantha Heuwagen
",0,,13,39,"4,72"
5103,"Newt Gingrich
",1,0.0,1686,17459,4
19475,"Katherine Kurtz
",0,0.0,1326,62745,"3,99"
6429917,"Jade Kerrion
",0,,1189,3429,"4,18"
1077166,"Taylor Anderson
",1,0.0,1511,28270,"4,14"
5783095,"Alison Morton
",0,,294,698,"4,13"
86949,"Robert Cowley
",1,0.0,407,4866,"3,74"
169468,"Richard Dreyfuss
",1,0.0,159,1783,"3,72"
20058,"Steven Barnes
",1,0.0,1868,33049,"3,81"
52342,"Ward Moore
",1,0.0,368,3542,"3,71"
8342063,"Jack Goodwind
",1,,12,75,"4,35"
7798899,"T.I. Lowe
",0,,696,4727,"4,37"
2935695,"Joanne Bischof
",0,,1540,4505,"4,38"
191681,"Joseph F. Girzone
",1,259.0,911,9863,"4,04"
6779,"Sharon Hinck
",0,,393,3059,"4,1"
3016386,"Lynnette Bonner
",0,1295.0,806,6633,"4,2"
70495,"Denise Hunter
",0,,6102,45299,"4,06"
5815249,"Hallee Bridgeman
",0,,1123,6029,"4,28"
41954,"Robin Jones Gunn
",0,0.0,4829,97205,"4,3"
1224900,"Beth Wiseman
",0,,3836,31204,"4,26"
113328,"Elizabeth Jane Howard
",0,14.0,2330,21673,"4,03"
226183,"Elizabeth Speller
",0,14.0,799,4602,"3,67"
470018,"Cindy Bauer
",0,0.0,10,70,"4,14"
67389,"Phillip Rock
",1,0.0,459,3067,"3,77"
68904,"Kathleen Fuller
",1,0.0,2754,18323,"4,26"
54106,"Susan May Warren
",1,,6708,52767,"4,14"
194929,"Cora Harrison
",0,79.0,1237,8072,"3,81"
16649,"Henry Green
",1,14.0,593,5623,"3,6"
4452728,"Ruth  Reid
",0,,1112,4745,"4,31"
4909104,"Jane Sanderson
",0,14.0,194,1705,"3,7"
8759,"Julian Fellowes
",1,2218.0,5045,38278,"3,74"
2051832,"Jacky Hyams
",1,14.0,183,2102,"3,68"
3331118,"Kelly Irvin
",0,0.0,1339,4936,"4,26"
189368,"Monica Dickens
",0,14.0,539,4949,"3,82"
4812450,"Emily Ansara Baines
",0,,179,1545,"3,98"
20524,"Anthony Trollope
",1,14.0,7217,94170,"3,94"
2384411,"Darren Littlejohn
",1,0.0,23,425,"3,92"
161395,"Amanda Mackenzie Stuart
",1,,212,1843,"3,75"
6913760,"Tanya Eavenson
",0,,159,443,"4,39"
1274765,"Sally E. Svenson
",1,0.0,5,38,"4,18"
515,"Steve Hagen
",1,0.0,511,7218,"4,1"
73528,"Noah Levine
",1,0.0,572,6442,"3,92"
169869,"Padmasambhava
",1,1543.0,198,3416,"4,09"
125786,"Robert Whitlow
",1,,1983,21528,"4,13"
15500,"Cheri Huber
",0,,341,4050,"4,18"
73115,"Dinty W. Moore
",1,0.0,532,3764,"3,9"
246438,"Isabel Colegate
",0,14.0,136,919,"3,61"
2119605,"Steve Cioccolanti
",1,12780.0,45,206,"4,14"
55728,"Matthieu Ricard
",1,86.0,865,10418,"4,15"
5217,"George Bernard Shaw
",1,79.0,4557,155377,"3,91"
73531,"Ajahn Chah
",1,12780.0,128,1707,"4,41"
3892325,"D.T. Suzuki
",1,118.0,692,16334,"4,06"
522,"Charlotte Joko Beck
",0,0.0,416,7364,"4,22"
9074,"Thich Nhat Hanh
",1,7980.0,10517,167653,"4,27"
3223459,"Jessica Fellowes
",1,,1731,13381,"3,95"
292341,"Tsangnyön Heruka
",1,5439.0,84,1658,"4,3"
157708,"K.M. Peyton
",1,14.0,582,8000,"4,01"
28647,"Sakyong Mipham
",1,581.0,611,8206,"4,08"
17208,"Sharon Salzberg
",0,0.0,982,14096,"4,19"
5051193,"Patricia Leever
",0,,77,324,"3,6"
3904620,"Vita Sackville-West
",0,133.0,892,8464,"3,97"
3008434,"Deb Hosey White
",0,,50,303,"3,8"
362020,"Brad Warner
",1,0.0,933,11088,4
11653,"Patrul Rinpoche
",1,,68,2321,"4,39"
51606,"L.P. Hartley
",1,14.0,1320,14035,"3,87"
3054679,"Elyse Salpeter
",0,0.0,111,389,"4,2"
11624,"Nancy Mitford
",0,14.0,3005,32532,"3,87"
59975,"Eugen Herrigel
",1,127.0,488,9127,"4,03"
281754,"Milarepa
",1,5439.0,26,398,"4,44"
172897,"Nisargadatta Maharaj
",1,581.0,204,4585,"4,51"
138207,"Deepak Chopra
",1,581.0,7686,141806,"4,01"
14068095,"Kris Hack
",1,,106,211,"4,29"
5371253,"Sakshi Chetana
",1,,21,91,"4,73"
120835,"Ajahn Brahm
",1,14.0,701,7077,"4,28"
7114860,"Sharon Kay
",0,0.0,776,2680,"4,16"
9834164,"Henepola Gunaratana
",1,904.0,780,12408,"4,22"
59705,"Jack Kornfield
",1,0.0,2241,39609,"4,2"
14525,"Ram Dass
",1,,1467,32623,"4,24"
232211,"Dzongsar Jamyang Khyentse
",1,12847.0,317,4258,"4,14"
224336,"Philip Kapleau
",1,0.0,142,5212,"4,12"
3161782,"Natasha Solomons
",0,,3792,25872,"3,74"
29133,"Chögyam Trungpa
",1,5439.0,1023,21594,"4,26"
6869945,"Fiona Carnarvon
",0,14.0,2597,18010,"3,63"
8635258,"Kristi Ann Hunter
",0,,2759,14342,"4,04"
29132,"Śāntideva
",1,581.0,142,5415,"4,32"
8409136,"Amanda G. Stevens
",0,0.0,349,974,"4,09"
17283584,"Rachel Fordham
",0,,189,314,"4,27"
101301,"Tara Brach
",0,,856,14346,"4,25"
13544350,"Jessica R. Patch
",0,0.0,627,1825,"4,51"
2931393,"Kimberley Woodhouse
",0,,1230,4722,"4,08"
11798,"Stephen Batchelor
",1,14.0,823,11610,"4,04"
17521786,"Lynn H. Blackburn
",1,0.0,368,844,"4,4"
5446913,"Paula Weston
",0,53.0,1952,18099,"4,14"
3490829,"Erica Vetsch
",0,,1105,3969,"4,23"
14134437,"Connilyn Cossette
",0,0.0,1272,5298,"4,47"
3506785,"Vannetta Chapman
",0,0.0,3658,20448,"4,14"
2754194,"Michelle Griep
",1,0.0,2169,6774,"4,03"
27788,"Tracie Peterson
",0,,8479,125430,"4,05"
60281,"Sogyal Rinpoche
",1,5439.0,634,22508,"4,22"
153441,"Kathleen Y'Barbo
",0,0.0,1482,6214,"3,93"
3039394,"Ronie Kendig
",0,,2174,12649,"4,34"
1922565,"Suzanne Woods Fisher
",0,0.0,3836,29634,"4,24"
6913856,"L.G. Castillo
",0,0.0,758,4469,"3,89"
17195825,"Lindsay A. Franklin
",0,,160,312,"4,25"
4053429,"Susan Sleeman
",0,,1492,5504,"4,27"
118456,"Janice  Thompson
",0,,3292,30987,"3,84"
62707,"Shunryu Suzuki
",1,118.0,1105,32444,"4,24"
7045571,"Karen   Barnett
",0,,573,1237,"4,22"
5814224,"Jennifer Delamere
",0,0.0,569,1709,"3,82"
221833,"Joel C. Rosenberg
",1,0.0,6670,76100,"4,29"
4715219,"Catherine   West
",0,12926.0,797,2356,"4,18"
62999,"Angela Elwell Hunt
",0,0.0,4845,50908,"4,13"
7913140,"Rachel Dylan
",0,,770,2410,"4,19"
14165949,"Rachel McMillan
",0,8.0,790,1871,"3,71"
280382,"Courtney Walsh
",0,0.0,1349,6693,"4,15"
42851,"John McCain
",1,12933.0,1253,10223,"3,89"
408638,"Geri Halliwell
",0,14.0,122,1729,"3,67"
4488054,"Roseanna M. White
",0,,2906,13675,"4,22"
2799806,"Jill Eileen Smith
",0,0.0,1674,13963,"4,13"
15808130,"Lindsay Harrel
",0,,328,763,"4,03"
5042181,"Beth K. Vogt
",0,0.0,968,3234,"4,1"
1091207,"Lynette Eason
",0,0.0,5559,48150,"4,24"
2970435,"Anne Merton Abbey
",1,0.0,12,115,"4,25"
19838,"Jerry Seinfeld
",1,0.0,1169,12692,"3,72"
97710,"Irene Hannon
",0,,5278,54195,"4,19"
102967,"Donna Gillespie
",0,0.0,208,2542,"4,16"
6880615,"Shannon A. Thompson
",0,0.0,468,1404,"4,05"
2982825,"Jenna Elizabeth Johnson
",0,0.0,1159,12189,"3,97"
1036517,"Taylor Swift
",0,0.0,131,4056,"4,66"
129036,"Joan Rivers
",0,0.0,1092,7496,"3,46"
162726,"Tricia Goyer
",0,0.0,3296,19603,"4,16"
209546,"Aubrey Rose
",0,,1626,15948,"3,64"
4700469,"Amy  Maurer Jones
",0,0.0,122,669,"3,79"
4648669,"Amanda Havard
",0,0.0,223,1166,"3,83"
81639,"DiAnn Mills
",0,0.0,2402,20933,"4,05"
5197636,"Katie Ganshert
",0,0.0,2702,14996,"4,25"
95409,"Cathy Cash Spellman
",0,0.0,160,1598,"4,06"
7088116,"K.N. Lee
",0,0.0,1795,9192,"3,82"
3346176,"Melissa Rivers
",1,0.0,487,3140,"3,69"
247470,"Carrie Turansky
",0,0.0,1545,6823,"3,93"
6929011,"Melissa Jagears
",1,0.0,1872,9063,4
13916081,"Jaime Jo Wright
",0,0.0,982,2633,"4,05"
7075143,"Carla Laureano
",0,,697,2747,"4,07"
6548857,"Teal Haviland
",0,0.0,31,105,"3,88"
3513697,"Mesu Andrews
",0,0.0,1319,7706,"4,31"
5570720,"Debbie Behan
",0,53.0,14,28,"4,29"
22042,"Susan Carroll
",1,0.0,979,13986,"3,83"
4763975,"Angela Lovell
",0,0.0,42,301,"3,26"
5765468,"Jen Turano
",0,,3976,21433,"4,07"
1974,"Rosalind Laker
",1,14.0,720,9087,"3,95"
274735,"Rebecca Ryman
",1,581.0,132,1423,"4,05"
391476,"Jennifer Love Hewitt
",0,0.0,212,1120,"3,13"
6375,"Celeste De Blasis
",0,0.0,253,3538,"4,29"
160567,"Naomi Campbell
",1,14.0,26,178,"2,85"
3221509,"Valerie Fitzgerald
",0,581.0,156,1428,"4,12"
3152329,"Colleen Vanderlinden
",0,4454.0,622,8899,"4,03"
49609,"Lisa Clark
",1,14.0,34,611,"4,28"
351681,"Cathy Gohlke
",0,,1337,8277,"4,14"
38138,"Judith Merkle Riley
",0,0.0,982,10831,"3,99"
13902004,"Michael Pang
",1,238.0,44,135,"3,64"
2869632,"Candy Spelling
",0,0.0,155,1088,"2,67"
42378,"Gwen Bristow
",0,0.0,1121,11672,"4,06"
16430142,"Christi Stallard
",0,,18,47,"4,17"
1163390,"Tori Spelling
",0,0.0,3057,30377,"3,61"
45191,"Karleen Koen
",1,0.0,1673,19676,"3,93"
7211325,"Carrigan Richards
",0,0.0,105,236,"4,22"
7237199,"Jan Harman
",1,,43,70,"3,76"
5298259,"Becky Wade
",0,0.0,3732,21435,"4,2"
4958441,"Kris Jenner
",0,0.0,367,3647,"3,52"
13747,"George W. Bush
",1,0.0,3845,42246,"3,86"
5275947,"Dani Pettrey
",0,,4064,33799,"4,25"
8687,"Roberta Gellis
",0,,777,16071,"3,98"
2578437,"Jocelyn Green
",1,0.0,1524,6529,"4,29"
387136,"Lynne Spears
",1,0.0,217,1694,"3,32"
7294,"Susan Howatch
",0,14.0,1826,33707,"4,07"
6905688,"Miranda Rae Carter
",1,8.0,24,45,"4,42"
1331533,"Pérez Hilton
",1,0.0,113,522,"2,98"
4885418,"Tyra Lynn
",1,0.0,104,1011,"3,83"
7078761,"H.M.C.
",1,53.0,74,209,"4,32"
74511,"Nicole Richie
",0,0.0,396,3854,"3,24"
401053,"Hilary Duff
",0,0.0,2290,18724,"3,56"
1043099,"Mary-Kate Olsen
",0,0.0,106,1783,"3,95"
4443544,"Jenni ""Jwoww"" Farley
",0,,68,688,"3,38"
1823273,"Tila Tequila
",0,6152.0,7,80,"2,96"
163130,"Jeffrey Toobin
",1,0.0,4477,34596,"4,04"
31107,"Diana Preston
",0,14.0,463,3785,"3,97"
4147315,"Mike ""The Situation"" Sorrentino
",1,0.0,31,102,"2,45"
37795,"Don Winslow
",1,0.0,9292,97007,"4,09"
245368,"Tim Crothers
",1,,498,2958,"3,87"
30074,"Tim Pat Coogan
",1,79.0,264,4494,"3,97"
7153840,"Isabella Modra
",1,53.0,123,327,"4,02"
218598,"Anthony Grey
",1,14.0,182,1773,"4,18"
272424,"Michael Hastings
",1,0.0,471,3600,"3,76"
38652,"Marcus Sakey
",1,0.0,5979,73890,"3,96"
7150857,"Angel Sefer
",0,750.0,183,750,"4,25"
13857001,"Isabel Curtis
",1,,26,118,"3,54"
5092,"Robert J. Randisi
",1,0.0,701,6346,"3,88"
4810094,"Kiersten Fay
",0,,1027,9035,"3,97"
110306,"Jeanne Marie Laskas
",0,0.0,1233,6616,"4,02"
7079,"Ben Fountain
",1,0.0,3863,30000,"3,82"
86241,"Edna Ferber
",0,0.0,1413,13543,"3,95"
7142445,"Peter  Swanson
",1,0.0,11934,91766,"3,89"
5828897,"James Bowen
",1,14.0,5387,44971,"4,04"
5799428,"Michael J. Tougias
",1,0.0,1035,7073,"3,94"
6841,"Liz Tuccillo
",0,,4225,64824,"3,61"
5342951,"Jeanne Ryan
",1,,2989,18309,"3,4"
6526584,"M.L. Stephens
",1,0.0,241,702,"4,19"
65135,"Daniel Woodrell
",1,0.0,6193,46310,"3,82"
6912759,"Brandt Legg
",1,0.0,1125,9917,"3,87"
3390621,"Leila Sales
",0,0.0,5687,37304,"3,82"
2941486,"Stephanie Osborn
",1,,95,877,"4,03"
1996867,"Nancy Jensen
",0,0.0,654,3520,"3,31"
594951,"Lena Coakley
",1,0.0,924,4328,"3,68"
122302,"Anne Ursu
",1,0.0,3374,26975,"3,81"
146986,"Amy Garvey
",1,0.0,871,7272,"3,6"
7411671,"Tony Brasunas
",1,0.0,20,49,"3,98"
8265649,"Gerri Chanel
",0,,19,81,"3,99"
2905018,"Richard   Mason
",1,14.0,88,920,"3,88"
14721075,"Drew Sera
",1,0.0,1082,3256,"4,54"
7742330,"Jesikah Sundin
",0,0.0,272,554,"4,18"
21007,"Eugenia Kim
",0,0.0,952,6241,"3,8"
13847588,"Tan Twan Eng
",1,2097.0,3513,25278,"4,14"
686103,"Anchee Min
",0,238.0,4277,53922,"3,82"
14754830,"Vann Chow
",1,4592.0,27,136,"3,59"
142410,"Colin Cotterill
",1,14.0,5562,44534,"3,99"
3285599,"Margaret Dilloway
",1,,2047,15315,"3,66"
5847865,"Luo Guanzhong
",1,238.0,621,8478,"4,31"
3462059,"Annelie Rozeboom
",0,877.0,7,42,"3,9"
5109302,"Bonnie S. Calhoun
",1,,417,2040,"3,67"
1644459,"Kaye Dacus
",0,0.0,798,6624,"3,93"
572844,"Jennifer Hudson Taylor
",0,0.0,496,3022,"3,91"
2941381,"Anindita S. Thayf
",1,667.0,140,857,"3,86"
5448455,"Jordyn Redwood
",0,0.0,450,1576,"4,28"
4979194,"R.J. Larson
",0,,467,3699,"4,28"
797102,"Robin Caroll
",0,0.0,1020,4446,"4,14"
830098,"Patrick W. Carr
",1,,1281,10330,"4,28"
128668,"Ji-li Jiang
",0,238.0,1618,11098,"3,72"
279593,"Erynn Mangum
",1,,1349,15096,"4,16"
53024,"Shan Sa
",0,238.0,889,10123,"3,68"
4890077,"Bonnie Ferrante
",0,8.0,134,239,"3,99"
140274,"Sally Laity
",0,,366,2509,"3,92"
2870525,"Candace Calvert
",1,0.0,1329,10184,"4,02"
7524066,"Hong  Mei
",0,238.0,1,10,"4,5"
159447,"Denise Hildreth Jones
",0,0.0,985,8382,"3,9"
163681,"Margaret Brownley
",0,,1754,10224,"4,04"
12046829,"David Joiner
",1,0.0,13,40,"4,33"
9858074,"Liz Durano
",0,,652,2627,"4,02"
6939747,"Lucy Cruickshanks
",0,14.0,63,511,"3,73"
420047,"Maureen Lang
",0,165.0,976,5264,"3,88"
30860,"John Burdett
",1,14.0,2406,22217,"3,76"
5753963,"Margaret Lynette Sharp
",0,53.0,317,584,"3,59"
311723,"Ann H. Gabhart
",0,0.0,2391,12643,"3,99"
3486225,"Nazarea Andrews
",0,,1200,4896,"3,9"
2684108,"Candace Walsh
",0,0.0,154,981,"3,88"
1913011,"Midge Raymond
",0,0.0,365,1413,4
8055,"Ha Jin
",1,238.0,4072,35846,"3,56"
4120927,"Murray Pura
",1,8.0,624,2275,"4,29"
17303430,"Mia  Miller
",0,,193,403,"3,73"
15092970,"Selina Siak Chin Yoke
",0,,444,4631,"4,12"
8378370,"Drew Elyse
",0,0.0,827,8320,"4,29"
168324,"Kathleen Baldwin
",0,0.0,1686,11713,"3,87"
6535623,"Victor Robert Lee
",1,,90,156,"3,69"
7967704,"Oliver Phipps
",1,,180,1293,"3,52"
8565,"Lauraine Snelling
",0,0.0,4507,70456,"4,19"
6429834,"Owen  Jones
",1,14.0,42,273,"4,55"
4494690,"Lynda Renham
",0,14.0,878,11697,"4,08"
975649,"Miralee Ferrell
",0,0.0,1333,5721,"4,13"
5623,"Carol Cox
",0,,972,6774,"3,93"
7730599,"Amalie Silver
",1,0.0,812,3332,"3,84"
773189,"Sandra D. Bricker
",0,0.0,2107,17768,"3,79"
334049,"Sara Backer
",1,0.0,199,989,"3,55"
268304,"Michele Jaffe
",1,0.0,2697,30421,"3,51"
1949873,"Ann Shorey
",1,13572.0,669,4628,"4,02"
12304618,"Riley Jean
",1,0.0,92,275,"3,93"
5289246,"Olivia Newport
",1,,1488,7983,"3,94"
6922565,"Suzanne Redfearn
",0,0.0,559,3261,"3,93"
450867,"Tracy L. Higley
",0,,852,4063,"4,04"
2737308,"Lesli Richardson
",0,0.0,1117,8069,"4,16"
74876,"Mo Hayder
",0,14.0,6953,70100,"3,89"
8393796,"Anupama Sharma
",0,,31,76,"4,2"
590243,"Laurie Alice Eakes
",0,0.0,1545,12583,"3,84"
291620,"Steven Galloway
",1,8.0,3919,29712,"3,98"
6460381,"Ruth Axtell
",1,,358,1811,"3,69"
54552,"Malcolm Bradbury
",1,14.0,1063,11734,"3,92"
7492436,"D. Kelly
",1,0.0,2020,6699,"4,35"
7082754,"Jennifer Theriot
",0,165.0,700,2192,"4,2"
16903,"Christopher Buckley
",1,0.0,5701,51084,"3,78"
14301132,"عمرو خالد
",1,2218.0,754,7552,"3,99"
166104,"Steven Sherrill
",1,0.0,475,3370,"3,71"
5773,"Tim Burton
",1,0.0,2674,44890,"4,21"
6440220,"Golden Angel
",0,0.0,1449,6594,"4,31"
3314165,"أمنية طلعت
",1,2218.0,29,102,"3,51"
70885,"Kate Bernheimer
",0,0.0,1265,7788,"3,74"
6434584,"Mhairi McFarlane
",0,14.0,3683,38376,"3,83"
3409358,"Matthew Inman
",1,,4249,59393,"4,05"
6461519,"C.M. Owens
",1,0.0,8189,116386,"4,4"
2979,"إبراهيم عبد المجيد
",1,2218.0,1434,8876,"3,43"
32674,"Andy Riley
",1,14.0,1040,15949,"4,06"
16051684,"Jennifer Linsky
",0,118.0,31,76,"3,88"
6981617,"John David  Anderson
",1,0.0,2544,11738,"4,14"
7618677,"Virginia Macgregor
",0,127.0,526,2399,"3,83"
1977411,"Avery Monsen
",1,,2041,28071,"4,19"
16341016,"Simon James Green
",1,14.0,402,2041,"3,84"
13452447,"Alex R. Kahler
",1,0.0,227,782,"3,63"
150820,"Hope Larson
",1,0.0,6686,49694,"3,77"
14132438,"Kristy Acevedo
",0,0.0,251,1028,"4,05"
14053196,"Riley Redgate
",1,0.0,1821,7185,"3,9"
25018,"Dashka Slater
",0,,2320,11306,"4,14"
14675561,"F.T. Lukens
",0,,292,1223,"4,13"
13978873,"Cecilia Vinesse
",1,,562,2219,"3,53"
946870,"Nicole Markotic
",1,8.0,18,107,"3,48"
8187427,"Alison   Evans
",1,53.0,228,559,"3,7"
6644108,"Tom   Savage
",1,0.0,443,2658,"3,91"
4919495,"Chris Colfer
",1,0.0,16364,192380,"4,33"
15515654,"Karen Nesbitt
",1,8.0,34,132,"3,56"
36636,"Carla Kelly
",0,0.0,5257,35342,"3,91"
8394519,"Jeff Zentner
",1,,5254,20573,"4,19"
7155040,"Blair Thornburgh
",1,,141,589,"3,56"
65591,"Anne Gracie
",1,,3919,40685,"3,86"
8281047,"Carrie Pack
",0,0.0,148,326,"3,72"
20273,"Jodi Thomas
",1,,4237,48528,"4,08"
13543645,"Emily O’Beirne
",1,53.0,400,1663,"4,23"
15454955,"Melissa Bashardoust
",0,,1356,4970,"3,82"
8294174,"Sonia Belasco
",0,0.0,105,384,"3,86"
132091,"Carolyn Turgeon
",1,0.0,1911,10717,"3,62"
6537142,"Rebecca Podos
",0,0.0,517,2261,"3,55"
360816,"Carrie Mac
",0,8.0,729,4948,"3,66"
13734129,"Julia Ember
",0,0.0,650,1572,"3,73"
259488,"Tracy Anne Warren
",1,,2161,28986,"3,79"
4648324,"Sam J. Miller
",1,0.0,1565,7544,"3,74"
11230592,"C.B. Lee
",1,0.0,1177,4967,"3,95"
6863139,"Amy Rose Capetta
",0,,582,1860,"3,76"
4381074,"Darren Humphries
",1,14.0,185,1939,"4,07"
15906616,"J.C. Welker
",0,,56,113,"4,18"
8382246,"M.T. McGuire
",0,14.0,167,466,"4,13"
10721280,"Kathryn Ormsbee
",0,,881,3375,"3,86"
6880127,"David Staniforth
",1,14.0,355,769,"4,07"
7576208,"Lauren Karcz
",0,,115,539,"3,62"
4400565,"Ruth Lehrer
",1,,115,401,"4,37"
13435165,"Emily Skrutskie
",0,,1222,5432,"3,99"
1966614,"Andrew Barrett
",1,14.0,1203,3775,"4,2"
5441262,"Stuart Ayris
",1,14.0,214,855,"3,84"
7154841,"Jen  Wilde
",0,53.0,2183,7242,"3,88"
186921,"Joanna Maitland
",1,14.0,76,901,"3,48"
165466,"Zizou Corder
",1,,659,10074,"3,85"
937465,"Emma Wildes
",0,0.0,1175,12050,"3,72"
6152084,"Rhea Rhodan
",0,0.0,97,825,"3,86"
1407193,"Rachel Neumeier
",0,,1273,8242,"3,62"
22547,"Nancy Springer
",0,0.0,4448,49342,"3,89"
2869923,"Jill Williamson
",0,0.0,1683,10609,"4,15"
16943,"Norman Maclean
",1,0.0,2066,30842,"4,16"
99482,"Mavis Gallant
",0,8.0,517,3824,"3,91"
4835954,"R.M. ArceJaeger
",0,,261,2653,"3,96"
3116926,"Lene Kaaberbøl
",1,1226.0,5049,63767,"3,73"
17171397,"Emily Strelow
",1,,38,141,"4,18"
7077541,"Alden Jones
",1,259.0,80,856,"3,86"
910997,"Ronna Wineberg
",0,0.0,15,73,"3,78"
95863,"Deborah Ellis
",0,8.0,4921,40593,"3,94"
73187,"Kevin    Wilson
",1,,4567,32543,"3,64"
6872506,"Sally Slater
",0,0.0,542,5708,"4,05"
1412372,"Andrew  Porter
",1,,498,3286,"3,93"
11211660,"Aeyess
",1,0.0,32,211,"3,82"
17564,"Lisa Ann Marsoli
",1,,219,3173,"4,1"
5376,"Jack Vance
",1,0.0,4696,70500,"3,98"
4352895,"Andrew Ashling
",1,,360,2367,"3,93"
27427,"Lydia Davis
",0,0.0,6112,63032,"4,07"
6457598,"Emmaline Andrews
",0,,267,2975,"3,74"
8063818,"Tyler Nals
",1,0.0,43,263,"3,78"
4353662,"Judy Ann Davis
",1,0.0,87,214,"4,16"
220718,"Diane Muldrow
",0,,1552,50423,"4,22"
90075,"Judi Hendricks
",0,0.0,1054,9234,"3,73"
20775,"Jack Prelutsky
",1,0.0,3378,29343,"4,05"
67388,"Forrest Carter
",1,0.0,1662,15180,"4,11"
4404946,"J.M. Barlog
",1,0.0,140,476,"3,93"
991815,"M.B. Weston
",0,,29,147,"4,54"
47406,"W. Michael Gear
",1,0.0,2228,55973,"4,11"
25892,"Thomas King
",1,0.0,2226,21387,"4,06"
47407,"Kathleen O'Neal Gear
",1,0.0,2134,54598,"4,11"
538830,"B.A. Tortuga
",0,,2397,14688,"3,68"
267,"Joy Harjo
",0,0.0,609,5835,"4,18"
54640,"J.P. Bowie
",1,14.0,817,5457,"3,64"
4049430,"Eve Cassidy
",1,0.0,61,428,"3,32"
148613,"Oliver La Farge
",1,0.0,254,3362,"3,75"
29581,"Leslie Marmon Silko
",1,0.0,1918,23948,"3,84"
629566,"Aaron Paul Lazar
",1,0.0,607,2958,"4,02"
1189727,"Carol Lynne
",1,,4475,82317,"3,84"
94917,"Linda Hogan
",0,0.0,663,5918,"4,02"
25283,"Tomson Highway
",1,8.0,328,3839,"3,73"
132923,"Eden Robinson
",0,8.0,1146,9101,"3,95"
2381414,"Lorne Rodman
",1,,98,793,"3,41"
952450,"Diane Wylie
",0,0.0,30,243,"4,09"
119291,"Victor J. Banis
",1,0.0,601,4049,"3,81"
1933178,"Tom Upton
",1,0.0,123,906,"4,03"
3482597,"Kimberly Cain
",0,0.0,12,13,"3,77"
1386480,"Sage Whistler
",1,0.0,116,1447,"3,37"
3114442,"Marlene K. Slade
",1,,10,51,"3,39"
96160,"Lucia St. Clair Robson
",0,,768,7688,"4,23"
3400034,"Eden Cole
",0,0.0,836,10804,"3,36"
4535325,"Keryl Raist
",0,0.0,14,34,"3,85"
2739864,"Addison Albright
",0,0.0,434,1916,"3,71"
976279,"Andrew Demcak
",1,0.0,65,244,"4,2"
1286626,"Teresa D'Amario
",1,0.0,89,851,"3,75"
4553401,"Jerry Hanel
",1,0.0,59,359,"3,64"
34263,"Mary Crow Dog
",0,0.0,331,5034,"3,97"
5244595,"Alesha Escobar
",0,0.0,227,745,4
552953,"Tory Temple
",1,0.0,533,3823,"3,62"
4787929,"Kathi S. Barton
",0,0.0,2782,28585,"4,16"
151703,"Wayson Choy
",1,8.0,382,5837,"3,74"
1407724,"G.M. Malliet
",0,0.0,2738,17088,"3,53"
621283,"Jamie Craig
",0,,811,7380,"3,67"
1305854,"Zahra Owens
",0,32.0,959,6864,"3,69"
2880724,"Lensey C. Hayes
",1,0.0,6,24,"4,54"
5698327,"Robert Mullin
",1,,41,77,"4,23"
1369219,"J. Scott Savage
",1,0.0,1165,12974,"4,05"
1094582,"Eddie Wright
",1,0.0,47,206,"3,79"
4839848,"Rashaad Bell
",1,14294.0,33,198,"3,35"
33295,"Michael Blake
",1,0.0,547,23308,"4,19"
2051713,"William C. Samples
",1,0.0,8,20,"4,4"
4907104,"Cristina Alger
",1,0.0,1726,10606,"3,7"
1426893,"Ann B. Keller
",1,0.0,29,102,"4,55"
4662239,"L.C. Chase
",1,0.0,1510,8453,"3,78"
19956,"Linda Lay Shuler
",1,0.0,319,11402,"4,08"
7032634,"L.E. Harner
",0,0.0,691,6187,"3,74"
2966631,"Laryn Kragt Bakker
",1,8.0,4,11,4
1120626,"Robin Kaye
",0,0.0,1368,16435,"3,88"
32402,"James Welch
",1,0.0,1043,10117,"3,94"
73777,"Rowena Cherry
",1,,64,605,"3,42"
5409576,"Autumn Christian
",0,0.0,150,485,"4,12"
6423291,"Gabrielle Poplar
",0,,30,41,"3,93"
4384102,"Kelvin O'Ralph
",1,,72,245,"3,36"
5251227,"Donna Barker
",0,8.0,34,83,"4,04"
13984955,"Marie White Small
",0,,18,51,"3,9"
9277972,"Lacy LeRoch
",0,53.0,94,155,"4,32"
8179036,"C.M. Fenn
",0,0.0,36,95,"4,19"
183852,"Laura Miller
",0,0.0,390,1537,"3,77"
88550,"Joseph Boyden
",1,8.0,5179,51002,"4,23"
73340,"Velma Wallis
",0,0.0,1219,7295,"3,98"
7027857,"Blakney Francis
",0,0.0,47,673,"3,8"
6464656,"Scott Blagden
",1,681.0,174,1109,"3,73"
6917662,"S.  Rose
",1,0.0,29,50,"4,64"
9387,"Michael Dorris
",1,0.0,1817,23358,"3,77"
300129,"Karen Harrington
",0,0.0,1086,6212,4
25891,"Susan Power
",0,,220,2901,"3,96"
6540193,"Stacy Green
",0,0.0,1682,13892,"4,05"
5782479,"Steven Bredice
",1,0.0,6,28,"3,79"
1146028,"Ann Tracy Marr
",1,0.0,4,33,"4,24"
10675,"Kathleen Olmstead
",1,,328,4816,"4,02"
865450,"Ariel Tachna
",0,,1972,13937,"3,7"
5081840,"Francesca Segal
",1,14.0,1165,7622,"3,29"
26735,"Valerie Tripp
",0,0.0,3403,123594,"3,95"
4050842,"Liz Fichera
",1,,677,3852,"3,61"
3110994,"D.W. Marchwell
",1,14364.0,571,4688,"3,71"
21038,"Robb Forman Dew
",0,0.0,273,1479,"3,07"
2737023,"T.A. Chase
",1,0.0,2772,30465,"3,71"
28517,"Thomas Berger
",1,0.0,882,13879,"3,95"
92198,"Sara Pennypacker
",1,0.0,8331,67270,"4,01"
4762686,"Sharon Gerlach
",1,0.0,159,1220,"3,94"
4881761,"Tracy Rozzlynn
",0,14389.0,185,1386,"3,94"
56083,"Jim Davis
",1,0.0,2298,67426,"4,18"
6519,"Erich Kästner
",1,127.0,1280,34656,"4,08"
2644993,"Michael K. Bialys
",1,8.0,10,55,"4,04"
764862,"Janelle Diller
",0,,96,344,"4,24"
10657,"Enid Blyton
",0,14.0,13987,576652,"4,05"
7311265,"J. Tonzelli
",1,0.0,20,124,"4,03"
25205,"Gordon Dahlquist
",1,0.0,1521,10962,"3,49"
8184589,"Billy Wood-Smith
",1,856.0,29,107,"3,93"
6613718,"Leah Konen
",0,0.0,917,7147,"3,7"
698943,"Adrienne Adams
",0,0.0,259,1208,"3,94"
64204,"N. Scott Momaday
",1,0.0,649,10145,"3,76"
6547901,"Elle Jacklee
",1,,32,76,"4,26"
6505947,"Jason  Parent
",1,0.0,859,1780,4
26813,"Al Sarrantonio
",1,0.0,1638,18127,"3,75"
3170422,"Samantha Bruce-Benjamin
",0,14.0,143,538,"3,63"
4368571,"Lenore Wolfe
",1,0.0,74,566,"3,77"
32598,"Keith Giffen
",1,0.0,5019,82794,"3,88"
4719254,"Patricia  Williams
",1,0.0,21,47,"3,87"
12075,"Joan Aiken
",0,14.0,4105,47548,"3,95"
101070,"John Bellairs
",1,0.0,2778,33078,"3,9"
79576,"Gerina Dunwich
",0,0.0,126,2482,"3,8"
79582,"Jean Markale
",1,86.0,102,1666,"3,69"
5141436,"Samuel Snoek-Brown
",1,0.0,72,162,"4,5"
5076958,"Neo Edmund
",1,0.0,138,499,"3,54"
16583953,"Mary  Gray
",0,,241,873,"3,26"
4711014,"Trevor Shane
",1,0.0,163,757,"3,72"
4800397,"Jo Royston
",1,14.0,6,21,"4,1"
4470204,"Laura J. W. Ryan
",0,0.0,33,88,"3,57"
1875994,"J.R. Reardon
",0,0.0,27,101,"3,81"
44885,"Dan Yaccarino
",1,0.0,2750,17511,"3,91"
3583,"Marvin Kaye
",1,0.0,485,5956,"3,93"
4598040,"Haresh Daswani
",1,1796.0,29,69,"4,26"
6021,"Katharine Holabird
",0,0.0,576,15294,"3,95"
6606362,"Grace R. Duncan
",0,0.0,686,3038,"3,69"
8056252,"K.C. Blake
",1,,482,3214,"3,83"
7935185,"E. Nesbit
",0,14.0,5854,121980,"3,95"
6905991,"Niecey Roy
",0,,438,2454,"3,86"
267499,"Nicholas Rogers
",1,8.0,34,258,"3,48"
25031,"Marc Brown
",1,0.0,4689,86803,"4,09"
5815513,"Patrick C. Greene
",1,0.0,197,704,"3,84"
48222,"Silver RavenWolf
",0,0.0,614,15793,"3,74"
43329,"Jeff Brown
",1,0.0,1678,29050,"3,9"
769,"Barbara Park
",0,0.0,10181,217325,"4,01"
6943,"Stephen Jones
",1,14.0,2417,45864,"4,15"
7019990,"Kristin Riddick
",1,0.0,31,87,"4,3"
90077,"Sarah-Kate Lynch
",0,,1664,10180,"3,72"
44926,"David J. Skal
",1,0.0,13596,707775,"3,98"
7825,"Ruth Ozeki
",0,0.0,12045,90707,"3,96"
67031,"Jeanne Ray
",0,0.0,3083,18465,"3,61"
56162,"Norman Partridge
",1,0.0,2010,25886,"3,8"
16218424,"Sara   Alexander
",1,14.0,78,446,"3,64"
13166,"May Sarton
",0,32.0,1267,11565,"4,05"
94838,"Hiawyn Oram
",1,149.0,318,6523,"4,11"
12471,"Otto Penzler
",1,,3141,24506,"3,82"
212530,"Lily Prior
",1,14.0,310,2880,"3,41"
6915386,"Rebecca Raisin
",1,,1202,7664,"3,8"
27881,"James  Marshall
",1,0.0,3980,153461,"4,24"
33359,"John Lanchester
",1,127.0,2983,23596,"3,73"
58564,"Amulya Malladi
",0,581.0,1658,15602,"3,69"
6913817,"Amara Royce
",1,,111,688,"3,49"
109260,"Anthony Capella
",1,2793.0,1147,8087,"3,61"
15948260,"Bob  Eckstein
",1,2347.0,271,961,"4,05"
55603,"Suzanne Strempek Shea
",0,0.0,283,1726,"3,71"
143178,"Christina Rossetti
",0,14.0,876,21057,"4,04"
292656,"Alexandra Potter
",0,14.0,3370,48502,"3,58"
3350660,"Cynthia  Morris
",1,0.0,41,143,"3,75"
537929,"Beth Harbison
",0,0.0,6429,89975,"3,59"
1210526,"Antoine Laurain
",1,86.0,2732,16346,"3,88"
6330,"Diana Abu-Jaber
",0,0.0,1320,8085,"3,67"
9857503,"Elisabeth Egan
",0,0.0,1528,10835,"3,53"
702360,"Erica Bauermeister
",0,0.0,6061,33231,"3,73"
112477,"Marcia Brown
",0,0.0,1751,47093,"4,16"
4897401,"Shelly King
",0,0.0,474,2270,"3,57"
285453,"Marsha Mehran
",0,251.0,839,5760,"3,52"
86097,"Katie Fforde
",0,14.0,5410,77797,"3,75"
12692,"Diana Palmer
",0,810.0,10229,204358,"3,96"
95190,"Chris Grabenstein
",1,0.0,14342,107199,"4,08"
80213,"Ian Sansom
",1,14.0,1296,6687,"3,17"
5181514,"Ali Brandon
",0,0.0,738,5133,"3,92"
169934,"Nicole Mones
",1,,1915,11286,"3,76"
3066198,"Tom Rachman
",1,14.0,7336,55213,"3,56"
17140043,"Elizabeth  Grey
",1,14.0,19,235,"3,95"
369852,"Elizabeth Joy Arnold
",1,0.0,734,4453,"3,59"
4075932,"Danielle Bourdon
",0,0.0,1742,30604,"4,12"
830417,"Charlie Lovett
",1,0.0,4029,22817,"3,74"
6435980,"Grace Marshall
",0,,155,1207,"3,89"
17010346,"Debra Sennefelder
",0,0.0,171,317,"3,99"
7254542,"Louise  Walters
",1,14.0,725,3694,"3,62"
127216,"Cathleen Schine
",1,,4178,22884,"3,26"
5828904,"Adam Glendon Sidwell
",1,0.0,195,696,"4,02"
4449940,"Stephen Blackmoore
",1,0.0,759,6393,"3,87"
505129,"Veronica Henry
",0,14.0,3384,25753,"3,95"
15372062,"Nicole Archer
",0,0.0,757,2703,"4,19"
5184163,"Zachary Rawlins
",1,0.0,114,4179,"3,68"
16979140,"Shaun Bythell
",1,14.0,963,5114,"3,87"
821970,"Paul  Collins
",1,,2048,15182,"3,67"
4968404,"M.R. Merrick
",1,8.0,449,4878,"3,84"
3504189,"Rachel Aaron
",1,0.0,5020,58975,"4,14"
4046931,"Bernadette Marie
",1,,938,16518,"4,02"
137553,"William Joyce
",1,0.0,5677,40247,"4,25"
7205478,"Katarina Bivald
",0,1.0,5779,28735,"3,55"
31019,"Jeremy Mercer
",1,0.0,400,2663,"3,84"
783644,"Laurence Cossé
",0,86.0,782,3901,"3,48"
30802,"Christopher  Morley
",1,0.0,1811,9962,"3,9"
2924803,"Allison Hoover Bartlett
",0,8.0,1865,8457,"3,38"
39272,"Jenny Colgan
",0,14.0,15873,153591,"3,81"
7032815,"Andria Large
",0,0.0,2448,22752,"4,01"
96194,"Lewis Buzbee
",1,0.0,662,3087,"3,75"
695300,"Nina George
",0,127.0,11382,72126,"3,51"
4867331,"Rhi Etzweiler
",1,14690.0,361,1521,"3,83"
4515613,"Rebecca Cohen
",1,,505,2154,"3,71"
4533489,"A.R. Jarvis
",0,0.0,93,814,"3,7"
4765129,"Ann T. Ryan
",0,,172,2045,"3,51"
8573550,"Andrew  Ball
",1,0.0,91,1852,"4,27"
6557939,"Annabelle Jacobs
",0,14.0,1547,6308,"3,72"
2959167,"I.D. Locke
",1,8.0,208,1676,"3,78"
4592125,"Gabrielle Evans
",0,0.0,1025,25083,"3,81"
5008815,"Rick Gualtieri
",1,0.0,1370,23547,"4,05"
3500215,"Joyee Flynn
",1,,2170,59032,"3,81"
6546779,"Elizabeth Finn
",0,0.0,2661,24845,"3,85"
3205604,"Inara Scott
",1,0.0,1236,13297,"3,69"
4366316,"Kari Gregg
",0,0.0,2256,17600,"3,54"
4091571,"Gwenna Sebastian
",0,,40,277,"3,56"
5781497,"Cordelia Kingsbridge
",1,0.0,1984,11044,"4,18"
8314513,"E. William Brown
",1,0.0,775,17371,"4,3"
3525941,"J.A. Jaken
",0,,179,1399,"3,65"
4479520,"Alicia Nordwell
",1,0.0,467,3408,"3,76"
3087007,"Bailey Bradford
",1,,2245,24479,"3,79"
1211464,"Shara Azod
",1,0.0,685,10312,"3,88"
1496494,"D.J. Manly
",1,,1566,13164,"3,64"
4773417,"Tionne Rogers
",1,698.0,136,1063,"4,17"
4095366,"C.B. Conwy
",1,,496,4371,"3,74"
4768200,"B. Justin Shier
",1,0.0,344,10105,"4,08"
5141393,"M.A. Church
",0,0.0,1328,9500,"3,8"
5069337,"B.A. Stretke
",1,,871,13074,"3,83"
12695,"Christina Dodd
",0,0.0,7707,136174,"3,9"
2853933,"Amber Kell
",0,0.0,4917,82238,"3,77"
4253534,"Valentina Heart
",1,8032.0,679,5471,"3,66"
1426987,"Dakota Rebel
",0,0.0,282,2736,"3,52"
1598719,"Gail Koger
",1,0.0,738,6205,"4,05"
1239,"Catherine Coulter
",1,0.0,16666,351781,"3,99"
1003283,"Jill Knowles
",0,0.0,272,2687,"3,73"
217013,"Susan Marie Swanson
",1,,1251,7495,"3,86"
27,"Zilpha Keatley Snyder
",0,0.0,2968,48275,"3,82"
103963,"Margarita Engle
",0,0.0,3865,16962,"4,01"
7200339,"Amy Sumida
",0,0.0,1477,21701,"4,25"
7066235,"Sarah Kay Carter
",0,0.0,227,2969,"4,07"
832647,"Joely Skye
",0,,395,5488,"3,56"
6463076,"Nemo Euler
",1,1226.0,11,45,"3,36"
2047242,"Stephani Hecht
",0,,4063,61651,"3,77"
5783229,"Rose Christo
",1,0.0,900,7605,"4,24"
7417674,"A.S. Oren
",0,0.0,632,6667,"3,85"
3005246,"Rebecca Royce
",1,,4808,26909,"4,03"
122662,"Marla Frazee
",1,0.0,8110,68225,"4,05"
17049444,"Tate  James
",1,66.0,2886,28379,"4,22"
59282,"Eileen Spinelli
",1,0.0,2467,11338,"3,92"
4349456,"Connie Suttle
",0,,2047,46052,"4,18"
4552803,"Toni Griffin
",0,,1325,17060,"3,76"
7256031,"Jane Washington
",0,,3828,52091,"4,29"
1017809,"Joseph Roccasalvo
",1,,6,18,"3,94"
393138,"Lynne Jonell
",0,0.0,967,9215,"3,84"
1817749,"Alec Greven
",1,0.0,126,439,"3,8"
15643705,"Mike Stop Continues
",1,0.0,24,53,"4,34"
12099732,"Dana Elmendorf
",0,0.0,156,753,"3,63"
7328363,"Aldrea Alien
",0,66.0,80,284,"3,87"
6878177,"Zoe Lynne
",1,0.0,69,310,"3,63"
15141636,"J.L. Eck
",1,0.0,23,102,"4,04"
2735638,"M. Andrew Sprong
",1,0.0,4,20,"4,4"
3072442,"Barbara L. Clanton
",0,0.0,26,297,"3,95"
4668238,"Lynn Hagen
",0,,4986,121700,"3,9"
11016,"Alistair Horne
",1,14.0,762,9086,"4,05"
6996754,"Zoe Reed
",1,0.0,216,2184,"4,3"
15292826,"Ellie Douglas
",1,66.0,69,100,"4,44"
884754,"Tamara Bach
",0,127.0,72,614,"3,38"
15340999,"G.E. Kelly
",1,,183,2173,"3,88"
7245062,"Dinah Jefferies
",0,2097.0,2419,20037,"3,79"
536621,"Hope Anita Smith
",0,0.0,185,610,"4,09"
5448290,"Samantha Hale
",0,,57,259,"3,52"
3020553,"Andrea Speed
",1,0.0,2626,14164,4
176156,"Alexander  Grant
",1,,35,197,"4,2"
1769816,"M.H. Herlong
",0,0.0,536,3007,"4,05"
486777,"Jourdan Lane
",0,0.0,468,6356,"3,88"
24901,"Ellen Klages
",0,0.0,3327,22511,"3,88"
11116218,"Eleanor Beresford
",0,53.0,39,284,"3,73"
146538,"Siegfried Sassoon
",1,14.0,473,5999,"4,11"
7377033,"Jane Cousins
",0,53.0,206,1250,"4,09"
5333638,"Marisa Calin
",0,0.0,529,2385,"3,73"
142894,"Janet Taylor Lisle
",1,0.0,927,7068,"3,63"
74640,"Jacqueline Woodson
",0,0.0,23969,151914,"4,02"
7476951,"Siera Maley
",0,0.0,573,6171,"4,04"
4867683,"Kevin Hazzard
",1,,907,7879,"3,88"
6928304,"Suzanne  Sutherland
",1,8.0,103,263,"3,43"
46273,"Candace Fleming
",1,,6404,34511,"3,99"
14951361,"Danny  Johnson
",1,0.0,77,357,"4,16"
13965390,"Alexandra Oliva
",0,,2162,10860,"3,63"
4705977,"K.E. Payne
",0,14.0,213,1367,"3,56"
14220219,"Autumn Reed
",0,,866,11839,"4,18"
518966,"Helen Landalf
",1,0.0,90,401,"3,69"
163328,"Liza Marklund
",0,1.0,3326,47817,"3,64"
879722,"Carol M. Tanzman
",1,,226,992,"3,64"
183472,"E.Michael Helms
",1,0.0,261,479,"4,29"
745063,"Lynn E. Hazen
",0,0.0,92,268,"3,86"
72888,"Åke Edwardson
",1,1.0,1048,13445,"3,6"
2769036,"Michael Northrop
",1,14911.0,2647,12709,"3,49"
5808420,"Stacey Brutger
",0,,901,12759,"4,11"
72887,"Camilla Läckberg
",0,1.0,13114,176937,"3,8"
49193,"Helen Frost
",1,10521.0,3373,17541,"3,91"
6572406,"Maegan Beaumont
",0,0.0,216,1425,"4,08"
182835,"Philip Sington
",1,14.0,180,1297,"3,56"
11187,"Polly Horvath
",0,,2683,18567,"3,71"
6462047,"C.D. John
",0,0.0,2,9,"3,89"
267992,"Lenore Look
",1,,1754,11904,"3,86"
523285,"Karin Alvtegen
",1,1.0,634,7296,"3,61"
283238,"Helene Tursten
",0,1.0,1646,16879,"3,74"
3161,"Sandra Boynton
",0,0.0,5852,170464,"4,18"
678217,"Arne Dahl
",1,1.0,1041,12897,"3,72"
50274,"Sarah Darer Littman
",1,0.0,2656,25072,"4,08"
6996147,"P.D. Viner
",1,14.0,270,1041,"3,45"
463173,"Leslie Connor
",1,0.0,3352,22121,"4,07"
1234979,"Geoff Herbach
",1,,1382,6349,"3,83"
43391,"Thomas Mullen
",1,0.0,2512,14521,"3,78"
24374,"Sandra Scoppettone
",0,0.0,363,3314,"3,76"
4620021,"Jayne Fresina
",1,14.0,757,3920,"3,68"
7769950,"Qwen Salsbury
",0,0.0,553,5405,"3,6"
970554,"Ingrid Law
",1,0.0,4824,56193,"3,99"
16010461,"Lisa A. Baeringer
",0,0.0,5,8,"4,5"
7190350,"Aileen Erin
",0,0.0,2064,35080,"4,15"
6861265,"Arnaldur Indriðason
",1,8221.0,8854,103286,"3,81"
2921810,"Jessica Warman
",0,,2284,16281,"3,82"
4414682,"Laura Goode
",0,,92,805,"3,72"
319940,"Kerstin Ekman
",0,1.0,423,4871,"3,62"
17262171,"C.C. Masters
",1,0.0,463,5746,"4,13"
1686343,"Erin Dionne
",1,0.0,1841,14139,"3,95"
14220737,"Lily Blackwood
",1,,444,1490,"4,02"
8306793,"Jackie Bushore
",0,0.0,45,580,"3,88"
6546,"Per Wahlöö
",1,1.0,3266,45165,"3,9"
161054,"Håkan Nesser
",1,1.0,3692,48507,"3,67"
51768,"Terri Brisbin
",0,0.0,1270,12895,"3,84"
59204,"Kasey Michaels
",0,,2335,27230,"3,68"
6905360,"Karelia Stetz-Waters
",1,8.0,284,1560,"3,97"
11859,"Sunny
",0,,2264,43408,"3,99"
7847846,"M-E Girard
",1,8.0,717,3615,"3,98"
747437,"Yrsa Sigurðardóttir
",0,8221.0,3947,36436,"3,74"
13562753,"Anna Harrington
",0,,1108,4407,"3,86"
483588,"Mariko Tamaki
",0,8.0,8313,69902,"3,71"
163027,"Karin Fossum
",0,1570.0,4858,52192,"3,7"
2728107,"Vanessa Kelly
",0,0.0,2061,10590,"3,77"
6579232,"Erin Gough
",0,53.0,465,2136,"3,75"
16166249,"B.L. Brunnemer
",0,0.0,2123,21748,"4,5"
7338088,"Chris Snider
",1,0.0,60,110,"4,16"
6547,"Maj Sjöwall
",1,1.0,3212,45003,"3,91"
39691,"Jo Goodman
",1,0.0,1760,15285,"3,83"
8588997,"D.R. Perry
",0,0.0,139,491,"4,35"
4574948,"Molly Beth Griffin
",1,0.0,287,1863,"3,74"
46498,"Candace Camp
",0,0.0,2642,35730,"3,82"
1141204,"Heather Cocks
",1,,5990,43294,"3,76"
1373542,"Johan Theorin
",1,1.0,1400,17761,"3,75"
354572,"E.E. Charlton-Trujillo
",0,0.0,570,4374,"3,64"
7184104,"Jaymin Eve
",0,53.0,11481,161592,"4,25"
14151000,"Thomas  Bartlett
",1,79.0,5,6,"4,5"
168255,"Åsa Larsson
",0,1.0,2746,37142,"3,74"
15054219,"T.S. Paul
",1,0.0,1170,24116,"4,2"
6937308,"Di Jones
",1,14.0,156,362,"3,87"
4984908,"Kelley York
",0,0.0,1375,5867,"4,05"
377744,"Maya Rodale
",1,,3291,26256,"3,75"
274523,"Kjell Eriksson
",1,1.0,1021,10082,"3,5"
5383019,"A.J. Brown
",1,0.0,110,436,"4,32"
4575294,"Lisa Jenn Bigelow
",1,,239,1715,"3,95"
3308452,"Annameekee Hesik
",0,0.0,85,931,"3,93"
899519,"Josie Bloss
",0,,286,1398,"3,47"
64085,"Dana Reinhardt
",1,,2337,12908,"3,66"
1806374,"Vivienne Lorret
",0,,1205,10310,"3,82"
14708215,"Miranda Brock
",0,0.0,87,112,"4,44"
11680644,"Lane Whitt
",0,0.0,489,7641,"4,09"
491465,"Amelia Grey
",0,,1661,8341,"3,59"
7044274,"Ella Quinn
",0,0.0,1304,7964,"3,83"
696572,"Charles Lambert
",1,14.0,680,2573,"3,1"
13528243,"Anne Tammel
",0,15030.0,12,22,"4,86"
2740425,"Miranda Neville
",0,133.0,1629,11680,"3,66"
13659072,"Audrey Coulthurst
",0,0.0,2202,10274,"3,74"
14109315,"Chris O'Mara
",1,,7,106,"3,95"
5763317,"Victoria  Roberts
",0,,892,4656,"3,95"
14771062,"Susan Count
",1,,45,138,"4,38"
3409564,"Sophie Flack
",0,0.0,940,6078,"3,73"
674626,"Mike Meyer
",1,0.0,193,718,"3,74"
6993053,"C.A. King
",1,8.0,695,809,"4,45"
115012,"Caroline Linden
",0,,3309,26262,"3,77"
1355145,"Jane Eagland
",1,,642,4569,"3,63"
2114,"James Thompson
",1,0.0,1227,7599,"3,68"
1806411,"Rachel Brimble
",1,,478,1274,"3,58"
6471423,"Jolene Betty Perry
",1,,513,3237,"3,88"
1806419,"Sharon Cullen
",0,,1092,4077,"3,9"
555041,"Bob Kern
",1,0.0,42,134,"4,11"
686916,"Megan Frampton
",0,0.0,1321,7244,"3,61"
2986988,"Justin Holley
",1,,12,55,4
842700,"Jane Ashford
",0,0.0,1178,5648,"3,31"
13853200,"Dustin Arand
",1,0.0,3,14,"4,29"
4889328,"Manda Collins
",0,0.0,2027,9738,"3,67"
7210211,"D.E. Haggerty
",1,0.0,386,784,"4,17"
2994919,"Christy English
",0,0.0,706,4838,"3,7"
12063025,"Dave Riese
",1,0.0,25,48,"4,31"
2762865,"Jennifer Haymore
",1,0.0,1672,8111,"3,74"
5297089,"Christi Caldwell
",0,0.0,4566,51369,"4,04"
13452251,"Angel Leya
",0,0.0,161,391,"4,08"
88014,"Karl Edward Wagner
",1,0.0,1464,28797,"4,02"
8611387,"Alathia Paris Morgan
",0,0.0,185,387,"4,22"
14389603,"M.T. Magee
",1,0.0,20,58,"4,41"
14359228,"Sherilyn Powers
",1,8.0,19,25,"4,4"
3026532,"Alexandra Hawkins
",0,0.0,1258,13271,"3,88"
8186541,"Luccia Gray
",0,14.0,80,204,"4,13"
8422242,"Christian A. Brown
",1,8.0,104,229,"4,23"
6217869,"Amy Sandas
",0,,524,2864,"3,88"
713646,"Kevin James Breaux
",1,0.0,133,387,"4,29"
3456441,"Julie Maroh
",0,86.0,2493,23047,"3,91"
4467098,"John M. McIlveen
",1,0.0,468,2913,"3,85"
3105995,"Lars Kepler
",1,1.0,8063,94643,"3,87"
262084,"Elaine Viets
",0,0.0,2810,39091,"3,76"
5414544,"Valerie Bowman
",0,0.0,3043,13235,"3,84"
4680370,"Liz Lipperman
",1,,248,1503,"3,85"
6981125,"Paul  Wigmore
",1,14.0,16,28,"4,43"
14050716,"Sanna Hines
",0,0.0,83,107,"4,43"
14859335,"Janae Keyes
",0,0.0,432,1010,"4,14"
9803069,"Sharon Gibbs
",0,,65,118,"4,29"
85848,"Caroline Graham
",1,14.0,1073,13497,"3,88"
5438818,"C.A. Newsome
",0,0.0,553,4820,"3,83"
199260,"Beverly Jenkins
",0,0.0,4420,41373,"4,35"
8623004,"Carlene O'Neil
",0,,151,460,"3,94"
7249070,"Kristen Zimmer
",0,0.0,442,5053,"3,85"
8312675,"Joanna Shupe
",0,0.0,2237,11649,"3,78"
4077568,"Gwendolyn Heasley
",0,0.0,800,9205,"3,73"
1125673,"Shana Norris
",1,0.0,1180,18384,"3,78"
13994795,"Iryna K. Combs
",1,700.0,30,53,"4,42"
6152059,"Shari Randall
",0,,189,490,4
8076768,"Stacy Reid
",1,,1499,11104,"4,03"
4071546,"Kari Lee Townsend
",0,114.0,518,3802,"3,75"
8886093,"Eva Leigh
",0,,906,4703,"3,64"
4844891,"Theresa Romain
",0,,1785,7875,"3,56"
7047979,"Collette Cameron
",0,0.0,2366,12825,"4,09"
3338052,"Lila Dare
",0,0.0,155,1790,"3,85"
29183,"Sarah Graves
",0,0.0,2574,27051,"3,7"
644,"Marcia Muller
",0,0.0,3609,56049,"3,82"
5400052,"Sophie Barnes
",0,,1206,6896,"3,64"
138425,"Sally MacKenzie
",0,,2418,23272,"3,68"
1268493,"Betty Hechtman
",1,0.0,1412,12169,"3,81"
13911702,"Rachael Miles
",0,0.0,209,788,"3,69"
3237942,"Miranda James
",1,0.0,3772,26081,4
351201,"Jana Deleon
",0,,8747,126573,"4,3"
5337544,"Isabella Bradford
",0,0.0,565,3193,"3,61"
987885,"Thomas J. Fleming
",1,0.0,936,8821,"3,92"
21167,"Katherine Hall Page
",0,0.0,1729,16608,"3,64"
6506537,"Martin Kee
",1,0.0,78,371,"3,85"
375488,"Virginia Nicholson
",0,14.0,292,1811,"3,91"
2353,"Mary Daheim
",0,0.0,2333,35917,"3,78"
26978,"Henri Barbusse
",1,86.0,303,2785,"3,74"
110519,"Tamar Myers
",0,15183.0,1758,22191,"3,64"
7034649,"Amanda    Lee
",1,,964,8438,"3,93"
4652058,"Wade Davis
",1,8.0,1437,12038,"4,15"
93709,"Shana Galen
",0,0.0,4199,26743,"3,85"
2354638,"Julie Johnstone
",1,0.0,1362,11212,"4,04"
4017727,"Lorraine Bartlett
",0,0.0,1080,7533,"3,91"
3145688,"Katharine Ashe
",0,0.0,2597,17873,"3,81"
824359,"Stefan Hertmans
",1,32.0,1028,8738,"3,85"
3297526,"E.J. Copperman
",1,0.0,2094,15388,"3,91"
83234,"Max Arthur
",1,14.0,246,2407,"4,15"
3153786,"Avery Aames
",0,,1090,7623,"3,78"
4827726,"David   Reynolds
",1,,179,1272,"4,03"
7266415,"Mark  Thompson
",1,14.0,105,800,"3,99"
223462,"Gabriel Chevallier
",1,86.0,233,1305,"4,04"
537990,"Peter Englund
",1,1.0,311,3544,"4,11"
51646,"Joseph E. Persico
",1,0.0,594,8188,"4,03"
24474,"Lyn Macdonald
",1,14.0,163,2197,"4,22"
2966348,"W.E. Johns
",1,14.0,598,9650,"3,83"
5378690,"Mike  Miller
",1,0.0,26,146,"4,37"
1387927,"John  White
",1,14.0,191,4027,"3,94"
5738,"Ben Elton
",1,14.0,4710,77254,"3,77"
70853,"Karen Hancock
",1,0.0,759,11589,"4,11"
746724,"Andrew       Peterson
",1,0.0,1994,16656,"4,47"
58248,"Martin Middlebrook
",1,14.0,149,2015,"4,18"
7849640,"Ashlee Willis
",0,0.0,136,325,"3,93"
14434144,"Julie  Hall
",0,0.0,372,1291,"4,32"
4778,"John Dos Passos
",1,0.0,1416,20421,"3,88"
5827587,"Morgan L. Busse
",0,,399,1495,"4,31"
10860694,"Linda De Quincey
",1,14.0,11,69,"4,75"
5790,"Niall Ferguson
",1,14.0,3881,49797,"3,83"
539672,"R.C. Sherriff
",1,14.0,272,2935,"3,94"
37060,"Bryan Davis
",1,0.0,1492,32507,"4,11"
8111,"Rebecca West
",0,133.0,1473,11191,"3,88"
3439922,"Janalyn Voigt
",0,0.0,104,451,"4,09"
214673,"Frederic Manning
",1,53.0,151,1255,4
7303048,"Jon   Snyder
",1,0.0,8,157,"3,56"
202312,"Chuck Black
",1,0.0,955,15543,"4,23"
1209,"Ford Madox Ford
",1,133.0,2177,28524,"3,77"
9144,"Sébastien Japrisot
",1,86.0,758,8399,"3,88"
94153,"Modris Eksteins
",1,15277.0,177,2384,"4,07"
3108215,"R.F. Delderfield
",1,14.0,847,11613,"4,15"
111948,"Kathy Tyers
",0,0.0,1052,41580,"3,65"
30681,"Joseph Roth
",1,700.0,1801,18928,"3,89"
198456,"Alan Moorehead
",1,53.0,381,3896,"4,05"
8080,"Michael Morpurgo
",1,14.0,13660,143596,"4,07"
58194,"G.J. Meyer
",1,,1200,14113,"4,1"
1774448,"Jaroslav Hašek
",1,952.0,885,14885,"4,1"
7771337,"Jaye L. Knight
",0,0.0,570,2172,"4,54"
8278,"Paul Fussell
",1,0.0,1839,29340,"4,28"
4242,"Wilfred Owen
",1,14.0,614,8031,"4,22"
213527,"Vera Brittain
",0,14.0,817,7320,"4,15"
64025,"John Himmelman
",1,0.0,1250,7785,"3,99"
5051196,"Wanda Gág
",0,0.0,966,20862,"4,07"
351550,"Bob Shea
",1,0.0,4442,29347,"3,94"
24826,"Ed Emberley
",1,0.0,1923,25820,"4,09"
2131,"Mem Fox
",0,53.0,4998,61139,"4,12"
33362,"Bruce Degen
",1,0.0,3028,133664,"4,28"
6986,"Kate McMullan
",1,0.0,2374,25415,"3,92"
77023,"Taro Gomi
",1,118.0,1227,8702,"4,02"
90091,"Simms Taback
",1,0.0,2609,65322,"4,17"
1429844,"Brett Axel
",1,0.0,38,245,"4,41"
821537,"Deborah Diesen
",0,,1563,15304,"4,15"
11094,"Al Perkins
",1,0.0,747,41010,"4,19"
5116,"Jules Feiffer
",1,0.0,11988,254796,"4,17"
78407,"Judy Schachner
",0,0.0,3596,67967,"4,2"
7920918,"Carrie Hope Fletcher
",0,14.0,2585,17331,"3,84"
13050708,"Louise Pentland
",0,14.0,613,5499,"3,92"
16345889,"Ben Alderson
",1,,1759,6299,"3,63"
14921899,"Ashley Mardell
",0,0.0,133,806,"4,35"
13435870,"Joe Sugg
",1,14.0,711,6933,"3,84"
10074395,"Tanya Burr
",0,14.0,200,3051,"4,08"
16953774,"Dodie Clark
",1,14.0,619,4151,"4,34"
14941662,"Savannah Brown
",0,0.0,169,1337,"4,34"
15100575,"Sasha Alsberg
",0,0.0,3725,11928,"3,41"
16694297,"Gabbie Hanna
",1,0.0,855,5752,"3,64"
8316649,"Zoe Sugg
",0,14.0,8074,76507,"3,8"
16448164,"Rhett McLaughlin
",1,0.0,270,1971,"4,36"
7276000,"Hannah Hart
",0,0.0,1413,15343,"4,15"
5383015,"Shane Dawson
",1,0.0,1889,17839,"4,25"
6871844,"Grace Helbig
",1,0.0,1392,15544,"4,05"
14472017,"Lilly Singh
",0,8.0,1332,11091,"4,09"
8434126,"Connor Franta
",1,0.0,2715,22671,"4,26"
122092,"Baruch Spinoza
",1,877.0,1081,34216,"4,02"
1284060,"Lanling Xiaoxiao Sheng
",1,238.0,106,797,"3,99"
459128,"Lisa M. Klein
",1,0.0,1448,14503,"3,72"
1183644,"Christina Meldrum
",1,,863,4092,"3,34"
7729333,"محمد عصمت
",1,2218.0,1558,9784,"3,2"
376407,"Susanne Dunlap
",0,0.0,967,8238,"3,58"
2483710,"Shawn Lane
",0,0.0,1455,14194,"3,51"
14131888,"Elizabeth J. Church
",0,0.0,1306,7177,"3,87"
8993208,"Melissa Lenhardt
",0,,466,2076,"3,83"
14220714,"Serena Burdick
",0,,87,442,"3,51"
9236423,"Joanna Courtney
",1,14.0,177,961,"3,95"
378688,"Daniel Kalla
",1,8.0,600,5429,"3,79"
9772554,"Cat Gardiner
",0,0.0,214,675,"4,35"
13929232,"Emily Hauser
",0,,187,761,"3,82"
7481351,"Toni Mount
",1,14.0,125,1248,"4,16"
3041690,"Graham Moore
",1,,4759,32290,"3,98"
4414304,"P.O. Dixon
",0,,491,3512,"3,75"
520207,"Kara Louise
",0,0.0,771,7046,"3,88"
64138,"Kate Fenton
",1,14.0,67,567,"3,27"
14815127,"Marie Benedict
",0,0.0,4923,33456,"3,76"
559634,"Abigail Reynolds
",0,0.0,2111,20769,"3,82"
14132699,"Julie Christine Johnson
",0,0.0,230,828,"3,74"
577285,"Danielle Dutton
",0,0.0,415,2363,"3,64"
603838,"Sharon Lathan
",0,0.0,1132,11675,"3,71"
2860092,"Victoria Connelly
",0,14.0,2172,25566,"3,69"
8108086,"Victoria Kincaid
",0,,421,2449,"4,02"
8279711,"Cheryl Honigford
",0,0.0,154,721,"3,51"
9792949,"Pamela Lynne
",0,,116,761,"4,26"
1408616,"Marsha Altman
",1,0.0,432,3877,"3,72"
3200370,"Carrie Bebris
",0,,1731,15564,"3,77"
558089,"Michelle Gable
",0,0.0,2666,18596,"3,66"
4401847,"Patrick Dillon
",1,0.0,116,589,"3,83"
326310,"Kate Steele
",1,0.0,511,7562,"3,58"
14161844,"Stephanie Storey
",0,,392,3579,"3,96"
20104,"David Kudler
",1,0.0,423,3971,"4,25"
4878053,"Brenda J. Webb
",1,,283,2009,"3,97"
7600824,"L.L. Diamond
",0,0.0,167,1159,"4,11"
14251172,"C.H. Armstrong
",1,,192,355,"4,25"
1167639,"Mary Lydon Simonsen
",1,0.0,1017,7309,"3,67"
2013872,"Anna Elliott
",0,0.0,1530,12722,"3,77"
182823,"Dominic Smith
",1,53.0,2518,24189,"3,83"
14007877,"Weina Dai Randel
",0,238.0,557,3911,"3,91"
301395,"Laurie Viera Rigler
",0,,2778,19206,"3,3"
2799849,"Susan Adriani
",0,,253,1694,"3,74"
9831667,"Jessica  Evans
",0,0.0,56,307,"4,07"
2783820,"Oliver Pötzsch
",1,127.0,10060,118273,"3,83"
170342,"Carrie Brown
",0,0.0,692,3424,"3,56"
1399009,"Monica Fairview
",0,14.0,753,5177,"3,74"
4113966,"Jack Caldwell
",1,0.0,454,2565,"3,71"
6459679,"Karin Tanabe
",1,0.0,1171,8776,"3,79"
333491,"Sydney J. Van Scyoc
",1,0.0,112,1155,"3,88"
767177,"David Dyer
",1,53.0,573,2985,"3,82"
5831455,"Colette L. Saucier
",0,0.0,136,482,"3,82"
4862005,"Melanie Lannoy
",1,0.0,1,41,"4,22"
1153072,"Regina Jeffers
",0,,1100,7640,"3,68"
6878020,"Demelza Carlton
",0,53.0,3099,12356,"3,75"
5130924,"Michael  West
",1,0.0,273,1518,"3,81"
76981,"Janet Aylmer
",0,14.0,730,3918,"3,4"
2897449,"Friedrich Heinrich Karl de la Motte Fouqué
",1,127.0,176,1591,"3,83"
90581,"Elizabeth Aston
",1,3.0,1845,14379,"3,52"
555805,"Pink Hanamori
",1,118.0,162,12033,"4,09"
8532238,"Mark Noce
",1,0.0,142,347,"3,84"
16487840,"Catherine Jones Payne
",1,,200,452,"3,86"
5761194,"Diana J. Oaks
",0,0.0,155,1254,"3,89"
8075676,"Aaron Galvin
",1,0.0,242,643,"4,15"
14872541,"Sarah Armstrong-Garner
",1,,34,68,"4,35"
260080,"Susan Higginbotham
",1,0.0,1527,14817,"3,82"
7178615,"Lara S. Ormiston
",0,667.0,305,1912,"4,05"
16071,"Heinrich Heine
",1,127.0,234,4771,"3,91"
4738726,"Derrolyn Anderson
",1,0.0,657,3459,"3,97"
5335865,"Erin Hayes
",0,0.0,1734,5957,4
47556,"Linda Berdoll
",1,,1719,14713,"3,48"
303669,"Suzanne Kamata
",1,0.0,233,818,"3,84"
78305,"Vicki Lewis Thompson
",0,,4391,50992,"3,81"
2456075,"Evangeline Collins
",0,,199,1377,"3,72"
468200,"Devyn Quinn
",0,0.0,304,2175,"3,66"
34683,"Pamela Aidan
",0,0.0,3478,29544,"3,69"
26805,"Ari Berk
",1,0.0,644,9422,"4,21"
6092607,"Debbie Herbert
",0,0.0,816,2572,"4,13"
4586227,"Rose Gordon
",0,0.0,1447,21256,"3,87"
6887220,"Jade M. Phillips
",0,0.0,61,307,"4,15"
111002,"Terri Farley
",0,0.0,890,29112,"4,12"
117184,"Ann Howard Creel
",0,0.0,2998,35614,"3,87"
22546,"Kara Dalkey
",0,0.0,767,13812,"3,93"
25372,"Hugh Laurie
",1,14.0,2081,20978,"3,75"
7047005,"Tracy  Lane
",1,8.0,50,204,4
93726,"Liz Kessler
",1,14.0,4201,54762,"3,98"
14109538,"M.N. Arzu
",1,15579.0,153,674,"4,2"
1886,"Douglas Coupland
",1,127.0,9574,180533,"3,67"
2743065,"Helene Boudreau
",1,,724,6362,"3,97"
13849167,"Lucano Divina
",1,675.0,6,37,"4,22"
221874,"Dougie Brimson
",1,14.0,98,1848,"3,55"
63611,"Connie Brockway
",0,0.0,3239,40087,"3,79"
6431540,"Court Burback
",0,,32,89,"3,74"
3387675,"Tracy Deebs
",1,0.0,1790,16071,"3,9"
38598,"Elizabeth Vaughan
",0,,1875,33325,"3,96"
5204844,"Karen H. Vaughan
",0,8.0,61,131,"4,68"
1010543,"Amanda Palmer
",0,0.0,3324,28984,"3,99"
8437120,"Jenycka Wolfe
",0,,50,478,"3,6"
843234,"John Barrowman
",1,14.0,1369,10709,"3,99"
1407654,"Valentine Adams
",1,0.0,14,181,"4,31"
4996526,"Cecilia Grant
",1,0.0,1346,8041,"3,75"
227394,"Jessica Leigh
",0,0.0,37,205,"3,9"
5786100,"Roy A. Mauritsen
",1,0.0,39,238,"3,9"
24516,"Cheryl St. John
",0,0.0,1035,10450,"3,87"
7765793,"Stacey O'Neale
",0,0.0,523,3082,"3,94"
34160,"Pamela Morsi
",0,0.0,1924,16916,"3,78"
4163137,"Joanne Ellis
",1,53.0,73,699,"3,33"
7515504,"D.W. Marshall
",1,0.0,50,153,"4,1"
7507927,"إسماعيل غزالي
",1,1868.0,32,139,"3,72"
89881,"Samantha James
",0,,1008,18593,"3,81"
995289,"Cameron Jace
",1,,4864,47253,"3,97"
4122718,"T K Geering
",0,14.0,23,114,"3,72"
7121802,"هالة الملوانى
",1,2218.0,102,411,"3,38"
203307,"Margaret Cavendish
",0,133.0,194,1522,"3,24"
35771,"Lope de Vega
",1,525.0,374,9623,"3,59"
22583,"Ben Jonson
",1,133.0,574,14019,"3,55"
3015432,"Pierre Corneille
",1,86.0,308,13591,"3,62"
22584,"Thomas Middleton
",1,133.0,442,9389,"3,54"
15686,"Jean Racine
",1,86.0,611,22525,"3,71"
22587,"Thomas Dekker
",1,14.0,125,1988,"3,45"
8384103,"Izaak Walton
",1,14.0,84,896,"3,91"
62809,"Bernal Díaz del Castillo
",1,525.0,190,2455,"4,08"
53520,"Thomas Browne
",1,14.0,122,1041,"4,11"
50964,"Francis Bacon
",1,133.0,421,8654,"3,61"
93488,"William Wycherley
",1,14.0,145,3556,"3,37"
29837,"Molière
",1,86.0,2769,108584,"3,71"
39090,"John Webster
",1,14.0,375,14342,"3,65"
49928,"George Herbert
",1,14.0,137,2433,"4,14"
34604,"Francisco de Quevedo
",1,525.0,151,3138,"3,78"
348771,"Hans Jakob Christoffel von Grimmelshausen
",1,127.0,115,1901,"3,72"
98646,"William Congreve
",1,14.0,161,3462,"3,39"
32312,"Tirso de Molina
",1,525.0,118,3333,"3,66"
28778,"Aphra Behn
",0,14.0,823,12978,"3,14"
60399,"John  Ford
",1,14.0,199,4924,"3,67"
7428903,"François de La Rochefoucauld
",1,86.0,174,2799,"4,05"
62257,"Matsuo Bashō
",1,118.0,879,9087,"4,15"
7373225,"Madame de La Fayette
",0,86.0,465,9574,"3,42"
227771,"Pedro Calderón de la Barca
",1,525.0,563,14942,"3,91"
10994,"Blaise Pascal
",1,86.0,479,11310,"3,97"
82948,"Jean de La Fontaine
",1,86.0,257,13090,"4,03"
62997,"Elswyth Thane
",0,0.0,483,4901,"4,26"
542967,"James Dawson
",1,14.0,2660,14302,"3,91"
6924906,"Carrie Mesrobian
",1,,878,4221,"3,48"
1312067,"Rachel Shukert
",0,0.0,447,2400,"3,5"
3965895,"Allison Pang
",1,,1254,10941,"3,77"
7276793,"Cindy Roland Anderson
",1,,1050,6036,"4,16"
7024176,"Allyson Lindt
",0,,1140,3557,"3,94"
4070110,"Lily Harlem
",0,,1866,10800,"3,81"
4143867,"T.C. McCarthy
",1,,238,1855,"3,72"
5264554,"Lindsay Paige
",0,0.0,826,13449,"3,87"
3222611,"Mark Hodder
",1,14.0,1670,14068,"3,8"
5193750,"Kelley Vitollo
",0,,227,1620,"3,75"
2861133,"Amanda Downum
",1,0.0,1030,10115,"3,81"
6950511,"Nikki Worrell
",0,,938,7428,"3,94"
4116660,"Emily March
",0,0.0,3480,30711,"4,14"
6426714,"Marina Adair
",0,0.0,2848,30588,"4,04"
4575285,"Tracy March
",0,0.0,664,3310,"3,77"
6862711,"Lesley Ann McDaniel
",0,0.0,372,2695,"4,21"
3461537,"Catherine Gayle
",0,,3389,37153,"4,06"
6943520,"Samanthe Beck
",0,0.0,2754,26244,"3,95"
7122072,"Diane  Saxon
",0,14.0,78,278,"4,1"
315657,"Justin Gustainis
",1,0.0,771,8333,"3,66"
13247662,"Sophia Henry
",0,0.0,1011,2535,"3,72"
7010859,"Brenda Rothert
",0,,6208,47737,"4,03"
6935253,"Michelle   Smith
",0,0.0,254,1275,"3,75"
3028584,"Keris Stainton
",0,8.0,781,4201,"3,73"
5142014,"Macy Beckett
",1,,662,3868,"3,87"
175143,"Rachel Manija Brown
",0,,474,2745,"3,85"
253326,"Jo Knowles
",1,0.0,3930,30252,"3,93"
13817906,"Ambriehl Khalil
",1,53.0,15,84,"3,95"
2968625,"Mandy Baggot
",0,14.0,1315,7390,"3,99"
12010447,"Anya Monroe
",1,814.0,133,724,"4,06"
5446309,"Rachelle Vaughn
",0,0.0,112,2244,"3,71"
4984923,"James R. Tuck
",1,0.0,503,3435,"3,8"
8391110,"Lynn Vroman
",0,,273,527,"4,18"
6243370,"Tara Mills
",1,0.0,208,900,"3,73"
6585593,"Darcy Daniel
",1,53.0,170,1307,"3,99"
7066657,"Petra F. Bagnardi
",0,1155.0,61,130,"3,4"
221556,"Jackie French
",0,53.0,2843,27916,4
6430657,"Shey Stahl
",1,0.0,3218,36696,"4,07"
6888029,"Paul E. Horsman
",1,877.0,76,160,"3,95"
6924349,"Katie Kenyhercz
",1,,266,1507,"4,08"
9013537,"Moïra Fowley-Doyle
",0,,2836,12225,"3,62"
22089,"Ann Bausum
",0,0.0,655,2567,"3,9"
165150,"Kate Schatz
",0,0.0,815,4517,"4,34"
6572847,"Noelle  Adams
",0,,7472,72205,"3,8"
6966274,"Cait Jarrod
",1,0.0,152,250,"4,28"
7824396,"Oak Anderson
",1,,225,547,"3,69"
8126271,"Tom   Myers
",1,0.0,7,35,"3,77"
6451983,"R.T. Wolfe
",0,0.0,249,1227,"4,17"
6173870,"Timur Vermes
",1,127.0,3108,27523,"3,44"
6871145,"Lucy Oliver
",1,,38,125,"3,72"
13513927,"Killian B. Brewer
",1,0.0,161,503,"3,79"
13848822,"G. Donald Cribbs, MA
",1,0.0,57,133,"4,44"
12937,"Brenda Novak
",0,,13873,111928,"4,06"
570941,"David-Matthew Barnes
",1,0.0,86,350,"3,58"
676993,"Pat Schmatz
",0,,727,4019,"3,79"
3112488,"Jennifer Shirk
",0,,1006,4030,"3,73"
8393971,"Kris Dinnison
",0,0.0,283,1227,"3,37"
7060159,"Cordelia Jensen
",1,,364,1351,"4,13"
204863,"Julia Bell
",1,14.0,278,2664,"3,41"
4077950,"Sandra Brannan
",0,0.0,562,2271,"3,99"
36664,"Seth Rudetsky
",1,0.0,297,1487,"3,68"
6430957,"Joyce Nance
",1,,123,977,"3,77"
6592100,"Felicia Tatum
",0,0.0,1706,6466,4
5555317,"Rhonda Helms
",0,0.0,505,2089,"3,56"
8074853,"Tim Floreen
",1,0.0,705,3173,"3,83"
13374043,"Maggie Thrash
",0,0.0,1405,7989,"3,71"
6893136,"Serena   Clarke
",0,,120,851,"3,56"
142411,"Mark Billingham
",1,14.0,5023,68374,"3,93"
6995625,"Selena Laurence
",0,443.0,1892,10745,"4,05"
50568,"Robyn Schneider
",0,0.0,7579,61183,"3,81"
21318,"Ed McBain
",1,0.0,4553,74896,"3,8"
8365086,"Alastair  Gunn
",1,14.0,59,307,"3,81"
3467563,"Donato Carrisi
",1,814.0,2900,22840,"4,06"
5805455,"Sarah McCarry
",1,0.0,947,3371,"3,69"
9867293,"Lisa  Freeman
",0,15030.0,102,373,"3,25"
43586,"Rennie Airth
",1,149.0,1253,10584,"3,94"
396931,"Christopher Barzak
",1,0.0,1764,12312,"3,83"
4341021,"Susin Nielsen
",0,,3567,19175,"3,91"
26011,"Raymond Khoury
",1,2015.0,4328,77063,"3,65"
531506,"Paul Anthony
",1,14.0,26,135,"4,41"
1251730,"Matthew Quick
",1,0.0,24263,217951,"3,94"
18016578,"Steve    Powell
",1,,13,43,"4,63"
59165,"Tim Lebbon
",1,14.0,6119,72435,"3,94"
5767496,"Chris T. Kat
",0,,785,3607,"3,61"
1390474,"Karen Foxlee
",0,53.0,1697,8904,"3,81"
3247006,"Eden Winters
",0,0.0,2562,13157,"3,87"
414681,"Sherri L. Smith
",0,0.0,1886,11044,"3,81"
277536,"Margo Lanagan
",0,53.0,8710,51549,"3,72"
6547893,"Hilary T. Smith
",1,0.0,860,5182,"3,67"
2402,"Jim Ottaviani
",1,,1791,12726,"3,81"
321391,"Susann Cokal
",0,13572.0,636,2615,"3,29"
6606543,"J.D. Ruskin
",0,0.0,212,1436,"3,86"
100964,"Chris Lynch
",1,0.0,2965,11893,"3,45"
105297,"Vic Winter
",1,,312,2154,"3,49"
72680,"Ursula Dubosarsky
",0,53.0,808,3847,"3,68"
7104022,"Maria E. Andreu
",0,,195,770,"3,91"
335532,"Sylvia Whitman
",1,0.0,168,655,"4,01"
4647433,"David  Sullivan
",1,0.0,47,247,"3,69"
141337,"J.M. Snyder
",1,0.0,1877,11657,"3,53"
2782638,"Daniel Kraus
",1,0.0,2121,9092,"3,7"
6534195,"Henrietta Clarke
",0,,420,2061,"3,81"
7153730,"Tempeste O'Riley
",0,0.0,732,4199,"3,82"
3525958,"A.D. Truax
",1,0.0,141,1227,"4,01"
4719762,"Aaron Hartzler
",1,0.0,1940,9260,"4,05"
5221828,"Susan Laine
",1,1743.0,998,5056,"3,41"
4062687,"N. Griffin
",0,,155,598,"3,5"
2638873,"M. Jules Aedin
",1,0.0,402,2490,"3,78"
1978352,"Mya Lairis
",1,0.0,244,2077,"3,67"
1166851,"Bonnie Dee
",1,0.0,3584,26335,"3,71"
2904716,"Mickie B. Ashling
",0,0.0,899,5004,"3,76"
1373005,"Meg Medina
",1,,3214,17498,"3,93"
2329,"Evan Roskos
",1,0.0,505,3551,"3,84"
620500,"Jim Provenzano
",1,0.0,162,805,"4,09"
4589999,"Penny Brandon
",0,14.0,476,2430,"3,52"
3098318,"Blythe Woolston
",1,,1846,17574,"4,13"
253358,"Tom McNeal
",1,,3016,16051,"3,79"
4105707,"Kim Fielding
",0,,6051,28211,"3,91"
4772,"Peter Cozzens
",1,,297,2331,"4,22"
228,"Garry Wills
",1,0.0,1537,16570,"3,93"
7135042,"Thomas B. Allen
",1,0.0,586,3810,"3,81"
5051585,"Douglas Southall Freeman
",1,0.0,147,5071,"4,29"
5360266,"Carrie Ann Ryan
",0,,9754,84477,"4,13"
411345,"Harry W. Pfanz
",1,0.0,56,1539,"4,28"
470871,"Sarah Morgan Dawson
",0,0.0,58,699,"3,82"
1903,"David W. Blight
",1,,355,4120,"4,03"
288,"Drew Gilpin Faust
",1,0.0,625,6359,"3,99"
177344,"William T. Sherman
",1,0.0,105,2007,"4,1"
4426297,"Adam Goodheart
",1,0.0,407,5212,"4,03"
12585,"Allan Gurganus
",1,0.0,762,8706,"3,81"
371867,"Edwin B. Coddington
",1,0.0,46,1432,"4,27"
44048,"Geoffrey C. Ward
",1,0.0,795,11316,"4,17"
231799,"Stephen W. Sears
",1,,544,11075,"4,22"
16633358,"Sam R. Watkins
",1,0.0,171,3195,"4,12"
22017,"Allison Pearson
",0,14.0,3606,28033,"3,39"
521676,"C.S. Marks
",0,,199,1618,"3,89"
4242577,"Anthony Lavisher
",1,14.0,30,53,"4,55"
15572575,"Diane Magras
",0,,178,528,"4,27"
6857956,"Marcia Strykowski
",0,0.0,70,124,"4,43"
8476471,"J.B. Cantwell
",1,,94,1000,"4,14"
630107,"J. Richard Knapp
",1,0.0,17,96,"4,5"
4443320,"Karen Gammons
",0,0.0,46,112,"4,34"
5134726,"D. Robert Pease
",1,0.0,264,675,"4,17"
6982197,"Claire C. Riley
",0,14.0,2009,9172,"3,98"
3035791,"Crista McHugh
",0,0.0,2367,14722,"3,9"
162678,"Alexis Morgan
",0,,2075,27758,"3,99"
11362882,"Kelly St. Clare
",0,66.0,3132,40763,"4,27"
4992939,"Katherine Boo
",0,0.0,10074,88213,"3,98"
18059969,"S.G. Prince
",0,,42,156,"4,35"
35548,"Manuel Puig
",1,698.0,1066,16906,"3,9"
6153502,"Marina Keegan
",0,0.0,3951,37510,"3,83"
16592288,"Diane Byington
",1,0.0,56,112,"4,28"
17629655,"Elena Mikalsen
",1,,54,94,"4,28"
16948228,"J.C. Cervantes
",1,,401,1712,"4,02"
4420439,"Boone Brux
",1,0.0,1016,5048,"3,96"
17198563,"Chris Babu
",1,0.0,115,258,"4,15"
15236270,"Kaitlyn Sage Patterson
",0,,133,389,"3,72"
15549537,"Jessie Hilb
",0,0.0,72,301,"3,51"
6518189,"J.B. Chicoine
",0,,50,261,"3,92"
6541797,"Callie Kanno
",0,0.0,104,1846,"4,06"
15852393,"Sarah Nicole Smetana
",0,0.0,60,203,"3,79"
5169298,"Beverly S. Harless
",0,0.0,8,23,"4,78"
3440476,"Felicia Day
",0,0.0,5962,46487,"4,14"
4527833,"Nina-Marie Gardner
",0,0.0,60,146,"3,82"
3212288,"Jason Hartley
",1,0.0,47,366,"3,54"
6571327,"Amy Trueblood
",0,,188,528,"3,84"
4390676,"Pam Logan
",1,0.0,9,37,"4,35"
16027248,"Cindy  Baldwin
",0,,242,797,"4,23"
15237193,"Brenda Rufener
",0,,96,341,"3,56"
15111490,"Heather Ezell
",0,0.0,152,382,"3,86"
15299782,"Adrianne Finlay
",0,16170.0,194,469,"3,82"
3874125,"Bryan Thomas Schmidt
",1,0.0,518,3013,"4,03"
5753331,"Sophie  Davis
",0,,1892,14751,"4,21"
2018995,"Jennifer Haupt
",0,,238,806,"4,17"
6860927,"T.J. Shaw
",0,,190,1177,"3,7"
5101663,"Meg Donohue
",0,0.0,2236,18043,"3,45"
1795514,"Marcus Eder
",1,0.0,8,58,"3,91"
6582756,"Huston Piner
",1,0.0,58,132,"3,88"
15193340,"Jessica Pennington
",0,0.0,255,660,"3,79"
5218508,"Jennifer Froelich
",0,0.0,65,172,"4,13"
298419,"Susan Shaw
",1,0.0,432,2920,"3,76"
15236443,"Kelly deVos
",0,0.0,316,925,"3,72"
4506280,"Susi Wyss
",0,,55,223,"3,93"
5018174,"Wiley Cash
",1,0.0,5085,32601,"3,84"
63669,"A. Lee Martinez
",1,0.0,5458,60542,"3,85"
7248579,"Kipjo Kenyatta Ewers
",1,0.0,105,1108,"3,96"
8509171,"Idir Aitsahalia
",1,0.0,12,31,"4,39"
1242391,"Jordan Krall
",1,,568,2687,"4,02"
120948,"Kelly Braffet
",1,0.0,957,6364,"3,48"
110897,"Helen DeWitt
",0,0.0,1038,6424,"3,93"
3229682,"Jennifer M. Barry
",0,,60,241,"4,2"
7690844,"T.S. Krupa
",0,0.0,118,311,"4,06"
7212606,"Wren Figueiro
",1,661.0,53,91,"4,13"
6539577,"Melanie Karsak
",0,0.0,1756,8756,"4,05"
7330360,"Stephanie A. Collins
",1,0.0,80,185,"4,49"
242473,"Susan Hubbard
",0,0.0,706,5212,"3,47"
14301938,"Alejandro Cremades
",1,1155.0,72,387,"4,03"
7098210,"Holly Ice
",0,14.0,45,187,"3,65"
8177011,"Leonard Petracci
",1,,98,1508,"3,86"
7142164,"Debbie Manber Kupfer
",0,14.0,163,382,"4,35"
6927588,"Laura K. Cowan
",1,0.0,45,160,"3,87"
5618396,"J.L. Murray
",0,0.0,320,2927,"3,92"
15559824,"Jonathan Macpherson
",1,,26,103,"4,43"
7266984,"Robert Friedrich
",1,3224.0,28,266,"3,92"
117418,"Karina Bliss
",0,66.0,884,5468,"3,71"
8343056,"Sasha Marshall
",0,0.0,356,1718,"4,59"
6586130,"Ava Lore
",0,0.0,674,12429,"3,85"
1452751,"Jane Anthony
",0,,660,1586,"4,34"
5456168,"Taryn Elliott
",1,0.0,5048,28932,"4,16"
6592108,"Diane Rinella
",0,0.0,552,1969,"3,91"
4658054,"Becky Wicks
",1,14.0,537,2342,"3,75"
7083050,"Rachel Cross
",0,0.0,247,1908,"3,8"
4942228,"Santino Hassell
",1,,11342,59610,"4,14"
4093537,"Ethan Stone
",1,0.0,941,4241,"3,62"
14978590,"Kid Boise
",1,0.0,21,82,"3,72"
4202238,"William Neale
",1,0.0,162,927,"3,65"
2946208,"Jeff Erno
",1,0.0,1672,12130,"3,84"
2041855,"M. Kei
",1,0.0,86,515,"4,1"
5827290,"J.R. Lenk
",1,0.0,122,849,"3,8"
7855471,"Bey Deckard
",1,8.0,1430,4881,"4,05"
3298167,"Gillibran Brown
",1,,540,3307,"4,32"
414286,"Eric Arvin
",1,0.0,893,3654,"3,87"
141588,"Mark A. Roeder
",1,0.0,389,5170,"4,04"
5700902,"Edmond Manning
",1,,691,1944,"4,07"
4590885,"Hank  Edwards
",1,0.0,563,2407,"3,77"
68975,"Mark Kendrick
",1,0.0,117,2087,"4,03"
356164,"Jeffrey Overstreet
",0,0.0,432,3603,"3,88"
6427435,"Osiris Brackhaus
",1,127.0,166,459,"3,97"
292562,"Jamie Carie
",0,0.0,914,6319,"3,72"
15721192,"Hope Izzati
",1,667.0,2,26,"4,92"
6949604,"Melissa Silvey
",0,,215,363,"4,31"
6587174,"Eva Natsumi
",0,118.0,38,99,"3,19"
6589870,"Bianca Giovanni
",0,0.0,222,1411,"4,02"
6471779,"Jinni James
",0,0.0,108,424,"3,83"
7244853,"Audrey Digne
",1,86.0,25,71,"4,44"
3084389,"Cara Lynn James
",0,,365,3043,"3,71"
6549127,"Charming Man
",1,14.0,104,323,"4,42"
8152912,"Samantha  Knight
",1,0.0,48,157,"4,29"
43414,"Gilbert Morris
",1,0.0,2398,52804,"4,02"
5367,"Davis Bunn
",1,0.0,3713,37740,"4,04"
6946973,"Victoria Barrow
",0,0.0,13,33,"3,97"
7174451,"S.L. Walker
",0,0.0,55,132,"4,23"
13485858,"Amanda Giasson
",0,8.0,22,53,"4,75"
7173188,"J.L. Fynn
",1,0.0,138,382,"3,79"
13979798,"Samantha  Joyce
",0,8.0,128,455,"3,71"
7800165,"Christine Blackthorn
",1,,59,165,"4,04"
6941315,"Maegan Provan
",0,0.0,40,119,"4,11"
7145403,"Kayla Lords
",1,,157,2127,"3,48"
6916215,"Karena Marie
",0,8.0,64,268,"4,32"
1805363,"Thalia Chaltas
",0,,761,6207,"3,8"
8309933,"Natasha Jennings
",0,66.0,37,151,"3,97"
320930,"Toni Maguire
",0,,1101,10668,"4,07"
4161740,"Talia Jager
",1,,649,7768,4
2911935,"Torey L. Hayden
",0,0.0,2859,48432,"4,14"
222977,"Cathy Glass
",0,14.0,3571,63005,"4,33"
7798116,"C.L. Heckman
",0,,95,373,"4,18"
21949,"Christine Rimmer
",0,,1430,11887,"3,87"
4800268,"Nikki McCoy
",1,,172,1502,"3,65"
12080,"Ralph Waldo Emerson
",1,0.0,2348,60714,"4,08"
60394,"Kathleen Norris
",0,0.0,2848,32886,"4,09"
3128,"Sean Smith
",1,14.0,159,2031,"3,68"
381478,"Ivana Trump
",1,16433.0,79,484,"3,48"
2176559,"Karl Rove
",1,0.0,235,1942,"3,7"
3518,"Oprah Winfrey
",0,0.0,2729,25845,"4,1"
12903,"Phillip E. Johnson
",1,0.0,486,6052,"4,01"
5030,"Amy Sohn
",0,0.0,1147,11945,"3,53"
43692,"John Dominic Crossan
",1,79.0,918,9764,4
319610,"Dan C. Quayle
",1,0.0,20,216,"3,26"
128353,"Ronald Hutton
",1,581.0,305,3636,"4,12"
4577916,"Macel Ely II
",1,0.0,7,23,"3,96"
104438,"Madonna
",0,0.0,956,8501,"3,87"
8222,"Howard Stern
",1,0.0,650,10738,"3,72"
6952980,"Daniel C. Dennett
",1,0.0,2787,72954,"3,96"
1495208,"Thomas  Moore
",1,0.0,1002,23302,4
643,"Bart D. Ehrman
",1,0.0,4301,49799,"3,95"
3465862,"Keith Ellison
",1,0.0,46,266,"3,9"
3166354,"T.K. Thorne
",0,,147,453,"4,13"
8525486,"C.J.  Heath
",1,14.0,15,54,"3,85"
5415711,"Janet  Edwards
",0,,1274,9516,4
5763697,"Non Nomen
",1,,48,281,"3,72"
16593,"Sam Harris
",1,0.0,9327,154011,"3,94"
5804890,"C.D. Sutherland
",1,0.0,36,157,"3,99"
30278,"Esther Hicks
",0,0.0,1882,66659,"4,24"
14434845,"Murray Lee Eiland Jr.
",1,,43,117,"4,4"
17854,"Bertrand Russell
",1,14.0,5172,104779,"4,01"
14926073,"Trel W. Sidoruk
",1,0.0,44,88,"4,57"
1270681,"Desiree Holt
",0,0.0,2947,17760,"3,77"
6427599,"Becky McGraw
",0,0.0,1637,12561,"4,34"
363307,"Cat Johnson
",0,0.0,3899,42080,"3,96"
17295,"Merlin Stone
",0,0.0,261,3752,"4,05"
4448056,"Heather Rainier
",0,0.0,1112,17899,"4,3"
6565405,"Fiona Archer
",1,53.0,564,2261,"4,14"
14521,"Mircea Eliade
",1,790.0,1499,66169,"4,06"
5039646,"Chelsea Luna
",0,0.0,477,4220,"4,12"
14441131,"Bob  Williams
",1,0.0,126,217,"4,27"
6081661,"D.I. Jolly
",1,149.0,26,99,"4,67"
16174,"Jane Roberts
",0,0.0,567,15713,"4,32"
6520228,"D.M. Jarrett
",1,14.0,21,42,"4,33"
46293,"Nikolas Schreck
",1,0.0,131,658,"4,15"
5775524,"Melissa Cutler
",0,,1077,3615,"3,99"
18770448,"Cally Edwards
",0,,5,9,"4,89"
6949005,"Susan Arden
",0,0.0,478,2711,"3,79"
5140626,"Jaime Reed
",1,0.0,459,2746,"3,97"
7374241,"Lexa Cain
",0,0.0,58,84,"4,26"
6551150,"Lynda J. Cox
",1,0.0,75,363,"4,25"
38530,"Delilah Devlin
",1,0.0,3666,34097,"3,81"
2279340,"Debra Parmley
",1,0.0,317,1284,"4,18"
1335531,"Jack Brighton
",1,14.0,252,1573,"3,36"
6054407,"Giulia Napoli
",0,0.0,47,129,"3,67"
5303667,"M.F. Sinclair
",1,,141,2053,"3,84"
7112437,"Jena Cryer
",0,0.0,128,1080,"3,34"
2978240,"Roxy Harte
",1,0.0,271,2038,"3,78"
4429,"Jaid Black
",0,,1991,52951,"3,85"
8546572,"Annette Marie
",0,8.0,4056,45704,"4,32"
2009672,"Syd McGinley
",1,,556,4857,"3,79"
3525980,"Eve Ocotillo
",0,,573,4642,"3,77"
1408607,"Sierra Cartwright
",0,14.0,2772,35194,"4,06"
7127010,"Raye Wagner
",0,,2729,24883,"4,14"
712666,"Gary Taubes
",1,0.0,3582,30808,"4,05"
4413363,"Jennifer Kinsel
",0,,5,76,"3,49"
1129509,"Sofi Oksanen
",0,1743.0,1752,21186,"3,65"
5061231,"Harriet  Brown
",1,,483,3676,"3,94"
162930,"Kit Reed
",0,0.0,1209,9766,"3,66"
380896,"Kim Antieau
",0,,395,3291,"3,82"
365485,"Tracey Porter
",0,,290,1570,"3,61"
4327590,"J.J.  Johnson
",0,,651,2982,"3,88"
7912393,"Ashlee Mallory
",0,0.0,624,4506,"3,99"
2849943,"Cynthia M. Bulik
",0,0.0,62,444,"3,48"
37183,"Nancy Thayer
",0,0.0,9076,113916,"3,75"
22024,"Courtney E. Martin
",1,0.0,411,3382,"3,79"
59446,"Sherryl Woods
",0,0.0,9049,160569,"4,05"
1789991,"Lucy Howard-Taylor
",1,,27,501,"3,78"
55481,"Lindsay McKenna
",1,0.0,2213,20629,"3,99"
16561,"Eireann Corrigan
",0,0.0,677,4097,"3,49"
17554,"Leanne Banks
",0,0.0,1562,23899,"3,75"
2962276,"Roxanne Snopek
",0,8.0,1318,5950,"3,9"
4900163,"Robin Perini
",0,0.0,808,11510,"4,17"
202719,"Jillian Medoff
",0,0.0,876,7073,"3,5"
273519,"Adrienne Maria Vrettos
",1,0.0,796,7353,"3,57"
275908,"Heather Topham Wood
",0,0.0,890,8444,"3,99"
4981400,"Shanna Hatfield
",0,0.0,2963,18083,"4,23"
7020590,"Bev Mattocks
",0,14.0,14,59,"4,44"
2960636,"Kathryn Pope
",0,,24,273,"3,58"
7351013,"Elizabeth Ellen Carter
",1,53.0,270,1031,"4,21"
6876233,"Jennie Marts
",0,0.0,1474,5639,"4,04"
765650,"Judy Nichols
",0,2618.0,41,79,"3,99"
6451482,"Lana Williams
",0,,600,4442,"4,03"
69414,"Jenni Schaefer
",0,0.0,209,3003,"4,05"
7012702,"Serena Chase
",0,0.0,288,1465,"4,48"
1089938,"Jules Bennett
",0,,1506,7156,"3,9"
5306959,"Amy Jarecki
",0,,1670,10176,"4,1"
125882,"Aimee Liu
",0,0.0,200,2466,"3,77"
7328484,"Kate Robbins
",0,,231,2172,"3,99"
87050,"Joan Jacobs Brumberg
",0,,389,8764,"3,93"
232712,"Anna DeStefano
",0,,571,3949,"3,7"
4412038,"Lena Goldfinch
",1,0.0,410,1908,"3,84"
5353965,"Leah Sanders
",1,0.0,174,2076,"3,68"
178235,"Tanya Anne Crosby
",1,525.0,2097,23588,"3,87"
21155,"Susan Wiggs
",0,0.0,12923,175804,4
7102827,"W.B. Kinnette
",0,0.0,33,186,"3,56"
262616,"Ibi Kaslik
",1,,513,6046,"3,45"
6026,"Deborah Hautzig
",1,0.0,291,3928,"3,86"
6613,"Jill Stengl
",0,,269,1814,"3,91"
13554,"Carolyn Brown
",0,,11788,202361,"4,07"
4885056,"Randi Alexander
",0,,1287,6527,"4,06"
4987522,"Lynne Gentry
",0,0.0,434,1961,"4,08"
6553295,"Kristin Vayden
",0,0.0,961,4574,"3,91"
2789720,"Nicole J. Johns
",0,,78,1680,"3,78"
201386,"Lori Gottlieb
",0,,734,6594,"3,66"
1915619,"Helen Scott Taylor
",0,14.0,1470,10896,"3,84"
6929010,"Melissa Tagg
",0,,2055,8993,"4,23"
423336,"Jan Watson
",0,,462,3185,4
6802954,"Johnnie Alexander
",1,0.0,404,1102,"4,14"
7048608,"Kim  Bowman
",1,,151,699,"3,69"
292027,"Melissa McClone
",1,0.0,2859,14293,"3,91"
156523,"Carla Neggers
",0,0.0,4235,48881,"3,81"
1598928,"Janelle Mowery
",0,,181,1946,"3,92"
7124364,"Kathleen   Lee
",0,0.0,156,690,"3,64"
8065413,"Dawn Crandall
",0,,861,2240,"4,24"
7690616,"Rebekah R. Ganiere
",0,0.0,1173,2690,"4,31"
6577118,"Lori Benton
",0,,1071,3610,"4,37"
3496532,"Serena B. Miller
",1,,1173,9461,"4,22"
4768755,"Christine Ashworth
",1,,212,526,"4,24"
7232683,"Heather Day Gilbert
",0,,775,2592,"4,17"
5779758,"Dani-Lyn Alexander
",0,0.0,221,631,"3,55"
3343132,"Gina Holmes
",0,,832,5125,"3,92"
62524,"Robin Lee Hatcher
",0,0.0,3352,26547,"3,99"
6443964,"Carmen Falcone
",0,,1343,2871,"3,97"
8294375,"Christine Glover
",0,877.0,308,741,"4,03"
7377203,"Ellen Butler
",0,0.0,219,618,"4,14"
9836555,"Grace Ravel
",0,,27,79,"4,38"
4416306,"Charlotte Bennardo
",0,0.0,307,1364,"3,59"
7129454,"Beth  White
",0,0.0,573,2060,"3,93"
3392912,"Eve Edwards
",0,,610,5524,"3,88"
7092321,"Amber Stokes
",0,0.0,192,429,"3,95"
3396910,"Laura Kreitzer
",0,0.0,379,2788,"3,98"
3497970,"Melissa Darnell
",0,,1398,18711,"3,9"
1029349,"Katie Crouch
",1,0.0,2531,15609,"3,06"
6447937,"Erica M. Chapman
",0,15030.0,271,1360,"3,94"
166672,"Shaun Hutson
",1,14.0,630,12895,"3,67"
6549299,"Jennifer Longo
",0,,556,2239,"3,78"
4980097,"Bella Street
",0,0.0,252,1216,"3,75"
5763039,"Cathy E. Zaragoza
",0,0.0,65,398,"3,93"
6575825,"Alla Kar
",1,0.0,478,8139,"3,85"
6568974,"Jenny Lynne
",1,,170,730,"4,11"
5306992,"Barbara Rayne
",1,,40,128,"3,58"
4735949,"Jenna McCormick
",0,,114,790,"3,64"
5199006,"Saewod Tice
",1,0.0,51,441,"3,83"
12063495,"James McLaughlin Ward
",1,0.0,10,45,"3,8"
14031633,"Beth Ellyn Summer
",1,,68,189,"3,87"
6871210,"James Wymore
",1,,251,618,"4,08"
6574168,"Danika Stone
",0,,629,1549,"3,67"
8192745,"Jenny Manzer
",0,8.0,173,550,"3,5"
3479028,"Ellen Connor
",1,,480,3405,"3,76"
4921525,"Denise Grover Swank
",1,0.0,16819,187087,"4,12"
13955925,"Emily Albright
",0,0.0,627,2772,"3,52"
6469975,"Jodie Andrefski
",1,0.0,226,1104,"3,35"
14097832,"Perdita Cargill
",1,,110,299,"4,04"
6965359,"Iris Blaire
",0,,595,7428,"3,85"
6448459,"S.J. Laidlaw
",0,,181,631,"3,78"
6584183,"Natasha Hanova
",0,0.0,41,109,"4,01"
6472437,"Ella Dominguez
",0,0.0,2540,15398,"3,94"
8344109,"Catherine Lo
",1,8.0,212,876,"3,7"
5446689,"Tim Federle
",1,0.0,5592,28666,"3,84"
7057418,"Kirby Howell
",1,0.0,147,599,"4,1"
9414,"Victoria Foyt
",0,,391,908,"2,15"
10143249,"Sarah  Alexander
",0,14.0,323,1427,"3,56"
5757332,"Monica La Porta
",0,814.0,971,4020,"4,06"
7789423,"Alice Oseman
",0,,5123,20652,"4,13"
13023,"Louise Cooper
",0,14.0,547,12981,"3,87"
14097819,"Tobie Easton
",0,,209,693,"3,91"
13754171,"Anna Michels
",1,0.0,265,1638,"3,48"
884212,"Kim Culbertson
",1,0.0,1504,9979,"3,79"
18141780,"D.N. Bryn
",1,0.0,154,246,"4,5"
13810476,"Laura Stampler
",0,0.0,237,1016,"3,83"
4754377,"Juliann Whicker
",1,,270,1058,"4,2"
7520394,"C.L. Denault
",0,0.0,185,604,"4,12"
5202680,"Terra Harmony
",0,0.0,598,4315,"3,64"
5823376,"Summer Lane
",0,,515,7557,"4,22"
4767719,"Marilena Mexi
",0,750.0,53,183,"3,93"
4114729,"Rahul Kanakia
",1,0.0,728,2667,"3,68"
2933059,"Heather Matthews
",1,,37,452,"3,73"
59346,"Chester Aaron
",1,0.0,33,202,"3,72"
4458708,"Laura Gilfillan
",0,,27,67,"4,7"
14924267,"Cookie O'Gorman
",0,,1145,8733,"3,97"
8192911,"Carrie Anne Noble
",0,0.0,1889,16038,"3,67"
3402847,"M. Schaefer
",1,0.0,11,132,"3,95"
6548741,"Olivia Rivers
",0,0.0,597,2868,"3,84"
13857113,"Sara  Barnard
",1,,2405,12994,"3,91"
38392,"Frank Schätzing
",1,127.0,1414,23086,"3,89"
13479611,"Kathleen Glasgow
",0,,2571,15814,"4,15"
9851210,"Ami Allen-Vath
",0,0.0,95,247,"3,85"
7111686,"Kim  Savage
",0,0.0,900,3383,"3,19"
4687526,"Sarvenaz Tash
",0,251.0,957,3341,"3,79"
196561,"Meg Leder
",0,,556,2835,"3,77"
8333646,"Emily    Martin
",1,,391,2018,"3,53"
14073855,"Robin Reul
",0,,310,994,"3,77"
7181862,"Jessica  Love
",0,,531,2150,"3,65"
4113638,"John Corey Whaley
",1,0.0,6930,41231,"3,85"
6466370,"Emm Cole
",1,,153,471,4
8324619,"Erin L. Schneider
",0,0.0,305,1392,"3,86"
13630160,"Natalie Blitt
",0,,354,2060,"3,73"
14180086,"Mia Siegert
",0,0.0,248,997,"3,59"
4027042,"Kurt Dinan
",1,,556,2651,"3,93"
9857002,"Amber   Smith
",0,0.0,2570,15931,"4,11"
4665230,"Marie Astor
",0,0.0,1060,10674,"3,62"
14031571,"Anna Breslaw
",1,0.0,892,3617,"3,49"
2982045,"Sarah Pekkanen
",0,0.0,10449,88045,"3,77"
843820,"Julie Buxbaum
",1,0.0,7735,50442,"4,04"
14115788,"Jenna Evans Welch
",0,0.0,6269,35269,"4,06"
9816754,"Laurie Elizabeth Flynn
",0,8.0,1143,4543,"3,62"
19630,"Robert Fulghum
",1,0.0,1591,35084,"4,05"
18250,"Trixie Koontz
",0,,206,2159,"4,28"
6904400,"Tiffany Daune
",0,8.0,265,573,"3,94"
2738676,"Belinda McBride
",0,0.0,1713,19447,"4,02"
5785692,"Kym Grosso
",0,,2945,25021,"4,2"
4796697,"Carol J. Hansen
",0,,16,46,"4,09"
4509656,"Carolyn  Gray
",1,0.0,166,1037,"3,94"
4820876,"Ruth Cardello
",0,,6178,89806,"4,1"
1423732,"Simon Holt
",1,,1258,12225,"4,02"
6342,"Thomas Fahy
",1,0.0,322,3168,"3,87"
7151265,"Bella Roccaforte
",0,16170.0,710,2821,"4,09"
3028982,"Pawel Rejdak
",1,681.0,14,62,"3,55"
6951730,"Tom DeLonge
",1,0.0,414,2797,"4,13"
17100054,"A.M. Cunning
",1,,12,31,"3,58"
5761936,"Ryk Brown
",1,0.0,1994,66400,"4,28"
6606349,"Marko Kloos
",1,127.0,3501,64928,"4,1"
17064986,"B.C. Nyren
",1,0.0,46,83,"4,07"
1840202,"Jeff  Carlson
",1,,678,8360,"3,51"
32699,"Greg Egan
",1,53.0,4035,46585,"3,94"
5815562,"Susan Abulhawa
",0,16961.0,3174,18628,"4,33"
7101854,"Simone Beaudelaire
",1,0.0,384,2055,"3,91"
6444303,"Dylan Cross
",1,,196,614,"3,64"
14888625,"E.M. Gayle
",0,0.0,570,5103,"3,83"
6452869,"Angel Payne
",0,0.0,3770,13182,"4,2"
6581244,"Jenna Jacob
",0,0.0,2355,17187,"4,19"
972688,"Eliza Gayle
",1,0.0,2188,21929,"3,79"
3227101,"Shakir Rashaan
",1,0.0,110,334,"4,36"
6458884,"Samantha Holt
",0,14.0,2240,16331,"3,94"
6578005,"Salman Aditya
",1,667.0,90,226,"4,17"
6545672,"Martyn Stanley
",1,14.0,236,703,"3,9"
119700,"Ian Wallace
",1,8.0,184,9361,"4,04"
8189910,"Michelle Merrill
",0,0.0,89,246,"4,33"
4641776,"Shira Anthony
",0,0.0,1861,8298,"3,85"
7212505,"Daizie Draper
",1,0.0,785,2274,"4,14"
8555975,"Leïla Slimani
",0,1868.0,5030,39752,"3,44"
6924387,"Balli Kaur Jaswal
",0,6152.0,3207,25005,"3,91"
16287225,"Jasmine Guillory
",0,0.0,5742,33300,"3,53"
7778742,"Kimberly Belle
",0,,4320,40296,"3,92"
15109469,"J.D. Vance
",1,0.0,22230,212890,"3,94"
300536,"Laurie Frankel
",0,0.0,6036,44998,"4,19"
15305372,"Ruth Hogan
",0,14.0,5632,66889,"3,83"
8529755,"Mark Manson
",1,0.0,17724,244716,4
16360992,"Liv Constantine
",1,,5567,50287,"3,88"
7064949,"Inge-Lise Goss
",0,1226.0,268,1196,"4,11"
6473998,"Kasia James
",1,14.0,20,58,"3,83"
7157771,"Christopher Daniel Mechling
",1,0.0,103,372,"3,8"
118226,"Naomi Alderman
",0,14.0,12832,96437,"3,86"
8434062,"Lauren K. Denton
",0,,1894,27296,"3,92"
5609032,"Mario Escobar
",1,525.0,683,6292,"3,73"
5359114,"ثروت الخرباوي
",1,2218.0,1150,7688,"3,57"
589770,"Murad Hofmann
",1,127.0,267,1635,"3,82"
5447086,"طلال فيصل
",1,2218.0,1141,3604,"3,63"
6547632,"عبد الله غالب البرغوثي
",1,2245.0,1955,9437,"4,4"
3513843,"حوراء النداوي
",1,2241.0,561,3122,"3,59"
3602,"Alberto Manguel
",1,698.0,3241,31021,"3,89"
19012,"Eileen Dreyer
",0,0.0,1544,13759,"3,68"
821504,"Sydney Croft
",1,,1270,18996,"4,02"
3234450,"Lila DiPasqua
",0,,718,5029,"3,94"
3452785,"Kieran Kramer
",0,17082.0,1630,10282,"3,67"
1036134,"Olivia Parker
",0,,706,11639,"3,92"
41322,"Susan Andersen
",1,0.0,2260,56677,"3,84"
394156,"Jami Alden
",0,,1556,22590,"3,9"
736364,"Christie Craig
",0,,2479,32578,"3,94"
2967123,"Jane  Harris
",0,14.0,1399,10344,"3,69"
6606423,"Virginia Aird
",1,,11,96,"4,14"
5768323,"Andrew James Pritchard
",1,8.0,13,99,"3,66"
7257579,"Elizabeth   Stewart
",1,8.0,31,127,"3,79"
12180,"Francine Prose
",1,0.0,7746,59065,"3,65"
5754406,"Bryan Butvidas
",1,,12,50,"3,72"
5539927,"Jennifer Kathleen Gibbons
",0,,10,83,"3,69"
19417,"Ann Turnbull
",1,,440,2902,"3,68"
66391,"Marsha Forchuk Skrypuch
",0,8.0,982,6906,"4,17"
2696,"Maryann Macdonald
",1,0.0,387,2253,"3,97"
4024,"Theresa Breslin
",0,14.0,560,4426,"3,75"
4430293,"Pamela DuMond
",0,0.0,921,4969,"3,78"
1713021,"Anne C. Voorhoeve
",1,127.0,322,2140,"4,15"
13856,"Stefan Petrucha
",1,0.0,2150,15914,"3,71"
110249,"Sarah Zettel
",0,0.0,1771,16818,"3,81"
1858606,"Michelle   Cooper
",0,53.0,1500,10123,"3,87"
837019,"Tom Tancin
",1,0.0,32,161,"3,62"
3206478,"Laura L. Sullivan
",1,,1225,7274,"3,79"
5300466,"Pamela Mingle
",0,0.0,645,3073,"3,66"
5286605,"Leah Scheier
",0,2421.0,587,3111,"3,91"
4968653,"Amy Carol Reeves
",0,0.0,257,1239,"3,69"
31265,"Patrice Kindl
",1,0.0,2175,14344,"3,65"
378988,"Amy McAuley
",0,8.0,145,854,"3,78"
2744177,"Victoria Lamb
",0,14.0,515,2307,"3,69"
6448210,"Liesl Shurtliff
",0,,2786,19418,"4,06"
37450,"Ed Brubaker
",1,0.0,14749,271117,"4,05"
230018,"Susan Vaught
",1,0.0,1280,7568,"3,72"
418792,"Christopher Healy
",1,0.0,2184,16651,"4,13"
5767014,"Ellie Rollins
",0,,64,329,4
18327,"Greg Rucka
",1,0.0,15453,207845,"3,98"
171132,"Peter J. Tomasi
",1,,6824,85350,"3,94"
4393443,"Angela Castle
",1,53.0,609,15227,"3,73"
336468,"Linda Mooney
",0,0.0,383,4948,"3,82"
1484001,"Tracy St. John
",0,0.0,894,18347,"3,98"
8604,"Michelle M. Pillow
",0,0.0,4883,53499,"3,89"
8573519,"Ruby Dixon
",0,,11740,132193,"4,04"
4310788,"C.L. Scholey
",0,8.0,969,18584,"3,83"
234253,"Megan Chance
",0,,2002,17988,"3,67"
6446003,"S.E. Smith
",1,0.0,5497,96151,"4,12"
16779020,"Amanda Milo
",1,,1379,10167,"4,08"
2561527,"Lolita Lopez
",0,0.0,1337,15699,"3,82"
16159,"Judy Mays
",1,,203,4234,"3,8"
4521954,"Michelle Diener
",0,14.0,1947,14045,"3,96"
14426270,"Poppy Rhys
",0,0.0,576,6890,"3,97"
71097,"Angelique Anjou
",0,0.0,167,4520,"3,58"
7142048,"Sandra   Harris
",1,53.0,92,1398,"3,74"
8433496,"Willow Danes
",1,,315,4120,"3,77"
14158778,"V.C. Lancaster
",1,14.0,569,6532,"3,9"
7132491,"Caleb James
",1,0.0,88,349,"3,93"
7190029,"Jenna Galicki
",0,0.0,1005,2910,"4,21"
2995331,"Louise Wise
",1,14.0,168,1914,"3,58"
4699881,19,1,0.0,126,424,"3,92"
17846991,"Antonio .
",1,,26,74,"3,82"
7348701,"Therese Woodson
",1,,403,1483,"3,79"
7201731,"Anthony Heetland
",1,0.0,5,18,"3,56"
7020232,"Christopher Hawthorne Moss
",1,0.0,161,530,"3,63"
7020112,"Edward Bettin Jr.
",1,8.0,8,29,"3,69"
7045040,"Harry K. Malone
",1,9432.0,83,266,"3,38"
7044696,"Jameson Dash
",1,8.0,56,150,"3,23"
6940792,"Danyele Johnson
",1,0.0,18,51,"3,67"
1166890,"Lanette Curington
",1,,159,2273,"3,65"
7232488,"Darren Endymion
",1,0.0,23,76,"3,72"
6903476,"Yeyu
",0,4213.0,26,97,"4,04"
6887429,"Layla M. Wier
",0,,158,513,"3,78"
4684563,"Sam Cameron
",1,0.0,76,321,"3,63"
2040451,"Jack Byrne
",1,53.0,218,692,"3,63"
6831429,"Amanda Meuwissen
",0,0.0,150,694,"4,28"
7105826,"Jaye McKenna
",0,14.0,418,2451,"3,95"
3378120,"Nathan Burgoine
",1,14.0,850,3452,"4,13"
6905660,"S.P. Wayne
",0,0.0,270,1280,"3,98"
7024194,"Christian Baines
",1,53.0,143,323,"3,72"
7106154,"Sandra Bard
",0,,117,482,"3,61"
7235442,"Genna Donaghy
",1,0.0,155,586,"3,65"
4420440,"Whitley Gray
",1,,405,1762,"3,88"
6875805,"Geoff  Laughton
",1,0.0,124,748,"3,87"
7733640,"P.T. Denys
",1,0.0,303,996,"4,18"
7085025,"Cari Waites
",1,53.0,407,1708,"3,69"
6739100,"R.D. Hero
",0,,369,1458,"3,56"
7093158,"Dane Waters
",0,0.0,79,369,"3,93"
375142,"Linda Gayle
",0,,169,1031,"3,74"
61935,"Paul Dini
",1,0.0,5628,82716,"4,02"
6861340,"Max Vos
",1,,952,4141,"3,76"
5200707,"Sherrie Henry
",1,0.0,137,628,"3,76"
7090926,"Tara Spears
",1,,324,1538,"3,79"
6888013,"Will Parkinson
",0,0.0,114,448,"3,77"
50040,"J.M. DeMatteis
",1,0.0,3348,39505,"3,84"
28710,"Dennis O'Neil
",1,0.0,5071,237287,"4,13"
61322,"David Finch
",1,8.0,4891,90873,"3,9"
61972,"Dean Motter
",1,,445,5400,"3,88"
10305,"Geoff Johns
",1,0.0,15846,265665,"3,95"
61955,"Mike W. Barr
",1,0.0,1162,18636,"3,75"
6950002,"Lex Chase
",0,0.0,305,924,"3,73"
6806438,"F.E. Feeley Jr.
",1,0.0,329,759,"4,08"
28055,"James Robinson
",1,14.0,4701,58421,"3,81"
77093,"Adam Beechen
",1,0.0,687,7875,"3,56"
10178,"Marv Wolfman
",1,0.0,3176,47734,"3,91"
53212,"Steve Englehart
",1,0.0,1312,12462,"3,74"
3488182,"Michael  Green
",1,,767,12720,"3,91"
3499511,"Aundrea Singer
",0,8.0,196,960,"3,66"
7127330,"Kol Anderson
",1,,1040,4289,"3,65"
19886,"Doug Moench
",1,0.0,2561,61320,"3,92"
24781,"Dan Slott
",1,0.0,6268,78952,"3,88"
1226213,"Tony S. Daniel
",1,0.0,4159,69010,"3,79"
28712,"Alan Grant
",1,14.0,2166,43112,"3,87"
13285,"Dave Gibbons
",1,14.0,14703,519209,"4,31"
61922,"Bill Finger
",1,0.0,1113,23604,"3,98"
6470937,"Tom    Taylor
",1,53.0,5001,62360,"4,14"
61230,"Paul Pope
",1,0.0,1876,22205,"3,81"
393902,"Mike Gold
",1,0.0,227,3629,"4,01"
8236,"Kevin Smith
",1,0.0,2416,36353,"3,88"
4822,"Judd Winick
",1,0.0,4238,86556,"4,01"
184312,"Lee Bermejo
",1,0.0,3129,53068,"3,95"
18313,"Jim Starlin
",1,,4151,66811,"3,95"
5449170,"Jan Pieńkowski
",1,681.0,496,10592,"4,03"
61231,"Scott Beatty
",1,,1043,20438,"4,02"
7271073,"Josh Malerman
",1,0.0,14294,93103,"3,95"
79805,"Bob Gale
",1,,639,20213,"4,03"
49185,"Brian Augustyn
",1,0.0,686,15541,"3,86"
4807116,"Robert S.  Wilson
",1,0.0,301,1344,"3,71"
4572127,"Justin Bienvenue
",1,0.0,77,148,"4,02"
6179696,"Joshua Grant
",1,0.0,22,67,"4,09"
9931,"Jill Thompson
",0,0.0,7137,182823,"4,31"
1365267,"A.M. Riley
",1,0.0,744,5613,"3,71"
4904483,"Lissa Kasey
",1,0.0,1131,7560,"3,85"
3447947,"Emily Carroll
",1,8.0,9682,73864,"3,96"
3873156,"Shannon Duffy
",1,8.0,210,859,"3,8"
135707,"Jewell Parker Rhodes
",0,0.0,3972,21657,"4,1"
1440114,"Ellen Booraem
",1,,382,1754,"3,43"
2880531,"Bobbi Miller
",0,,96,789,"3,9"
1264747,"John  Griffin
",1,0.0,6,50,"4,58"
1010796,"Kate Messner
",0,0.0,5484,31762,"4,07"
1181053,"Jeff Probst
",1,,782,5598,"4,01"
6472959,"Susan Mac Nicol
",0,14.0,1373,5806,"3,94"
3115036,"Caitlen Rubino-Bradway
",0,0.0,595,4087,"3,87"
715443,"Linda Urban
",1,0.0,2587,22411,"3,85"
6442340,"Tamera Will Wissinger
",1,,437,1865,"4,03"
57721,"W.W. Jacobs
",1,14.0,1280,33360,"3,86"
6966621,"J.E.  Thompson
",1,,184,867,"4,16"
484534,"Gareth P. Jones
",1,,653,3921,"3,9"
6459115,"Vince Vawter
",1,0.0,1451,8752,"3,95"
6508920,"Nancy J. Cavanaugh
",0,0.0,644,3148,"4,07"
6888220,"Sharon Sant
",0,14.0,191,777,"3,85"
3407883,"Adam Gidwitz
",1,0.0,6991,41143,"4,07"
2918405,"Ari B. Goelman
",1,0.0,150,642,"3,82"
2278,"Rick Moody
",1,0.0,2311,25039,"3,61"
182166,"Diane Zahler
",1,0.0,1013,9608,"3,94"
6976339,"Samantha Stemler
",0,0.0,24,84,"4,54"
1301011,"Beth Fehlbaum
",0,0.0,235,722,"3,94"
1506100,"Kathryn Fitzmaurice
",0,0.0,569,2931,"3,82"
20322,"Stephan Pastis
",1,0.0,2067,22000,"4,2"
14368888,"Fox Emerson
",1,814.0,56,187,"4,02"
4590272,"Peter Labrow
",1,14.0,46,303,"3,96"
6442338,"Teddy Steinkellner
",1,0.0,136,520,"3,65"
5313027,"Kieran Larwood
",1,,330,1737,"4,14"
428662,"James Ponti
",1,814.0,962,6489,"4,29"
368094,"Amy Timberlake
",0,,1402,9008,"3,82"
5376046,"Shelby Bach
",0,0.0,450,5196,"4,51"
8561992,"Will Jelbert
",1,14.0,56,791,"3,31"
4088448,"Lynette Ferreira
",0,149.0,178,761,"3,47"
10739,"Maile Meloy
",1,0.0,5432,39552,"3,75"
5446599,"Elisabeth Dahl
",0,,66,350,"4,05"
7031196,"Sarah Elizabeth Schantz
",0,0.0,159,743,"3,92"
15710595,"Victoria Haugnes
",1,1570.0,3,7,"4,14"
8062229,"Dawn Green
",1,8.0,36,114,"3,98"
5778099,"Claire M. Caterer
",1,0.0,59,354,"3,82"
8847571,"Melissa Grijalva
",0,0.0,5,82,"3,8"
5989889,"Megan Frazer Blakemore
",0,,868,4960,"3,79"
374504,"Tui T. Sutherland
",1,17336.0,7733,119474,"4,47"
7397563,"Rebecca McNutt
",1,8.0,238,316,"4,33"
269342,"Lisa Graff
",0,,4380,34340,"3,99"
5833183,"Sage Blackwood
",1,,1034,8974,"4,06"
381166,"Chris Columbus
",1,0.0,1183,12548,"3,85"
5375319,"Peggy Eddleman
",0,,424,1900,"4,02"
3140554,"Louise Gornall
",1,14.0,1413,6055,"4,04"
6592670,"Chad  Morris
",1,0.0,808,4355,"4,21"
17216,"Peter Lerangis
",1,0.0,5708,172508,"3,99"
5407300,"Caroline Carlson
",0,16170.0,680,4953,"4,11"
5267305,"Kristen Kittscher
",0,0.0,268,1503,"3,98"
931363,"Holly Goldberg Sloan
",0,0.0,9139,61973,"4,11"
8628144,"Philippa Cameron
",1,,64,106,"4,05"
66240,"Brent Runyon
",1,0.0,977,7527,"3,78"
15967758,"Linnea Hartsuyker
",1,0.0,463,2483,"3,83"
16688665,"Sarah  Schmidt
",0,53.0,2075,10203,"3,23"
13451733,"Emily Holleman
",0,0.0,240,1227,"3,49"
6483825,"Hala Alyan
",0,,779,5107,"3,9"
16074134,"Barbara Lynn-Davis
",0,0.0,42,141,"3,87"
2951648,"Patricia Falvey
",0,79.0,877,9285,"3,85"
1273937,"Alice Poon
",0,4592.0,38,81,"3,94"
8286393,"Lorena Hughes
",0,17371.0,54,410,"3,86"
7014015,"Sophia Tobin
",0,14.0,177,1167,"3,35"
401400,"Claire  Cameron
",1,8.0,1856,9417,"3,43"
4678519,"Kaite Welsh
",0,14.0,373,1811,"3,97"
429,"Rachel Kadish
",0,0.0,1543,9335,"4,14"
281286,"Josi S. Kilpack
",1,0.0,8205,40354,"3,81"
13353,"Lisa Carey
",0,0.0,696,5158,"3,74"
14759336,"Kristopher Dukes
",0,0.0,108,343,"3,16"
16644188,"Kate Murdoch
",0,53.0,28,38,"4,08"
14529180,"Clare Harvey
",1,,74,494,"3,88"
7020203,"Janie Chang
",0,4213.0,657,3832,"4,02"
1586352,"Janet Benton
",0,0.0,588,3059,"4,01"
15647085,"Kathleen A. Flynn
",1,0.0,1117,5369,"3,7"
1216796,"Sana Krasikov
",0,700.0,421,2048,"3,79"
14903705,"Fiona  Davis
",0,,5132,46469,"3,8"
711301,"Eva Stachniak
",0,681.0,1603,12280,"3,54"
480279,"Laurie Lico Albanese
",1,0.0,420,2653,"3,98"
16222010,"Elise Hooper
",0,0.0,475,2280,"3,69"
15214827,"Teresa Messineo
",0,0.0,403,2272,"3,93"
10803986,"Alyssa Palombo
",1,,664,2374,"3,87"
4096595,"Stephen P. Kiernan
",0,0.0,2453,15245,"3,9"
412370,"Renee Rosen
",0,0.0,1322,7300,"3,74"
15154365,"Susan  Rivers
",0,,998,6111,"3,82"
5416814,"Ellen Marie Wiseman
",0,0.0,7990,64306,"3,91"
15613166,"Meghan Masterson
",0,,76,294,"3,62"
308392,"Susan Holloway Scott
",0,0.0,783,7632,"3,87"
70916,"Jessica Shattuck
",0,0.0,5203,40658,"3,85"
26771,"John Norman
",1,0.0,994,22927,"3,45"
910229,"Kenechi Udogu
",0,,291,507,"3,79"
4787578,"Bryna Butler
",1,0.0,60,247,"3,74"
7060690,"Katlyn Duncan
",0,0.0,382,897,"3,69"
7030941,"Lance Erlick
",0,,216,364,"4,12"
4996938,"Yveta Germano
",1,952.0,17,37,"4,41"
5350164,"Kyra Dune
",0,,60,208,"4,09"
4720363,"Sarah Dalton
",0,,1152,8933,"3,78"
5610529,"Lana Krumwiede
",0,0.0,423,2417,"3,87"
6559537,"L.L. Hunter
",0,53.0,266,748,"3,76"
9206,"Rusty Fischer
",1,0.0,693,3239,"3,57"
5241601,"Emmy Laybourne
",0,0.0,5903,42042,"3,92"
827236,"Sarah Prineas
",1,0.0,3540,48382,4
17440931,"Hester Fox
",0,,722,2258,"3,74"
147857,"Joanne Bertin
",1,0.0,246,5408,"3,97"
4078652,"Aline Hunter
",0,0.0,1033,16477,"3,77"
8547032,"Gillian Bronte Adams
",0,,165,372,"4,37"
89622,"Jory Strong
",0,,1120,20762,"3,82"
7809260,"J.M. Northup
",1,0.0,116,521,"4,02"
4077598,"Christine Fonseca
",0,,635,2157,"3,79"
5395324,"Melanie Cusick-Jones
",0,14.0,88,202,4
7066594,"Adam Sigrist
",1,8.0,24,90,"4,13"
4485046,"Cesya MaRae Cuono
",0,0.0,70,218,"3,67"
6883928,"S. Johnathan Davis
",1,,105,889,"3,68"
5188441,"Ali Cross
",0,8.0,440,3109,"3,8"
5443292,"S.M. Oberhansley
",0,0.0,20,94,"3,96"
4846217,"John Zunski
",1,0.0,38,134,"3,95"
5894605,"T.W. Grim
",1,8.0,85,544,"3,85"
6937522,"James   Howell
",0,14.0,30,237,"3,99"
4645418,"Tony Talbot
",1,14.0,67,114,"3,71"
992207,"Weston Ochse
",1,0.0,1063,8581,"3,95"
6983518,"M.P. Attardo
",1,,41,191,"4,16"
5822521,"Adam   Light
",1,0.0,540,1283,"3,8"
4650525,"Joseph Duncan
",1,,298,3829,"4,08"
5625013,"Mike Kuykendall
",1,0.0,3,12,"3,92"
4794993,"Cameo Renae
",0,0.0,2411,22753,"4,15"
5438242,"Tiana Dalichov
",1,0.0,66,175,"3,41"
95232,"Alan S. Blinder
",1,0.0,189,1728,"4,03"
7008806,"Jamie Eubanks
",1,0.0,109,924,"3,81"
8294123,"Ava Mallory
",0,0.0,519,2021,"4,04"
6522996,"Kevin J.  Howard
",1,,59,136,"4,2"
6942370,"Richard Myerscough
",1,8.0,10,56,"4,13"
6449665,"Stephanie Parent
",1,0.0,146,407,"3,79"
4967856,"Greer Noble
",0,,33,65,"4,52"
146449,"Tielle St. Clare
",0,,578,10064,"3,73"
5747496,"Dina Rae
",0,,156,325,"4,14"
5824197,"DeAnna Kinney
",0,0.0,374,3120,"3,9"
5234352,"Mina Khan
",0,,258,1087,"3,77"
2168689,"Jaime Rush
",1,0.0,861,12981,"4,01"
60349,"Antoinette May
",1,0.0,486,4199,"3,78"
6521221,"David      Haynes
",1,14.0,258,1359,"3,86"
5763250,"D.T. Dyllin
",0,,460,1091,"4,01"
2917641,"Clayton Clifford Bye
",1,8.0,42,112,"4,41"
5818641,"Shaun Meeks
",1,8.0,196,918,"4,14"
2946327,"Meagan Hatfield
",0,0.0,175,1539,"3,89"
5816392,"Evans Light
",1,0.0,733,1864,"3,94"
7262875,"Eden Ashe
",1,,289,1217,4
6475203,"Mark Hamner
",1,0.0,8,52,"4,35"
5836011,"David  Nicol
",1,14.0,16,35,"4,03"
154116,"Regina Puckett
",0,,593,1874,"4,31"
6449653,"Solease M. Barner
",0,0.0,686,2420,"4,13"
6541039,"Tony Hubbard
",1,0.0,15,42,"3,98"
6869934,"John    Hennessy
",1,14.0,384,683,"4,19"
4867939,"Ania Ahlborn
",0,681.0,4320,30205,"3,57"
16995026,"Clint Alonzo
",1,0.0,0,10,5
4678212,"Bon Blossman
",0,0.0,65,297,"4,34"
4958072,"Ashley Fontainne
",0,0.0,620,2609,"4,02"
7777382,"Jim Goforth
",1,53.0,231,1054,"4,11"
9885287,"David C.   Cassidy
",1,8.0,113,468,"3,97"
5448528,"Michelle Fox
",0,0.0,4672,18239,"3,97"
4566700,"Allie Burke
",0,0.0,156,579,"3,79"
7257030,"Andrew Lennon
",1,14.0,517,1830,"4,05"
4417507,"Allison Cassatta
",1,0.0,769,3174,"3,76"
777491,"Helen B. Henderson
",1,,19,69,"4,2"
13846469,"Rachel McGrath
",0,53.0,214,370,"4,65"
4335031,"E.D. Walker
",0,0.0,156,839,"3,9"
3415603,"Shereen Vedam
",0,,344,837,"4,03"
4471993,"Sarah E. Boucher
",0,0.0,107,363,"3,47"
7264881,"Alice  Brown
",1,0.0,119,444,"3,98"
5242774,"Kevin Rau
",1,,106,2634,"3,74"
15206427,"Leon Hart
",1,,45,404,"3,94"
5081315,"Diane Alberts
",0,,2498,20888,"3,7"
5170063,"K.M. Johnson-Weider
",1,0.0,18,229,"3,99"
7304443,"Michael C. Bailey
",1,0.0,82,648,"4,19"
14588817,"Britain Kalai Soderquist
",0,0.0,21,83,"4,05"
133710,"Deborah Hale
",1,8.0,715,7441,"3,69"
2887586,"Nicole Zoltack
",0,0.0,1253,3516,"4,05"
7114446,"E.S. Wesley
",1,0.0,41,74,"4,16"
33653,"Regina Doman
",0,0.0,581,5991,"4,2"
281127,"Heather Grothaus
",0,,295,2639,"3,86"
1346588,"David J.  Schwartz
",1,0.0,433,2859,"3,49"
2036975,"Ian Thomas Healy
",1,0.0,254,1934,"3,75"
3180076,"Matt Myklusch
",1,0.0,650,12862,"4,28"
8403611,"Shyloh Morgan
",0,0.0,53,98,"4,02"
8433369,"D.S. Wrights
",0,127.0,774,2419,"3,84"
88036,"Chris Anne Wolfe
",0,0.0,72,1213,"4,02"
1131057,"Lisa Jensen
",1,0.0,802,2920,"3,46"
11461268,"Brad  Knight
",1,,23,227,"3,74"
4349709,"Susan Jane Bigelow
",1,0.0,370,1546,"3,85"
2982705,"Leslie Dicken
",1,0.0,65,493,"3,4"
7083697,"Tony Newton
",1,14.0,16,198,"3,94"
7075118,"Ava Zavora
",1,,120,372,"3,66"
6436872,"Martin H. Greenberg
",1,0.0,3372,51185,"3,86"
7154717,"Elliot S. Maggin
",1,,1375,52332,"4,21"
5263939,"Marion G. Harmon
",1,0.0,524,10164,"3,99"
7359478,"Tom   Reynolds
",1,,368,6484,"3,94"
4962929,"Eric Nixon
",1,0.0,5,45,"4,22"
4416228,"Ian D.G. Sandusky
",1,8.0,20,239,"3,88"
6870903,"Tim  Morgan
",1,0.0,17,42,"3,9"
183332,"Christopher   Andrews
",1,,27,344,"3,93"
6989845,"G.R. Mannering
",0,14.0,184,867,"3,65"
4892535,"Sondra Allan Carr
",0,0.0,66,534,"3,76"
5804086,"Ryan  Hill
",1,0.0,141,646,"3,87"
6877440,"Lindsay Mead
",0,0.0,70,487,"3,57"
7849833,"W.R. Gingell
",0,53.0,694,3826,"4,1"
777375,"Amanda Ashby
",0,53.0,1022,7349,"3,75"
440975,"Paul Tobin
",1,0.0,2732,24157,"3,86"
2922723,"Merrie Haskell
",1,,1151,8187,"3,96"
7791305,"Rachel L. Demeter
",1,0.0,699,2974,"4,25"
5059002,"Bonnie R. Paulson
",1,0.0,1169,6833,"3,97"
13849930,"Scarlett Cole
",0,14.0,3650,23236,"4,08"
7033186,"Rose Wynters
",1,0.0,204,1229,"3,75"
15450606,"Jeffery H. Haskell
",1,0.0,130,1669,"4,26"
3353674,"Joan Frances Turner
",0,,330,1757,"3,32"
4776262,"Preston Norton
",1,0.0,382,1489,"4,15"
4863270,"Kate Avery Ellison
",1,0.0,1415,16485,"3,9"
6451319,"Sara Shrieves
",1,0.0,42,109,"3,47"
172512,"Serena Valentino
",0,,3942,30317,"3,78"
6469976,"Sarah  Gray
",0,,65,555,"3,98"
5126125,"Tom De Haven
",1,0.0,437,3354,"3,77"
225692,"James Maxey
",0,0.0,727,7889,"3,81"
6543330,"Kelly Thompson
",0,0.0,3751,24831,"3,95"
4488686,"Jack Hessey
",1,,17,76,"3,84"
17739,"Michael A. Stackpole
",1,0.0,3103,120355,"3,91"
4293114,"Kristen Middleton
",0,0.0,2376,33131,"3,85"
59857,"Michael Lowenthal
",1,,293,1787,"3,44"
950140,"Rob Rogers
",1,0.0,365,19542,"4,36"
2909124,"E. Van Lowe
",1,,445,2577,"3,59"
8527134,"T. Ellery Hodges
",1,0.0,489,4477,"4,13"
81583,"Brian James
",1,0.0,870,6485,"3,49"
2879846,"Ru Freeman
",1,904.0,279,1614,"3,85"
4522,"Christopher Golden
",1,0.0,12565,173847,"3,89"
2967267,"Pai Kit Fai
",1,14.0,295,4691,"3,87"
97284,"Mur Lafferty
",1,0.0,4460,29789,"3,86"
7172819,"Tracey  Ward
",1,0.0,1949,21805,"4,05"
7169681,"Alison Kemper
",0,17679.0,135,355,"4,03"
5778695,"Jeramey Kraatz
",1,0.0,280,5041,"4,2"
7075077,"Kevin Hardman
",1,,335,6620,"4,11"
5622429,"A.G. Henley
",0,0.0,722,6358,"4,04"
3425627,"Yvonne Woon
",1,0.0,1897,17730,"4,02"
136085,"M.J. Hyland
",0,14.0,695,7465,"3,42"
4789022,"Chris Strange
",1,66.0,113,591,"3,93"
7044596,"Jay  Phillips
",1,0.0,54,267,"3,75"
7173392,"Jeremy Flagg
",1,0.0,119,432,"4,12"
4653530,"Rhiannon Paille
",0,8.0,320,781,"3,66"
5228940,"Richard  Roberts
",1,0.0,903,8551,"4,02"
7077654,"Drew  Hayes
",1,,3862,49556,"4,29"
2884866,"Jim Bernheimer
",1,0.0,984,12669,"4,04"
7151039,"Tasha Hoggatt
",1,,9,15,"4,07"
110742,"Adyashanti
",1,,360,5390,"4,43"
10418,"Beth Moore
",0,,4631,96495,"4,41"
1856035,"Mada Eliza Dalian
",0,,10,46,"4,33"
3165930,"Shalonda ""Treasure"" Williams-McClendon
",0,0.0,29,58,"4,1"
63879,"Shirley MacLaine
",0,0.0,943,16290,"3,87"
13839926,"Tracy J.  Thomas
",0,,30,162,"4,04"
108391,"Diane Stein
",0,0.0,164,6212,"4,21"
5759858,"Jennifer O'Neill
",0,,206,2520,"3,8"
7341478,"Gwendolyn M. Plano
",0,0.0,49,68,"4,66"
11236,"Caroline Myss
",0,0.0,1458,53323,"4,09"
8669,"Sonia Choquette
",1,,651,9652,"4,19"
66268,"India Edghill
",1,,511,8780,"3,9"
84803,"Gillian Bradshaw
",0,0.0,908,9836,"3,95"
26071,"Diane Wolkstein
",0,0.0,182,1784,"4,04"
8188329,"Mary Bernsen
",0,,81,134,"3,98"
22528,"Karen Essex
",1,0.0,1090,11341,"3,64"
61946,"Christa Wolf
",0,127.0,659,8023,"3,75"
6543431,"Libbie Hawker
",0,0.0,1875,16149,"3,91"
13891,"Rosalind Miles
",0,14.0,1096,25195,"3,86"
143643,"Bettany Hughes
",0,14.0,268,2178,"4,04"
230100,"Clysta Kinstler
",1,,65,602,"4,27"
54752,"Rachel Naomi Remen
",1,0.0,984,6892,"4,36"
463450,"Martha Marks
",1,0.0,60,292,"3,61"
6948910,"Steve Bremner
",1,8.0,18,108,"4,22"
20107,"Bill Moyers
",1,0.0,2074,44551,"4,29"
433276,"Liza M. Wiemer
",1,17744.0,248,746,"4,09"
133854,"Mike Dooley
",1,0.0,540,6286,"4,17"
3435507,"Toni Bernhard
",1,,294,2112,"4,2"
8659,"Jennifer Roberson
",0,0.0,1917,80151,"3,93"
2905269,"Molly Ringle
",0,0.0,606,1832,"3,65"
205372,"Elizabeth Cunningham
",1,,296,2670,"4,28"
91102,"Amanda Elyot
",0,,186,1726,"3,49"
6585259,"Katie Hamstead
",0,53.0,581,3656,"4,05"
29,"Kate Horsley
",0,0.0,343,2344,"3,78"
16758360,"Mario Brooks
",1,0.0,0,26,"4,96"
3495853,"Sarah Ban Breathnach
",0,,941,40981,"3,98"
7574275,"Victor Noble
",1,,12,58,"4,41"
17297,"Marianne Williamson
",1,0.0,2422,47127,"4,24"
4633123,"H. Rider Haggard
",1,14.0,4118,75171,"3,78"
6374,"Byron Katie
",0,0.0,1227,20515,"4,17"
9374,"Neale Donald Walsch
",1,0.0,2910,80188,"4,18"
35848,"Manda Scott
",1,14.0,819,10075,"4,07"
3106975,"Katharine Beutner
",1,,112,627,"3,57"
7772751,"Chuck Gallagher
",1,0.0,36,108,"4,47"
993682,"Jo Graham
",1,0.0,1055,9503,"3,97"
171184,"Pauline Gedge
",1,66.0,760,11625,"4,11"
9863205,"Charlotte E. Hart
",0,14.0,523,2224,"4,25"
44281,"Thomas Dyja
",1,0.0,212,1148,"3,52"
15429,"Norman Rush
",1,0.0,719,5543,"3,65"
4888965,"Delilah Fawkes
",0,0.0,511,14187,"3,7"
220502,"Brenda Shaughnessy
",0,118.0,190,1621,"3,98"
857886,"Fiona Maazel
",1,4174.0,258,1230,"2,98"
282933,"Mary Ruefle
",0,0.0,601,4931,"4,32"
169189,"Roger Rosenblatt
",1,,1596,8322,"3,65"
4113527,"Evgeny Morozov
",1,8420.0,347,2813,"3,67"
101983,"Peter Baker
",1,,390,3366,"4,05"
8171,"Leo Damrosch
",1,0.0,196,2535,"3,65"
12261,"Brenda Wineapple
",0,0.0,303,1999,"3,63"
186655,"Frank Bidart
",1,,250,4950,"4,05"
4481447,"Alexander Maksik
",1,0.0,884,5699,"3,64"
72031,"Elizabeth Graver
",0,0.0,516,3471,"3,26"
43504,"Kathryn Davis
",0,,1856,10990,"3,66"
4158220,"George Johnson
",1,,420,2665,"3,68"
6499,"Ian Buruma
",1,877.0,861,6514,"3,72"
7161243,"Jonathan  Miles
",1,0.0,1495,7776,"3,45"
6426025,"Jamie Quatro
",0,,630,3173,"3,62"
145512,"Lynne Olson
",0,0.0,1702,12313,"4,23"
24892,"Andrew Sean Greer
",1,0.0,10209,73758,"3,73"
12808,"Bernard Bailyn
",1,0.0,391,6663,"3,95"
1186320,"Amanda Ripley
",1,0.0,2441,15634,"4,08"
650994,"Margalit Fox
",1,0.0,734,3576,"3,89"
24008,"Artemis Cooper
",1,14.0,293,2121,"3,96"
15811,"Rebecca Solnit
",0,0.0,8498,67874,4
64736,"David Finkel
",1,0.0,1574,12115,"4,2"
149171,"Jeff Guinn
",1,0.0,3545,23444,"3,96"
7184,"Edna O'Brien
",0,79.0,3216,23618,"3,5"
6517993,"Livia Ellis
",1,0.0,271,1024,"4,01"
11298,"James Salter
",1,0.0,3769,28305,"3,77"
77397,"Jill Lepore
",1,0.0,3859,21719,"3,74"
71956,"Javier Marías
",1,525.0,3653,31244,"3,86"
5263703,"NoViolet Bulawayo
",0,434.0,2081,15475,"3,72"
49986,"George Packer
",1,0.0,1748,14607,"4,11"
4258,"Lawrence Wright
",1,0.0,7048,59409,"4,14"
5855,"David Rakoff
",1,8.0,3147,31158,"3,81"
6450261,"Sonali Deraniyagala
",0,,2317,14872,"3,72"
2508,"Claire Messud
",0,0.0,8060,59896,"3,21"
7505,"Alice McDermott
",0,0.0,5632,45091,"3,59"
164139,"Rachel Kushner
",0,0.0,5060,36822,"3,5"
6572575,"Amanda Lindhout
",1,8.0,4056,39697,"4,23"
4904826,"Cidney Swanson
",1,0.0,1048,11453,"3,89"
5403323,"Starr West
",1,53.0,9,46,"4,3"
4673950,"Heather Tregaskes
",0,,27,68,"3,99"
2274690,"Jennifer Hampton
",1,0.0,115,2232,"3,78"
2705823,"Zoe E. Whitten
",1,0.0,122,253,"3,85"
5333595,"Sheryl Sandberg
",1,0.0,15071,223214,"3,94"
3395431,"Katie Salidas
",0,0.0,1403,6469,"3,91"
4094993,"Daniele Lanzarotta
",0,,326,2317,"3,78"
6586877,"Hanna Peach
",0,,1050,8179,"4,02"
3140086,"Thomas Amo
",1,0.0,119,384,"3,85"
521916,"Lori Devoti
",0,0.0,1116,14505,"3,58"
3464081,"Kait Nolan
",0,0.0,2241,11686,"4,15"
2980674,"Jess C. Scott
",0,,180,696,"3,4"
1103981,"Sidney Fox
",0,0.0,39,102,"3,84"
3106563,"Dawn McCullough-White
",1,0.0,94,410,"3,59"
4191725,"Jamie Wasserman
",1,,57,323,"3,34"
4087495,"Elizabeth J. Kolodziej
",0,0.0,126,373,"3,94"
2919562,"Lori Brighton
",0,,2922,43082,"3,82"
4668756,"Isabella Kruger
",0,149.0,40,381,"3,52"
4639655,"X. Williamson
",0,,17,48,"3,33"
4784370,"E.M. Jade
",0,0.0,326,3992,"3,99"
4542621,"Vicki Keire
",1,0.0,295,2355,"3,71"
790143,"Daniel Arenson
",1,,2470,40503,"3,84"
4178161,"Tess Oliver
",0,,6365,67815,"3,97"
4527734,"Sharde Richardson
",0,0.0,56,237,"3,8"
2299445,"Devin O'Branagan
",0,,177,666,"4,06"
1187290,"Bettie Sharpe
",0,,499,2985,"3,6"
4710952,"R.J. Gonzales
",1,0.0,27,191,"3,71"
7160910,"Martin Adil-Smith
",1,14.0,156,566,"4,43"
211631,"Erlend Loe
",1,1570.0,2038,42496,"3,76"
28785,"Peter Shaffer
",1,14.0,875,33898,"4,05"
4911650,"Sandra Orchard
",0,8.0,936,4539,"3,97"
7789445,"Patricia  Bradley
",0,0.0,1270,9366,"4,14"
6176202,"Mary  Ellis
",1,0.0,1016,7340,"4,23"
5015496,"Krista McGee
",0,0.0,1223,7530,"3,89"
1598929,"Elizabeth Ludwig
",0,0.0,576,3189,"3,95"
40572,"Jane Kirkpatrick
",1,,3447,19923,"3,96"
6565151,"Julianna Deering
",0,,975,3863,"3,9"
6544571,"J.B. McGee
",0,0.0,1277,10384,"3,97"
2839406,"Lisa J. Lickel
",0,0.0,143,272,"4,26"
6644072,"Susie Finkbeiner
",0,,399,1199,"4,42"
7193011,"Cat Phoenix
",1,0.0,156,2282,"3,98"
3176814,"Cynthia Ruchti
",0,,1165,4044,"4,06"
151399,"Leslie Gould
",0,,2073,14310,"4,18"
5525538,"fallenbabybubu
",1,1796.0,40,648,"4,01"
6586258,"HaveYouSeenThisGirL
",1,1796.0,1226,39205,"4,48"
2553605,"Kagami Yoshimizu
",1,118.0,52,2691,"4,17"
13499920,"Supraja I.R.
",1,581.0,32,312,"3,73"
3014313,"Mina V. Esguerra
",0,,1119,6521,"3,98"
5829145,"Aril Daine
",1,1796.0,155,6822,"4,48"
5829057,"Alesana Marie
",1,1796.0,366,10418,"4,47"
7023081,"Jessica Concha
",0,1796.0,60,2742,"4,42"
7319205,"Jade Margarette Pitogo
",1,1796.0,93,3952,"4,4"
7143940,"Kimberly Joy Villanueva
",0,1796.0,81,2890,"4,29"
6586254,"Alyloony
",0,1796.0,382,13181,"4,46"
6552307,"Vee Hoffman
",1,0.0,164,1157,"4,29"
2088666,"M. Chandler
",0,0.0,508,5566,"3,97"
4853485,"Susann Julieva
",1,127.0,71,362,"4,32"
224531,"P.A. Brown
",1,8.0,341,3492,"3,72"
15635485,"Lucia Laurent
",0,,41,192,"3,98"
5364650,"salifiable
",1,,271,1793,"3,95"
4798562,"Caitlín R. Kiernan
",1,79.0,7695,82181,"3,88"
10765,"M. John Harrison
",1,14.0,2158,26313,"3,78"
128466,"Thomas Ligotti
",1,0.0,2994,40595,4
466494,"Laird Barron
",1,0.0,4352,35083,"3,91"
4502237,"Michael Siemsen
",1,0.0,779,8398,"3,75"
33546,"Arthur Machen
",1,14.0,2056,24375,"3,9"
7048626,"Terry  Reid
",1,14.0,14,145,"4,16"
57739,"Robert W. Chambers
",1,0.0,2098,22435,"3,7"
38658,"Arthur Schnitzler
",1,856.0,1196,19334,"3,75"
24953,"Leonid Andreyev
",1,110.0,628,7880,"4,05"
18393,"Andrew Lang
",1,894.0,1686,37805,"4,03"
9325,"Gertrude Stein
",0,0.0,1960,23465,"3,63"
6815,"August Strindberg
",1,1.0,1216,26402,"3,55"
20404,"Henry Adams
",1,0.0,496,4371,"3,73"
98909,"Owen Wister
",1,0.0,783,7466,"3,87"
67070,"Henri Bergson
",1,86.0,308,5645,"3,96"
4332478,"J.M. Synge
",1,79.0,402,8429,"3,64"
14403,"Ambrose Bierce
",1,0.0,4157,59925,"3,97"
68990,"Miles Franklin
",0,53.0,411,5676,"3,81"
389792,"W.H. Hudson
",1,698.0,388,3526,"3,72"
1569298,"Maurice Leblanc
",1,86.0,1123,17876,"3,89"
3314,"Arnold Bennett
",1,14.0,1454,13355,"3,71"
559563,"Susan Peek
",0,0.0,101,307,"4,52"
72703,"Samuel Butler
",1,14.0,1017,15182,"3,66"
51422,"William Hope Hodgson
",1,14.0,1840,18276,"3,82"
7702,"Luigi Pirandello
",1,814.0,1888,46102,"3,94"
14680245,"Stephanie Engelman
",0,0.0,28,78,"4,56"
7536051,"Madeleine Kuderick
",0,9432.0,271,1145,"3,59"
8105,"Kate Douglas Wiggin
",0,0.0,1305,35424,"3,86"
16073,"Robert Walser
",1,1155.0,1280,11953,"4,01"
6549397,"Katrina Leno
",1,,1649,7543,"3,8"
17928992,"Em Lyons Bouch
",0,0.0,2,7,"4,86"
38266,"Selma Lagerlöf
",0,1.0,1230,20631,"3,86"
42041,"Max Weber
",1,127.0,545,13876,"3,91"
8987,"Theodore Dreiser
",1,0.0,3006,76230,"3,9"
297306,"Teresa Toten
",1,8032.0,1526,8458,"3,68"
6567915,"Pamela Ann
",1,,5003,71398,"3,99"
353227,"Nic Sheff
",1,,3489,35036,"3,89"
5428994,"Lydia Michaels
",0,,2002,12931,"4,16"
6463824,"Lisa Carlisle
",0,,1277,3539,"4,18"
7146180,"P.J.  Adams
",0,,555,1635,"3,85"
5181210,"Ryan Winfield
",0,0.0,2463,18087,"3,87"
8241647,"Melody Winter
",0,14.0,152,294,"4,29"
7581125,"K.L. Shandwick
",0,14.0,1195,4296,"4,3"
5194503,"Jamie Sullivan
",1,,178,872,"3,85"
6434411,"Paul Andrulis
",1,0.0,17,177,"3,6"
6578897,"Megan Thomason
",0,,428,2877,"3,8"
8123510,"William  Dye
",1,,0,78,"4,41"
7213842,"S.J. Hollis
",0,14.0,40,88,"4,07"
7338591,"Eric Shonkwiler
",1,0.0,64,235,"4,07"
15365638,"Felix O. Hartmann
",1,127.0,17,84,"3,81"
14164688,"Avery Kloss
",0,,59,615,"4,02"
59874,"Suzanne Barclay
",1,0.0,93,1027,"3,75"
14121657,"Eirik Moe Dahll-Larssøn
",1,1570.0,12,25,4
6538545,"S.M. McEachern
",0,8.0,386,3054,"4,14"
5049499,"Rachel Schurig
",1,,2249,31434,"3,91"
4730698,"J.A. Belfield
",0,14.0,476,1071,"4,02"
92796,"Leigh Michaels
",0,,695,5585,"3,48"
8187351,"Kate Wrath
",1,0.0,286,1986,"4,14"
6893401,"Lisa A. Adams
",1,0.0,60,159,"4,43"
6428810,"Asher Tensei
",1,0.0,19,52,"4,23"
5157472,"Nikki Loftin
",0,18085.0,738,4235,4
6244,"Ridley Pearson
",1,0.0,16633,239588,"4,02"
6151581,"Tamar Hela
",0,0.0,28,73,"4,44"
14537381,"Louise Blackwick
",0,877.0,29,69,"4,68"
15016,"Robin Jarvis
",1,14.0,729,11111,"3,96"
3387889,"Jasmine Richards
",0,,175,1339,"3,95"
4429726,"R.J. Lewis
",0,8.0,4360,57219,"4,12"
15180818,"Jeffrey L. Kohanek
",1,0.0,260,1561,"4,14"
5626138,"Stefan Bachmann
",1,,2861,13228,"3,76"
3033257,"Wendy Ely
",0,0.0,232,2196,"3,79"
26796,"Ari Marmell
",1,,1335,13808,"3,78"
14195702,"A.M. Manay
",0,,117,233,"4,58"
4965585,"Lorraine Carey
",0,0.0,134,418,"4,69"
15418106,"Cameron M. Hayden
",1,0.0,82,587,"4,16"
14879229,"C.R. Sedore
",1,8.0,12,17,"3,76"
7047768,"Eliza Tilton
",0,0.0,184,483,"3,96"
14751141,"Shari Lambert
",0,,48,142,"4,01"
7200721,"Julia Mills
",0,0.0,5209,29809,"4,32"
5156403,"Maya DeLeina
",1,0.0,57,186,"4,26"
5105090,"Anne L. Parks
",0,0.0,515,1657,"4,33"
7142258,"L.H. Nicole
",0,0.0,114,353,"3,91"
14126721,"Caroline Andrus
",0,0.0,31,41,"4,41"
2033695,"Catherine Egan
",1,8.0,440,1800,"3,76"
341927,"Gennita Low
",0,2097.0,1015,9736,"4,02"
282919,"Nancy Gideon
",0,0.0,746,5682,"4,06"
5832198,"J. Keller Ford
",0,127.0,123,223,"4,05"
75497,"Karin Tabke
",0,0.0,1623,17454,"3,89"
5045068,"Shannen Crane Camp
",0,0.0,381,1975,"3,83"
4899786,"Lily Zalon
",1,0.0,43,1917,"4,47"
4648176,"Jake Kerr
",1,0.0,624,4812,"3,83"
6923685,"Jane Godman
",0,,436,2326,"4,43"
969582,"Paula Berinstein
",1,0.0,124,408,"4,2"
7113091,"James Barlog
",1,0.0,15,48,"4,08"
5134701,"Melisa M. Hamling
",1,0.0,135,930,"3,64"
52794,"Dennis L. McKiernan
",1,0.0,1019,28454,"3,89"
16391,"J.V. Jones
",1,14.0,729,39227,"3,91"
15108914,"D.E. Night
",1,,573,811,"4,04"
8591,"Janny Wurts
",0,,2825,110689,"4,18"
5362029,"D.M. Andrews
",1,14.0,130,776,"3,75"
1127619,"G. Norman Lippert
",1,0.0,4523,42723,"3,86"
7105888,"June M. Pace
",0,0.0,26,55,"4,38"
6997216,"Elissa Sussman
",1,,517,2631,"3,6"
13835635,"Rachel Davidson Leigh
",0,,66,190,"3,92"
8178759,"Brooks Benjamin
",1,0.0,135,403,"4,07"
6434797,"Rebecca Phillips
",0,8.0,570,3267,"3,76"
7124717,"Rebecca Harwell
",0,,33,180,"3,89"
8424949,"Jazz Jennings
",0,0.0,964,4617,"3,97"
7101954,"Irina Argo
",0,,80,463,"3,69"
7465440,"Dana Alison Levy
",0,,663,3155,"3,96"
8328556,"Nina Rossing
",0,,98,242,"3,79"
5380331,"Christine Heppermann
",0,0.0,1479,6692,"3,55"
21970,"Jane B. Mason
",0,6808.0,661,12870,"3,99"
6475432,"Jeffery Self
",1,,456,2698,"3,45"
2769254,"Will Kostakis
",1,53.0,773,3293,"3,93"
2113294,"Joyce Grant
",1,,20,106,"3,99"
14161619,"Sarah Jude
",0,0.0,298,1108,"3,39"
15068246,"M.G. Hennessey
",1,,250,1110,"4,2"
5990698,"Emil Ostrovski
",1,,288,1064,"3,42"
13552274,"Caleb Roehrig
",1,,1048,3957,"3,76"
6906923,"Sofia Grey
",0,,744,2394,"3,74"
658679,"Laurent Linn
",1,,221,955,"3,83"
7247078,"Juliann Rich
",1,0.0,96,274,"3,96"
14133843,"S.J. Goslee
",1,,393,2043,"3,88"
8427101,"Dana Burkey
",0,0.0,366,703,"3,97"
9759281,"Jonathan L. Ferrara
",1,0.0,164,473,"4,08"
6624921,"Amber Daulton
",0,0.0,240,488,"4,05"
1155469,"Brie Spangler
",0,,552,2456,"3,59"
6952120,"Ruthi Kight
",1,0.0,173,634,"3,85"
4786551,"Danielle Monsch
",0,0.0,1114,8259,"3,74"
6578811,"Aria Kane
",0,0.0,140,327,"3,88"
1361508,"Norah Wilson
",0,8.0,1151,12060,"3,78"
6999316,"Rosalind Scarlett
",0,0.0,65,306,"3,48"
14118411,"Tara Sim
",0,15030.0,1123,4125,"3,93"
6315922,"Elizabeth Briggs
",0,0.0,1737,9148,"3,87"
2885331,"Zannie Adams
",0,,493,5707,"3,82"
6443901,"Kyra Lennon
",0,14.0,403,2089,"3,73"
3287392,"Debora Dennis
",1,,38,157,"4,18"
17086835,"Jen Katemi
",0,,429,659,"4,15"
6887024,"Ana Blaze
",0,0.0,135,390,"3,78"
51529,"Natalie J. Damschroder
",0,14.0,320,1354,"3,74"
7706842,"Shuchi Singh Kalra
",0,581.0,223,608,"3,65"
7124834,"Christy Dilg
",0,0.0,200,431,"4,28"
7086124,"Nicolette Day
",0,,541,5439,"3,97"
3103486,"Maureen L. Bonatch
",1,0.0,97,153,"4,42"
6937874,"Marisa Cleveland
",1,,143,500,"3,84"
7131722,"Annie  Wood
",0,0.0,20,66,4
8507331,"Neva Squires-Rodriguez
",0,0.0,51,172,"4,37"
5444623,"Dana Delamar
",0,0.0,340,1981,"3,91"
5398582,"Alexis Abbott
",0,8.0,3990,10389,"3,98"
2883330,"A.J. Adams
",0,,655,2092,"4,08"
4792103,"Judy Serrano
",0,0.0,112,244,"3,84"
481586,"D. Rus
",1,,710,21454,"4,12"
7393090,"Emilyann Girdner
",0,,80,131,"4,11"
13665730,"Kristin D. Van Risseghem
",0,,719,1626,"4,18"
14055550,"Michael  Chatfield
",1,14.0,699,17275,"4,35"
5247133,"S.L. Wallace
",0,0.0,56,184,"3,77"
7060641,"Marc Secchia
",1,149.0,653,6060,"4,27"
7122185,"J.M.  Richards
",0,0.0,15,104,"3,74"
5864492,"J.  Lawrence
",1,,23,165,"3,73"
7213367,"Mark Mills
",1,1155.0,1715,12182,"3,52"
5752854,"C.M. Gray
",1,14.0,201,832,"3,86"
6434441,"Dawn Husted
",1,0.0,108,187,"3,99"
6423738,"Elaine D. Walsh
",0,0.0,49,152,"3,76"
6566802,"Nel Ashley
",0,14.0,10,61,"4,16"
6916388,"Lauren Algeo
",0,14.0,34,145,"4,21"
6897529,"Dawna Raver
",0,18279.0,112,226,"4,01"
323591,"Dave Goulson
",1,14.0,358,2455,"4,25"
2881569,"Eliza Knight
",0,,1781,18476,"4,04"
4998021,"Joseph McGinnis
",1,0.0,49,122,"4,14"
6917576,"Nicole  Banks
",1,0.0,188,341,"4,21"
131337,"Paula Guran
",0,0.0,1509,11391,"3,76"
13763089,"Scott Robert Scheller
",1,,21,78,"3,87"
6939916,"John Pistelli
",1,0.0,5,27,"4,52"
5990137,"Ted  Sanders
",1,0.0,249,1645,"4,24"
6873915,"Craig Faris
",1,0.0,10,42,"4,19"
8384946,"Jennifer Chambliss Bertman
",0,,1720,9966,"4,18"
7046523,"Nathan Preedy
",1,14.0,1,11,"3,18"
6657062,"Martyn Stratton
",1,14.0,6,10,"3,4"
6474993,"Mikhail Lerma
",1,0.0,96,288,"4,29"
5820505,"Robin Amada Tzucker
",1,0.0,5,17,"4,35"
6923531,"J.S. Morin
",1,0.0,855,8669,"4,06"
5298148,"M.M. Mayle
",1,0.0,14,37,"3,86"
4801312,"R.L. McSterlingthong
",1,18300.0,10,42,4
6646379,"Genevieve Jourdin
",1,0.0,64,687,"3,42"
5212441,"A.L. Davroe
",1,0.0,187,579,"4,1"
15518935,"Travis Bagwell
",1,,1245,17177,"4,44"
767069,"Rachel Hore
",0,14.0,1570,16035,"3,82"
15932535,"Luke Chmilenko
",1,8.0,427,6776,"4,28"
6430924,"Lavinia Urban
",0,14.0,247,590,"4,27"
10949813,"James A. Hunter
",1,0.0,936,13552,"4,15"
12636907,"Saiber
",0,581.0,42,115,"4,5"
13817015,"Vasily Mahanenko
",1,110.0,733,21348,"4,22"
15925577,"Daniel Schinhofen
",1,0.0,767,12660,"4,19"
2981670,"Allison M. Dickson
",0,0.0,506,2111,"3,83"
6912312,"Georgina Hannan
",1,14.0,24,56,"4,68"
58029,"Tricia Springstubb
",1,0.0,597,2472,"3,8"
652133,"J.M. McDermott
",1,,356,1523,"3,48"
6859476,"Kerri Cuevas
",0,0.0,66,142,"3,63"
14255708,"Lisa Rosenbecker
",1,127.0,88,226,"4,21"
15003836,"Daman
",1,,49,1409,"4,26"
6582864,"Andrea Johnson Beck
",0,0.0,114,368,"3,77"
6550013,"Ana Salote
",1,,31,64,"4,48"
5625783,"R.J. Askew
",1,14.0,26,49,"4,61"
8530750,"Emilie Christie Burack
",1,,21,68,"3,75"
15388346,"Nicholas Eames
",1,8.0,2931,16187,"4,35"
11890,"Theodora Goss
",0,,5078,27772,"3,77"
14473460,"Eric Martindale
",1,0.0,15,21,"4,52"
32912,"Paul S. Kemp
",1,0.0,3658,51564,"3,98"
16991064,"Jacob L. White
",1,,19,43,"4,53"
6576504,"Ellie Williams
",0,14.0,22,60,"4,75"
6455676,"Sybrina Durant
",1,0.0,110,195,"4,31"
5761580,"MarcyKate Connolly
",1,0.0,691,2618,"3,84"
306733,"Cheryl Kaye Tardif
",1,8.0,1024,6566,"3,81"
5806570,"Elizabeth Seckman
",1,0.0,137,381,"4,26"
3381686,"Adam Nevill
",1,14.0,4050,26548,"3,6"
27148,"James A. Moore
",1,,2647,23932,"3,77"
6422627,"Wilson Harp
",1,0.0,204,1692,"3,9"
13020518,"Amy Bearce
",0,0.0,267,661,"3,99"
893282,"Jason Tanamor
",1,,54,99,"3,87"
14091259,"Lene Fogelberg
",0,1.0,128,580,"4,18"
415731,"Charlie Fletcher
",1,,1409,15137,"3,8"
4414232,"Melissa McPhail
",0,0.0,448,6122,"4,36"
51913,"Jeanette Baker
",1,,176,1059,"3,73"
14542471,"Brad Abraham
",1,,168,910,"3,51"
1134015,"Chaz Thompson
",1,,10,26,"3,69"
47792,"Fiona McIntosh
",0,14.0,2041,34969,"3,9"
6439800,"Christina Mobley
",0,0.0,44,118,"4,22"
5406978,"Andy Gavin
",1,0.0,431,1327,"3,83"
5768531,"Michael  Pierce
",1,,211,1283,"3,99"
7659,"Paul Bowles
",1,0.0,2621,34003,"3,95"
5415675,"Michael  Martin
",1,0.0,1,17,"3,76"
301032,"Chris Abouzeid
",1,0.0,58,366,"3,43"
384013,"Jennifer Lee Carrell
",1,0.0,1653,9677,"3,5"
171758,"Judith Claire Mitchell
",0,0.0,601,3237,"3,44"
6982829,"T.C. Squires
",1,0.0,7,16,"4,44"
4443219,"Christine M. Knight
",1,53.0,153,204,"4,25"
4893553,"Shane Scollins
",1,0.0,169,918,"3,54"
62911,"Witi Ihimaera
",1,66.0,968,8844,"3,87"
535923,"Alexander Freed
",1,0.0,2695,20394,"3,93"
6333276,"David P. Perlmutter
",1,14.0,147,860,"3,88"
6582961,"Freddie Owens
",0,0.0,94,479,"3,67"
6692732,"Kelly Anne Blount
",0,0.0,242,1146,"3,72"
6984661,"Nick Cutter
",1,8.0,5710,30608,"3,62"
21050,"Chang-rae Lee
",1,,3370,25449,"3,61"
6903911,"Jadie Jones
",0,0.0,127,488,"3,87"
4017568,"Christine Rains
",0,8.0,344,914,"4,21"
1319884,"Jordan E. Rosenfeld
",1,0.0,225,1567,"4,13"
84420,"Mary Lawrence
",0,0.0,283,1041,"3,54"
340256,"Marius Gabriel
",1,149.0,1054,18445,"4,07"
1762294,"Victor LaValle
",1,,4842,27644,"3,75"
5432373,"Trillium
",1,0.0,15,35,"3,89"
16358838,"Farah Cook
",0,1226.0,274,942,"4,03"
2996650,"Karen McQuestion
",0,0.0,3790,39839,"3,71"
6928878,"Jonathan Yanez
",1,0.0,499,3702,"4,12"
19387,"Michael Manning
",1,,51,570,"3,85"
7979840,"Taran Matharu
",1,14.0,4150,41574,"4,22"
204538,"Rosie Thomas
",0,14.0,1882,19339,"3,76"
26738,"Cheyenne McCray
",0,0.0,3885,62277,"3,89"
8384108,"L.T. Graham
",1,,33,95,"3,95"
7244984,"S.G. Night
",1,0.0,71,770,"4,1"
7189594,"Mitchell Hogan
",1,,954,14034,"3,96"
3842,"Jane Johnson
",0,14.0,1359,9736,"3,78"
8427407,"James Islington
",1,,1749,22162,"4,19"
7054788,"Pauline Montford
",1,14.0,10,55,"3,33"
72538,"Robert Holdstock
",1,14.0,1166,15324,"3,82"
2742697,"Sommer Marsden
",0,0.0,1079,7329,"3,74"
5832146,"Diane R. Jewkes
",1,0.0,36,167,"3,97"
17410394,"Sophie van Llewyn
",0,,44,98,"4,33"
15957275,"C.J. Pastore
",0,,31,47,"3,74"
8379833,"Rumer Haven
",0,,94,168,"4,15"
7075053,"Marie  Wilson
",1,8.0,22,94,"3,46"
2999765,"Katherine Webb
",1,14.0,1829,16186,"3,74"
6423058,"Sharon Clare
",0,8.0,60,112,"4,19"
6523267,"Jacquelyn Benson
",0,0.0,85,218,"4,15"
37519,"Victoria Hislop
",0,14.0,5241,63120,"3,89"
6423084,"Galen Rose
",1,0.0,27,278,"3,86"
53936,"Philip Kerr
",1,894.0,7092,74166,"3,99"
17553,"Anne Rampling
",1,,752,26768,"3,58"
821097,"Patricia Burroughs
",0,0.0,225,718,"3,92"
5272063,"Scott Bury
",1,,160,449,"4,19"
6424947,"Gary R. Henry
",1,0.0,36,72,"3,96"
4875659,"May Water
",0,0.0,22,123,"4,2"
96514,"Madeleine E. Robins
",0,0.0,551,3510,"3,75"
4975888,"Roma Calatayud-Stocks
",0,0.0,14,41,"3,95"
6569301,"Peter   Martin
",1,,37,146,"3,77"
27034,"Charles Portis
",1,0.0,5717,41598,"4,08"
6950698,"Janeal Falor
",0,,1003,5545,"3,76"
941508,"Barbara O'Neal
",0,0.0,2879,23917,"3,97"
4323055,"Douglas Nicholas
",1,,404,1650,"3,71"
170847,"Rosemary Rowe
",1,14.0,247,2694,"3,93"
5787303,"C.R. Hiatt
",0,,57,345,"3,79"
120581,"Robin Blake
",1,14.0,195,904,"3,42"
5057003,"Katherine L. Holmes
",0,0.0,27,82,"4,37"
3367040,"M. Louisa Locke
",0,0.0,1663,18834,"3,84"
5405098,"A.M. Dunnewin
",0,0.0,97,359,"3,89"
18032451,"Alex  Valentine
",1,,14,37,"4,62"
768,"John R. Erickson
",1,0.0,1327,24415,"4,1"
1549088,"Jeff Wheeler
",1,0.0,8569,157984,"4,22"
5806715,"Michael  Johnston
",1,0.0,1437,9760,"3,64"
8326636,"Ausma Zehanat Khan
",0,14.0,1006,3986,"3,8"
124923,"Ellen Cooney
",1,0.0,508,2450,"3,18"
7179557,"Marshall Ryan Maresca
",1,0.0,431,2464,"3,94"
7149797,"A.J.   Smith
",1,14.0,223,3139,"3,93"
444289,"Erica S. Perl
",0,0.0,774,4216,"3,72"
667257,"Sarah Bower
",0,,329,2489,"3,42"
6949037,"Rene Folsom
",0,0.0,1205,6127,"3,86"
4567126,"Amanda Hodgkinson
",0,,1450,11985,"3,65"
2880618,"David Hair
",1,66.0,809,10104,"4,06"
971110,"Lisa J. Yarde
",1,7842.0,121,682,"3,6"
5857424,"Lynn Cahoon
",0,0.0,3047,17726,"3,94"
5289059,"Alan Lazar
",1,149.0,153,670,"3,77"
5344384,"Jo Spurrier
",0,53.0,238,1603,"3,94"
117157,"Pauline Maier
",0,0.0,178,2197,"3,99"
3354316,"Robert Stephen Parry
",1,,91,282,"4,05"
22552,"Ann Turner
",0,0.0,715,5789,"3,75"
43790,"Edward Hirsch
",1,0.0,564,5925,"4,18"
3029755,"Oren Harman
",1,,77,549,"3,66"
2851725,"Bradley P. Beaulieu
",1,0.0,1639,13535,"3,89"
29812,"Lisa Robertson
",1,8.0,427,3356,"4,23"
3090287,"Miguel Syjuco
",1,1796.0,292,2237,"3,41"
6430013,"Sabrina Simon
",1,0.0,6,19,"4,21"
41938,"Robert  Stone
",1,0.0,3529,50334,"3,9"
14419895,"G. Akella
",1,110.0,224,6380,"4,25"
5157058,"David Shockley
",1,0.0,7,41,"4,37"
4265796,"Kimberly Cutter
",1,0.0,369,2022,"3,4"
52181,"Robert Rodi
",1,0.0,1068,16560,"4,02"
619104,"A.L. Kennedy
",0,894.0,1230,7029,"3,52"
24101,"Ken Foster
",1,0.0,378,4114,"4,13"
8635086,"Elle Katharine White
",0,0.0,626,2368,"3,84"
2270,"David Means
",1,0.0,524,3349,"3,48"
385819,"Lenore Hart
",1,0.0,190,841,"3,54"
126211,"Donald McCaig
",1,0.0,2560,22295,"3,74"
478426,"Julie Chibbaro
",1,0.0,428,1877,"3,59"
395900,"Jeff Shesol
",1,,92,789,"3,98"
63867,"Alan Brinkley
",1,,267,2313,"3,68"
140762,"Vicky Alvear Shecter
",0,0.0,1172,6856,4
15287815,"A.C. Cobble
",1,,546,8625,"4,34"
1141311,"Hans Keilson
",1,127.0,433,2429,"3,66"
7056784,"G.E.F. Neilson
",1,14.0,22,41,"4,34"
14612,"Kwame Anthony Appiah
",1,14.0,724,6938,"3,8"
6159227,"Becky Lower
",0,,358,1194,4
233401,"David Goodwillie
",1,0.0,123,733,"3,42"
4455250,"Lynn Sheene
",0,0.0,430,3431,"3,78"
353110,"Ted Mooney
",1,0.0,98,712,"3,61"
14535111,"Daniel M. Ford
",1,0.0,85,888,"4,16"
207734,"Jennifer Gilmore
",0,1155.0,451,2454,"3,17"
8186010,"K.M. McKinley
",1,14.0,102,442,"3,72"
3510974,"Patricia Engel
",0,,588,3476,"3,7"
4079914,"Karen Davison
",1,14.0,40,215,"4,15"
43530,"Cynthia Ozick
",0,0.0,2357,26909,"3,73"
85858,"Stephen Sondheim
",1,0.0,694,40008,"4,21"
32137,"Ben Macintyre
",1,,5544,51309,"4,05"
596826,"Sara Poole
",0,,655,7532,"3,79"
11562,"Derek Walcott
",1,18589.0,562,6109,"4,01"
48436,"Jane Leavy
",0,0.0,747,10941,"3,96"
909933,"Bruce Goldstein
",1,5782.0,70,691,"3,8"
16119185,"Dan  Allen
",1,0.0,27,54,"4,02"
6924413,"T.L. Higley
",1,,523,2935,"3,93"
2949938,"Cynthia L. Enuton
",1,0.0,14,151,"4,21"
242592,"Joan Schenkar
",0,0.0,263,1481,"3,7"
3144604,"Judith Shulevitz
",1,,85,344,"3,53"
296522,"Justin Spring
",1,0.0,281,1894,"4,04"
40146,"Pamela S. Turner
",1,0.0,688,2544,"3,98"
2828923,"Jon Skovron
",1,0.0,3964,21170,"3,78"
4389465,"Killian McRae
",0,0.0,563,2419,"3,67"
191014,"Jonathan Alter
",1,0.0,425,6324,"3,95"
217171,"Noah Feldman
",1,,281,2185,"4,01"
29303,"David Remnick
",1,0.0,1665,19463,"4,17"
53762,"Dori Jones Yang
",1,0.0,581,7121,"3,98"
2282,"Sam Lipsyte
",1,,2136,16004,"3,53"
11075,"Susan Vreeland
",1,0.0,7038,101837,"3,76"
24271,"Terry Teachout
",1,0.0,1129,7185,"3,74"
4526501,"Jonathan  Dee
",1,0.0,1815,11247,"3,28"
135726,"Dinaw Mengestu
",1,865.0,1970,12603,"3,57"
7154859,"Susan Tarr
",0,66.0,203,706,"4,32"
35444,"Graham Robb
",1,14.0,992,8229,"3,91"
7101,"Susan Casey
",1,8.0,2337,15457,"3,99"
24732,"Andrea Levy
",0,14.0,2524,32779,"3,83"
25281,"Ian Frazier
",1,0.0,1624,12339,"3,77"
6702514,"Mindy Mymudes
",0,0.0,44,113,"4,69"
118313,"Hilary Spurling
",0,14.0,322,2173,"3,9"
6746,"Ann Beattie
",1,0.0,1534,14127,"3,66"
3167197,"Tatjana Soli
",1,856.0,2148,13295,"3,72"
3085799,"Adam Ross
",1,259.0,1110,5529,"3,29"
225944,"Per Petterson
",1,1570.0,5548,35654,"3,73"
30502,"Diarmaid MacCulloch
",1,14.0,715,7735,"4,08"
5751,"James Shapiro
",1,0.0,869,5588,"4,05"
65798,"Bethany McLean
",0,0.0,952,20153,"4,11"
221608,"Charles Yu
",1,,3715,20626,"3,54"
34031,"David Grossman
",1,254.0,3342,26960,"3,82"
45539,"Keith Richards
",1,14.0,4580,75739,"3,86"
12437,"Gary Shteyngart
",1,110.0,8514,65185,"3,46"
2904306,"Karl Marlantes
",1,0.0,3619,36688,"4,21"
6927799,"Danielle Jamie
",0,0.0,3045,16133,"4,25"
7025554,"Selene Chardou
",1,0.0,461,4038,"3,82"
7141779,"Mitchel Grace
",1,0.0,8,144,"4,51"
6537898,"Tamara Hoffa
",1,0.0,397,1038,"4,1"
6625020,"Erika Ashby
",0,127.0,1380,10625,"3,98"
6440245,"Tiffany Carmouche
",0,0.0,171,370,"4,46"
6948888,"Laura J. Marshall
",1,,206,1029,"4,27"
4406722,"Brooklyn James
",0,,347,1879,"3,88"
6871799,"Nacole Stayton
",0,0.0,522,4010,"3,78"
7123081,"Felicia  Johnson
",0,0.0,127,396,"4,41"
6868739,"Lisa M. Harley
",1,0.0,400,2284,"4,03"
7061084,"Melissa Perea
",1,0.0,75,272,"4,06"
7085559,"Bethany Daniel
",1,0.0,147,701,"3,26"
6983412,"Scarlett Metal
",0,0.0,849,4353,"3,77"
4336642,"V. Murphy
",1,0.0,131,689,"3,72"
7056502,"J.M. LaRocca
",1,0.0,735,4618,"3,89"
1908773,"Linore Rose Burkard
",0,0.0,354,2355,"3,83"
158105,"Barbara Metzger
",0,,1424,12307,"3,68"
6980448,"Tara  Rose
",1,0.0,220,1647,"4,38"
7758781,"Nina Mason
",0,0.0,500,1068,"4,07"
13650648,"Sophie H. Morgan
",0,,91,193,"3,75"
2975887,"Jennifer Allis Provost
",0,,236,849,"3,76"
7016408,"Laurice Elehwany Molinari
",0,0.0,44,207,"4,26"
760392,"Kylie Chan
",0,53.0,1160,18202,"4,09"
14158009,"K.D. McQuain
",1,0.0,27,53,4
5826852,"Rosanna Leo
",0,8.0,938,3955,"3,96"
14192903,"D.S. Sage
",0,,37,43,"3,14"
3395248,"Erin Kellison
",0,0.0,2547,13768,"3,91"
6536659,"Melissa F. Olson
",0,0.0,3532,45983,"4,06"
7142440,"Tracey   Martin
",1,,305,1555,"3,76"
709041,"N.J. Walters
",0,,2374,22698,"3,91"
7277852,"Pippa DaCosta
",1,14.0,3236,22201,4
246753,"Deborah Blake
",1,,1310,11057,"3,95"
6583988,"Lindsay J. Pryor
",0,,1060,9859,"4,05"
14777224,"Colleen Halverson
",0,,234,883,"3,87"
7362213,"Kristine Raymond
",0,0.0,197,1030,"4,08"
1731002,"Raymond Vogel
",1,0.0,25,57,"4,04"
7209983,"Joanne Schwehm
",1,,1435,6452,"4,01"
76983,"Clare Darcy
",1,0.0,208,1819,"3,71"
946017,"Michele Paige Holmes
",0,0.0,2142,9074,"3,99"
2052146,"Heidi Ashworth
",0,0.0,1054,4939,"3,71"
8061325,"J.C. McKenzie
",0,8.0,333,1890,"4,1"
4499919,"Jen Wylie
",0,8.0,591,3661,"4,17"
6545102,"Sarah Tranter
",1,14.0,72,273,"3,77"
2903928,"Michael Panush
",1,,73,238,"4,08"
7419665,"D.G. Rampton
",1,,24,111,"3,96"
4634239,"Sean Hayden
",1,,217,1067,"4,13"
7372483,"M.E. Vaughan
",0,14.0,126,447,"4,26"
7443962,"Camille Elliot
",0,,294,1521,"4,01"
5304118,"A.M. Arthur
",0,0.0,4264,29174,"3,97"
7083639,"Wulf Francú Godgluck
",1,149.0,433,1688,"4,05"
6588786,"Rie Warren
",0,,2121,8780,"4,11"
7084178,"Emma Nichols
",0,0.0,1827,7103,"3,99"
6879435,"Megan Erickson
",0,0.0,8018,40122,"3,94"
58251,"Gene Edward Veith Jr.
",1,,386,3016,"4,14"
6912429,"Emily Godwin
",0,0.0,51,354,"3,87"
1421560,"Jess Dee
",0,53.0,1324,18986,"3,65"
6895711,"Nikki Godwin
",0,0.0,729,4735,"3,99"
6940644,"Nadia Simonenko
",0,127.0,509,3757,"3,84"
1130537,"Dee Tenorio
",1,,728,5784,"3,57"
3156101,"Rosalie Stanton
",0,0.0,341,2323,"3,63"
6445758,"Clare Davidson
",0,14.0,70,140,"4,15"
6966029,"Christa Simpson
",1,8.0,236,893,"3,93"
2884988,"Sophie Renwick
",1,8.0,265,2981,"3,78"
8301734,"Ashley John
",1,14.0,986,5644,"3,91"
4893389,"Carmilla Voiez
",0,14.0,157,426,"4,24"
6436063,"Vanessa North
",0,0.0,2181,7840,"3,7"
5833500,"Caitlin Ricci
",0,,1384,6112,"3,41"
2962410,"Inez Kelley
",0,,982,9262,"3,86"
1100362,"KyAnn Waters
",1,,601,3488,"3,62"
9792476,"Victoria Sue
",0,,2071,10969,"3,98"
7874960,"Ofelia Gränd
",0,1.0,830,2050,"3,88"
5842140,"S.A. McAuley
",1,0.0,1009,3666,4
259275,"Amy Jo Cousins
",0,0.0,3023,13902,"3,78"
7123774,"L.T. Kelly
",1,14.0,51,121,"3,98"
6868657,"Stacy Borel
",0,0.0,2150,27921,"4,03"
8190083,"Brina Brady
",1,0.0,315,1385,"3,88"
8147151,"K.C. Faelan
",1,,192,599,"3,84"
4052093,"Ingrid Seymour
",0,,1011,2621,"4,04"
5341602,"Jerry Sacher
",1,0.0,68,154,"2,61"
8685878,"Jessica Ruddick
",0,,265,856,"3,9"
14029383,"Avery Cockburn
",1,,1269,6503,"4,01"
5142501,"Jacob Z. Flores
",1,0.0,979,4833,"3,83"
6859298,"Charley Descoteaux
",0,0.0,386,1291,"3,42"
7160783,"Nicole Forcine
",0,0.0,186,800,"3,62"
11117099,"Crystal Walton
",0,,444,1634,"4,25"
13805947,"Limor Moyal
",1,254.0,92,266,"4,16"
126217,"Neil S. Plakcy
",1,0.0,1186,7218,"3,86"
6448768,"Darien Cox
",1,,975,5351,"3,86"
3501244,"Ross Douthat
",1,0.0,459,2547,"3,9"
67473,"Lee Rowan
",1,,227,1887,"3,7"
18457,"John Owen
",1,14.0,762,11093,"4,4"
7041089,"Francis de Sales
",1,86.0,285,4472,"4,4"
2867761,"John Simpson
",1,0.0,455,3673,"3,45"
7082503,"Rain Carrington
",1,,483,2591,"4,19"
99140,"Peter Rollins
",1,14.0,531,5342,"4,1"
4461,"Dallas Willard
",1,0.0,1912,31095,"4,22"
15511,"Rodney Stark
",1,0.0,860,5494,"4,03"
13808122,"Alex C. Clarke
",1,86.0,101,594,"3,54"
23704,"Jonathan Carroll
",1,0.0,3470,37307,"3,79"
5202174,"Jonathan Cahn
",1,0.0,2646,23664,"3,99"
13856506,"Jaclyn Osborn
",0,0.0,1060,5859,"4,12"
13505006,"Melanie  Hansen
",0,,1228,4812,"4,11"
8157232,"Nash Summers
",0,,1578,6584,"4,12"
38932,"N.T. Wright
",1,14.0,5166,56863,"4,19"
16489099,"Lindsey Frydman
",0,,86,205,"3,87"
7328358,"Rochelle Paige
",0,0.0,5709,37374,"3,96"
13925960,"Alister E. McGrath
",1,79.0,1803,13560,"3,88"
8432880,"Felice Stevens
",0,18864.0,4260,23016,"4,04"
11785,"Stormie Omartian
",0,0.0,2548,89406,"4,35"
292746,"Summer Devon
",0,0.0,1929,11203,"3,7"
5074162,"Nichole Chase
",0,,2653,29503,"3,89"
6550149,"Posy Roberts
",0,0.0,1126,3972,"3,81"
62899,"Paul W. Brand
",1,581.0,290,3098,"4,43"
7391149,"Jaycee Edward
",0,0.0,77,156,"3,71"
14144882,"Grein Murray
",1,,121,610,"3,92"
5251288,"Anna  Martin
",0,14.0,2175,10290,"3,8"
7638903,"Anselm of Canterbury
",1,86.0,173,2367,"3,88"
75887,"Jonathan Edwards
",1,0.0,982,15297,"4,14"
191362,"William Wilberforce
",1,14.0,87,613,"4,2"
4939,"Peter Kreeft
",1,,1839,20001,"4,2"
3577,"Ravi Zacharias
",1,581.0,2290,35027,"4,19"
6941142,"Eric Samuel Timm
",1,,20,147,"3,86"
505695,"N.D. Wilson
",1,,6154,41664,"3,98"
9788294,"Nicholas Bella
",1,0.0,2074,16271,"4,23"
36103,"Shane Claiborne
",1,0.0,1918,32563,"4,06"
304026,"Church of England
",1,14.0,68,1259,"4,38"
7045302,"Nicole Colville
",0,14.0,873,5906,"4,2"
6536019,"Rosalind  James
",0,,4016,43754,"4,08"
6915179,"Beth Michele
",0,,1379,8446,"3,88"
27694,"Charles W. Colson
",1,0.0,1047,17659,"4,2"
2839305,"E.M. Lynley
",0,0.0,1289,5800,"3,62"
27692,"Nancy R. Pearcey
",0,0.0,765,9437,"4,25"
2921645,"Janey Chapel
",0,0.0,342,2288,"3,66"
4831114,"C.L. Parker
",0,0.0,1710,13829,"3,98"
8081100,"J.R. Gray
",1,0.0,611,2262,"3,93"
13911602,"Annie Rains
",0,,914,2051,"4,06"
15556782,"Lea Davey
",0,53.0,48,105,"4,35"
14070842,"Roan Parrish
",0,,4002,18337,"4,13"
5786637,"Athanasius of Alexandria
",1,2218.0,539,8915,"4,25"
2851889,"Marquesate
",1,,1790,11906,"4,34"
5324316,"Thomas A. Knight
",1,8.0,48,171,"3,78"
13854848,"A. Wilding Wells
",0,0.0,665,1186,"4,24"
846687,"David Platt
",1,0.0,3170,60684,"4,19"
30510,"John Calvin
",1,86.0,800,13366,"4,16"
6903962,"A.M. Justice
",1,0.0,138,257,"3,98"
5101707,"Kathleen Brooks
",0,0.0,5034,83676,"4,33"
9845429,"K.L. Kreig
",1,0.0,4210,21172,"4,29"
13583077,"Winter Renshaw
",1,0.0,7542,78381,"3,92"
223845,"Molly O'Keefe
",0,,5650,27867,"3,84"
3039800,"Dexter Palmer
",1,,1376,7148,"3,69"
3087199,"A.G. Riddle
",1,0.0,7809,126460,"3,85"
541994,"Chris Beckett
",1,14.0,1560,12088,"3,78"
2938554,"Will McIntosh
",1,0.0,2656,22392,"3,76"
578581,"Linda Nagata
",1,0.0,1220,10203,"3,78"
58997,"Edward Lee
",1,0.0,2477,30935,"3,76"
8125999,"Kathe Koja
",0,0.0,2594,30647,"3,72"
7276650,"Sorin Suciu
",1,790.0,78,247,"4,14"
21071,"Bryan Smith
",1,0.0,1238,9807,"3,76"
10275,"Graham Masterton
",1,14.0,4541,53179,"3,78"
1089965,"Matt Shaw
",1,,2841,19610,"3,88"
1351359,"Josh Bazell
",1,0.0,2862,17261,"3,71"
495679,"Nick Stone
",1,14.0,644,4860,"3,82"
2920063,"Mina Carter
",0,14.0,7197,64220,"3,94"
426222,"Matthew Stokoe
",1,14.0,372,2240,"3,59"
1482834,"Maggie Wells
",0,,459,1028,"3,8"
6937440,"Monica  James
",0,53.0,1470,6922,"4,1"
6494965,"Angel Gelique
",1,0.0,335,724,"4,06"
1894662,"Lisa Sonora
",1,0.0,26,358,"4,08"
7980470,"Gregory V. Diehl
",1,,95,494,"4,14"
130045,"John Everson
",1,0.0,1164,6124,"3,72"
15934854,"Cary Hart
",0,,562,800,"4,46"
267230,"Mendal W. Johnson
",1,0.0,168,975,"3,63"
7160450,"Claire Wingfield
",0,14.0,22,39,"4,69"
5153546,"Mike Kalmbach
",1,0.0,108,239,"4,2"
137270,"J.A. Konrath
",1,0.0,10291,131295,"3,89"
2741092,"محمد عابد الجابري
",1,1868.0,405,3407,"3,94"
66476,"Noah Lukeman
",1,0.0,579,5200,"3,93"
1724698,"Jack Kilborn
",1,,3717,38181,"3,86"
2993356,"Helen Hardt
",0,,8532,85028,"4,3"
205051,"Pat Schneider
",1,0.0,122,950,"4,17"
85596,"Andrew Loomis
",1,0.0,217,24303,"4,08"
7235116,"Wade H. Garrett
",1,0.0,212,1247,"4,17"
17654525,"Cassidy Storm
",0,,84,260,"4,08"
1005381,"Joseph D'Lacey
",1,,494,2352,"3,77"
103706,"Laurie Lisle
",0,0.0,144,1977,"4,06"
481146,"John Gardner
",1,0.0,3357,47610,"3,8"
14430590,"David  Mason
",1,0.0,67,619,"4,04"
90825,"Gord Rollo
",1,,507,3876,"3,79"
16856659,"Marika Ray
",1,,497,809,"4,34"
162927,"Paul Di Filippo
",1,0.0,2354,24507,"3,76"
17122075,"Rebel Farris
",0,0.0,218,373,"4,4"
618968,"Nukila Amal
",1,667.0,188,1159,"3,36"
491250,"John Rember
",1,0.0,33,187,"3,96"
457864,"Ryan C. Thomas
",1,0.0,559,2992,"3,87"
920483,"Ika Natassa
",0,667.0,3896,28556,"3,75"
696355,"Ilana Tan
",1,,3870,53235,"4,01"
3473046,"Stacey Kennedy
",0,,4943,24955,"4,02"
13043,"David Lynch
",1,0.0,1283,13497,"3,93"
2104491,"Nilam Suri
",1,667.0,144,1027,"3,83"
988402,"Winna Efendi
",0,667.0,2606,24492,"3,82"
6606656,"J.F. Gonzalez
",1,,792,6339,"3,85"
117227,"Keri Smith
",0,8.0,1646,27645,"4,1"
804168,"Yusi Avianto Pareanom
",1,667.0,462,1745,"4,23"
13544944,"Nataša Nuit Pantović
",0,670.0,66,272,"4,61"
13323,"Diana Pavlac Glyer
",0,0.0,158,748,"4,26"
3426131,"Okky Madasari
",0,,798,3665,"3,74"
4114862,"S.A.R.K.
",0,,825,25161,"4,12"
13263928,"Teagan Hunter
",1,,2414,15088,"4,13"
714628,"Sutan Takdir Alisjahbana
",1,667.0,222,2742,"3,68"
5138460,"David Ebenbach
",1,2637.0,63,232,"4,48"
6761864,"Hendri Teja
",1,667.0,56,283,"4,12"
40574,"Carolyn See
",0,13572.0,487,3755,"3,76"
220799,"Marcel Theroux
",1,2793.0,754,5680,"3,7"
5209,"Annie Dillard
",0,0.0,6711,63739,"4,02"
4448408,"Walter Tevis
",1,0.0,1604,14526,"4,06"
117057,"Laksmi Pamuntjak
",0,667.0,573,3568,"3,53"
2985039,"Austin Kleon
",1,0.0,5736,161741,"3,92"
4125353,"Emmy Jackson
",1,0.0,18,57,"4,82"
600299,"Adhitya Mulya
",1,667.0,2518,16842,"3,78"
1734192,"Frederic C. Rich
",1,0.0,212,757,"3,78"
47834,"James Howard Kunstler
",1,0.0,2290,17522,"3,79"
17167074,"Elizabeth   Bright
",1,,72,219,"4,03"
199737,"Nick Cole
",1,,2107,20579,"4,09"
14552097,"Mia Sosa
",0,0.0,297,991,"3,73"
1262619,"Pidi Baiq
",1,667.0,3060,32900,"4,07"
17370591,"Sam Boush
",1,0.0,73,163,"4,04"
16831695,"Sonya Lalli
",0,8.0,136,276,"3,58"
760524,"Leila S. Chudori
",1,667.0,1326,6835,"4,12"
13868164,"Piper J. Drake
",1,,708,3005,"3,96"
8138287,"Stefanie London
",0,53.0,1271,4490,"3,85"
7200219,"V.L. Moon
",1,14.0,186,761,"4,07"
8202337,"J.  Nathan
",0,0.0,1052,7170,"4,03"
6422844,"Talon P.S.
",1,8.0,198,853,"4,13"
4783513,"Lou Harper
",0,,2012,10667,"3,72"
7754879,"Tarian P.S.
",1,,157,416,"4,22"
9848315,"Jared Garrett
",1,,87,223,"4,1"
4623203,"Avril Ashton
",1,,2621,17321,4
4121444,"Val Kovalin
",1,0.0,226,844,"3,77"
5763924,"Steve Backley
",1,,7,50,"3,96"
635978,"Carl Nagel
",1,53.0,18,119,"4,34"
7438861,"Karl Perera
",1,14.0,4,18,"3,83"
6477108,"Tom    Wright
",1,,51,179,"3,74"
8096132,"Ellen Ames
",1,0.0,4,9,"4,44"
7409177,"Amber Richards
",1,0.0,158,855,"3,88"
16369688,"Viral Dalal
",1,,64,127,"4,17"
7106986,"Darryl Edwards
",1,14.0,52,228,"4,06"
4602925,"Lorii Myers
",0,8.0,54,210,"4,09"
7108634,"Dylan Thrasher
",1,0.0,11,72,"3,82"
5786398,"Ian Breck
",1,0.0,11,36,"4,17"
6563987,"Jane Blaufus
",0,8.0,7,18,"4,72"
6497033,"Lindon Gareis
",1,0.0,20,70,"4,4"
8108,"Rebecca Pawel
",1,0.0,190,1272,"3,81"
17350,"Andrea Camilleri
",1,814.0,8479,101369,"3,88"
14980420,"I.C. Papachristos
",1,750.0,9,22,"4,55"
12433,"Adrian McKinty
",1,14.0,4101,34012,"4,04"
158170,"Dana Stabenow
",1,0.0,7944,112505,"4,01"
5534755,"Sōji Shimada
",1,118.0,600,3581,"3,83"
7150202,"Rayven T. Hill
",1,8.0,675,11161,"3,86"
5625972,"Rickard B. DeMille
",1,0.0,11,95,"3,91"
6450109,"Wyatt Michael
",1,0.0,11,26,"3,85"
283304,"Deon Meyer
",1,149.0,2753,25550,"4,01"
56067,"Ann Cleeves
",0,14.0,10037,119848,"3,98"
8190017,"Oren Sanderson
",1,,10,77,"3,65"
5465469,"Natsuhiko Kyogoku
",1,118.0,155,1633,"3,97"
6591372,"T.W. Lawless
",1,53.0,69,197,"3,96"
4141708,"Rahiem Brooks
",1,0.0,94,237,"4,24"
15799129,"Heena Rathore P.
",0,581.0,76,92,"4,21"
7336269,"Jenn Lyons
",0,0.0,132,245,"4,02"
87189,"Carlo Lucarelli
",1,814.0,751,8560,"3,5"
16090821,"Aminah Mae Safi
",0,,455,1288,"3,72"
7938095,"Dan Stout
",1,,13,74,"4,31"
7460109,"S.D. Grimm
",0,0.0,233,392,"4,1"
17449677,"Meghan Scott Molin
",1,,475,2964,"3,94"
90866,"Zoe Archer
",0,,1636,9698,"3,54"
5155577,"Matt Tomerlin
",1,0.0,233,1904,"3,86"
5209023,"C.L. Moore
",1,0.0,920,11941,"4,02"
5260005,"Nathan M. Farrugia
",1,53.0,1338,4328,"3,87"
2815365,"Will Jordan
",1,14.0,134,2441,"4,14"
14342697,"Caroline Peckham
",0,14.0,728,2243,"4,38"
4157600,"C.E. Grundler
",1,,69,547,"3,27"
5755802,"Seeley James
",1,0.0,316,1343,"3,98"
5779526,"أيمن العتوم
",1,2247.0,5404,26823,"4,05"
9016,"Colin Wilson
",1,14.0,2025,27770,"3,94"
1270368,"خالد أبو شادي
",1,2218.0,1937,14074,"4,18"
2872604,"عبد الرحيم بدر
",1,959.0,125,779,"4,08"
7773619,"Kyung-Sook Shin
",1,2434.0,4268,23921,"3,79"
2690927,"صلاح عبد الصبور
",1,2218.0,1507,8951,"3,93"
5810891,"Mahatma Gandhi
",1,581.0,2286,48032,"4,05"
6869213,"C.B. Roberts
",1,,72,158,"4,75"
6877778,"Jessika Bat
",0,0.0,6,16,"4,31"
136075,"Barbara Freethy
",0,0.0,7505,99881,"3,96"
3936,"Stuart Woods
",1,0.0,19299,341779,"3,87"
1504898,"ليلى الجهني
",1,2223.0,816,3309,"3,54"
3621,"Steve Berry
",1,,18530,302655,"3,89"
5187408,"Catherine Stovall
",0,0.0,157,641,"4,13"
7134811,"Mirriam Neal
",1,0.0,51,112,"4,38"
5413978,"L. Filloon
",0,19246.0,518,7835,"4,15"
7238592,"T.A. Uner
",1,0.0,319,598,"4,06"
3202468,"Andi Anderson
",1,0.0,489,3141,"3,6"
3400294,"J. Cafesin
",1,0.0,90,380,"3,82"
3501047,"Lisa Worrall
",0,14.0,2231,13126,"3,73"
2964333,"Serena Yates
",1,877.0,1327,8302,"3,6"
6525721,"Lisa Collicutt
",0,8.0,136,526,"3,8"
4382536,"J.M. Cartwright
",1,0.0,389,3189,"3,75"
3351653,"Don Zolidis
",1,,238,567,"4,01"
7038204,"Sally Slayer
",1,,9,25,"4,48"
7075073,"Rob J. Hayes
",1,14.0,511,5239,"4,01"
7212917,"Mark T. Barnes
",1,53.0,259,1921,"3,91"
4837396,"Shawn Bailey
",0,0.0,416,2325,"3,25"
7047591,"Snorri Kristjansson
",1,8221.0,277,1605,"3,71"
15935234,"M.K. England
",0,,280,820,"3,82"
3092532,"Devon Rhodes
",1,,951,5915,"3,66"
6897717,"Aaron Becker
",1,,2653,15222,"4,37"
1325722,"Fae Sutherland
",0,0.0,1088,7760,"3,71"
6563363,"Theresa M. Jones
",0,0.0,117,291,"4,16"
8057961,"Kristee Ravan
",0,,31,74,"4,2"
8328801,"Kara Jorgensen
",0,0.0,156,688,"3,93"
9831660,"Jim    West
",1,0.0,101,174,"4,44"
5108648,"Poppy Dennison
",0,,1536,10818,"3,84"
510084,"Kallysten
",0,,1541,6219,4
326992,"Andy Remic
",1,14.0,468,4053,"3,63"
4121709,"Jade Archer
",0,53.0,529,4429,"3,58"
531738,"Amanda Young
",0,0.0,975,8711,"3,47"
6591475,"Den Patrick
",1,14.0,300,1577,"3,54"
2767598,"Nana Haruta
",0,118.0,309,7539,"3,88"
3112114,"Alexey Pehov
",1,110.0,517,13074,"4,17"
265887,"Sanami Matoh
",1,,321,13609,"4,11"
685776,"Brian Ruckley
",1,14.0,529,6679,"3,47"
2101628,"Izumi Tsubaki
",0,118.0,1021,25708,"4,27"
6568395,"Lainy Lane
",0,0.0,20,81,"3,9"
8126118,"Joel Cornah
",1,14.0,30,92,"4,11"
5310508,"Richard  Ford
",1,,297,3040,"3,71"
6998567,"Kary Rader
",0,0.0,234,618,"4,14"
935639,"Joanne Hall
",0,14.0,134,406,"4,06"
182648,"Kaori Ozaki (尾崎かおり)
",0,118.0,361,6779,"4,27"
7068395,"Graham Austin-King
",1,14.0,461,2113,"3,94"
6427017,"Khelsey Jackson
",0,,384,1996,"3,58"
250553,"Mick Takeuchi
",0,118.0,199,7034,4
6568811,"Sammy H.K. Smith
",1,,32,120,"4,28"
3487702,"Kanan Minami
",1,118.0,539,32300,"4,06"
5302476,"Tomu Ohmi
",1,118.0,776,23962,"4,12"
4747895,"John Hornor Jacobs
",1,0.0,912,6629,"3,89"
831631,"Michiyo Kikuta
",1,118.0,138,7862,"4,22"
5829383,"Bryan W. Dull
",1,0.0,73,147,"4,27"
766542,"A.O. Mimori
",1,,198,7751,"3,99"
6642384,"Kylie Price
",0,66.0,206,486,"4,45"
4528549,"Chris Thrall
",1,14.0,70,733,"3,67"
7062017,"Ed Gaydos
",0,0.0,18,37,"4,27"
9740,"Ralph Moody
",1,0.0,1727,19263,"4,32"
3502341,"Kako Mitsuki
",1,118.0,234,11784,"4,15"
5771515,"David Wilkerson
",1,0.0,694,45337,"4,22"
13435,"Albert Speer
",1,127.0,349,11583,"4,09"
591748,"Edward M. Kennedy
",1,0.0,842,11939,"3,99"
203076,"Miwa Ueda
",0,118.0,599,21400,"3,96"
922699,"COM
",1,118.0,60,830,"3,99"
56750,"Caroline Kennedy
",1,0.0,1785,18571,"3,98"
2407,"Kaho Miyasaka
",1,118.0,279,14144,"3,99"
14410,"Benvenuto Cellini
",1,814.0,160,2663,"3,98"
1317372,"Amanda Springer
",1,0.0,13,126,"4,59"
15263483,"Joanne Van Leerdam
",0,53.0,173,235,"4,58"
87205,"Miho Obana
",0,118.0,244,15143,"4,29"
339789,"James Longstreet
",1,0.0,48,955,"3,93"
1711,"Thomas Merton
",1,86.0,3078,43085,"4,21"
3373,"Malachy McCourt
",1,0.0,563,7314,"3,47"
3247178,"Amy Patrick
",0,0.0,743,9184,"4,12"
8650,"Andrew Solomon
",1,0.0,3408,28809,"4,22"
72529,"Mark Mathabane
",1,149.0,825,15380,"4,13"
1179982,"Ricky Martin
",1,4431.0,342,2263,"3,55"
34336,"Anne Carson
",0,8.0,3919,41052,"4,29"
7076636,"Shungiku Nakamura
",1,118.0,1073,45616,"4,4"
8305735,"Erin A. Thomas
",1,0.0,2,27,"3,96"
1431814,"Stuart Ross McCallum
",1,14.0,44,87,"4,36"
6430414,"A.L. Butcher
",1,14.0,137,433,"4,14"
1544,"Lance Armstrong
",1,0.0,2776,46599,"3,73"
13638502,"Alfred Tennyson
",1,14.0,1574,51196,"4,08"
150802,"Myron Uhlberg
",1,0.0,752,3060,"4,07"
52060,"Leonard Cohen
",1,8.0,1941,25308,"3,98"
51918,"Michael Patrick MacDonald
",1,0.0,928,10978,"4,06"
1392861,"Russell Baker
",1,0.0,3747,73398,"4,04"
7569561,"Ken Dickson
",1,0.0,209,1373,"3,77"
4994753,"Brett J. Talley
",1,0.0,714,3266,"3,94"
38697,"Nick Cave
",1,53.0,1605,24072,"3,68"
5167118,"Phillip W. Simpson
",1,,217,714,"4,07"
5070344,"Taryn Browning
",1,,204,877,"3,73"
8187644,"Danelle O'Donnell
",0,0.0,6,17,"4,12"
1709433,"Eddie Huang
",1,0.0,1516,11407,"3,66"
618846,"Johan Harstad
",1,1570.0,2869,13982,"3,76"
6439448,"David Litwack
",1,,379,691,"3,92"
3235992,"Maria E. Schneider
",0,,221,983,"3,99"
5167134,"Caroline Hanson
",0,0.0,1439,19536,"3,77"
4146823,"Helen Boswell
",0,0.0,181,602,"4,05"
6645709,"Aurelia B. Rowl
",0,14.0,163,467,"3,81"
6761251,"Wendy S. Russo
",0,0.0,43,90,"4,22"
7126347,"Kaitlyn Oruska
",1,0.0,70,724,"4,19"
2739138,"Annie Brewer
",0,0.0,194,748,"3,62"
26773,"Anna Fienberg
",0,,371,4790,"3,89"
23212,"Michael Cart
",1,0.0,426,3868,"3,75"
6566039,"J. Elizabeth Hill
",0,8.0,53,257,"3,87"
2777625,"Lauren Strasnick
",1,0.0,632,3714,"3,3"
379900,"Ann Head
",1,0.0,124,973,"3,79"
75499,"Tanya Lee Stone
",1,,2396,11993,"3,95"
150477,"Kerry Cohen
",1,0.0,1250,11426,"3,62"
7067421,"S.R. Mallery
",0,0.0,328,993,"4,08"
4744654,"Courtney Vail
",0,,95,688,"4,05"
171882,"Marilyn Reynolds
",1,,188,1543,"4,08"
16049951,"Emily  Williams
",0,14.0,90,121,"4,48"
117205,"Connie Rose Porter
",0,0.0,848,32214,"4,04"
42408,"Berlie Doherty
",0,14.0,604,4819,"3,7"
35503,"Margaret Wild
",0,149.0,1272,7223,"3,85"
5845,"Serena Robar
",1,,223,2769,"3,76"
234593,"Margaret Bechard
",0,0.0,298,1853,"3,79"
296913,"Kristen Tracy
",1,,854,7086,"3,45"
17889528,"Laura  Mae
",0,0.0,18,25,"3,92"
2843991,"Patrick Weekes
",1,0.0,1758,15798,"3,96"
7696082,"Shon Mehta
",1,,12,22,"4,32"
17246036,"Ingrid  Palmer
",1,,56,164,"4,24"
14221782,"Scarlett Kol
",1,8.0,38,62,"4,45"
16068526,"A.B. Rutledge
",0,,79,251,"3,17"
16706932,"Laura E. Weymouth
",0,,409,1090,"3,91"
5050571,"Margot McGovern
",1,53.0,79,230,"4,02"
1853143,"Rebecca Sky
",1,8.0,52,166,"3,76"
17039168,"Maura Milan
",0,,216,614,"3,97"
16883153,"Anna Hecker
",0,,62,111,4
17280645,"Shawn Sarles
",1,0.0,192,727,"3,34"
16987401,"Miranda Asebedo
",1,,123,389,"3,97"
1299199,"Anica Mrose Rissi
",0,,325,1265,"3,7"
17051451,"Tiffany Brownlee
",0,0.0,72,175,"3,1"
17054622,"Laura Steven
",0,14.0,524,1614,"4,21"
4596718,"A.M. Rose
",0,,79,104,"4,19"
8119789,"Olivia A. Cole
",0,0.0,324,1312,"3,88"
17071577,"Julia Lynn Rubin
",0,0.0,39,79,"4,19"
16062751,"Amelia Brunskill
",0,53.0,213,851,"3,75"
15136965,"Ashley Woodfolk
",0,0.0,454,1548,"3,82"
12159517,"Jessica Bayliss
",0,,133,317,"3,95"
5183642,"Mark Oshiro
",1,0.0,594,2627,"4,19"
5399219,"Amber Lynn Natusch
",0,8.0,2080,25882,"4,09"
16148451,"Lindsay Champion
",0,,139,372,"3,71"
16048696,"Deborah Schaumberg
",0,0.0,81,272,"3,65"
6551780,"Erin  Callahan
",0,,224,345,"3,85"
14951568,"Lianne Oelke
",0,8.0,639,2161,"3,96"
15141492,"T.E. Carter
",0,,431,1543,"3,94"
16843217,"Britta Lundin
",0,,621,1970,"3,49"
15396319,"Jaime Questell
",0,,230,487,"3,54"
15852879,"Demetra Brodsky
",0,,74,191,"4,02"
16068544,"Amelinda Bérubé
",1,8.0,245,435,"3,57"
3003728,"Nisha Sharma
",0,0.0,420,1418,"3,64"
16278742,"Joanna Ruth Meyer
",0,,193,513,"3,97"
15100007,"Rebecca Schaeffer
",0,,415,1337,"4,07"
76360,"Matt Haig
",1,14.0,18636,138667,"3,98"
7210822,"Kit Frick
",0,,222,621,"3,72"
2130,"Gordon Korman
",1,8.0,22514,352213,4
349971,"Hester Velmans
",0,877.0,1482,11102,"3,89"
7031977,"Kevin McLeod
",1,14.0,38,196,"4,03"
7732746,"Julien Jamar
",0,0.0,28,126,"4,6"
5577825,"Natasha S. Brown
",0,,453,4277,"3,84"
5757413,"Michelle  Adams
",1,53.0,19,43,"4,21"
86085,"Blue Balliett
",1,0.0,4361,47016,"3,76"
1233745,"Michael Ian Black
",1,0.0,3008,22989,"3,88"
5009570,"Karen Pokras Toz
",0,,246,633,"4,23"
3123300,"Fran Cannon Slayton
",0,0.0,159,504,"3,75"
990035,"Pamela K. Kinney
",0,0.0,62,439,"3,95"
1472137,"Rosanne Parry
",1,0.0,500,2141,"3,8"
630285,"Gillian Summers
",0,,383,4656,"3,97"
137534,"Kerry Madden
",0,0.0,145,863,"4,02"
2726738,"Benedict Carey
",1,0.0,684,4616,"3,84"
1095066,"Kekla Magoon
",1,,3469,16923,"3,89"
12267,"Benny Morris
",1,,152,1513,4
50090,"Sharon Olds
",1,0.0,1298,19058,"4,15"
58934,"Clemence McLaren
",0,0.0,158,1662,"3,72"
171139,"Thorne Smith
",1,0.0,294,2306,"3,78"
6429243,"Tellulah Darling
",0,,880,4738,"3,78"
953612,"Carolyn Hennesy
",0,0.0,567,9471,"3,91"
567167,"Marie Phillips
",1,14.0,2380,14206,"3,42"
26457,"Rosemary Sutcliff
",0,14.0,2564,27519,"3,93"
42122,"Phil Foglio
",1,0.0,1935,31521,"4,29"
82260,"Liam O'Flaherty
",1,79.0,179,1861,"3,75"
6470435,"Madeleine Holly-Rosing
",0,0.0,85,184,"4,34"
6521880,"Donal Ryan
",1,79.0,1766,11715,"3,89"
6897702,"Emma Jane Holloway
",0,,865,5319,"3,77"
5039882,"Nathan Yocum
",1,0.0,135,513,"3,64"
5759879,"Dennis Higgins
",1,0.0,42,164,"4,28"
2880615,"Stuart Neville
",1,79.0,2120,15885,"3,85"
116405,"Benjamin Black
",1,79.0,3777,25088,"3,5"
101046,"Patrick Taylor
",1,79.0,5585,45071,"4,02"
4463221,"Art Donovan
",1,0.0,62,404,"4,01"
54475,"Mike Resnick
",1,0.0,5537,74215,"3,79"
435114,"Stephen Hunt
",1,8.0,1116,9384,"3,58"
64199,"Frank O'Connor
",1,79.0,599,8624,"4,05"
96023,"Brendan O'Carroll
",1,79.0,1147,10820,"4,17"
6953962,"E.M. Havens
",1,0.0,64,277,"3,74"
41348,"Brendan Behan
",1,79.0,230,3630,"3,92"
460870,"Tee Morris
",1,0.0,1955,17539,"3,88"
11582,"Seán O'Casey
",1,79.0,171,3899,"3,75"
1026961,"Shelley Adina
",0,,1935,22756,"3,96"
1058653,"Dru Pagliassotti
",0,0.0,599,4008,"3,67"
922006,"J.P. Donleavy
",1,0.0,829,14062,"3,71"
1550534,"M.K. Hobson
",0,0.0,853,6170,"3,62"
4934302,"Thomas Willeford
",1,,26,252,"3,87"
7305355,"Maddy Lederman
",1,0.0,38,188,"3,9"
2629753,"Randy Richardson
",1,0.0,63,199,"3,99"
34171,"Brian Friel
",1,79.0,474,10748,"3,79"
14591153,"Jon Del Arroz
",1,0.0,153,763,"4,13"
45497,"John McGahern
",1,79.0,8178,73788,"4,26"
5143,"Seamus Deane
",1,19638.0,3723,104878,"3,61"
6585392,"A.W. Exley
",1,66.0,1564,13547,"3,93"
47391,"Patrick McCabe
",1,79.0,1008,11734,"3,66"
34713,"Joseph O'Connor
",1,79.0,1242,12411,"3,75"
3215812,"Christina Strigas
",0,8.0,47,105,"4,44"
8224116,"Sarena Nanua
",0,8.0,35,66,"4,06"
4561709,"D.L. Mackenzie
",1,0.0,29,209,"3,64"
275246,"Alice Oswald
",0,,309,2363,"4,08"
6477718,"Cesar Nascimento
",1,,32,107,"3,71"
4196336,"Dale M. Kushner
",0,0.0,111,425,"3,87"
7103548,"Cecilia Llompart
",0,4431.0,12,61,"4,48"
7579761,"Andrea McKenzie Raine
",0,8.0,96,200,"4,46"
16484850,"Nicole  Lyons
",0,8.0,57,185,"4,7"
1410104,"Gregory Donovan
",1,0.0,3,16,"4,06"
13496855,"Yann Rousselot
",1,1155.0,28,65,"4,05"
8043779,"Kiana Donae
",1,0.0,39,50,"4,44"
4598939,"Shabnam Piryaei
",1,251.0,3,10,"4,3"
8283031,"Mariah E. Wilson
",0,8.0,10,24,"4,63"
341493,"Craig Silvey
",1,53.0,2568,23549,"4,05"
4114218,"C. JoyBell C.
",0,0.0,43,328,"4,29"
5559570,"Louise Glück
",0,0.0,1316,17347,"4,11"
4100629,"Frank Mundo
",1,0.0,48,109,"4,39"
3087558,"William Pauley III
",1,0.0,178,672,"4,11"
15804,"Marie Howe
",0,0.0,500,5772,"4,21"
29064,"Dennis Cooper
",1,0.0,1222,13058,"3,75"
58971,"Joe R. Lansdale
",1,0.0,19995,235480,"3,93"
46600,"Jorie Graham
",0,0.0,228,3430,"3,91"
56892,"Kim Addonizio
",1,0.0,1304,10511,"3,87"
589444,"Karen Solie
",0,8.0,46,469,"3,99"
8079735,"Teuta S. Rizaj
",0,,4,17,5
229975,"Ilya Kaminsky
",1,700.0,633,5253,"3,89"
8567,"Wendell Berry
",1,0.0,7502,59587,"4,27"
4141,"John Julius Norwich
",1,133.0,1378,13026,"4,03"
5821247,"J.D. Stockholm
",1,,170,965,"4,37"
29437,"Robert Fisk
",1,14.0,643,6709,"4,3"
15549108,"Akif Kichloo
",1,,20,81,"4,22"
671563,"Daniel Crocker
",1,,11,78,"4,76"
69550,"Sayed Kashua
",1,254.0,385,2643,"3,83"
14206027,"Mie Hansson
",0,1226.0,6,16,"4,25"
5308345,"C.J. Heck
",0,0.0,22,54,"4,43"
32472,"Tom Segev
",1,254.0,133,1223,"3,91"
17566,"Ariel Sharon
",1,959.0,16,184,"4,11"
49398,"Zachary Karabell
",1,,195,1445,"3,79"
177309,"Dan Kurzman
",1,0.0,154,1142,"3,96"
6468845,"Ingrid Jennings
",0,0.0,25,38,"4,34"
1230,"Gary Snyder
",1,0.0,812,14108,"4,18"
1256505,"Shlomo Sand
",1,856.0,159,1269,"4,07"
15180134,"Mohammed Massoud Morsi
",1,,52,112,"4,5"
14719441,"Shereen Malherbe
",0,,17,43,"4,05"
7336971,"R.K. Pavia
",0,14.0,31,58,"4,43"
15496,"Amos Oz
",1,254.0,3139,29696,"3,84"
15426714,"David  Hirst
",1,,55,402,4
58605,"Maggie Nelson
",0,0.0,4253,40783,"4,13"
11377,"Sarah Kay
",0,,1173,12329,"4,33"
430550,"Marcy Jane Knopf-Newman
",1,0.0,3,20,"3,45"
4809593,"Maranda Russell
",1,0.0,88,269,"4,14"
140825,"Menachem Begin
",1,110.0,23,206,"4,11"
1070423,"Heather Grace Stewart
",0,8.0,189,1607,"3,74"
7461124,"Mark     Thomas
",1,14.0,232,2171,"4,01"
6895412,"Niamh King
",0,79.0,3,26,"4,65"
92891,"Ali Liebegott
",1,,352,2799,"3,83"
5132689,"Ben Ditmars
",1,0.0,111,270,"4,63"
1128687,"Caroline B. Glick
",1,0.0,45,268,"4,28"
4993895,"Gabriel Gadfly
",1,0.0,15,74,"4,59"
3453827,"Jeanann Verlee
",0,,52,769,"4,35"
142602,"Peter Beinart
",1,14.0,114,727,"3,91"
16059,"Michelle Tea
",1,0.0,1946,19047,"3,78"
5431334,"Warsan Shire
",0,155.0,1042,11948,"4,34"
127669,"Ghada Karmi
",0,959.0,123,902,"4,02"
6940359,"Khaled Talib
",1,6152.0,88,169,"4,31"
40811,"Rashid Khalidi
",1,,108,1294,"3,85"
6113,"Jimmy Carter
",1,0.0,2869,21242,"3,81"
15423,"Yossi Klein Halevi
",1,0.0,248,1721,"4,3"
3799,"Michael B. Oren
",1,0.0,661,6481,"4,09"
28361,"Avi Shlaim
",1,2241.0,96,1252,"4,05"
8415755,"Tamara Philip
",0,3562.0,54,169,"4,37"
21261,"James Collins
",1,,645,2691,"3,22"
289426,"Michael Bar-Zohar
",1,19729.0,689,8126,"4,14"
27422,"Norman G. Finkelstein
",1,0.0,334,3624,"4,12"
223411,"Golda Meir
",0,700.0,145,935,"3,94"
122999,"Amira Hass
",0,254.0,35,416,"4,07"
323927,"Marin Thomas
",1,,692,2824,"4,1"
8382772,"Kaizen Elizabeth Love
",0,,41,270,"4,3"
371093,"Simon Sebag Montefiore
",1,14.0,3534,32945,"4,03"
5774144,"Miko Peled
",1,254.0,75,576,"4,09"
8915507,"Stu Schreiber
",1,0.0,14,31,"4,06"
7172290,"Layla Fiske
",0,,56,275,"4,13"
315693,"Mark Panek
",1,0.0,23,122,"4,16"
95897,"Suad Amiry
",0,2232.0,260,1645,"3,79"
6859115,"Josh  Baker
",1,0.0,9,51,"4,41"
4110655,"Omar Barghouti
",1,,19,175,"4,04"
6576619,"C.J. Paul
",1,0.0,8,54,"3,93"
119881,"Bernice L. McFadden
",0,0.0,2094,18080,"4,16"
283031,"Bradley James Simpson
",1,0.0,6,56,"4,2"
59717,"Alan M. Dershowitz
",1,0.0,765,7296,"3,8"
4905619,"Pamela J. Olson
",1,0.0,123,718,"4,09"
96546,"Ilan Pappé
",1,254.0,470,4758,"4,22"
6182432,"Michelle Cohen Corasanti
",0,0.0,2050,4874,"4,12"
103594,"Kitty Kelley
",0,0.0,1169,9274,"3,45"
42288,"Clyde Edgerton
",1,0.0,1665,15271,"3,7"
2927839,"Peter Trachtenberg
",1,0.0,110,566,"3,64"
6440505,"Jennie Fields
",0,0.0,366,1799,"3,5"
960964,"Douglas   Armstrong
",1,0.0,17,79,"3,94"
16810,"Lyanda Lynn Haupt
",0,0.0,651,3211,"3,87"
61859,"Sarah Dunn
",0,0.0,2211,18519,"3,5"
1068756,"Frances de Pontes Peebles
",1,261.0,855,5089,"3,94"
1418272,"Maria Savva
",0,14.0,337,740,"4,17"
2303450,"Naseem Rakha
",1,0.0,642,3568,"3,83"
2951738,"Noel Streatfeild
",0,14.0,2557,53056,"4,02"
13893,"Tristan Taormino
",0,,556,6587,"4,03"
40851,"Siri Hustvedt
",0,0.0,3772,37686,"3,73"
104161,"Xinran
",1,238.0,2065,16221,"4,09"
7145854,"Caitlyn Siehl
",0,0.0,107,1232,"3,97"
99727,"Carol Ann Duffy
",1,14.0,1534,15060,"3,97"
4719213,"Laurie Penny
",0,14.0,897,6254,"3,9"
3960446,"Irin Carmon
",0,254.0,3965,29685,"4,23"
33478,"Jonathan Eig
",0,0.0,994,9985,"4,12"
5213272,"Laura Barcella
",0,0.0,75,395,"3,84"
6953230,"Linda Rodríguez McRobbie
",0,0.0,747,4115,"3,62"
931581,"Jacky Fleming
",1,,369,2217,"4,24"
70695,"Lee Maracle
",0,8.0,193,1471,"4,08"
8435477,"Kate Bolick
",0,,1269,7478,"3,44"
8075577,"Rupi Kaur
",0,,27905,289680,"4,15"
204893,"Cordelia Fine
",0,8.0,1146,10387,"4,04"
14257878,"Maria Stoian
",0,,215,884,"4,32"
5388148,"Janet Mock
",0,,1087,9787,"4,32"
5992469,"Laura Bates
",1,,1127,8388,"4,3"
1892912,"Todd A. Fonseca
",1,0.0,42,233,"3,91"
13833459,"Mark    Adams
",1,,1645,13941,"3,81"
2295135,"Jack Heath
",1,53.0,752,5077,"3,96"
11449,"Ben M. Baglio
",1,0.0,1302,34644,"3,82"
4180597,"Cas Peace
",1,14.0,156,898,"4,17"
4519171,"Joel T. McGrath
",1,,32,117,"4,05"
318719,"Martha R. Carr
",1,,1077,11725,"4,41"
4646361,"Georgina Morales
",0,334.0,16,88,"3,98"
161399,"Edward Carey
",1,14.0,1128,6418,"3,85"
142899,"Bruno Schulz
",1,700.0,905,11575,"4,14"
449499,"Yvonne Prinz
",1,8.0,455,2829,"3,6"
217735,"K.J. Bishop
",1,53.0,418,4069,"3,65"
15348037,"Charles G. Finney
",1,0.0,200,1246,"3,85"
14870,"Alasdair Gray
",1,894.0,825,10357,"4,01"
29974,"David  Lindsay
",1,133.0,377,3735,"3,71"
1378543,"E.R. Eddison
",1,14.0,431,4683,"3,7"
3468012,"Laurie Bowler
",0,,137,517,"4,37"
7023849,"L.K. Collins
",1,0.0,2065,8055,"4,02"
345637,"Shannon Greenland
",0,,1387,19482,"3,91"
643309,"Sara  Mack
",0,0.0,302,1170,"4,2"
645867,"Annabel Monaghan
",0,0.0,612,6050,"3,87"
7008611,"S. Moose
",0,0.0,2167,9708,"3,93"
223787,"Melissa Schroeder
",0,0.0,3368,31732,"3,97"
42016,"Lauren Child
",0,14.0,4377,51496,"4,15"
487718,"Mark Walden
",1,14.0,1882,45525,"4,21"
466652,"Joe Craig
",1,14.0,216,4651,"3,95"
6949817,"D.L. Roan
",0,0.0,1083,7437,"4,2"
6583484,"Cassandra P. Lewis
",0,14.0,299,1493,"3,99"
13710620,"T.A. Maclagan
",0,0.0,122,453,"3,86"
137554,"Roland Smith
",1,0.0,7660,83989,"4,08"
6462059,"Brian Hare
",1,,263,2136,"3,97"
13844702,"Louisa Bennet
",0,14.0,41,110,"4,27"
69415,"Melissa Fay Greene
",0,0.0,1206,7720,"4,09"
3048559,"Jennifer Caloyeras
",1,0.0,39,100,"4,15"
36571,"Elizabeth Marshall Thomas
",1,0.0,966,8744,"3,82"
7223602,"Joey Camen
",1,0.0,25,43,"4,44"
229227,"Elsa Watson
",0,0.0,270,1575,"3,71"
13819,"Michael Palin
",1,14.0,1906,34165,"4,01"
13091,"Jan Morris
",0,14.0,1990,20947,"4,02"
63027,"Mungo Park
",1,894.0,30,586,"3,89"
19830,"Jeffrey Tayler
",1,0.0,189,1593,"3,77"
731384,"Lucy Knisley
",0,0.0,5959,46577,"3,87"
2995242,"Isabella L. Bird
",0,14.0,452,3037,"3,9"
14023886,"Paul  Stuart
",1,,4,12,"4,33"
324557,"Nicolas Bouvier
",1,1155.0,269,4945,"4,13"
63670,"Dervla Murphy
",0,79.0,674,6874,"3,98"
1549,"Martin Dugard
",1,0.0,20154,213363,"4,02"
83934,"Colin Thubron
",1,14.0,1123,11043,"3,8"
14549850,"P.J. O'Rourke
",1,0.0,1773,21831,"3,76"
142353,"Sara Wheeler
",0,14.0,431,3811,"3,75"
72482,"Jason Roberts
",1,,320,2129,"3,83"
99685,"Laurence Bergreen
",1,,1326,15335,"4,03"
40,"John McPhee
",1,0.0,3573,44671,"4,15"
6433789,"Rosemary ""Mamie"" Adkins
",0,0.0,46,136,"4,55"
62875,"Freya Stark
",0,86.0,194,1734,"3,86"
3025,"Andrew X. Pham
",1,7980.0,636,5511,"3,97"
13803,"Dean King
",0,19898.0,1053,14201,"4,01"
148413,"Patrick Leigh Fermor
",1,14.0,1783,14132,"4,08"
1899563,"Eve Brown-Waite
",0,0.0,248,1537,"3,68"
6970,"Robert D. Kaplan
",1,0.0,2167,21030,"3,86"
43698,"Colin Dexter
",1,14.0,2842,59689,"3,99"
2031,"James Hilton
",1,14.0,2269,25920,"3,93"
2977095,"Denis Lipman
",1,,36,181,"3,66"
406326,"Donald Harstad
",1,0.0,909,9601,"3,87"
68509,"Eric Newby
",1,14.0,639,8961,"3,94"
169954,"Wilfred Thesiger
",1,865.0,396,5873,"4,16"
51217,"Robert Byron
",1,14.0,188,2573,"3,91"
1254084,"William Least Heat-Moon
",1,0.0,1493,23030,"3,98"
25108,"P.J. Tracy
",1,,3726,37277,"4,01"
6975,"Peter Matthiessen
",1,0.0,3234,34404,4
6859728,"Eliza Green
",0,79.0,462,3162,"3,69"
4402016,"Matthew Plourde
",1,0.0,34,326,"3,89"
8073005,"Jamie A. Waters
",0,0.0,82,188,"4,14"
5158514,"D.H. Nevins
",0,8.0,97,240,"4,03"
13751508,"Elizabeth  Stephens
",0,0.0,98,316,"4,18"
170001,"Elyne Mitchell
",0,53.0,230,6276,"4,21"
6425423,"Iza Moreau
",0,0.0,40,231,"4,2"
619755,"Jamieson Findlay
",1,8.0,62,495,"3,96"
16917,"Buck Brannaman
",1,0.0,162,2034,"4,35"
87907,"Susan Juby
",0,8.0,1795,10077,"3,65"
157738,"Toni Leland
",0,0.0,43,447,"3,97"
1246638,"Annie Wedekind
",0,,86,1113,"4,29"
175203,"Lauren Brooke
",0,14.0,1269,47354,"4,11"
50786,"Elizabeth Goudge
",0,14.0,2537,24428,"4,12"
37297,"Jilly Cooper
",0,14.0,1771,38900,"3,92"
265964,"Molly Gloss
",1,0.0,1585,9397,"3,89"
17408604,"Jennifer Bleakley
",0,0.0,142,293,"4,61"
95600,"Mary O'Hara
",0,0.0,460,32788,"4,16"
435742,"William Nack
",1,0.0,364,9253,"4,22"
132132,"Enid Bagnold
",1,14.0,334,24616,"4,09"
6511568,"Angelica Dawson
",0,,912,2298,"4,16"
3272078,"Amylea Lyn
",0,0.0,280,2551,"3,63"
5766021,"Lynn Kelling
",1,0.0,1068,5287,"3,92"
5580362,"Samantha A. Cole
",0,0.0,2480,10489,"4,52"
20100,"Francis S. Collins
",1,0.0,975,8699,"3,86"
9239,"Norman L. Geisler
",1,,956,12043,"4,08"
5344,"Rob Bell
",1,,6271,77122,"3,78"
493639,"Jennie Nash
",0,,213,874,"3,57"
7769770,"Robert Woeger
",1,0.0,9,41,"4,46"
32063,"James W. Sire
",1,0.0,566,10884,"4,07"
2717365,"Abby McDonald
",1,14.0,4503,29399,"3,85"
17561,"Jim George
",1,,109,928,"4,14"
209975,"Laura Pedersen
",0,0.0,272,1468,"3,63"
70860,"HelenKay Dimon
",0,,3410,19984,"3,78"
6642057,"David Wolstenholm
",1,8.0,5,22,"4,23"
17560,"Elizabeth George
",0,0.0,1049,27183,"4,3"
3085098,"Jacquelyn Wheeler
",0,0.0,57,124,"3,66"
7810781,"D. Martyn Lloyd-Jones
",1,14.0,850,10369,"4,42"
120361,"Bonnie Hearn Hill
",0,0.0,364,2191,"3,76"
19687,"Penny Jordan
",0,14.0,3097,31552,"3,34"
6926290,"Melody Grace
",1,,4323,55365,"3,95"
14919141,"John R.W. Stott
",1,14.0,1254,26849,"4,19"
21198,"Cara Lockwood
",0,0.0,2066,34214,"3,86"
968814,"Milton Vincent
",1,0.0,211,2549,"4,49"
162305,"David Westheimer
",1,0.0,66,926,4
5778736,"Roberta Kagan
",1,0.0,1433,15567,"4,1"
77456,"Robert Conroy
",1,0.0,606,7827,"3,77"
26099,"Niki Burnham
",0,19994.0,726,15707,"3,65"
5441556,"Chanda Hahn
",0,0.0,8071,107408,"4,11"
4396266,"Heather Albano
",0,,92,630,"3,72"
11308331,"Sonya Deanna Terry
",1,53.0,34,70,"4,4"
43705,"James D. Doss
",1,0.0,724,9915,"4,03"
2772067,"Eden Maguire
",0,,967,13183,"3,56"
4740874,"Steven W. White
",1,,102,795,"3,61"
2976,"Éric-Emmanuel Schmitt
",1,86.0,6333,84438,"3,91"
5808041,"Sage Marlowe
",1,,345,1917,"3,76"
195779,"Fumi Yoshinaga
",0,118.0,1380,15534,"3,95"
1032457,"Chancery Stone
",0,14.0,68,260,"3,87"
688672,"Kathryn Erskine
",0,,4883,30457,"4,14"
160342,"Jill Smolinski
",1,,2147,13740,"3,45"
8344230,"Joseph Lance Tonlet
",1,0.0,633,1759,"4,01"
253359,"Laura McNeal
",1,0.0,1254,13298,"3,79"
480048,"Will Allison
",1,0.0,563,2914,"3,19"
1562881,"Jasper Kent
",1,14.0,427,3790,"3,71"
45968,"Katie Hickman
",1,14.0,518,3671,"3,55"
200052,"Mal Peet
",1,14.0,2070,11306,"3,85"
116353,"Flora Fraser
",0,14.0,186,2716,"3,78"
16799,"Diana Norman
",0,14.0,333,2731,4
7075765,"Yasser Bahjatt
",1,0.0,1820,12775,"3,73"
31464,"Judith Pella
",0,,1118,27228,"4,08"
5821134,"Tonya Cannariato
",0,0.0,176,202,"4,22"
13828309,"Stewart Sanders
",1,,30,115,"3,4"
195727,"Norah Lofts
",0,14.0,1134,16938,"3,94"
2072858,"Dusk Peterson
",1,0.0,162,866,"3,83"
1455604,"Esther Hautzig
",0,20032.0,504,4890,"3,96"
5825284,"Rosemary O'Malley
",1,0.0,131,593,"3,58"
2631049,"Jaime Samms
",1,8.0,1343,7188,"3,71"
718346,"Eric Lomax
",1,14.0,600,5925,"4,13"
84728,"Michelle Richmond
",1,0.0,5650,34062,"3,55"
68301,"Francis Spufford
",1,14.0,1907,12349,"3,85"
3252016,"Leiland Dale
",1,149.0,182,2295,"3,36"
596797,"Richard Garfinkle
",1,0.0,167,3189,"4,17"
35864,"Norman Spinrad
",1,0.0,1456,26902,"3,99"
5340891,"Kichiku Neko
",0,4213.0,548,4999,"4,35"
51586,"Angela Huth
",1,14.0,234,1830,"3,63"
49507,"Daniel Ehrenhaft
",1,,1101,7760,"3,41"
6998426,"Elizabeth Alsobrooks
",0,0.0,15,52,"4,73"
727021,"Rahna Reiko Rizzuto
",0,0.0,156,748,"3,28"
6510612,"Marcy Jacks
",0,8.0,1472,25526,"3,52"
13910112,"Wolf Specter
",1,0.0,1368,12758,"3,67"
17991,"Robert Sobel
",1,,87,1379,"3,97"
5253618,"S.A. Reid
",1,0.0,634,3092,"3,84"
4067029,"Valia Lind
",0,110.0,168,404,"3,82"
43734,"John M. Ford
",1,0.0,726,14282,"4,08"
37983,"Caroline Moorehead
",0,14.0,1661,9085,"3,86"
7855857,"Quil Carter
",1,8.0,747,5218,"4,42"
19490,"Marie McSwigan
",0,0.0,536,5377,"3,97"
7367271,"Lyssa Samuels
",0,,112,1342,"3,81"
6521302,"Lexi Ander
",0,0.0,1112,6616,"4,02"
3149556,"Scarlet Hyacinth
",0,790.0,952,17372,"3,71"
4355929,"Erin M. Leaf
",1,,797,6132,"3,7"
4857747,"Kabi
",1,,71,776,"3,52"
13787639,"Kris Michaels
",0,0.0,1332,13757,"4,46"
13845899,"Revella Hawthorne
",1,0.0,256,1951,4
23906,"Carlo D'Este
",1,0.0,290,6471,"4,17"
3465954,"Laurent Binet
",1,86.0,2522,18115,"4,02"
1152125,"Kyle Michel Sullivan
",1,0.0,146,464,"3,82"
8375,"Keith Roberts
",1,14.0,596,6971,"3,86"
6691397,"Jack L. Pyke
",0,14.0,872,3651,"3,98"
4413626,"Lilith Grey
",1,8.0,147,1224,"3,91"
7330,"Sinclair Lewis
",1,0.0,5313,68246,"3,75"
106251,"Charles B. MacDonald
",1,0.0,213,5625,"4,15"
5437311,"Traxie
",1,1743.0,82,923,"3,64"
4678361,"mousegirl05
",1,,46,363,"3,85"
269662,"Yvonne Collins
",1,,604,5992,"3,67"
5203560,"Vicktor Alexander
",1,0.0,809,6336,"3,59"
8337233,"Shaye Marlow
",1,20103.0,637,6933,4
15044336,"Hettie Ivers
",1,0.0,724,3839,"4,15"
8030505,"Alice  Walsh
",0,0.0,16,27,4
4794656,"Memphis86
",1,0.0,33,403,"3,64"
8149302,"Danielle Real
",1,0.0,4,7,"3,86"
5625955,"January Valentine
",1,0.0,132,322,"3,99"
7611199,"Tarako Kotobuki
",1,118.0,112,6493,"4,14"
1690113,"Jessica Freely
",0,,546,3405,"3,53"
657510,"Jonathan Chamberlain
",0,,36,131,"3,98"
259177,"Frederick Taylor
",1,14.0,298,2747,4
5362400,"Alfred de Zayas
",1,46.0,17,191,"4,21"
7267637,"Anie Michaels
",0,0.0,1933,13601,"4,06"
1089947,"Cara Marsi
",0,0.0,298,1614,"3,76"
6548216,"Ros Baxter
",0,53.0,201,805,"3,72"
125697,"C.J. Carmichael
",0,8.0,2407,21895,"4,08"
5345100,"Kristen James
",0,0.0,616,5685,"3,62"
7266412,"Amy Matayo
",0,,837,3974,"4,01"
555976,"Rebecca Thomas
",0,,386,917,"3,92"
3087787,"Erica Ridley
",0,,4478,19516,"3,89"
6588742,"Sugar Jamison
",0,0.0,1080,6128,"3,9"
7057541,"Karli  Perrin
",0,14.0,546,2232,"3,89"
4809447,"Soraya M Lane
",0,66.0,1409,12102,"3,84"
6995777,"Justine Elvira
",0,,1296,11193,"3,84"
6903785,"Lyla Payne
",1,0.0,1936,20541,"3,89"
5764273,"Danica Winters
",0,0.0,577,1469,"3,91"
68766,"Beth Ciotta
",0,0.0,1039,6957,"3,8"
1423331,"Delilah Marvelle
",1,0.0,1594,9851,"3,74"
6572063,"Dani Collins
",0,8.0,2121,12230,"3,86"
6423066,"Casey Dawes
",1,0.0,181,1050,"3,98"
7068528,"Monica Tillery
",1,0.0,184,1224,"4,11"
4070864,"Elizabeth Essex
",0,,1177,5928,"3,75"
7021239,"Jennifer Gracen
",0,0.0,810,4422,"3,91"
12693,"Jane Porter
",1,0.0,4679,32653,"3,82"
5085491,"Steena Holmes
",0,,3486,33856,"3,77"
5823760,"Sharon Struth
",0,0.0,286,763,"4,09"
18213,"Katherine Garbera
",0,0.0,2016,14182,"3,75"
6546176,"Laurie Roma
",0,,999,14837,"3,94"
4112244,"Robb Grindstaff
",1,0.0,188,486,"4,26"
88609,"Laura Resnick
",1,,1448,20422,"3,86"
123108,"Lea Wait
",0,0.0,1221,6664,"3,88"
226035,"C.T. Adams
",0,0.0,1068,17317,"3,77"
6613775,"Piper Kay
",0,0.0,568,2838,"3,7"
8180684,"Craig Schaefer
",1,0.0,2513,33124,"4,04"
4141543,"S.L. Armstrong
",0,0.0,747,3702,"3,53"
12397100,"Wren Michaels
",0,0.0,209,764,"4,37"
4867010,"Alex Owens
",0,0.0,356,1202,"4,06"
2965405,"Lizzie Lynn Lee
",0,,1097,8166,"3,49"
4489392,"Rochelle H. Ragnarok
",1,0.0,26,171,"3,16"
9756,"Carole Nelson Douglas
",1,0.0,2520,36481,"3,8"
1276146,"Clare London
",0,14.0,2343,11484,"3,65"
5624352,"Nina Post
",1,,169,573,"3,65"
4857038,"Amy Lunderman
",1,0.0,34,186,"3,78"
62652,"Richard Labonté
",1,,185,1109,"3,68"
2856938,"Jambrea Jo Jones
",0,0.0,614,3933,"3,67"
4755913,"Tamara Rose Blodgett
",0,0.0,1596,17802,"3,94"
38335,"James Lear
",1,0.0,571,3417,"3,68"
168090,"Laura Anne Gilman
",0,0.0,2873,36830,"3,78"
1868743,"M.L.N. Hanover
",1,,1898,19715,"3,77"
5989256,"H.E. Goodhue
",1,0.0,63,345,"3,67"
6564058,"Steven Wolff
",1,0.0,13,93,"3,74"
7336975,"T.R. Patrick
",1,0.0,13,65,"3,68"
1670544,"Geoffrey Knight
",1,20205.0,878,3288,"3,84"
7352038,"H.D.  Smith
",0,0.0,217,1594,4
8178850,"Roxy Sloane
",1,0.0,4668,49912,"4,03"
4186057,"Adam Santo
",1,0.0,22,57,"4,21"
7060507,"L.J.  Baker
",0,0.0,194,1616,"4,09"
2979761,"Clancy Nacht
",0,0.0,687,3648,"3,57"
7171979,"Sarah Lyons Fleming
",1,0.0,1485,14739,"4,38"
7264582,"Ember Shane
",0,0.0,65,136,"4,15"
329391,"Jeanne C. Stein
",0,0.0,2680,49296,"3,81"
2620426,"Keta Diablo
",0,0.0,451,1749,"3,97"
1214140,"Dana Fredsti
",0,0.0,778,4385,"3,86"
8186543,"Tom   Turner
",1,0.0,14,34,"4,38"
3020406,"Tim Marquitz
",1,0.0,938,7580,"3,94"
15860946,"C.L. Lynch
",0,8.0,165,639,"4,07"
13667660,"R.G. Westerman
",1,1155.0,26,90,"4,23"
4524583,"Jessica Meigs
",0,,230,2298,"3,82"
8185415,"Kate L. Mary
",1,0.0,1421,10403,"4,21"
2565200,"A.D. Christopher
",1,,32,486,"3,28"
10681321,"Jade West
",0,14.0,7046,36312,"3,98"
7242698,"Margaret Madigan
",0,0.0,229,1144,"4,26"
7077315,"Rachel Aukes
",1,0.0,795,5780,"3,98"
8102183,"Samie Sands
",0,14.0,275,1025,"4,01"
244917,"Marie Hall Ets
",1,0.0,357,2474,"3,72"
7212904,"Tera Shanley
",0,,429,1917,"3,94"
190328,"Graham Oakley
",1,14.0,186,2112,"4,31"
142845,"Ann Whitford Paul
",0,,491,2398,"3,9"
5176055,"Chrissy Peebles
",0,,1768,27262,"3,87"
7032966,"Kate Wolford
",0,,105,493,"3,75"
3378360,"Mike O'Mary
",1,0.0,51,196,"3,8"
5779328,"David Jacks
",1,,21,234,"4,83"
45230,"Tove Jansson
",0,1743.0,7349,105189,"4,21"
2919028,"Anne Calhoun
",1,,2498,14274,"3,74"
3959,"Cleveland Amory
",1,0.0,568,7202,"3,89"
7770350,"Raine O'Tierney
",0,0.0,759,3714,"3,76"
46688,"Patricia Polacco
",0,0.0,8253,81821,"4,35"
3249277,"Jennifer Gooch Hummer
",0,0.0,142,506,"4,07"
5449734,"V.L. Jennings
",0,0.0,17,41,"4,49"
6449478,"Stefan Bolz
",1,127.0,241,1165,"4,05"
2870615,"Heather Jensen
",1,0.0,52,131,"3,9"
46097,"Richard Paul Evans
",1,0.0,34777,319596,"4,15"
3220311,"Iolanthe Woulff
",0,0.0,52,112,"4,14"
5862552,"Serena Schreiber
",1,0.0,38,66,"4,45"
5821744,"Sharon Ledwith
",0,0.0,60,147,"4,22"
6765086,"Suzanne de Montigny
",0,20265.0,72,117,"4,64"
2820543,"John M. Simmons
",1,0.0,112,249,"4,02"
148435,"Norman Rockwell
",1,0.0,183,1183,"4,21"
7376191,"Valentine D'Arcy Sheldon
",1,0.0,12,29,"4,66"
5129391,"Lane Diamond
",1,0.0,84,242,"4,06"
4524759,"Kai Strand
",1,,133,420,"4,17"
15225011,"Jonathan W. Stokes
",1,0.0,138,531,"4,14"
4326634,"Scott Cramer
",1,,563,3183,"3,87"
14119749,"Branka Valcic
",1,,10,21,"4,48"
6155239,"Kathryn  Hewitt
",0,0.0,15,52,"4,25"
4202173,"Christa Polkinhorn
",1,1155.0,53,213,"3,86"
7267068,"E.T.A. Hoffmann
",1,127.0,2013,33683,"3,85"
585620,"Annie North Bedford
",1,,165,20160,"4,25"
4173006,"Greta Burroughs
",0,0.0,52,90,"4,67"
5198894,"Richard Due
",1,0.0,132,365,"4,27"
4755802,"Linda Cassidy Lewis
",0,0.0,161,767,"3,92"
6539315,"Erica Cameron
",0,0.0,296,711,"3,85"
3335769,"Brian Barnett
",1,,78,974,"4,73"
255710,"Janet  Miller
",0,,90,1925,"3,68"
269168,"Autumn Dawn
",1,0.0,592,10135,"3,81"
6561659,"Bethany Aan
",1,0.0,74,652,"3,88"
737162,"Robin L. Rotham
",0,0.0,549,6130,"3,76"
316262,"Monette Michaels
",0,0.0,467,7872,4
6791810,"Michelle Howard
",1,,908,13031,"3,97"
10520,"Marly Chance
",0,,81,1691,"3,58"
8187396,"Angela Majette
",1,0.0,3,8,4
581549,"Maureen Doyle McQuerry
",1,0.0,510,2160,"3,36"
7274465,"Isaiah Campbell
",1,0.0,29,94,"3,91"
7215201,"Edith Cohn
",0,0.0,99,409,"3,97"
5348132,"Jennifer Lynn Alvarez
",0,0.0,313,2382,"4,43"
7198606,"Laura Roach Dragon
",1,0.0,16,43,"4,09"
236939,"Patrick Jennings
",1,20314.0,781,3977,"3,76"
8162873,"Tim Weed
",1,0.0,71,174,"4,28"
18111,"Tony Abbott
",1,0.0,3882,47973,"3,9"
328151,"Laurel Snyder
",0,,3222,14968,"3,91"
4890834,"Erin E. Moulton
",0,0.0,373,1898,"3,86"
4832976,"Michelle Cuevas
",0,,1069,4681,"4,05"
4122904,"Tess Hilmo
",1,,413,1306,"3,97"
23651,"Gary L. Blackwood
",1,0.0,1217,10676,"3,68"
895265,"Padma Venkatraman
",0,581.0,1157,5950,"3,96"
7246822,"Robin Herrera
",1,0.0,323,1713,"3,99"
5859247,"Abby Hanlon
",1,,1003,5156,"4,25"
4911639,"Eric Kahn Gale
",1,0.0,597,2752,"3,95"
308137,"Patricia Hruby Powell
",1,0.0,980,4463,"4,2"
33794,"Jenny Offill
",1,0.0,5929,36676,"3,75"
11912,"Jude Watson
",1,0.0,5707,208332,4
7163011,"Skila Brown
",0,,423,1753,"3,99"
828,"The Arbinger Institute
",1,,3507,27392,"4,16"
156980,"Julian of Norwich
",0,,243,4672,4
50937,"Hugh Ross
",1,,439,3868,"4,18"
168647,"Jaleigh Johnson
",1,,1096,7131,"4,02"
355175,"Aaron Starmer
",1,0.0,1372,5834,"3,67"
1603038,"Emmanuel Levinas
",1,20032.0,180,3569,"4,13"
49292,"Robert H. Bork
",1,0.0,168,1505,"3,96"
149093,"Zhuangzi
",1,238.0,353,8225,"4,29"
512116,"Pope Pius XI
",1,814.0,33,154,"4,49"
26975,"Gary Zukav
",1,,1257,54177,4
7734038,"Ann  Hunter
",0,0.0,221,840,"3,67"
178856,"Deborah Wiles
",0,0.0,3782,27432,"4,04"
480635,"Sheila Turnage
",1,,3530,27894,"4,07"
1065386,"Watch Tower Bible and Tract Society
",1,0.0,920,14448,"4,53"
121789,"Karma-glin-pa
",1,5439.0,98,2415,"4,08"
59323,"Gershom Scholem
",1,127.0,140,2205,"4,16"
29357,"Martin Buber
",1,856.0,512,10944,"4,1"
24823,"Bobby Henderson
",1,0.0,353,3716,"3,92"
4125251,"John Climacus
",1,2232.0,40,487,"4,54"
59327,"A.C. Bhaktivedanta Swami Prabhupāda
",1,3570.0,754,10130,"4,21"
7476171,"Robert Rite
",1,0.0,4,59,"3,58"
414358,"Guru Gobind Singh
",1,581.0,25,382,"4,45"
248952,"Thérèse de Lisieux
",0,86.0,572,10732,"4,4"
14417372,"Elaine Pagels
",0,,1658,30908,"3,92"
912359,"Pope Leo XIII
",1,814.0,66,745,"4,4"
152474,"Hugh Nibley
",1,0.0,643,6334,"4,24"
64430,"Daniel Chanan Matt
",1,,99,1741,"4,08"
3948,"Aleister Crowley
",1,14.0,1194,30737,"3,98"
21152,"Fanny Burney
",0,14.0,997,20167,"3,69"
6255,"Ryszard Kapuściński
",1,8420.0,2738,37583,"4,17"
4480304,"Stefanie Sloane
",1,,782,4309,"3,65"
3000192,"Marshall Thornton
",1,0.0,1552,6330,"4,11"
7273,"Connie Mason
",0,,1456,24005,"3,82"
3163926,"Rose Lerner
",1,0.0,1249,5505,"3,84"
5306,"Maud Hart Lovelace
",0,0.0,3401,82155,"4,18"
10673,"Eleanor H. Porter
",0,0.0,2363,84637,"3,94"
288853,"Robyn DeHart
",0,,924,4170,"3,66"
3496825,"Jeannie Lin
",0,0.0,1545,6173,"3,68"
459627,"Laurin Wittig
",0,0.0,637,8342,"3,85"
3073046,"Cara Elliott
",0,0.0,890,5415,"3,7"
7124965,"Alyssa Alexander
",1,,244,681,"3,92"
4981510,"Cynthia  Wright
",0,0.0,1036,13523,"3,95"
8319172,"Puja Guha
",0,2245.0,68,125,"4,08"
4946067,"Samantha Grace
",0,,667,4050,"3,73"
10319,"Jillian Hunter
",0,,983,17156,"3,81"
6986143,"Elizabeth Michels
",0,0.0,493,2437,"3,57"
5753883,"J.R. Rain
",1,0.0,6155,91659,"3,93"
4781149,"Lucy Burdette
",0,,1087,6088,"3,91"
6907114,"James W. Ziskin
",1,,302,1267,"3,83"
7832387,"Allen Eskens
",1,,9510,81179,"3,96"
543507,"Michelle Willingham
",0,,1889,16598,"3,78"
46974,"Gayle Callen
",0,0.0,871,11237,"3,71"
437652,"Chris Pavone
",1,0.0,5759,40097,"3,49"
177048,"Jade Lee
",0,,1143,8119,"3,58"
74510,"Nicole Jordan
",0,,1862,28450,"3,85"
7038328,"Michele Lynn Seigfried
",0,0.0,100,496,"3,96"
7105783,"Gina Conkle
",0,0.0,472,1720,"3,74"
6465905,"Lynne Raimondo
",0,259.0,115,503,"3,74"
7123001,"Kate   Parker
",0,0.0,476,4857,"4,05"
5778128,"Maire Claremont
",1,,486,2232,"3,68"
247057,"Kathleen George
",0,0.0,302,1660,"3,49"
4892512,"Lucy Arlington
",1,,880,5773,"3,85"
4200414,"Hannah  Reed
",0,,809,6188,"3,92"
2120057,"Gaile Parkin
",0,1772.0,1044,5491,"3,67"
51936,"Ngũgĩ wa Thiong'o
",1,155.0,1559,17471,"3,91"
7213477,"Jacqui Nelson
",1,,267,622,"4,45"
410287,"Michael Stanley
",1,,822,4582,"3,88"
59668,"Howard W. French
",1,0.0,281,2249,"3,87"
42572,"Robert Ruark
",1,0.0,229,2871,"4,26"
3912,"Christopher Fowler
",1,14.0,6234,52191,"3,89"
1374842,"Fransje van Riel
",0,877.0,8,57,"4,35"
25890,"Peter Hathaway Capstick
",1,0.0,292,5833,"4,16"
1115809,"Dan Needles
",1,0.0,28,141,"3,79"
6462473,"Victoria Abbott
",1,,929,6032,"3,85"
117297,"Wangari Maathai
",0,155.0,680,4786,"4,06"
6163186,"Jennifer McQuiston
",0,,1394,8506,"3,67"
187,"Robert M. Sapolsky
",1,0.0,2369,21315,"4,22"
6563750,"Colby Marshall
",0,,129,714,"3,89"
3913679,"Cathy Ace
",0,14.0,475,1816,"3,72"
52527,"Allison Brennan
",0,0.0,6572,107754,"4,08"
59543,"Peter Godwin
",1,434.0,1212,12530,"4,15"
71991,"Camilla Gibb
",0,14.0,1435,14102,"3,86"
9890,"Tami Hoag
",0,0.0,12867,262575,"3,98"
59670,"John Reader
",1,,212,2038,"4,07"
424161,"Suzanne Arruda
",0,0.0,479,3354,"3,72"
11102,"Roméo Dallaire
",1,877.0,756,11324,"4,21"
4391,"Saul Bellow
",1,8.0,5672,85195,"3,77"
232218,"Cynthia Moss
",0,0.0,38,502,"4,18"
14670,"Kuki Gallmann
",0,814.0,209,3610,"3,88"
8170,"William  Boyd
",1,20465.0,7426,76622,"3,82"
1409320,"André Brink
",1,149.0,864,9175,"3,88"
74899,"Thomas Pakenham
",1,14.0,274,3835,"4,17"
91947,"Tsitsi Dangarembga
",0,434.0,760,10219,"3,92"
3488,"Elspeth Huxley
",0,14.0,394,5877,"4,07"
6444714,"Marie Hall
",0,12933.0,4238,45562,"3,99"
363635,"Linda Masemore Pirrung
",1,,172,555,"4,22"
7220500,"Ann  Stewart
",0,0.0,163,1052,"3,95"
34645,"Richard Stevenson
",1,0.0,336,3329,"3,89"
7737,"Joseph Hansen
",1,0.0,662,5220,4
5307361,"Steve Neil Johnson
",1,0.0,55,303,"4,26"
306882,"Michael Nava
",1,0.0,579,4385,"4,06"
2727135,"Charlie Cochrane
",0,14.0,1275,7408,"3,93"
5165049,"Mary Whitney
",0,,773,4667,"3,87"
546812,"Christina Bauer
",0,0.0,1563,14379,"4,02"
5072761,"Richard  Farnsworth
",1,,25,99,"4,07"
59151,"Stefan R. Dziemianowicz
",1,,469,3874,"3,75"
5172646,"Kate Monroe
",0,14.0,30,162,"3,85"
45680,"Paul M. Sammon
",1,0.0,180,2315,"4,1"
23798,"Neal Bascomb
",1,0.0,2279,19517,"4,1"
44806,"Dennis Etchison
",1,0.0,1068,16751,"3,88"
21986,"Ian W. Toll
",1,,836,9505,"4,4"
8187822,"Kerry Alan Denney
",1,0.0,167,312,"4,41"
4262038,"Rebecca Besser
",0,,130,407,"4,2"
6580622,"W.G. Sebald
",1,127.0,3206,34657,"4,11"
4444279,"Kate Jonez
",0,,326,1333,"3,82"
13602847,"Sophia Scarlet
",0,0.0,442,727,"4,03"
204497,"Leonie Swann
",1,127.0,1675,11644,"3,65"
717781,"Charles L. Grant
",1,0.0,1287,21310,"3,77"
406026,"S.T. Joshi
",1,581.0,3461,87436,"4,23"
14137019,"Shikha Kaul
",0,581.0,105,388,"3,93"
6702562,"Adler
",1,0.0,347,5710,"3,91"
79743,"Jeff Gelb
",1,,225,3870,"3,76"
14195250,"Mylo Carbia
",0,0.0,109,282,"3,94"
6934863,"Samantha Anne
",0,0.0,32,102,"4,18"
622455,"Chris Robertson
",1,0.0,211,1056,"3,57"
7259236,"Piu Marie Eatwell
",0,581.0,432,2361,"3,47"
32665,"David Clement-Davies
",1,14.0,1514,30760,"4,14"
3410564,"Eric J. Guignard
",1,0.0,528,2139,"4,12"
6914411,"Sarah M. Cradit
",0,,2075,4910,"4,19"
8180038,"Kyle M. Scott
",1,14.0,191,821,"4,16"
2321,"Geoff Brown
",1,53.0,207,1055,"4,03"
7848587,"T.M. McLean
",1,127.0,5,27,"4,15"
6561697,"Rowena May O'Sullivan
",1,66.0,39,212,"3,99"
327493,"David J. Schow
",1,127.0,2132,32293,"3,85"
645812,"Robert         Levy
",1,0.0,381,1521,"3,42"
6154020,"Arun D. Ellis
",1,14.0,131,450,"3,76"
6158855,"Catt Dahman
",0,0.0,199,1109,"3,76"
13477757,"K.S. Morgan
",0,,33,95,"3,97"
4164705,"J.M. Reinbold
",1,0.0,38,156,"4,21"
321854,"Weldon Burge
",1,0.0,85,502,"4,08"
18351,"Douglas E. Winter
",1,0.0,886,24275,"3,95"
491426,"Kirby McCauley
",1,0.0,73,2675,"4,07"
13390,"David G. Hartwell
",1,1363.0,1027,10526,"3,92"
4773114,"Suzanne Robb
",0,8.0,173,801,"3,99"
5275002,"Dan Rabarts
",1,,145,432,4
5763802,"William   Cook
",1,66.0,190,783,"3,68"
4124325,"M.L. Forman
",1,0.0,1626,32141,"4,25"
4766257,"John  Stephens
",1,0.0,3213,28511,"4,04"
7093718,"Gina Whitney
",0,0.0,1136,3705,"4,2"
174586,"Fiona Wood
",0,53.0,1239,8319,"3,78"
88922,"Kenneth Oppel
",1,8.0,11025,110500,"4,03"
6445712,"Karolyn James
",1,,1494,14350,"3,94"
5887184,"Anne Mercier
",0,0.0,3362,30703,"4,27"
4079661,"Sarah Billington
",0,53.0,209,1421,"3,56"
7052378,"Lisa Wainland
",0,,45,277,"3,4"
5269418,"James Nicholas Adams
",1,0.0,7,28,"3,96"
7847942,"Sonya Weiss
",0,,514,1897,"3,8"
994651,"Laura Drewry
",0,8.0,1006,4339,"3,86"
15258209,"J. Bengtsson
",0,,1573,12543,"4,29"
7248355,"N.J. Frost
",0,14.0,117,514,"3,96"
8184061,"Dahlia Donovan
",0,,731,2334,"3,96"
6421342,"Amy K. McClung
",1,,356,883,"4,22"
6425797,"Taylor Dean
",0,0.0,964,3642,"4,06"
8193655,"Amy Daws
",0,0.0,4900,27698,"4,2"
96214,"Kristen Heitzmann
",1,,2606,36757,"4,12"
8553639,"Kris Rafferty
",1,0.0,192,323,"4,2"
15492016,"Katie Kaleski
",0,165.0,117,247,"3,98"
13919697,"Kacey Shea
",0,,1372,3763,"4,14"
7226502,"S.L. Jayne
",1,14.0,22,67,"3,96"
6446071,"Nicole  Rae
",0,0.0,20,68,"4,32"
8522361,"M.K. Gilher
",0,,245,886,"4,39"
5306442,"Suzanne van Rooyen
",1,149.0,225,577,"3,98"
7422779,"Kathryn C. Kelly
",0,0.0,1697,15844,"3,95"
14178108,"Celia Aaron
",0,,7503,40058,"3,98"
7787822,"Ashlinn Craven
",1,79.0,113,408,"3,92"
104928,"Colleen Collins
",0,,193,1073,"3,55"
7372108,"Jon Carlin Shea
",1,0.0,15,46,"3,89"
6563773,"June Gray
",1,1796.0,1154,16960,"4,06"
386455,"Eve Titus
",1,0.0,457,5869,"4,06"
91148,"Janosch
",1,127.0,151,7532,"4,29"
7010248,"Jas T. Ward
",0,0.0,230,454,"4,61"
16215,"Ruth Stiles Gannett
",0,0.0,2351,41897,"4,11"
849,"Walter R. Brooks
",1,0.0,508,5773,"4,16"
573667,"Akif Pirinçci
",1,1583.0,219,3877,"3,79"
55094,"Colin Dann
",1,14.0,218,6837,"3,99"
43970,"Margery Sharp
",0,14.0,795,8812,"3,97"
7258750,"David   Stringer
",1,20647.0,25,55,"4,71"
1813,"Johan Huizinga
",1,877.0,237,4521,"4,03"
338068,"Robert Tressell
",1,79.0,431,6632,"3,97"
353300,"Marcel Allain
",1,86.0,194,2106,"3,73"
5732,"Thornton W. Burgess
",1,0.0,727,11570,"4,14"
63011,"Lytton Strachey
",1,14.0,329,3997,"3,79"
25536,"Miguel de Unamuno
",1,525.0,1188,21641,"3,9"
18985,"Max Beerbohm
",1,14.0,614,6647,"3,67"
18134,"Zane Grey
",1,0.0,2898,42704,"3,81"
29365,"John   Reed
",1,0.0,392,5855,"3,89"
13013,"Johnny Gruelle
",1,0.0,360,6157,"4,11"
199175,"Dorothy Canfield Fisher
",0,0.0,927,12116,"4,11"
126468,"Edgar Lee Masters
",1,0.0,677,9006,"4,01"
43219,"Gustav Meyrink
",1,856.0,508,7658,"3,89"
6575323,"Catou Martine
",1,,206,1935,"3,68"
15959,"Boris Vian
",1,86.0,2054,46760,"3,89"
723801,"P.N. Elrod
",0,0.0,4064,75361,"3,83"
19842,"Elizabeth Boyle
",0,,3143,38875,"3,79"
4946569,"Jillian Stone
",0,,581,2565,"3,62"
4099565,"Tracey Devlyn
",0,0.0,485,2511,"3,91"
17490,"Sarah  Miller
",0,0.0,2362,12312,"3,83"
3063319,"Laurel McKee
",0,,238,1091,"3,71"
880310,"Donna MacMeans
",1,,376,2376,"3,74"
5432973,"Leigh LaValle
",0,,449,2979,"3,76"
3107669,"Maggie Robinson
",0,0.0,812,4536,"3,57"
7075649,"K. Langston
",0,0.0,1502,10627,"4,02"
2978367,"Marilyn Brant
",0,0.0,1128,5430,"3,63"
4674384,"Christina Brooke
",0,,423,3244,"3,73"
4794070,"Heather Snow
",0,0.0,519,2930,"3,91"
1499302,"Alisa M. Libby
",1,,288,1849,"3,66"
3987354,"Ashley March
",1,,313,2123,"3,6"
26767,"Lucius Shepard
",1,0.0,1966,19482,"3,8"
23124,"Eric Frank Russell
",1,14.0,769,13851,"4,07"
61073,"Cecelia Holland
",0,0.0,3448,25412,"3,7"
439723,"Karel Čapek
",1,952.0,1929,32191,"4,03"
24508,"Salvador Plascencia
",1,334.0,572,4483,"4,08"
64177,"Olaf Stapledon
",1,14.0,1098,13634,"3,86"
948856,"Fletcher Hanks
",1,0.0,193,1430,"4,03"
52218,"Ben Marcus
",1,0.0,3359,80770,"4,07"
3096722,"Peter Rudiak-Gould
",1,0.0,60,425,"3,8"
132260,"Ekaterina Gordeeva
",0,110.0,323,3819,"4,03"
48890,"Robert Hughes
",1,53.0,1104,47058,"3,83"
7372540,"G.R. Reader
",0,20713.0,206,447,"4,28"
11390,"Cordwainer Smith
",1,0.0,1156,22457,"4,17"
7847900,"Philip Fanara
",1,0.0,29,227,"4,3"
6465608,"Glenn Dixon
",1,8.0,217,904,"3,61"
153341,"Comte de Lautréamont
",1,4809.0,350,7062,"4,22"
59654,"Max Ernst
",1,127.0,105,2916,"4,21"
8027118,"René Zografos
",1,1570.0,18,34,"3,94"
11047747,"July Cumming
",0,8.0,72,208,"4,44"
83727,"Steven Hall
",1,14.0,2090,21967,"3,91"
9876754,"Willow Madison
",1,0.0,271,1492,"3,48"
581405,"Mark Shearman
",1,14.0,10,147,"4,6"
3318712,"Amy Lou Jenkins
",0,0.0,18,48,"4,19"
6937431,"Bob                    Harris
",1,,402,2036,"3,96"
14048112,"Meg Myers Morgan
",0,,27,89,"4,28"
7453351,"Courtney Lane
",0,0.0,1236,5309,"3,97"
5833382,"Ajay Kansal
",1,581.0,51,251,"3,69"
285033,"Luigi Serafini
",1,814.0,294,2857,"4,48"
345548,"Tim Wendel
",1,2637.0,184,985,"3,72"
9829396,"Sunny Wolfe
",1,0.0,58,298,"3,85"
15544,"Walter Kirn
",1,0.0,1929,12866,"3,18"
3020417,"Javier Ruescas
",1,525.0,4486,26116,"3,83"
17652304,"Andrea   Valeria
",0,12933.0,3,11,4
14817232,"Frannerd
",0,3.0,132,631,"4,26"
7390378,"Kate Rorick
",0,,1702,10153,"3,99"
15014617,"C.J.   Fisher
",1,14.0,56,192,"3,81"
7314291,"Alice Reeds
",0,,169,335,"3,85"
7066195,"Trisha Paytas
",0,0.0,60,610,"3,44"
686174,"Donna Cooner
",0,,1785,10609,"3,88"
8044263,"Humble the Poet
",1,,63,598,"4,02"
13672918,"Amy Schumer
",1,0.0,7521,80874,"3,73"
1214964,"Ta-Nehisi Coates
",1,0.0,22837,198073,"4,31"
3175884,"Karalynn Lee
",0,,162,597,"3,47"
13141635,"Victoria Avilan
",0,254.0,158,1045,"3,41"
4888434,"Eva Pohler
",0,0.0,1843,16270,"3,88"
720759,"Nicholas A. McGirr
",1,0.0,27,83,"3,6"
13080665,"Lee Savino
",1,0.0,5565,28099,"4,16"
7034107,"Dominique Wren
",1,,4,47,"3,79"
566047,"Alison Townsend
",0,,36,264,"4,25"
631148,"Melanie Dugan
",1,0.0,29,78,"3,79"
6888589,"Kaylie Austen
",1,,24,124,"3,96"
6983227,"Laura MacLem
",1,814.0,79,273,"3,97"
8064114,"Dani Hoots
",1,,135,336,"3,95"
3871461,"Amy Hutchinson
",0,0.0,61,167,"3,62"
965908,"P.J. Hoover
",0,,479,2232,"3,79"
132599,"Kris Waldherr
",1,0.0,402,3088,"3,89"
6701541,"M.M. Kin
",0,,167,1667,"3,88"
4319300,"Rachel Alexander
",0,0.0,211,1616,"4,17"
7313491,"Mina Lobo
",0,0.0,53,475,"3,93"
96767,"Freda Warrington
",0,14.0,680,5317,"3,84"
46137,"Terri Windling
",0,0.0,4995,71152,"3,9"
2953380,"عبدالوهاب السيد الرفاعي
",1,2245.0,1562,17716,"4,08"
17664485,"Kosoko Jackson
",1,,61,86,"4,43"
8584484,"Cliff Key
",1,0.0,5,13,"4,08"
52691,"Linda Oatman High
",1,,384,1545,"3,5"
8435822,"Robin Moray
",1,53.0,162,1155,"3,86"
8570709,"Darrah Glass
",1,0.0,172,711,"3,99"
216871,"Lorie Ann Grover
",0,0.0,373,1606,"3,54"
8148760,"A.L. Sonnichsen
",1,0.0,327,1668,"4,1"
62567,"Ron Koertge
",1,,1984,11630,"3,56"
6894995,"Kristin Elizabeth Clark
",0,0.0,578,4054,"3,87"
1272829,"Cathy Ostlere
",0,8.0,266,1548,"3,85"
25492,"Nikki Grimes
",1,0.0,4291,21002,"3,95"
8025754,"Christina E. Pilz
",1,0.0,89,186,"4,39"
8340367,"Alana Ankh
",0,,163,1085,"3,56"
9822956,"Ajax Bell
",1,,85,232,"3,87"
7064611,"Lance Taubold
",1,0.0,53,280,"3,75"
8426845,"Nicholas  Scott
",1,127.0,7,31,"3,55"
1391437,"Robert Paul Weston
",1,14.0,1055,4425,"3,78"
1349820,"Sarah Mäkelä
",0,0.0,1386,3880,"4,03"
6895396,"Elaine  White
",0,14.0,289,899,"3,82"
8301288,"Peter Monn
",1,,130,458,"3,99"
12238370,"Jill Lang
",0,,29,329,"3,72"
11139229,"Scotty Mullen
",1,0.0,6,17,"3,59"
7112488,"Serena Grey
",0,0.0,1044,8360,"3,85"
137836,"Susan Taylor Brown
",1,0.0,73,289,"4,13"
6857137,"Adriane Leigh
",0,0.0,2547,20976,"3,83"
6923522,"Kirsten Smith
",0,,519,2964,"3,72"
8195700,"Jeremy Scott Blaustein
",1,0.0,7,25,"3,4"
7276641,"Elisabeth Grace
",0,8.0,2114,12087,"3,95"
14157664,"Ellie Terry
",0,0.0,489,1866,"4,29"
7438764,"Meredith Daniels
",1,,35,123,"3,14"
5782281,"Charlene Newcomb
",0,,104,3083,"3,65"
8444601,"Paloma Aínsa
",1,525.0,51,370,"3,85"
6572590,"Mac Lethal
",1,0.0,51,373,"4,03"
112402,"Rose Macaulay
",0,133.0,360,1945,"3,67"
9757614,"Shiriluna Nott
",0,0.0,114,853,"3,94"
7875459,"Bryan T. Clark
",1,1446.0,58,149,4
7255637,"M.C. Rayne
",1,14.0,24,70,"4,3"
7214847,"Patrick Loafman
",1,0.0,20,56,"4,2"
333002,"Kelly Bingham
",1,,1540,11454,"4,03"
5237606,"Magan Vernon
",0,0.0,2277,11010,"3,75"
8265129,"Jessie G.
",1,0.0,818,4359,"4,15"
6920129,"Heidi Joy Tretheway
",0,0.0,805,5449,"3,89"
7752396,"Erik Clarke
",1,,12,92,"3,64"
119696,"Allan Wolf
",1,,993,4339,4
9761333,"A.J. Ridges
",1,8.0,304,1747,"3,65"
8430542,"Kelly Clemmons
",0,,22,50,"3,34"
6982524,"Stephanie Witter
",0,,1026,6623,"3,72"
4412897,"Ellen Airgood
",0,0.0,973,4775,"3,69"
8002815,"Joey Nichols
",1,,6,15,"4,07"
6489221,"Melissa Graves
",0,0.0,55,290,"3,68"
8435023,"Michelle Leigh
",1,0.0,17,88,"4,05"
2854971,"Molly Evangeline
",0,0.0,160,792,"4,31"
10920862,"Leona Windwalker
",0,,151,533,"3,55"
7808827,"Alex Gabriel
",1,,556,2523,"4,05"
4464,"Julie Otsuka
",0,0.0,8518,54562,"3,65"
6546134,"Kelly  Walker
",0,0.0,857,5969,"3,87"
1202510,"Dezső Kosztolányi
",1,901.0,344,5196,"3,95"
7810871,"Lia Cooper
",1,,377,2151,"3,69"
8280613,"Erin Finnegan
",0,0.0,101,244,"4,01"
3188348,"Virginia Nelson
",0,0.0,957,4181,"3,84"
8334506,"Ana J. Phoenix
",0,127.0,304,1251,"3,59"
4063407,"Christa Tomlinson
",0,,831,5044,"3,94"
8323893,"Erin McRae
",0,,376,1342,"3,71"
7312935,"Langley Hyde
",0,0.0,129,444,"3,82"
8183714,"Chase Potter
",1,,311,1645,"4,19"
7327303,"Devon McCormack
",1,0.0,3024,21752,"4,02"
8530035,"A.J. Truman
",1,0.0,636,3361,"3,74"
8055612,"Daniel de Lorne
",1,,87,207,"3,7"
8508392,"Michele Fogal
",1,8.0,59,291,"3,77"
44810,"Emilio Salgari
",1,814.0,517,11878,"3,85"
7732431,"Leighton Rose
",0,0.0,98,597,"3,73"
10724,"James L. Nelson
",1,0.0,547,7162,"4,09"
8388159,"Lillian T. MacGowan
",0,,61,242,"3,97"
6937581,"Ellie R. Hunter
",0,14.0,471,8267,"4,09"
83082,"Gideon Defoe
",1,14.0,1033,8569,"3,95"
6965463,"Tamsyn Bester
",1,149.0,1209,16915,4
410598,"Ann VanderMeer
",0,0.0,1338,10294,"3,78"
7403605,"Lydia Gastrell
",0,0.0,127,669,"4,04"
8202181,"Kate Paddington
",0,53.0,28,117,"3,94"
8101198,"Belinda Burke
",1,0.0,37,230,"3,63"
8281044,"Lilah Suzanne
",0,0.0,236,693,"3,74"
5829316,"Teodora Kostova
",0,,1013,4648,"3,98"
4807995,"Anne O'Gleadra
",0,8.0,190,1016,"3,87"
8285526,"Kathleen Kerridge
",1,14.0,112,833,"3,99"
6421299,"Thorny Sterling
",1,0.0,146,380,"3,92"
17688519,"Danielle Stinson
",0,,5,12,"4,33"
8142045,"Rafe Haze
",1,0.0,75,191,"4,03"
8270293,"Will Freshwater
",1,0.0,74,195,"3,79"
8319206,"E.S. Skipper
",1,,80,183,"3,2"
7170636,"Tessa Teevan
",0,14.0,2561,19917,"4,09"
7084793,"Margaret McHeyzer
",1,53.0,2095,9686,"3,98"
53350,"Howard Pyle
",1,0.0,1794,71688,"4,04"
8281030,"A.J. DeWall
",0,,46,218,"4,13"
6927274,"Samantha Hastings
",0,0.0,8,61,"3,75"
17886409,"Erin  Stewart
",1,,4,18,"4,56"
7704200,"Ella  Stone
",0,53.0,235,3054,"3,68"
7578129,"Rachel Hollis
",0,0.0,9415,77801,"3,95"
18443440,"Brittney Morris
",0,0.0,7,17,"4,82"
17783031,"Sarah Ann Juckes
",1,14.0,128,196,"4,17"
692384,"Kip Wilson
",0,,36,90,"4,6"
61277,"A.C. Crispin
",0,0.0,1645,51997,"3,85"
7271643,"Ben Philippe
",1,9205.0,86,212,4
18143421,"Kim Smejkal
",0,8.0,6,7,"4,86"
7135531,"Karen Perkins
",0,14.0,289,2000,"3,86"
8505145,"Shana Silver
",0,0.0,7,8,"4,75"
39755,"Stephan Talty
",1,0.0,2163,16084,"3,88"
18044547,"Michelle Ruiz Keil
",0,0.0,5,18,"4,78"
17678976,"Kara McDowell
",0,,106,135,"4,14"
4008,"Rob Kidd
",0,17336.0,242,7305,"3,99"
17703160,"Catherine Tinker
",0,0.0,9,13,"4,54"
17343003,"Lillian  Clark
",0,,61,87,"4,07"
17797267,"Rena Barron
",0,,6,25,"4,72"
6761008,"Bridget Tyler
",0,,49,146,"4,03"
7374732,"Stacey Lewis
",0,0.0,1140,6207,"4,06"
18144557,"Sarah  Carlson
",0,,10,35,"4,63"
17092057,"Jodie Lynn Zdrok
",0,,64,93,"3,99"
17145712,"Lillie Vale
",0,,30,54,"4,26"
4633020,"Katy Loutzenhiser
",0,0.0,32,74,"4,26"
17272080,"Margaret  Owen
",0,,27,24,"4,75"
17590955,"Addie Thorley
",0,,46,72,"4,63"
3414331,"Bárbara G. Rivero
",1,,43,631,"4,1"
17892078,"Erin A. Craig
",0,,56,74,"4,55"
17203500,"Laura Pohl
",0,127.0,73,170,"4,05"
15075747,"Hanna Alkaf
",1,2097.0,78,175,"4,25"
16785381,"Tiana Smith
",0,,87,166,"3,88"
8123982,"Isabel Sterling
",0,0.0,41,38,"4,34"
83837,"Catherine Cookson
",0,14.0,2106,47772,"3,94"
16974988,"Justin A. Reynolds
",1,,58,163,"4,31"
7771489,"Iris St. Clair
",1,0.0,48,147,"3,8"
17203508,"Rory Power
",0,,70,86,"4,5"
13536469,"Segunda L.
",0,1796.0,39,306,"3,07"
17649349,"Swati Teerdhala
",0,,54,89,"4,28"
2669655,"أحمد رجب
",1,2218.0,523,4803,"3,43"
1355383,"عبد الكريم بكار
",1,2232.0,3021,18926,"3,86"
123023,"Glenway Wescott
",1,0.0,187,1465,"3,63"
965,"Peter Handke
",1,856.0,925,8771,"3,55"
97398,"Albert Cossery
",1,2218.0,341,2222,"3,91"
5758969,"Trent Evans
",1,0.0,757,3623,"3,74"
7267049,"V.W. Singer
",1,,87,140,"4,11"
1195439,"عبد الله علي العبد الغني
",1,2245.0,225,2179,"3,87"
53241,"Elizabeth Taylor
",0,14.0,1445,9642,"3,9"
1060890,"Jeremy Edwards
",1,0.0,252,1508,"3,86"
80430,"Dorothy B. Hughes
",0,0.0,891,6708,"3,99"
15221803,"V.E. Campudoni
",1,0.0,119,198,"4,24"
7344123,"Nicholas Tanek
",1,0.0,154,214,"4,39"
984630,"ابن الجوزي
",1,2241.0,899,7830,"4,05"
5441368,"Antal Szerb
",1,901.0,518,6137,"4,11"
204004,"Blaise Cendrars
",1,1155.0,494,5089,"3,8"
24401,"Jessica Mitford
",1,14.0,690,6985,"4,05"
3075526,"Renee Carter
",0,0.0,426,8609,"3,77"
280994,"Barbara Comyns
",0,14.0,765,4545,"3,91"
32005,"Harold Robbins
",1,0.0,966,25146,"3,69"
45383,"Victor Serge
",1,32.0,293,2675,"4,12"
1846048,"رءوف شبايك
",1,2218.0,456,3401,"3,73"
6556,"Theodor Storm
",1,127.0,282,7007,"3,5"
12936,"Eric Jerome Dickey
",1,0.0,3967,97587,"4,16"
25573,"Stefan Zweig
",1,856.0,14422,168260,"4,17"
37848,"Alberto Moravia
",1,814.0,1561,20034,"3,73"
4301652,"Benjamin Daniels
",1,0.0,58,145,"4,29"
113780,"John Cleland
",1,14.0,774,10256,"3,34"
52706,"Caroline Blackwood
",1,14.0,202,1431,"3,63"
6233754,"J.S. Morbius
",1,14.0,55,160,"3,88"
9693,"Georges Simenon
",1,32.0,8239,73819,"3,72"
6568781,"Ken Haramiru
",1,0.0,4,85,"3,35"
5960462,"C.V. Wedgwood
",0,14.0,220,2003,"4,11"
5268,"Elizabeth Hardwick
",0,0.0,616,4515,"3,86"
1109606,"أحلام مستغانمي
",1,2249.0,13266,145835,"3,7"
74331,"Renata Adler
",0,814.0,748,5375,"3,85"
27855,"William H. Gass
",1,0.0,2465,25904,"3,98"
77556,"Leopold von Sacher-Masoch
",1,856.0,773,10773,"3,69"
438383,"Elliott Chaze
",1,0.0,314,1553,"4,15"
3175914,"Sigizmund Krzhizhanovsky
",1,110.0,334,2639,"3,9"
4481473,"ساجد العبدلي
",1,2245.0,1470,7144,"3,54"
13018,"Adalbert Stifter
",1,952.0,252,2673,"3,76"
110226,"Eileen Chang
",0,238.0,618,5746,"3,81"
51229,"John  Williams
",1,0.0,10596,90949,"4,26"
3470494,"Luke Young
",1,,1249,14324,"3,61"
903782,"Félix Fénéon
",1,814.0,149,1117,"3,97"
4970672,"Maria Dermoût
",1,667.0,187,987,"3,81"
58932,"Geoffrey Household
",1,14.0,585,5265,"3,96"
7535683,"Logan Patricks
",1,8.0,229,1024,"4,1"
4841217,"I.J. Miller
",1,,94,281,"3,41"
76819,"Patrick Hamilton
",1,14.0,823,7692,"4,12"
44709,"Leonardo Sciascia
",1,814.0,1251,16719,"3,85"
6017756,"James Grey
",1,14.0,222,907,"4,11"
15123,"Carlo Collodi
",1,814.0,1908,63207,"3,86"
8295652,"Al Daltrey
",1,8.0,454,1160,"4,16"
866443,"أحمد بهجت
",1,2218.0,2476,13207,"3,82"
8152318,"J.C. Black
",1,,58,88,"3,99"
29503,"Álvaro Mutis
",1,675.0,322,3325,"4,07"
226584,"Dorothy Baker
",0,0.0,299,2125,"3,92"
44545,"Oakley Hall
",1,0.0,366,2801,"4,11"
32349,"Sylvia Townsend Warner
",1,14.0,1122,10066,"3,88"
6450188,"Jake Malden
",1,14.0,176,390,"4,32"
8180338,"G.G. Carver
",1,14.0,189,513,"4,17"
397165,"G.B. Edwards
",1,21069.0,271,1375,"4,24"
158821,"Elaine Dundy
",0,0.0,1056,6720,"3,61"
8305829,"Aden Lowe
",1,,1100,3299,"4,32"
72841,"Frans G. Bengtsson
",1,1.0,660,6309,"4,25"
3424060,"Adolfo Bioy Casares
",1,698.0,1965,25561,"3,99"
60059,"Annette Simmons
",1,,122,2651,"3,82"
327671,"Louis V. Gerstner Jr.
",1,0.0,234,5472,"3,91"
6595492,"Brian Nichols
",1,0.0,9,59,"3,93"
237871,"Mark Goulston
",1,,551,7069,"4,03"
7341021,"Barry Banther
",1,,8,46,"4,24"
26977,"John P. Kotter
",1,0.0,1655,32233,"3,92"
3888197,"Shonda Rhimes
",0,,5433,46396,"4,08"
118712,"Martin Lindstrom
",1,1226.0,1318,15255,"3,76"
2023476,"Deva Fagan
",1,0.0,332,1776,"3,77"
8656,"T. Harv Eker
",1,8.0,1129,34949,"4,17"
1709397,"Richard P. Rumelt
",1,0.0,362,4668,"4,17"
5171636,"J.A. Dalley
",1,0.0,20,112,"3,71"
115943,"Richard Branson
",1,14.0,2807,68493,"3,95"
61382,"Matt Fraction
",1,0.0,16953,239186,"3,97"
5524398,"Naho Watarumi
",1,118.0,36,364,"3,74"
4399255,"Nase Yamato
",0,118.0,77,1935,"3,86"
253175,"Raye Morgan
",0,0.0,210,2669,"3,44"
5816770,"Chelsea Pitcher
",0,0.0,601,2237,"3,46"
4449652,"Montesquieu
",1,86.0,306,9926,"3,84"
502766,"Mariama Bâ
",0,21115.0,515,6117,"3,89"
7155023,"Susan Rieger
",0,,1823,11030,"3,42"
6428028,"Jennifer  McGowan
",1,0.0,518,3959,"3,85"
92960,"Bel Kaufman
",0,127.0,577,8216,"3,93"
149625,"Alice Kuipers
",1,14.0,2237,11400,"3,59"
7277,"Julia Alvarez
",0,0.0,8553,96411,"3,92"
28699,"Nick Bantock
",1,14.0,3323,82173,"4,05"
30762,"George Grossmith
",1,14.0,855,11418,"3,72"
5757970,"Nicole McInnes
",1,,170,856,"3,8"
41825,"Ian Serraillier
",1,14.0,550,6526,"3,98"
1802339,"L.M. Elliott
",1,17082.0,1189,7390,"3,88"
2889627,"Tara Lynn Masih
",0,0.0,436,1251,"4,27"
3396559,"Meg Wiviott
",0,,383,1861,"4,21"
31683,"Constance Savery
",0,14.0,177,5579,"4,04"
6421982,"Dean Hughes
",1,0.0,4390,64312,"4,17"
3104347,"Monika Schröder
",0,127.0,268,894,"3,83"
158096,"Doris Orgel
",0,856.0,334,1985,"3,83"
6578895,"Sara Celi
",0,,327,1745,"3,39"
57473,"Uri Orlev
",1,,352,3406,"3,81"
47260,"Morris Gleitzman
",1,14.0,4350,49986,"4,06"
6564711,"Valerie Seimas
",1,0.0,28,242,"3,77"
5830905,"J. Jack Bergeron
",1,8.0,11,124,"3,63"
2944621,"Caridad Piñeiro
",0,0.0,1817,9581,"3,78"
145593,"Sandra Marton
",1,0.0,2042,23899,"3,67"
301406,"Kirsten Boie
",0,127.0,472,5127,"3,72"
150289,"Anne Isaacs
",1,0.0,551,4675,"3,88"
36523,"Allan Zullo
",1,,1216,10145,"4,07"
405461,"Olivia Gates
",1,,1419,14864,"4,02"
171517,"Judy Blundell
",0,,3333,23398,"3,57"
8445092,"T.M. Mendes
",0,0.0,138,1829,"3,98"
31679,"Hilda van Stockum
",0,877.0,280,3482,"4,16"
775856,"Nicole Burnham
",0,0.0,421,6015,"3,83"
8717,"Jessica Hart
",1,,539,4683,"3,66"
5826393,"Kathleen Irene Paterka
",0,0.0,226,2540,"3,57"
8056653,"Geneva Lee
",0,,3092,30900,"4,05"
4123439,"Megan Mulry
",0,0.0,837,5496,"3,48"
386609,"Sophie Page
",0,14.0,182,2082,"3,62"
5589359,"Neko Kanda
",1,,147,1771,"3,93"
583864,"Minami Ozaki
",0,118.0,21,1616,"4,15"
81642,"Kaname Itsuki
",1,,79,1556,"3,66"
8190287,"C.J. Michalski
",0,118.0,59,895,"3,69"
288209,"Lily Hoshino
",0,118.0,138,1727,"3,87"
1442964,"Rize Shinba
",1,118.0,128,1523,"3,66"
504754,"You Higuri
",0,118.0,321,7115,"3,83"
14471,"Satoru Kannagi
",1,118.0,196,7911,"4,03"
1975540,"Taishi Zaou
",0,118.0,415,8952,"4,25"
4730192,"Touko Kawai
",0,118.0,141,4363,"3,95"
926977,"Aki Morimoto
",1,,25,414,"3,6"
124522,"Mika Sadahiro
",1,118.0,136,4302,"4,01"
648242,"Yugi Yamada
",1,118.0,103,2685,"3,88"
830529,"Rieko Yoshihara
",0,118.0,88,2369,"4,28"
4577748,"Mio Tennouji
",1,118.0,58,937,"3,54"
1350949,"Shiho Sugiura
",1,118.0,231,8153,"4,29"
327990,"Shinobu Gotoh
",1,,64,1750,"3,75"
6535253,"Otoh Saki
",0,118.0,75,1219,"4,04"
270447,"Nanae Chrono
",1,118.0,185,4321,"4,02"
8525346,"Sue Duff
",0,,91,155,"4,24"
360817,"Hyouta Fujiyama
",1,118.0,120,2417,"3,78"
407773,"Masara Minase
",1,118.0,177,4944,"3,84"
238767,"Kazuma Kodaka
",0,118.0,246,5965,"4,16"
17479222,"Jason  Armenta
",1,,8,19,"4,58"
4447332,"Kotetsuko Yamamoto
",1,118.0,364,7157,"4,12"
429058,"Akira Honma
",1,,44,811,"4,03"
5335793,"Ryo Takagi
",0,,82,1428,"3,76"
554273,"Sooyeon Won
",0,2434.0,105,3643,"4,14"
4431550,"Kai Asou
",1,118.0,94,1753,"4,16"
648243,"Maki Kazumi
",1,118.0,27,1354,"3,79"
5843,"Sakurako Gokurakuin
",0,118.0,138,4624,"3,98"
37607,"Tim Seeley
",1,,6341,89171,"4,01"
106464,"Matsuri Akino
",1,118.0,386,20829,"4,26"
7276673,"Aya Sakyo
",0,118.0,184,3386,"4,13"
484018,"Yoko Matsushita
",1,118.0,173,9571,"4,06"
3498027,"Rihito Takarai
",0,118.0,1294,17506,"4,16"
132379,"Makoto Tateno
",0,118.0,343,9933,"3,96"
1442992,"Saika Kunieda
",0,,46,993,"3,98"
6574446,"Kou Yoneda
",0,118.0,500,8265,"4,24"
17042,"Hinako Takanaga
",0,118.0,669,21509,"4,16"
14470,"Hotaru Odagiri
",0,,382,12311,"4,16"
16623742,"Aviya Carmen
",0,,13,15,"4,6"
979378,"Yaya Sakuragi
",1,118.0,263,7422,"4,1"
936802,"Mei Sakuraga
",1,118.0,74,2778,"4,05"
696188,"Kaori Monchi
",1,118.0,57,1795,"4,03"
7231329,"Sera Ashling
",0,0.0,23,131,"4,24"
45103,"Gail Simone
",0,,7043,80338,"3,92"
4747506,"Yuu Moegi
",1,118.0,125,4098,"4,25"
1442928,"Fusanosuke Inariya
",0,118.0,91,2714,"4,11"
8914,"Terry Moore
",1,,3365,54579,"4,09"
221506,"Seyoung Kim
",1,2434.0,137,3192,"3,91"
14529,"Yuki Shimizu
",0,118.0,292,9680,"4,13"
8789,"Eiki Eiki
",0,118.0,520,10809,"4,19"
996558,"Faith Erin Hicks
",0,8.0,6853,64085,"3,94"
356424,"Jonathan Hickman
",0,0.0,9313,120980,"3,89"
4593149,"Wayne Gerard Trotman
",1,,20,104,"4,02"
13580456,"Tohru Kousaka
",1,118.0,79,2820,4
3509377,"Jill Sanders
",0,0.0,2980,36287,"4,02"
150338,"Ayano Yamane
",0,118.0,752,25564,"4,35"
49378,"Lynne Graham
",0,79.0,6196,82714,"3,61"
17074,"Youka Nitta
",0,118.0,295,8683,"4,17"
10791,"Maki Murakami
",1,118.0,326,18445,"3,94"
972702,"Hajin Yoo
",1,2434.0,284,11078,"4,35"
3927354,"Anna Todd
",0,0.0,13099,158949,"3,81"
6861359,"Claire Kent
",1,,2744,25821,"3,82"
5824327,"Brenna Aubrey
",0,0.0,3289,33943,"3,97"
53176,"Pamela Sargent
",0,,769,9400,"3,83"
2974398,"Hisae Iwaoka
",0,118.0,331,2956,"3,92"
12758,"Harry Beckwith
",1,0.0,339,10265,"3,92"
7384403,"Karen Bao
",0,0.0,311,1845,"3,61"
9811081,"Tessa Elwood
",1,,319,1122,"3,4"
694013,"David Macinnis Gill
",1,0.0,738,3649,"3,52"
756,"Warren Buffett
",1,0.0,1596,59683,"4,25"
68467,"Harvey MacKay
",1,,583,14004,"3,93"
5309014,"Martin Leicht
",1,0.0,394,1592,"3,8"
4024160,"Shawn Achor
",1,0.0,1758,20866,"4,14"
7942666,"Angela Marsons
",0,14.0,7888,87857,"4,29"
21072,"Peter M. Senge
",1,,666,36969,"3,92"
5349971,"Rachel Abbott
",1,14.0,5039,99389,"4,12"
1173340,"Jane Casey
",1,79.0,3084,26710,"3,96"
9011987,"Ava  Jae
",1,,307,917,"3,8"
45596,"John Barnes
",1,0.0,2065,18977,"3,74"
534074,"Cath Staincliffe
",0,14.0,914,6080,"3,93"
6554510,"Elizabeth L. Silver
",0,0.0,1286,8328,"3,34"
1261540,"Louise Douglas
",1,14.0,845,8656,"3,75"
82542,"Sara   Foster
",0,14.0,694,9133,"3,84"
4878292,"Michael  Barnett
",1,0.0,15,56,"3,64"
6905137,"Lucy   Clarke
",0,14.0,1777,14436,"4,03"
4409125,"Josh Kaufman
",1,,1153,24004,"3,97"
5363529,"Julia Heaberlin
",0,,4496,33641,"3,72"
6949889,"Tina Seskis
",0,14.0,1789,10370,"3,54"
3622,"Paula Danziger
",0,0.0,2095,38319,"3,85"
3119590,"Tom Peters
",1,0.0,751,26086,"3,93"
885506,"Lucie Whitehouse
",0,14.0,1952,17000,"3,42"
416529,"Sabine Durrant
",0,14.0,2132,22064,"3,67"
778428,"Penny Hancock
",0,14.0,551,3043,"3,47"
7092778,"Colette McBeth
",0,14.0,900,5589,"3,7"
506121,"Alyssa Goodnight
",0,,346,1413,"3,39"
7142865,"A.J. Waines
",0,14.0,1672,24952,"3,86"
82939,"Maria Edgeworth
",0,14.0,526,8844,"3,5"
2979481,"Belinda Bauer
",0,14.0,4703,30937,"3,83"
38651,"Dorothy Koomson
",1,14.0,5509,75567,"3,98"
18514,"Claire Tomalin
",0,14.0,1517,18067,"3,99"
7716206,"Christina Boyd
",0,,312,986,"4,22"
15094092,"Kate  Watson
",0,8.0,364,823,"3,88"
64324,"Laura Treacy Bentley
",0,0.0,42,103,"4,3"
183343,"D.E. Stevenson
",0,14.0,3462,25229,"4,03"
6793,"John Mullan
",1,,501,5823,"3,61"
468569,"Winifred Watson
",0,14.0,1719,11751,"3,97"
7142846,"Nandini Bajpai
",0,,45,183,"4,21"
4436951,"Riley Shane
",1,0.0,204,1222,"3,7"
49284,"Eugene Burdick
",1,0.0,541,8495,"4,09"
3432323,"P.D. Singer
",0,0.0,998,5922,"3,7"
4397939,"Isa K.
",1,0.0,324,1092,"3,66"
6886454,"Brad Vance
",1,0.0,1233,5871,"3,81"
7060319,"Rose Sandy
",0,,27,327,"3,73"
11327592,"Belart Wright
",1,0.0,72,484,"3,69"
4422750,"D.H. Starr
",1,,427,2953,"3,76"
2938289,"T.R. Locke
",1,0.0,35,80,"4,29"
12545799,"Ryan Mullaney
",1,0.0,45,369,"3,88"
181627,"Joe Posnanski
",1,0.0,509,5598,"4,2"
8341870,"J. Armand
",1,0.0,18,390,"3,84"
42993,"John Feinstein
",1,0.0,3789,47799,"4,02"
7314133,"Sean Dryden
",1,0.0,8,52,"4,25"
14237686,"Avon Gale
",0,305.0,3825,18285,"3,95"
7159820,"Nix Hamilton
",0,53.0,7,20,"3,5"
4475986,"J.M. Dattilo
",1,,35,209,"4,05"
4065582,"Samantha Wayland
",0,0.0,1091,9882,"3,99"
3270624,"Barbara Monajem
",0,,500,3165,"3,93"
963528,"Rebecca Hart
",1,0.0,83,263,"4,05"
4201035,"Susanna Ives
",1,0.0,414,2309,"3,75"
5349775,"Callie Hutton
",0,0.0,1745,10979,"3,93"
63842,"Julia Justiss
",0,,611,3475,"3,59"
2907092,"Lavinia Kent
",1,0.0,891,4619,"3,72"
10209362,"Amanda Mariel
",0,,1140,4121,"4,09"
3378512,"Kate McMurray
",0,,1218,6219,"3,67"
10802967,"Brit Bennett
",0,0.0,4272,37138,"3,84"
5895012,"Reyna Hawk
",0,0.0,59,262,"4,23"
5268402,"Sally Orr
",0,0.0,123,258,"3,52"
4882486,"Richard Barrs
",1,0.0,23,121,"3,55"
4725624,"Sang Kromah
",0,0.0,53,104,"3,66"
7738043,"Tamara Hughes
",0,0.0,158,429,"3,62"
8337569,"R.V. Raman
",1,581.0,134,609,"4,04"
5355357,"Anna Markland
",0,14.0,940,7175,"4,14"
14648928,"Beth M. Caruso
",0,,18,47,"4,11"
3862145,"Melanie Neale
",0,0.0,38,174,"3,99"
6979258,"Ellen Harger
",1,0.0,36,55,"4,25"
101857,"John Keay
",1,14.0,543,5478,"3,89"
6583169,"Emily Croy Barker
",0,,1892,10634,"3,52"
8317784,"Susan  Ward
",0,,900,6189,"4,22"
298660,"Cheryl Bolen
",0,,1423,13927,"3,73"
6554852,"Kevan Dinn
",1,,25,104,4
4386032,"Rahul Pandita
",1,581.0,697,5324,"4,04"
7415461,"Tnahsin Garg
",1,581.0,63,110,"3,72"
8559965,"Rahul Deokar
",1,581.0,68,106,"4,14"
2064510,"Farahad Zama
",1,581.0,924,4787,"3,65"
6472019,"Peggy Morehouse Strack
",1,0.0,53,124,"4,02"
430291,"Alex von Tunzelmann
",1,14.0,450,3515,"4,03"
17740534,"Joshua  Levy
",1,,21,25,"4,68"
4381088,"Renée Watson
",0,,2287,14902,"4,02"
8282534,"Fabiola Francisco
",1,,698,1530,"4,16"
8204028,"Ronald L.  Smith
",1,0.0,501,1720,"3,74"
7106591,"Rebecca   Lawton
",1,0.0,35,106,"4,33"
14746831,"Natalie C. Anderson
",0,,939,4172,"3,93"
8304404,"Salem Archer
",1,,59,166,"4,34"
58634,"Kamala Markandaya
",0,581.0,843,8281,"3,63"
3100494,"Dee Garretson
",1,,228,965,"3,74"
14358410,"Lilliam Rivera
",0,0.0,513,1825,"3,75"
6571558,"Lamar Giles
",1,0.0,1248,4636,"3,67"
15117530,"Richard Denney
",1,0.0,163,464,"3,7"
3160009,"Colleen A.F. Venable
",1,0.0,356,2492,"3,95"
161893,"David Peace
",1,,1712,20426,"3,84"
9829470,"Nina Moreno
",0,0.0,23,51,"4,37"
280917,"Ken Dryden
",1,8.0,344,5605,"4,13"
4884769,"Richard  Moore
",1,,255,3506,"4,1"
245011,"Wayne Coffey
",1,,1438,11117,"4,05"
724397,"Leroy Satchel Paige
",1,0.0,32,354,"4,13"
63837,"Larry Tye
",1,,709,5297,"4,08"
101286,"Mick Foley
",1,0.0,714,14880,"4,02"
9941,"Bill Simmons
",1,0.0,1241,36887,"4,11"
68912,"Jim Dent
",1,,286,3198,"4,19"
5600739,"Clémentine Beauvais
",0,,708,2769,4
27641,"David Maraniss
",1,,1197,17719,"4,08"
3513223,"George Dohrmann
",1,0.0,248,4045,"4,2"
7164089,"David   Epstein
",1,,684,8156,"4,17"
5765921,"Harold Kasselman
",1,0.0,67,202,"3,84"
129470,"Richard Ben Cramer
",1,0.0,373,5680,"4,09"
54194,"Adrian Wojnarowski
",1,,88,2290,"4,26"
5818,"Stefan Fatsis
",1,,880,7517,"3,82"
274511,"Will Schwalbe
",0,0.0,7951,48186,"3,81"
25133,"William J. Weatherby
",1,14.0,32,475,"3,93"
7178100,"Bill Courtney
",1,,10,71,"4,23"
122727,"Jeremy Schaap
",1,0.0,288,2189,"3,93"
69014,"Peter Gent
",1,0.0,100,1473,"3,85"
447,"Bernard Malamud
",1,0.0,2519,37666,"3,85"
22889,"Dan Jenkins
",1,0.0,238,3838,"3,87"
12126,"Bill James
",1,0.0,1013,12401,"3,98"
6895821,"Tyler Hamilton
",1,0.0,1185,12192,"4,34"
449547,"H.G. Bissinger
",1,0.0,2930,55090,"4,08"
128947,"Marlen Haushofer
",0,856.0,566,5063,"3,98"
166393,"Lawrence S. Ritter
",1,0.0,304,4414,"4,27"
268407,"George F. Will
",1,0.0,539,7655,"3,87"
7689,"Eugène Ionesco
",1,790.0,1394,40047,"3,91"
45528,"Simon Kuper
",1,2793.0,903,18367,"3,93"
48450,"Jim Bouton
",1,0.0,685,15618,"3,98"
54066,"Andre Agassi
",1,0.0,5405,61530,"4,21"
1675648,"William F. Aicher
",1,0.0,119,261,"3,93"
5775606,"Ernesto Sabato
",1,698.0,2832,48947,"4,07"
47421,"Dino Buzzati
",1,814.0,1952,24314,"4,06"
6533463,"Kate Moretti
",0,,2480,19344,"3,69"
5328518,"Liz Tolsma
",0,,888,3323,"3,99"
59150,"Evan Dorkin
",1,,702,7962,"4,01"
56060,"James Vance
",1,0.0,153,1238,"3,73"
125282,"Stan Sakai
",1,118.0,1732,28777,"4,25"
88527,"Pat Mills
",1,14.0,1284,14507,"3,99"
6153795,"Jamie Delano
",1,14.0,1891,40461,4
67379,"Keiji Nakazawa
",1,118.0,822,11992,"4,27"
404733,"Heather Tomlinson
",0,0.0,542,5116,"3,66"
90669,"Howard Cruse
",1,,555,6781,4
14210392,"Mary Feliciani
",0,,75,89,"4,6"
10130317,"Hanne Arts
",1,32.0,33,62,"4,24"
13846794,"C.E.  Johnson
",1,,54,238,"4,71"
273456,"Alan C. Martin
",1,14.0,484,9751,"4,07"
103302,"Linda Medley
",0,0.0,2082,45565,"4,12"
1110703,"Preetham Grandhi
",1,581.0,129,277,"3,84"
4450877,"Russ Colchamiro
",1,0.0,142,280,"4,04"
264213,"Bryan Talbot
",1,21560.0,7195,201551,"4,34"
2862581,"Rickey Bray
",1,0.0,29,61,"3,82"
5124,"Gilbert Hernández
",1,0.0,3101,34238,"3,92"
4453723,"Karen M. Cox
",0,0.0,393,1142,"4,08"
6569002,"Nathan Filer
",1,,3913,37604,"3,78"
5134400,"Debbie Christiana
",0,,93,226,"4,29"
18088754,"Dan   Kemp
",1,0.0,5,12,"4,58"
3161479,"Saira Viola
",1,,92,200,"4,47"
14571,"Robert  Jacoby
",1,0.0,48,97,"3,47"
13794,"Will Self
",1,14.0,2447,27992,"3,62"
397836,"Terri Morgan
",0,0.0,21,80,"3,9"
378242,"Jennifer Dawson
",0,14.0,16,79,"3,76"
7830264,"O.N. Stefan
",1,53.0,65,415,"3,97"
6879391,"Sawney Hatton
",1,0.0,55,181,"3,83"
8224327,"J.D. Barker
",1,0.0,2899,13618,"4,13"
7314497,"Kate  Sweeney
",0,,39,169,"3,73"
262549,"Janice Galloway
",0,894.0,608,7037,"3,98"
7222939,"Bradette Michel
",0,0.0,16,45,"4,47"
7046353,"Kelly Dessaint
",1,0.0,22,78,"4,08"
196350,"Howard Buten
",1,0.0,232,2778,"3,79"
485441,"Carolyn Jess-Cooke
",1,14.0,746,4868,"3,87"
29824,"Mary Jane Ward
",1,0.0,55,378,"3,92"
34300,"Scott Spencer
",1,0.0,1841,10986,"3,31"
185549,"Simmone Howell
",1,,640,3895,"3,77"
6425233,"Karli Rush
",0,0.0,168,642,"4,05"
4654545,"Debora Geary
",1,,3965,76095,"4,15"
5385512,"Amaleen Ison
",0,14.0,38,96,"4,19"
2897172,"Kirstin Cronn-Mills
",1,0.0,898,7091,"3,9"
8025,"Lisa Tucker
",1,0.0,1168,8632,"3,46"
237385,"Mark Peter Hughes
",1,14.0,493,3641,"3,8"
7216573,"Sarah Beard
",0,0.0,218,508,"4,23"
999096,"Stephanie Kuehnert
",0,0.0,435,2686,"3,91"
1604141,"Danielle Joseph
",1,149.0,330,3456,"3,51"
85088,"Christopher Krovatin
",1,0.0,424,3303,"3,85"
8118570,"Ruth   Butler
",0,0.0,14,25,"3,92"
2765967,"Ginda Ayd Simpson
",0,0.0,11,30,"4,1"
146783,"Cecil Castellucci
",0,,6724,53184,"3,73"
6464549,"Mercy Amare
",1,,677,9748,"3,91"
8189131,"David Beaupre
",1,,18,379,"4,11"
7010508,"Sanjiva Wijesinha
",1,904.0,34,60,"4,6"
108368,"Bill Holm
",1,0.0,182,1086,"4,01"
121651,"Mary Amato
",1,0.0,2068,11577,"3,93"
133,"Ewan McGregor
",1,14.0,683,14357,"3,92"
4122,"Ferenc Máté
",1,,293,2444,"3,91"
19106,"Donna Freitas
",1,0.0,1450,9194,"3,78"
1046844,"K.L. Going
",0,0.0,2333,17348,"3,83"
17373777,"Hollie Bell-Schinzing
",1,0.0,16,32,"4,16"
110787,"Polly Evans
",1,14.0,284,1792,"3,33"
5441376,"Maureen Klovers
",0,0.0,34,76,"3,89"
95013,"Esmé Raji Codell
",1,,1552,11779,"3,91"
207466,"Melinda Blanchard
",1,0.0,297,2909,"3,89"
96899,"Aron Ralston
",1,,1751,18449,"3,82"
5768678,"Jill Kandel
",0,,74,212,"4,3"
6864345,"Mirta Ines Trupp
",1,698.0,67,146,"4,24"
9814414,"Paul Hartford
",1,1226.0,205,1360,"3,43"
7327976,"Andra Watkins
",0,0.0,313,1085,"4,04"
317481,"Yvonne Ventresca
",0,,344,1191,"3,85"
9884202,"Rachelle Dekker
",0,,783,3710,"4,05"
1417633,"Christa Parrish
",0,,513,2685,"3,8"
11463,"Tamara Leigh
",0,,2055,17221,"4,11"
647654,"Kathryn Cushman
",0,0.0,891,5720,"3,84"
1682579,"Maggie Brendan
",0,0.0,1031,10721,"3,87"
568102,"Victoria Bylin
",0,,696,3266,"4,02"
5356695,"Camille Eide
",1,,130,286,"4,54"
106417,"Lisa Harris
",0,21656.0,1981,11192,"4,08"
4810291,"Dina L. Sleiman
",0,0.0,621,2716,"3,87"
6879528,"Charlie Evans
",0,0.0,52,186,"3,18"
17146284,"K.M. Pohlkamp
",0,,35,67,"4,43"
14735317,"Danielle Esplin
",0,149.0,212,1314,"3,8"
972433,"Patrick Donovan
",1,0.0,27,168,"3,73"
6885618,"Sharisse Coulter
",0,0.0,19,142,"3,71"
8271629,"John J.  Davis
",1,0.0,133,1011,"3,67"
6477607,"Dana Griffin
",1,,60,423,"4,34"
4126453,"Timothy Owen
",1,149.0,21,88,"3,27"
4595152,"D.L. Fowler
",1,0.0,24,100,"3,87"
35371,"Giorgio Faletti
",1,814.0,988,14928,"3,64"
1225855,"Linda B. Myers
",1,0.0,44,149,"4,14"
395777,"Carrie Stuart Parks
",0,0.0,607,2548,"4,14"
4020319,"Steve Groll
",1,0.0,24,40,"4,38"
617200,"Danika Dinsmore
",0,,153,495,"4,02"
5768410,"Michelle Anderson Picarella
",1,0.0,20,118,"4,45"
7465201,"Lucia Franco
",0,0.0,844,2857,"4,08"
6876613,"Kat Kingsley
",0,14.0,20,226,"3,26"
2469379,"Kristina Springer
",0,0.0,1057,5480,"3,5"
6445584,"Bud  Smith
",1,0.0,187,547,"4,52"
8319783,"K. French
",0,14.0,44,76,"3,99"
4686521,"M.T. Stone
",1,,674,4663,"3,87"
8137449,"Noël Cades
",1,14.0,143,792,"3,94"
7024003,"Anna  Davis
",0,0.0,45,355,"3,76"
7113774,"A.E. Murphy
",0,,1071,9862,"4,13"
4483963,"Richard Rider
",1,14.0,520,2906,"4,1"
5443935,"J.A. Rock
",1,,4034,21516,"3,88"
7171510,"Sarah  West
",1,,97,926,"3,79"
5321488,"Suzy K. Quinn
",1,14.0,1403,23031,"3,89"
7148329,"Ella  Morris
",1,0.0,28,264,"3,14"
4981235,"Ju Ephraime
",0,,644,1288,"4,52"
1562974,"Katie Alender
",0,,6600,56116,"4,1"
2313429,"David B. Riley
",1,0.0,60,256,"4,28"
7351172,"Stephanie Fournet
",0,,425,3184,"4,14"
7353474,"Georgina Guthrie
",0,,302,1759,"4,12"
4397938,"A.M. Harte
",1,,77,265,"4,06"
720522,"Sevgi Soysal
",0,1583.0,244,3563,"4,23"
1000848,"Quincy J. Allen
",1,0.0,216,1346,"4,12"
1061015,"Nâzım Hikmet Ran
",1,1583.0,517,9699,"4,36"
2882570,"Yaşar Kemal
",1,1583.0,1169,22496,"4,29"
440541,"İskender Pala
",1,1583.0,490,11456,"3,92"
720524,"Haldun Taner
",1,1583.0,143,1916,"4,12"
838424,"İhsan Oktay Anar
",1,1583.0,956,26773,"4,3"
2882488,"Ayşe Kulin
",0,1583.0,2561,46140,"3,81"
7143377,"Ashe Barker
",0,14.0,1095,5318,"4,03"
2809603,"Emrah Serbes
",1,1583.0,691,14294,"3,84"
1208906,"Adalet Ağaoğlu
",1,1583.0,155,2867,"4,01"
1406285,"Vedat Türkali
",1,1583.0,136,2963,"4,18"
3351237,"Barış Bıçakçı
",1,1583.0,919,13941,"4,01"
2833211,"Oruç Aruoba
",1,1583.0,238,4352,"4,25"
1348229,"Aaron Dietz
",1,0.0,51,151,"4,52"
5030329,"Halit Ziya Uşaklıgil
",1,1583.0,104,2890,"3,73"
6535313,"Rebekah Campbell
",1,14.0,41,66,"4,17"
2837276,"Edip Cansever
",1,1583.0,86,2271,"4,45"
5365116,"Christa Wick
",1,,1154,17248,"3,68"
628707,"Sait Faik Abasıyanık
",1,1583.0,632,11720,"4,13"
4472103,"Erin Zarro
",1,0.0,26,74,"3,97"
3336797,"Erin Danzer
",1,0.0,32,87,"4,34"
5214322,"S.B. Lerner
",1,,45,137,"3,69"
912366,"Orhan Kemal
",1,1583.0,326,6040,"3,92"
714267,"O.Z. Livaneli
",1,1583.0,1899,31623,"4,09"
4852211,"Attilâ İlhan
",1,1583.0,205,4184,"4,16"
747586,"Ece Ayhan
",1,1583.0,82,1007,"4,21"
684330,"Ömer Seyfettin
",1,1583.0,93,5182,"3,56"
3044063,"Reşat Nuri Güntekin
",1,1583.0,547,18299,"4,02"
334378,"Nell Stark
",1,0.0,354,4845,"3,89"
346422,"Murathan Mungan
",1,1583.0,516,11796,"3,89"
2301413,"Michael Bray
",1,14.0,896,5446,"3,95"
3309862,"Murat Menteş
",1,1583.0,578,11164,"3,91"
5831998,"S.F. Chapman
",1,0.0,58,196,"3,7"
1393700,"Ahmed Arif
",1,1583.0,121,2243,"4,42"
4476200,"Brian Farrey
",1,,543,3329,4
3378392,"Holly Bush
",0,0.0,529,3651,"3,86"
6941383,"Grant Gardiner
",1,53.0,25,127,"3,56"
2963250,"Füruzan
",0,1583.0,140,1675,"4,04"
4848577,"Karyn Gerrard
",0,8.0,539,1948,"3,76"
6916481,"Angela E. Brooks
",0,14.0,3,12,"4,17"
126557,"Gun Brooke
",0,1.0,425,4957,"3,91"
8179717,"Maggie  Brown
",0,53.0,102,916,"4,07"
3045001,"L.L. Raand
",1,0.0,278,6346,"4,12"
6627289,"Marina Maddix
",0,0.0,1684,13734,"3,87"
2833588,"Gündüz Vassaf
",0,0.0,198,3417,"4,12"
3102205,"Turgut Özakman
",1,1583.0,157,6096,"4,21"
6586456,"Julia P. Lynde
",1,,95,1471,"3,66"
5357264,"Erika Wilde
",1,,5051,31448,"4,08"
7166895,"T.B. Markinson
",0,0.0,804,4375,"3,99"
6872972,"Lyn  Gardner
",1,0.0,353,3978,"4,13"
244859,"Lynn Ames
",0,,247,3024,"3,97"
5831852,"Micah Persell
",1,0.0,205,559,"3,8"
14420756,"M.K. Williams
",0,0.0,39,69,"4,32"
2882578,"Erdal Öz
",1,1583.0,76,2563,"4,24"
308611,"Peyami Safa
",1,1583.0,450,14365,"3,9"
3238619,"Julia Kent
",0,,7040,73212,"3,95"
46243,"Aziz Nesin
",1,1583.0,1154,19311,4
7351754,"Lynn Red
",0,,1556,9902,"3,73"
299121,"Lloyd Jones
",1,66.0,2468,19051,"3,65"
40411,"Immaculée Ilibagiza
",0,21811.0,5347,38505,"4,44"
1003078,"Halide Edib Adıvar
",0,1583.0,271,5398,"3,69"
714250,"Buket Uzuner
",0,1583.0,399,11693,"3,77"
5093234,"Milk Morinaga
",1,118.0,352,4855,"4,22"
4567695,"Rebekah Weatherspoon
",0,0.0,1296,6474,"3,76"
4279057,"Miranda Stork
",1,14.0,222,1239,"3,97"
7192434,"Daniel Patrick
",1,14.0,67,212,"3,77"
5753463,"Annalisa Crawford
",0,14.0,74,176,"4,53"
62240,"Travis Thrasher
",1,0.0,1595,8046,"3,9"
1393698,"Turgut Uyar
",1,1583.0,91,3373,"4,45"
12824805,"Tabitha Caplinger
",0,0.0,68,116,"4,54"
1023421,"Adriana Hunter
",0,8.0,1458,15595,"3,68"
185465,"Latife Tekin
",0,1583.0,170,2592,"3,83"
6527379,"Lily R. Mason
",1,,112,1108,"4,19"
7069686,"Erik Schubach
",1,14.0,934,13194,"4,21"
10838,"Ismail Kadare
",1,21834.0,2222,22619,"3,82"
7101722,"Kim Vandel
",0,0.0,42,95,"4,6"
5514598,"Hasan Ali Toptaş
",1,1583.0,1051,10584,"4,2"
1308530,"D. Barkley Briggs
",1,,76,562,"4,1"
3358483,"Rıfat Ilgaz
",1,1583.0,135,2939,"4,08"
5448397,"Gregory Carrico
",1,0.0,127,743,"3,66"
5752621,"Sharon Hamilton
",0,0.0,3311,21401,"4,09"
2769171,"Stephanie Morrill
",0,0.0,545,2492,"4,13"
14178590,"Leslea Wahl
",0,,89,138,"4,53"
7872181,"Cynthia T. Toney
",0,0.0,131,217,"4,5"
3286440,"Yakup Kadri Karaosmanoğlu
",1,2218.0,218,7390,"3,78"
2936248,"Ahmet Hamdi Tanpınar
",1,1583.0,772,13018,"4,32"
3031418,"Amanda Bradburn
",0,0.0,13,35,"3,94"
6433641,"Jacques  Antoine
",1,,277,3764,4
847484,"Meredith Bond
",1,,256,1667,"3,71"
706298,"Riley Lashea
",0,0.0,142,948,"4,13"
918374,"Somaly Mam
",1,2474.0,949,7360,"4,2"
720534,"Cemal Süreya
",1,1583.0,341,8625,"4,4"
147436,"Bảo Ninh
",1,7980.0,505,4773,"4,02"
2863794,"Orhan Veli Kanık
",1,1583.0,274,5975,"4,38"
14350226,"B.L.  Miller
",1,,109,2017,4
1645153,"Yusuf Atılgan
",1,1583.0,792,17826,"4,19"
116623,"Sabahattin Ali
",1,19729.0,3177,56002,"4,36"
266774,"Crissa-Jean Chappell
",0,0.0,684,3345,"3,93"
83091,"Lois Walfrid Johnson
",1,0.0,373,8385,"4,19"
5019771,"Nguyễn Ngọc Tư
",1,7980.0,466,4207,"3,99"
6913270,"Eça de Queirós
",1,114.0,1479,38815,"3,9"
191475,"Jonathan Rogers
",1,,580,4925,"4,21"
144358,"K.G. MacGregor
",0,0.0,431,8283,"3,96"
5626120,"Bethany Frenette
",1,0.0,554,5122,"3,88"
6894841,"Felix Abt
",1,1155.0,43,159,"3,75"
1649365,"Ingrid Díaz
",1,4431.0,147,1165,"4,42"
230226,"Robert Liparulo
",1,0.0,2231,25954,"4,1"
5804836,"Janine Caldwell
",0,0.0,122,238,"3,92"
4634532,"Nguyễn Nhật Ánh
",1,7980.0,2124,29050,"3,94"
35509,"Vicente Blasco Ibáñez
",1,525.0,227,3209,"3,8"
3190288,"Kat Heckenbach
",0,,192,586,"4,2"
4894926,"Keven Newsome
",1,0.0,73,255,"4,22"
3207108,"Jim Britts
",1,,88,676,"4,29"
781400,"Sarah Lark
",1,127.0,1970,32603,"4,06"
72467,"Marianne Fredriksson
",0,1.0,783,10706,"3,66"
33384,"Taylor Caldwell
",0,14.0,1551,37849,"4,12"
36734,"Emma Darcy
",0,53.0,1809,18008,"3,4"
5288391,"Dina Silver
",0,0.0,1726,14189,"3,82"
275136,"Mary Spencer
",1,,57,708,"3,53"
12633370,"Nicole Strycharz
",0,0.0,373,1178,"3,94"
10209,"Belva Plain
",0,0.0,1808,59917,"3,9"
6951433,"Courtney Giardina
",0,,86,602,"3,7"
7123984,"L. Maretta
",0,,77,504,"3,77"
5278438,"Jolyn Palliata
",1,,348,2480,"3,66"
81218,"Michelle Reid
",1,14.0,2229,29712,"3,64"
343941,"Stel Pavlou
",1,14.0,270,2520,"3,71"
799335,"Ethel Lilian Voynich
",0,79.0,475,8102,"4,17"
4583365,"Meg  Maguire
",0,,590,3529,"3,7"
2303385,"Mari Strachan
",0,14.0,377,2347,"3,69"
5169935,"Nadja Notariani
",0,,62,250,"3,68"
76423,"Kathy Love
",0,,1155,23180,"3,84"
271908,"Madelaine Montague
",1,0.0,275,6460,"3,67"
7311870,"Young-Ha Kim
",1,2434.0,630,4436,"3,47"
7159818,"Rose D. Cassidy
",0,0.0,4,46,"3,65"
92739,"Janelle Denison
",1,,1736,28574,"3,88"
3373281,"Stefne Miller
",0,0.0,454,1990,"4,1"
115220,"Amy Bloom
",1,0.0,7608,64628,"3,52"
15106534,"Retta Bono
",1,,1,53,"3,87"
285716,"عرفان نظرآهاری
",1,251.0,292,5570,"3,52"
5774768,"Morgan Blayde
",1,,165,6935,"4,12"
5211061,"F.T. McKinstry
",0,0.0,61,202,"3,98"
7022472,"هوشنگ مرادی کرمانی
",1,251.0,452,7968,"3,78"
1304269,"بیژن نجدی
",1,251.0,382,3156,"3,63"
266178,"فتانه حاج سیدجوادی
",1,,196,4741,"2,96"
99961,"Reza Amirkhani
",1,251.0,1355,13346,"3,57"
2885318,"Nick Lake
",0,,2430,13199,"3,76"
7325371,"Dahlia West
",1,,2055,28217,4
41495,"Romain Rolland
",1,86.0,580,8830,"3,85"
7237069,"Ali Dean
",0,0.0,985,12601,"3,96"
5615767,"Houshang Golshiri
",1,251.0,571,7093,"3,72"
45160,"Nader Ebrahimi
",1,251.0,1618,17579,"3,75"
909675,"Irvin D. Yalom
",1,0.0,6428,123063,"4,2"
8415360,"Lance M. Sacknoff
",1,0.0,2,11,"4,82"
3027946,"Clifford Garstang
",1,,71,236,"4,34"
7314368,"Marie McKean
",0,,77,143,"3,72"
925519,"Zoya Pirzad
",0,251.0,733,14204,"3,41"
142717,"Jack Dann
",1,0.0,1578,19560,"3,72"
4896735,"Herta B. Feely
",0,670.0,6,31,"4,35"
8056299,"Mahmoud Dowlatabadi
",1,251.0,1498,13689,"3,9"
320625,"ایرج پزشک زاد
",1,251.0,420,5850,"3,83"
70090,"Ross Macdonald
",1,0.0,3009,35717,"3,98"
3241992,"Karen Azinger
",0,,142,863,"4,21"
5396796,"Erin Searles
",0,14.0,3,14,"4,43"
4468300,"Rachel Cotterill
",0,14.0,60,252,"3,8"
4457932,"Gabrielle Harbowy
",1,,327,1531,"3,67"
29593,"Megan Abbott
",0,0.0,15672,113136,"3,39"
25413,"Cornell Woolrich
",1,0.0,1267,11948,"3,93"
17549479,"George Pelecanos
",1,0.0,4742,50764,"3,81"
82718,"Richard Bausch
",1,0.0,868,6898,"3,87"
32807,"Romain Gary
",1,20032.0,2802,33740,"4,01"
4848874,"Daniel Stanton
",1,0.0,20,78,"3,69"
8346774,"Kat DeSalle
",0,,122,299,"4,1"
28115,"M.H. Abrams
",1,0.0,555,18155,"4,15"
2742325,"Omar Khayyám
",1,251.0,1811,32325,"4,11"
33472,"Mika Waltari
",1,1743.0,1288,28186,"4,04"
4548465,"T.C. Southwell
",0,904.0,459,10360,"4,14"
122886,"Derek Raymond
",1,14.0,468,3623,"3,77"
71248,"Deborah Macgillivray
",0,,181,2141,"4,14"
25885,"Simin Daneshvar
",0,251.0,882,13101,"3,75"
7623,"David Goodis
",1,0.0,844,8941,"3,94"
125127,"مهدی اخوان ثالث
",1,251.0,381,8861,"4,05"
15367779,"C.M. Seabrook
",1,8.0,2265,11321,"4,18"
5761575,"Matt Sinclair
",1,,54,257,"3,86"
6904638,"احمد شاملو
",1,251.0,1834,34853,"4,19"
3114972,"Charles Willeford
",1,0.0,1148,12469,"3,97"
109005,"Jon Courtenay Grimwood
",1,22004.0,657,8006,"3,73"
7109855,"Shannon Celebi
",0,0.0,27,129,"4,29"
538003,"Jo Whittemore
",1,,346,1599,"3,92"
13634,"Richard Stark
",1,0.0,4733,56815,"4,08"
25545,"Oriana Fallaci
",0,814.0,1849,24981,"3,97"
50071,"Bohumil Hrabal
",1,952.0,2671,31242,4
924207,"رضا قاسمی
",1,251.0,676,8225,"3,8"
11663,"Julie Kenner
",0,,4070,38427,"3,71"
7054610,"Sohrab Sepehri
",1,251.0,451,9808,"4,07"
209576,"Bozorg Alavi
",1,251.0,840,12344,"3,52"
8084931,"Christy  Thomas
",1,0.0,25,52,"4,33"
5234,"Sena Jeter Naslund
",0,0.0,4366,53907,"3,93"
7580781,"Constance Renfrow
",0,0.0,22,95,4
9420,"Alfred Hitchcock
",1,14.0,1103,17072,"3,96"
4706667,"Kasi Alexander
",1,0.0,115,694,"3,84"
42464,"Samad Behrangi
",1,251.0,964,19924,"3,95"
26839,"Jim Benton
",1,0.0,3649,81032,"4,08"
49014,"Andrea J. Buchanan
",0,,734,5283,"3,93"
90990,"James Crumley
",1,0.0,1163,14273,"3,96"
63807,"Ken Bruen
",1,79.0,3875,35103,"3,84"
2014,"Garrison Keillor
",1,0.0,4527,45611,"3,82"
13669,"Anne Mazer
",0,0.0,1025,20433,"3,98"
16863060,"Apollos Thorne
",1,,244,3473,"4,36"
50948,"Mickey Spillane
",1,0.0,1938,19164,"3,68"
5891761,"Alexandra Shostak
",1,,11,43,"4,56"
7044164,"Scott  Meyer
",1,0.0,4976,68446,"3,96"
15845960,"Blaise Corvin
",1,0.0,644,7449,"4,23"
5667451,"Adam  Elliott
",1,0.0,70,954,"4,08"
275163,"Francesco Sedita
",1,0.0,455,7666,"4,01"
15112866,"Cosimo Yap
",1,,188,3996,"4,38"
1112988,"Sharyn November
",1,,448,7153,"3,93"
16951538,"Tao Wong
",1,2097.0,410,6438,"4,25"
19476,"George V. Higgins
",1,0.0,989,9191,"3,92"
35696,"Mikael Niemi
",1,1.0,522,8534,"3,58"
14789183,"Michael-Scott Earle
",1,0.0,2258,41925,"4,22"
87937,"Horace McCoy
",1,0.0,647,7388,"3,89"
47139,"Laura Dower
",0,0.0,691,17119,"4,02"
16175715,"Michael Deyhim
",1,0.0,26,333,"4,35"
4875990,"John Van Stry
",1,0.0,353,8710,"4,13"
870,"Holly Lisle
",0,0.0,1448,24955,"3,81"
14590452,"Kugane Maruyama
",1,118.0,299,8316,"4,33"
1908102,"Shelagh Watkins
",1,14.0,35,170,"3,93"
7794228,"Mon D. Rea
",1,1796.0,33,74,"4,05"
8163113,"Mitchell T. Jacobs
",1,2434.0,29,1263,"3,78"
7948011,"Brian McGoldrick
",1,,49,1627,"3,99"
33958,"Eric S. Nylund
",1,0.0,2553,56324,"4,19"
456850,"Conor Kostick
",1,,693,8643,"3,92"
14680878,"Stephan Morse
",1,0.0,173,2587,"3,99"
507943,"Sienna Mercer
",0,8.0,1653,35529,"4,23"
17086985,"Shemer Kuznits
",1,,393,4438,"4,47"
13867230,"Andrei Livadny
",1,110.0,105,3924,"3,97"
39099,"Jerry Pournelle
",1,0.0,5171,162406,"3,95"
4087274,"B.V. Larson
",1,0.0,3154,99309,4
118294,"Robert Buettner
",1,0.0,448,8976,"3,88"
4702581,"Ian Douglas
",1,,1220,32089,"3,88"
78736,"William C. Dietz
",1,0.0,1776,31250,"3,67"
32303,"Keith Laumer
",1,0.0,1291,34246,"3,98"
227160,"Kazuki Takahashi
",1,118.0,870,29937,"4,1"
136951,"Chris Kuzneski
",1,0.0,1851,33755,"3,95"
45309,"Jack Whyte
",1,14.0,1917,48655,"4,14"
4993028,"Stacy Allen
",1,,47,95,"4,42"
75626,"Sam Bourne
",1,,1136,17036,"3,68"
11091,"Lincoln Child
",1,0.0,37479,651845,"4,01"
133505,"David Gibbins
",1,8.0,1348,20862,"3,62"
5760057,"Laura Susan Johnson
",0,0.0,180,514,"3,98"
7213028,"David         Miller
",1,,44,92,"4,04"
10886,"Kristiana Gregory
",0,0.0,1981,40199,"3,91"
12930,"Ellen Levine
",0,0.0,2070,15434,"4,38"
2769891,"V.L. McElfresh
",0,0.0,52,404,"3,87"
48593,"Mary Mapes Dodge
",0,0.0,430,14131,"3,89"
72120,"Arthur Ransome
",1,14.0,1900,46601,"4,04"
4433334,"Dawn H. Hawkes
",0,1570.0,174,2399,"3,65"
5397725,"G.N. Chevalier
",0,8.0,171,973,"4,05"
2971335,"Caroline Fyffe
",0,,1599,27922,"4,26"
5407284,"J.D. Hallowell
",1,0.0,100,1213,"3,96"
7162084,"Simone Pond
",1,0.0,480,2539,"3,95"
10812991,"Brent LeVasseur
",1,0.0,323,398,"4,18"
6567007,"E.R. Arroyo
",0,0.0,234,1127,"4,17"
8109231,"M.S. Parker
",0,0.0,8509,93121,"4,15"
7123641,"Dina von Lowenkraft
",0,0.0,35,85,"3,66"
6914503,"Peter Laurent
",1,66.0,12,84,"3,5"
6457442,"Abigail Sharpe
",0,0.0,90,217,"3,86"
72986,"Karen Sandler
",0,0.0,408,2654,"3,63"
5031290,"Rue Allyn
",0,0.0,92,339,"3,93"
5254629,"Lorraine Nelson
",0,8.0,170,736,"4,18"
3180713,"Kaki Warner
",0,,833,6372,"3,91"
5607272,"Carter Quinn
",1,0.0,609,2965,"4,05"
7231796,"Robert L. Slater
",1,0.0,105,307,"3,84"
5005598,"Naoshi Komi
",1,118.0,868,15183,"4,11"
304949,"Hiroya Oku
",1,118.0,1366,40916,"3,96"
4105887,"Nakaba Suzuki
",1,118.0,727,17558,"4,32"
5117017,"Yuyuko Takemiya
",0,118.0,393,9285,"4,21"
1772201,"Shirow Miwa
",1,118.0,200,5283,"4,15"
180389,"Hiroaki Samura
",1,118.0,673,22178,"4,24"
6450275,"Hitoshi Iwaaki
",1,118.0,684,15780,"4,28"
7306658,"Shinobu Ohtaka
",1,118.0,734,25619,"4,26"
2878245,"Lynn Okamoto
",1,118.0,312,11179,"4,1"
4116143,"Daisuke Sato
",1,118.0,304,9698,"4,09"
14507930,"Adachitoka
",1,118.0,1576,41454,"4,42"
7488961,"Haruichi Furudate
",1,118.0,1233,29997,"4,57"
8158940,"Philip Tolhurst
",1,14.0,7,56,"4,11"
790155,"Rei Hiroe
",1,118.0,122,4348,"4,17"
7329194,"Jodi Vaughn
",0,0.0,782,4280,"4,14"
700231,"Hideaki Sorachi
",1,118.0,416,13311,"4,36"
7020317,"ONE
",1,118.0,2552,68339,"4,46"
4768959,"Tōru Fujisawa
",1,118.0,416,17961,"4,25"
7075461,"Ashelyn Drake
",0,0.0,389,1704,"3,75"
147221,"Takehiko Inoue
",1,118.0,1682,54641,"4,39"
5824402,"Holly Smale
",0,,4227,39624,"4,01"
6439905,"Bryan  Murphy
",1,14.0,20,82,"4,48"
5374565,"Annabelle R. Charbit
",0,14.0,13,41,"3,9"
6573685,"Isis Sousa
",0,261.0,145,239,"4,11"
1499928,"M.L. LeGette
",1,0.0,102,288,"3,86"
229517,"Christina Sunley
",0,22188.0,210,984,"3,91"
4699869,"T.R. Graves
",1,0.0,250,1083,"4,03"
4730323,"K.H. Koehler
",0,,99,410,"3,87"
13996,"Harry Crews
",1,0.0,1075,13072,4
74572,"Katherine Anne Porter
",0,0.0,1321,16949,"3,93"
4444277,"Ash Krafton
",1,0.0,310,713,"4,18"
6444457,"Stephen C. Ormsby
",1,53.0,46,87,"4,06"
13130384,"Sean  Dietrich
",1,0.0,68,551,"4,26"
7320,"Joel Chandler Harris
",1,0.0,252,7255,"4,17"
6542535,"Armen Pogharian
",1,,24,42,"4,71"
14780791,"Nelou Keramati
",0,,231,347,"4,19"
7212486,"Casey L. Bond
",0,0.0,1659,6826,"4,09"
5318234,"Vanessa Booke
",0,0.0,1142,10340,"4,04"
7848006,"Deborah Bladon
",0,8.0,5095,122006,"4,03"
4497,"Douglas Clegg
",1,0.0,1765,19712,"3,6"
86098,"Clarice Lispector
",0,700.0,2955,34461,"4,06"
50581,"Sharan Newman
",0,0.0,1229,17622,"3,81"
449017,"Lauren Royal
",1,0.0,1550,19528,"3,93"
12694,"Claire Delacroix
",0,,1737,14652,"3,88"
6452992,"Ashlyn Macnamara
",0,0.0,969,3485,"3,67"
6545942,"Willa Blair
",0,,418,3153,"4,01"
9849648,"Alice Langdon
",0,0.0,5,19,"4,53"
2964069,"Lucy Felthouse
",0,14.0,2072,6810,"3,86"
5806989,"Anne  Barton
",0,,394,1993,"3,71"
6450403,"Regan Walker
",1,0.0,651,2140,"4,2"
3472732,"Josh Hanagarne
",1,0.0,1835,10098,"3,78"
9601,"Chris Bachelder
",1,0.0,716,4237,"3,69"
355692,"Lynne Connolly
",0,14.0,766,4912,"3,78"
63843,"Nicola Cornick
",0,14.0,2395,18057,"3,69"
5154640,"A.S. Fenichel
",0,0.0,454,1087,"3,94"
74688,"J. Robert King
",1,0.0,485,17421,"3,7"
5318881,"Virginia Chandler
",0,0.0,18,36,4
4703223,"Ema Arius
",0,0.0,33,78,"4,03"
120204,"Felicity Pulman
",1,434.0,198,1737,"3,76"
108726,"Gottfried von Straßburg
",1,127.0,66,2171,"3,82"
268816,"Vera Chapman
",0,14.0,69,550,"3,59"
5784430,"T.M. Franklin
",0,,757,2242,"4,17"
52862,"Hal  Foster
",1,,248,3068,"4,32"
6897368,"Ria Cantrell
",0,,81,1029,"4,17"
16908,"Pamela F. Service
",0,0.0,289,5544,"3,93"
5229169,"Magen McMinimy
",0,0.0,634,4253,"4,12"
316779,"Catherine Christian
",0,14.0,28,379,"3,96"
7058401,"Vanessa A. Ryan
",0,,25,37,"4,16"
199919,"Nancy McKenzie
",0,0.0,357,5019,"3,96"
8202895,"Sarah Hegger
",0,14.0,643,2243,"4,03"
6580037,"Jacquelynn Gagne
",0,0.0,24,112,"4,25"
7303088,"April Holthaus
",0,0.0,190,1893,"4,03"
1396694,"D.N. Simmons
",1,0.0,225,1022,"3,93"
70854,"Molly Cochran
",0,118.0,492,6696,"3,86"
7223544,"Glynis Cooney
",0,0.0,29,59,"3,54"
6904740,"Tina Pollick
",0,0.0,67,176,"4,03"
8985413,"Jess  Russell
",0,,67,247,"3,99"
161908,"Parke Godwin
",1,0.0,545,10741,"4,03"
6151511,"Lindsey R. Loucks
",0,0.0,449,1084,"4,11"
5751472,"Craig McGray
",1,0.0,200,820,"3,41"
13852,"Epictetus
",1,1583.0,1291,18936,"4,23"
27379,"Philip Reeve
",1,14.0,9175,91918,"3,93"
5691,"Nora Ephron
",0,0.0,11035,89188,"3,69"
13867,"Roger Lancelyn Green
",1,14.0,1024,21523,4
68537,"Eric Rohmann
",1,0.0,2881,20760,"3,89"
89275,"Frédéric Bastiat
",1,86.0,927,11790,"4,39"
20903,"Chrétien de Troyes
",1,86.0,507,14271,"3,84"
67276,"Joan Wolf
",0,0.0,1886,23110,"3,93"
486041,"Joanna Bourne
",0,,2472,19133,"3,99"
28939,"Chris Raschka
",1,,7161,37312,"3,81"
280493,"Nora Raleigh Baskin
",1,0.0,2877,16318,"3,83"
70744,"Patricia C. McKissack
",1,0.0,2922,26311,"3,9"
15018472,"Mary Anne Yarde
",0,,253,371,"4,56"
17212,"Marcus Aurelius
",1,814.0,4121,80255,"4,22"
6470282,"Constance Phillips
",0,0.0,333,568,"4,33"
231,"Jean Fritz
",0,238.0,2105,17838,"3,82"
5346249,"Jessica  Gibson
",1,,495,2778,"3,74"
2924554,"Cheryl Carpinello
",1,0.0,143,243,"4,44"
998418,"G. Neri
",1,0.0,2055,11075,"3,94"
4413250,"Valerie Maarten
",1,0.0,56,221,"3,89"
706620,"Erasmus
",1,877.0,657,12088,"3,86"
923789,"Cecilia Galante
",1,0.0,872,4967,"3,84"
74480,"Geoffrey of Monmouth
",1,22309.0,226,5316,"3,73"
46130,"William Nicholson
",1,14.0,1848,45829,"3,92"
7257823,"Kelly O'Callan
",1,0.0,43,182,"3,9"
4337880,"Toby Neal
",0,0.0,3227,30678,"4,15"
6479371,"Terri Herman-Poncé
",0,0.0,86,269,"4,15"
408387,"John Wray
",1,0.0,841,4719,"3,24"
1212129,"Carmen Rodrigues
",0,0.0,284,1704,"3,5"
121814,"Allen Say
",1,118.0,3242,54013,"3,92"
202733,"Marsha M. Linehan
",0,0.0,198,7491,"4,23"
18232,"Jerold J. Kreisman
",1,0.0,447,8503,"3,82"
150702,"Jennifer Richard Jacobson
",1,,1784,10238,"3,99"
27280,"Chris Moriarty
",1,,526,4760,"3,74"
278272,"David Marusek
",1,0.0,486,4642,"3,9"
2901151,"Regina Pacelli
",1,,49,176,"3,35"
908,"Alessandro Baricco
",1,814.0,6524,93227,"3,88"
386001,"Joyce Sidman
",0,,2825,14385,"4,06"
6584173,"Mayi Ngwala
",1,0.0,14,75,"4,21"
202936,"Laura Resau
",1,0.0,1700,8868,"4,07"
6186513,"Nikkie Locke
",1,0.0,22,100,"3,73"
41557,"Carmen Agra Deedy
",0,46.0,2388,13170,"4,11"
6446070,"Charlie Flowers
",1,,128,518,"4,14"
6155057,"Rionna Morgan
",0,0.0,24,68,"3,59"
4100198,"Mike A. Lancaster
",1,14.0,1009,6660,"3,62"
5829287,"Moriah Densley
",0,,420,2264,"3,88"
6153801,"Amanda L.V. Shalaby
",1,,91,631,"3,85"
4547288,"Amy Asbury
",0,0.0,48,442,"3,67"
4102055,"Wendy Wan-Long Shang
",0,22347.0,482,3067,"3,99"
103080,"John DeChancie
",1,0.0,340,7792,"3,87"
6423098,"Inés Saint
",1,525.0,157,606,"3,81"
713872,"Caroline Kraus
",1,,34,308,"3,69"
2741166,"Suzanne LaFleur
",1,0.0,2555,17999,"4,12"
6552219,"L.W. Montgomery
",1,0.0,43,245,"4,15"
1292475,"Matthew J. Kirby
",1,0.0,3051,18485,"3,98"
324680,"Kathleen Ann Goonan
",1,0.0,702,5386,"3,64"
10741,"Colin Meloy
",1,0.0,4298,34561,"3,73"
2918488,"Heath Sommer
",1,0.0,190,747,"3,8"
5827833,"Kristina Knight
",0,0.0,400,1797,4
4083670,"Trent Reedy
",1,,1479,6954,"4,04"
3162779,"David  Simpson
",1,79.0,1041,15338,"3,74"
5820379,"Michael R. Underwood
",1,0.0,969,4773,"3,65"
43988,"Dean Wesley Smith
",1,,1401,17602,"3,76"
127191,"Jack L. Chalker
",1,0.0,1174,43062,"3,84"
5424285,"Lucy Swing
",0,0.0,104,586,"3,76"
5807648,"B.C. Burgess
",1,0.0,643,7073,"4,18"
599584,"K. Eric Drexler
",1,0.0,112,1246,"4,01"
5326924,"Cynthia D'Alba
",1,0.0,1108,5083,"4,26"
7193037,"K.L. Randis
",1,,1360,23725,"4,19"
132984,"Carolyn Chute
",1,0.0,555,4898,"3,61"
142,"Edward Lear
",1,14.0,1079,16495,"4,04"
374096,"Tessa Hadley
",1,14.0,2513,15104,"3,32"
7579562,"Daniel   Levine
",1,,190,1070,"3,45"
306578,"Philip Hensher
",1,14.0,900,5870,"3,56"
151109,"Gabriel King
",1,,113,1868,"3,94"
43615,"Suzy Becker
",0,0.0,232,1626,"3,82"
4310294,"Libby Cudmore
",0,0.0,213,671,"3,55"
1398739,"Idra Novey
",1,,889,4748,"3,57"
98732,"Esther Averill
",0,0.0,489,9814,"4,18"
19568,"Francine Patterson
",1,0.0,114,1089,"4,27"
14919501,"Kipp Wessel
",1,0.0,6,21,"4,24"
332761,"Shawna Yang Ryan
",1,0.0,320,1754,"3,86"
971054,"Takashi Hiraide
",1,118.0,1737,12373,"3,52"
162739,"C.E. Morgan
",0,0.0,893,4121,"3,6"
8848755,"Antonia Hayes
",0,53.0,390,1791,"3,7"
45429,"Jeffrey Brown
",1,0.0,8309,80937,"4,02"
846795,"Viviane Schwarz
",1,,1004,5721,"3,98"
14133209,"A.A. McDonald
",1,,148,583,"3,27"
14036073,"Michelle Adelman
",0,,130,939,"3,43"
250363,"Antonia Barber
",0,14.0,201,2319,"4,25"
71170,"William Kent Krueger
",1,0.0,16529,149202,"4,11"
138518,"Reed Farrel Coleman
",1,0.0,3103,24548,"3,93"
4327262,"The New Yorker
",1,,365,2571,"3,98"
22476,"Susan Minot
",0,0.0,1463,10446,"3,44"
6463605,"Kristopher Jansma
",1,0.0,948,5874,"3,75"
46051,"Rachel Cusk
",0,8.0,4047,26490,"3,6"
174088,"Miranda Beverly-Whittemore
",1,0.0,2472,18956,"3,48"
357053,"Xiaolu Guo
",1,238.0,1363,9460,"3,6"
6561539,"Tara  Sullivan
",0,581.0,787,3690,"4,22"
15287947,"Robert  Allison
",1,14.0,36,161,"3,2"
258634,"Gerard Woodward
",1,14.0,241,1583,"3,59"
302544,"B. Kliban
",1,0.0,97,1635,"4,25"
9432970,"James          Anderson
",1,0.0,687,2458,"3,89"
1949712,"Harriet Lane
",1,,2346,13262,"3,07"
24820,"Ron Rash
",1,0.0,9117,69337,"3,7"
3234402,"Alex Preston
",1,14.0,86,577,"3,45"
821338,"Sadie Jones
",0,14.0,2756,17816,"3,3"
2022437,"Jennifer Erin Valent
",0,0.0,733,5771,"4,09"
83288,"Paul Bailey
",1,,1177,16630,"4,27"
191523,"Caroline Paul
",0,0.0,861,5430,"3,81"
521346,"Carolyn Jourdan
",0,0.0,1199,9559,"3,85"
101968,"Tobias Hill
",1,14.0,376,6336,"3,66"
60697,"Fred Chappell
",1,0.0,761,10543,"3,98"
7058999,"Rachel Cantor
",1,0.0,330,1420,"2,93"
4874365,"Seré Prince Halverson
",0,22442.0,844,4056,"3,76"
56223,"Joshua Ferris
",1,0.0,9529,59419,"3,4"
6562093,"Helen Klein Ross
",0,0.0,1432,10523,"3,84"
4999130,"Kanata Konami
",0,118.0,1786,21132,"4,33"
29868,"S.F. Said
",1,14.0,502,5825,"4,17"
1042875,"Teju Cole
",1,0.0,2640,19725,"3,62"
1337488,"Cynan Jones
",1,14.0,474,2319,"3,93"
13922092,"W.B. Belcher
",1,0.0,29,106,"3,76"
8175172,"Taylor  Brown
",1,0.0,903,3494,"3,81"
92333,"Akhil   Sharma
",1,581.0,2201,21126,"3,63"
6904187,"Jason Gurley
",1,0.0,1353,9096,"3,86"
14821620,"Nic Schuck
",1,0.0,3,22,"4,41"
46209,"Linda Grant
",0,14.0,1547,10113,"3,47"
406864,"Paul Kingsnorth
",1,14.0,721,3814,"3,93"
24381,"John Ehle
",1,0.0,290,4086,"4,14"
5765897,"Sara Walsh
",1,14.0,213,1281,"3,75"
40416,"Amélie Nothomb
",0,32.0,7965,99049,"3,61"
238158,"Thierry Jonquet
",1,86.0,263,2495,"3,83"
43211,"Will Cuppy
",1,0.0,270,2159,"4,02"
2956016,"Simon Tofield
",1,14.0,810,9740,"4,28"
60750,"Margaret Drabble
",0,14.0,3298,29625,"3,67"
7358493,"Audrey Magee
",0,79.0,471,2497,"3,73"
95802,"Alex Miller
",1,14.0,740,5461,"3,7"
74060,"Eliot Wigginton
",1,0.0,284,5584,"4,37"
132420,"Kate Grenville
",1,53.0,2937,28106,"3,76"
652387,"Sandra Nicholls
",0,8.0,10,25,"4,12"
6075654,"Francesco Marciuliano
",1,,1835,11403,"3,95"
11337,"Martin Amis
",1,14.0,7492,100076,"3,62"
7304368,"David Gilbert
",1,,937,5916,"3,37"
7790775,"S.A. Molteni
",0,0.0,136,346,"3,64"
6569952,"Aaron Saylor
",1,0.0,74,392,"4,25"
61015,"Christos Tsiolkas
",1,53.0,4268,34452,"3,3"
23194,"Edward St. Aubyn
",1,14.0,4392,33624,"3,77"
319770,"Ann Pancake
",0,0.0,279,1396,"3,9"
6485158,"Homer Hickam
",1,0.0,3160,24417,"4,07"
70679,"Wilma Dykeman
",1,0.0,141,931,"4,09"
173610,"Denise Giardina
",1,0.0,466,3622,4
6930079,"A. Digger Stolz
",1,14911.0,58,637,"4,18"
4700417,"Tammy Blackwell
",1,0.0,1558,22808,"4,08"
13978,"Silas House
",1,0.0,1838,14356,"4,04"
4351137,"Patrick Samphire
",1,14.0,174,445,"4,13"
29805,"Breece D'J Pancake
",1,0.0,513,4351,"4,14"
17219,"Arthur Koestler
",1,901.0,2019,34068,"4,04"
6304,"Kathy Acker
",0,0.0,971,11070,"3,67"
43999,"James Still
",1,0.0,124,1182,"4,01"
15996026,"R.M. Romero
",0,0.0,455,1639,"4,11"
64459,"Damon Galgut
",1,149.0,925,7036,"3,59"
1273965,"Debbi Michiko Florence
",1,,219,796,"4,24"
29611,"James Agee
",1,0.0,1551,17573,"3,95"
14431821,"J.T. Allen
",1,165.0,16,79,"4,47"
27620,"Niall Williams
",1,79.0,1204,8590,"3,89"
19929,"Tim Winton
",1,53.0,6239,72239,"3,84"
21049,"Robert Benchley
",1,0.0,168,1710,"4,06"
7399794,"Paul   Mosier
",1,,321,1058,"4,32"
4665180,"W.C. Sellar
",1,14.0,226,2517,"3,99"
15898105,"Danielle   Davis
",1,,96,207,"4,11"
14035479,"Holly M.    McGhee
",1,0.0,268,891,"4,03"
13810481,"Leah  Henderson
",0,,41,109,"4,38"
109491,"Vera Cleaver
",0,0.0,240,2298,"3,77"
8512129,"Molly Ostertag
",1,0.0,1786,9695,"4,09"
15193868,"Lisa   Thompson
",1,14.0,696,3843,"4,12"
620872,"Neil Patrick Harris
",1,0.0,4541,32804,"3,88"
15108109,"Jodi Kendall
",0,,125,404,"4,13"
530925,"Jacob Sager Weinstein
",1,,190,821,"3,92"
14925989,"David Barclay Moore
",1,0.0,476,2330,"3,92"
5346515,"Dusti Bowling
",0,0.0,831,3731,"4,29"
6971371,"Sarah Ashley Jones
",1,,216,1335,"3,91"
3381921,"Libby Drew
",0,,426,2243,"3,8"
7544723,"Dan Gemeinhart
",1,127.0,3076,13578,"4,23"
15290124,"Allison K. Hymas
",1,0.0,72,219,"4,06"
14775687,"Darcy  Miller
",0,0.0,66,187,"4,13"
9869819,"Jenn Burke
",0,8.0,588,2464,"4,08"
9831940,"Joshua Khan
",1,14.0,440,1865,"4,21"
5831995,"James   Cox
",1,,1087,3615,"3,8"
304060,"Svetlana Chmakova
",0,110.0,3739,45667,"4,15"
4874967,"Cherie  Noel
",1,0.0,500,3230,"3,73"
5772357,"Elana K. Arnold
",0,,2308,9415,"3,72"
6994530,"K.J. Bell
",0,,670,5750,"4,02"
14612163,"Jake Burt
",1,,419,1556,"4,29"
14739467,"Patrick Moody
",1,0.0,25,88,"4,06"
18253,"Ramsey Campbell
",1,14.0,6563,106988,"3,99"
2780312,"C.C. Bridges
",1,0.0,272,957,"3,61"
14775703,"Karina Yan Glaser
",0,0.0,1102,4495,"4,27"
7415163,"Cheryl Matthynssens
",0,0.0,102,1426,"4,03"
13878462,"Corabel Shofner
",1,0.0,83,247,"4,17"
15225881,"Dana  Langer
",0,,93,323,"3,63"
14739487,"Gareth Wronski
",1,8.0,36,107,"3,79"
7010806,"Jack Cheng
",1,238.0,1379,5811,"4,01"
14592942,"Alexandra Ott
",0,,46,171,"4,26"
14417765,"Sally J. Pla
",1,,399,1640,"4,27"
5429018,"Neena Jaydon
",1,8.0,93,489,"3,63"
13233457,"Carter Higgins
",0,,251,875,"3,99"
14223581,"Wendy McLeod MacKnight
",0,8.0,85,185,"4,48"
15025863,"Alyson Gerber
",0,0.0,206,873,"4,28"
14987480,"Linda Williams Jackson
",0,0.0,321,1053,"4,2"
13810480,"Ali Standish
",0,,356,1509,"4,3"
4083774,"Hamlet Machine
",1,0.0,261,3177,"4,14"
14427775,"Kristin L. Gray
",0,,57,125,"4,53"
14427770,"Ruth Lauren
",1,14.0,209,680,"3,95"
14928833,"Kim Ventrella
",0,,121,367,"3,83"
7029938,"Lindsay Currie
",1,0.0,562,1794,"3,62"
4453287,"K.D. Sarge
",0,0.0,554,2961,"3,99"
6517970,"Terah Edun
",1,0.0,1719,18439,"3,77"
18155920,"Kerry  Freeman
",0,,236,1549,"3,79"
1648980,"Mike Shade
",1,,172,1923,"3,46"
4831237,"Tia Fielding
",0,,905,5053,"3,54"
1425968,"Alexa Snow
",0,0.0,1547,11335,"3,81"
559,"Jules Jones
",0,14.0,194,1688,"3,45"
301002,"Silvia Violet
",0,,2970,16323,"3,77"
660996,"Skyla Dawn Cameron
",0,8.0,203,999,"3,9"
202269,"Linnea Sinclair
",0,0.0,1794,20627,"3,84"
8317803,"Suanne Laqueur
",0,0.0,1935,5995,"4,54"
2860732,"David Bowick
",1,0.0,115,667,"3,32"
385966,"Geoff Rodkey
",1,0.0,780,5835,"4,08"
5417692,"Kell Andrews
",1,0.0,50,203,"4,07"
5619121,"Steven Stickler
",1,0.0,37,247,"4,09"
6470339,"Claire Cray
",0,0.0,480,2515,"3,77"
4346631,"Tessa Dawn
",0,0.0,1402,13824,"4,17"
5025975,"R.B. Wood
",1,0.0,93,312,"4,06"
2748537,"J.F. Lewis
",1,,375,4463,"3,89"
1346213,"Melinda Metz
",0,0.0,1852,29065,"3,83"
5834730,"Irene Preston
",0,0.0,427,1361,"3,89"
1119407,"Jade Falconer
",1,,165,1577,"3,54"
2981902,"Vaughn R. Demont
",1,0.0,345,1928,"3,9"
5124208,"Missouri Dalton
",0,,379,1919,"3,82"
2489785,"Marguerite Labbe
",0,0.0,949,6229,"3,86"
15423679,"Jex Lane
",1,,1666,11005,"4,45"
4057853,"Sarah Madison
",0,,1009,6097,"3,79"
2726745,"Alicia Thompson
",0,,279,2153,"3,77"
1224940,"Erin Fry
",0,,141,814,"3,97"
7255882,"Teresa Sporrer
",1,856.0,261,1560,"4,13"
5446825,"S.W. Lothian
",1,53.0,88,157,"4,1"
1200273,"Mychael Black
",1,0.0,548,4393,"3,49"
6442184,"Jennifer Amiel
",0,0.0,13,32,"4,47"
5768136,"J.L. McCreedy
",0,0.0,72,105,"3,96"
794450,"Stacy DeKeyser
",1,0.0,210,868,"3,83"
5127816,"Mary G. Thompson
",0,,297,1176,"3,76"
5200121,"Mike Jung
",1,0.0,521,2035,"3,77"
6234,"Vanessa Curtis
",1,,361,2259,"3,85"
146374,"Joseph Delaney
",1,14.0,10036,199679,"4,12"
6429004,"C.V. Cook
",1,0.0,6,16,"4,25"
112041,"Kim Baker
",1,,161,1229,"3,87"
283727,"Allan Stratton
",1,8.0,1634,9125,"3,82"
5428435,"Diane Mae Robinson
",1,8.0,165,242,"4,62"
2739770,"John Claude Bemis
",1,,335,1736,"3,82"
5784961,"Jenny  Phillips
",1,,81,370,"4,15"
140894,"Randi Reisfeld
",1,0.0,446,12182,"3,76"
5264406,"Joyce Shor Johnson
",1,0.0,25,119,"4,13"
339420,"Carol Antoinette Peacock
",0,0.0,233,1210,"4,12"
4899797,"Kami Kinard
",0,0.0,217,1341,"4,08"
5726831,"T.G. Ayer
",1,149.0,2029,8437,"4,03"
4831653,"Lizzie K. Foley
",0,0.0,309,2272,"3,92"
5779056,"Donna Steele
",0,0.0,56,131,"4,5"
4934832,"Barry Wolverton
",1,,133,526,"3,77"
290125,"Ellen Potter
",1,0.0,2687,16151,"3,89"
503388,"Belsebuub
",1,14.0,114,481,"4,6"
2878278,"Karin Shah
",1,0.0,93,449,"3,89"
90455,"Susan Grant
",0,0.0,1331,24762,"3,91"
6420856,"Julia Bade
",1,0.0,36,114,"4,32"
5836131,"Janna Shay
",1,0.0,44,274,"3,41"
3200588,"Mandi Casey
",0,,24,125,"3,76"
5382492,"Katy Lee
",0,,177,794,"4,33"
2767681,"Loribelle Hunt
",0,0.0,508,6403,"3,7"
5406425,"Cheryl Yeko
",1,0.0,257,1362,"3,87"
5281706,"Jamie Brazil
",0,8.0,47,89,"4,06"
5400814,"Rebecca Heflin
",0,0.0,187,409,"4,12"
5201320,"Tish Thawer
",0,0.0,633,2967,"3,79"
5394148,"Meggan Connors
",0,0.0,172,1918,"3,96"
2975929,"Darcy Flynn
",1,0.0,90,170,"4,12"
5415656,"Ann Montclair
",1,0.0,38,210,"3,44"
4183,"Rose Tremain
",0,14.0,3926,38027,"3,82"
270477,"Wallace Breem
",1,14.0,164,2320,"4,07"
142462,"Andrew  Miller
",1,14.0,1513,12575,"3,56"
33,"Edward P. Jones
",1,0.0,4002,40357,"3,86"
12935,"Shannon Drake
",0,0.0,1199,19639,"3,87"
74916,"Meagan McKinney
",0,,463,5640,"3,75"
128235,"Jennifer Blake
",0,,1949,24114,"3,75"
1219754,"Michael T. Dolan
",1,0.0,18,395,"3,39"
19051,"Elizabeth Lowell
",0,,4861,114173,"3,86"
261291,"Shirlee Busbee
",0,0.0,521,9383,"3,81"
105578,"Laurie McBain
",0,0.0,420,6496,"3,96"
14740070,"E.M. Hull
",0,14.0,283,1527,"3,43"
32232,"Rosemary Rogers
",0,904.0,803,15221,"3,81"
83397,"Virginia Henley
",0,14.0,1283,31108,"3,89"
9252,"Jennifer Wilde
",1,,232,3297,"3,9"
411898,"Christine Monson
",0,0.0,200,1612,"3,61"
1229712,"Lauren Wynn
",1,0.0,14,23,"4,43"
4495290,"Kelli Sullivan
",0,8.0,36,270,"3,81"
8509799,"Petra March
",0,,90,152,"4,05"
6925461,"Nick   Green
",1,,44,204,"4,06"
4861860,"Caitlin Hicks
",1,0.0,36,78,"4,28"
6894289,"Jamie Ayres
",0,0.0,291,1337,"3,56"
6552441,"Cara Bertrand
",0,,141,662,"4,01"
5767418,"Kaye Thornbrugh
",0,,105,416,"3,81"
5170812,"Breeana Puttroff
",1,0.0,801,8943,"4,26"
163635,"Daniel Kehlmann
",1,127.0,2001,22876,"3,68"
114873,"Peggy Webb
",0,0.0,825,6986,"3,69"
6553830,"L.V. Lewis
",0,0.0,472,2418,"4,02"
9870934,"L. Penelope
",0,0.0,613,1341,"3,79"
245963,"Jenna Maclaine
",0,0.0,1071,17097,"3,83"
16917872,"Malcolm Hansen
",1,0.0,25,122,"3,48"
8446215,"Lily Foster
",0,0.0,376,3952,"3,94"
5757470,"Steven Luna
",1,0.0,187,947,"3,87"
13499819,"Katharine McGee
",0,,7153,38527,"3,76"
2880005,"Gloria Tesch
",0,0.0,76,243,"2,3"
7751604,"Charles  Mahoney
",1,0.0,8,26,"4,19"
4280686,"J.N. Duncan
",1,,175,1279,"3,36"
60210,"Barbara Shoup
",0,,44,230,"3,74"
17203795,"Noel Branham
",0,0.0,90,121,"4,53"
6585288,"Linda Kovic-Skow
",0,0.0,147,769,"3,76"
417798,"Eve Silver
",0,,3251,28791,"3,87"
3089348,"Louise Rozett
",0,0.0,998,5681,"3,76"
897415,"Chloe Thurlow
",1,14.0,297,1300,"3,73"
6922360,"M.W. Muse
",0,0.0,197,3659,"3,9"
7104482,"Kelsey Ketch
",0,,159,398,"3,94"
335757,"Françoise Chandernagor
",0,86.0,72,646,"3,86"
796191,"Janice Law
",0,0.0,233,1034,"3,53"
282532,"Dinah Lampitt
",1,,81,1351,"3,99"
600812,"Ophelia Field
",0,53.0,25,169,"3,8"
106554,"Joan Haslip
",0,14.0,92,952,"3,82"
2563980,"Josephine Wilkinson
",0,,74,3607,"4,06"
8082028,"Princess Michael of Kent
",1,,108,758,"3,6"
64115,"Lisa Hilton
",0,14.0,354,3133,"3,76"
71118,"Anne Somerset
",1,14.0,247,8238,"4,05"
246155,"Elizabeth Abbott
",1,8.0,182,1304,"3,7"
273817,"Leslie Carroll
",0,0.0,601,4578,"3,69"
3186713,"Alexandre Dumas fils
",1,86.0,1440,27288,"3,98"
14339388,"A.M. Daily
",1,,48,310,"4,4"
6587255,"Reeni Austin
",0,,322,5647,"3,74"
7055034,"Jess Hunter
",1,0.0,34,394,"4,26"
268018,"Toni McGee Causey
",0,,888,7019,"3,95"
26791,"Sarah Strohmeyer
",0,0.0,4526,51024,"3,71"
8075159,"Katie Bloomstrom
",0,0.0,34,79,"4,23"
4898740,"Evan Katy
",0,0.0,124,1724,4
7065436,"Christina A. Burke
",0,0.0,238,2062,4
847247,"Kate Johnson
",0,14.0,514,5638,"3,87"
366842,"Rhonda Pollero
",1,0.0,318,3731,"3,93"
6878696,"Gretchen Archer
",1,0.0,958,6235,"4,21"
13610,"Sparkle Hayter
",0,8.0,186,2683,"3,58"
287931,"Ellen Byerrum
",0,,472,7116,"3,87"
6553694,"LynDee Walker
",0,,639,5102,"4,26"
296979,"Harley Jane Kozak
",0,0.0,699,6785,"3,57"
1178445,"Diane Kelly
",1,,1501,10849,"4,01"
5390088,"Deborah  Brown
",0,0.0,890,6752,"4,12"
15268418,"Chelsea Field
",0,53.0,565,11182,"4,2"
6877693,"Billie Thomas
",0,0.0,50,175,"3,91"
4828830,"Camilla Chafer
",1,14.0,1674,29156,"4,19"
4730815,"Becky Clark
",0,0.0,141,358,"3,54"
11010807,"Gina LaManna
",1,0.0,2645,26630,"4,24"
282917,"Lois Greiman
",0,,869,13118,"3,87"
17333,"Charlotte Hughes
",0,0.0,3016,95375,"3,76"
54427,"Heinrich von Kleist
",1,127.0,664,13362,"3,57"
591961,"Ulrike Schweikert
",1,127.0,208,2733,"3,86"
1435362,"Bernd Perplies
",1,127.0,256,1439,"3,89"
1284067,"Lynn Raven
",1,0.0,443,6908,"3,94"
3089,"Sven Regener
",1,127.0,248,7257,"3,88"
67081,"Klaus Mann
",1,127.0,208,4442,"3,94"
436431,"Nina Blazon
",0,22807.0,729,7888,"3,8"
94147,"Georg Büchner
",1,127.0,433,13861,"3,43"
832040,"Daniel Glattauer
",1,856.0,3263,30727,"3,78"
7723,"Gotthold Ephraim Lessing
",1,127.0,319,14560,"3,39"
2863757,"Marc-Uwe Kling
",0,127.0,991,16022,"4,34"
26853,"Bertolt Brecht
",1,127.0,2162,57607,"3,79"
794164,"Jenny-Mai Nuyen
",1,127.0,187,4305,"3,7"
5416535,"Carina Bartsch
",1,127.0,544,5331,"4,2"
45306,"Karl May
",1,127.0,614,28502,"4,01"
127314,"Otfried Preußler
",1,952.0,824,30490,"4,12"
68613,"Theodor Fontane
",1,127.0,569,12812,"3,28"
112719,"Isabel Abedi
",1,127.0,581,12634,"3,82"
7453846,"A.K. Michaels
",0,14.0,3008,11699,"4,28"
12072854,"Althea S.T.
",0,,10,108,"4,92"
8395003,"Monica   Miller
",1,790.0,3,17,"4,18"
15242937,"R.K. Close
",0,0.0,164,918,"4,27"
8201104,"Ariana Godoy
",1,17336.0,565,7019,"4,1"
7179363,"Mara Valderran
",0,0.0,72,187,"4,21"
8441158,"Alana Henry
",0,,56,561,"4,02"
5421591,"Jordan Lynde
",1,0.0,477,9632,"4,13"
6944240,"Cathy Octo
",1,667.0,261,4340,"4,06"
6960454,"Louisse Carreon
",0,1796.0,128,2768,"4,22"
7414488,"Jessamine Verzosa
",0,1796.0,96,1853,"4,34"
15275778,"Mimi Novic
",0,,0,8,5
838305,"Mother Teresa
",0,22834.0,771,6741,"4,31"
1658710,"Beca Lewis
",1,0.0,5,45,"4,29"
6224,"John O'Donohue
",1,79.0,830,10243,"4,38"
7214107,"Tessy Rawlins
",1,,22,396,4
4805989,"Donna Quesada
",1,0.0,31,123,"4,06"
5107659,"Sri Chinmoy
",1,581.0,38,657,"4,47"
7108329,"Nihar Suthar
",1,0.0,21,66,"4,03"
8133574,"Dan Waldschmidt
",1,0.0,111,840,"3,95"
1323371,"Orly Katz
",0,254.0,44,236,"4,08"
7232341,"Chris  Humphreys
",1,0.0,3,14,"4,36"
6579281,"L.B. Sommer
",1,,2,28,"3,79"
14213892,"Gabriel Dee
",1,,10,37,"4,05"
13342,"John Warwick Montgomery
",1,0.0,60,473,"3,83"
6900024,"Simon Zingerman
",1,1.0,28,70,"3,97"
6457440,"Joanne Lipman
",0,0.0,229,1057,"4,21"
3072557,"Laura Weakley
",0,0.0,9,64,"4,53"
5139621,"Dave  Moore
",1,0.0,16,32,"4,72"
4128041,"Brent N. Hunter
",1,0.0,42,112,"4,13"
5782912,"Sumangali Morhall
",0,14.0,8,28,4
6037984,"Marsha Roberts
",0,0.0,42,158,"4,32"
6951311,"Phylline Phillips
",0,,0,13,"4,69"
7436684,"Dain Heer
",1,0.0,96,984,"4,45"
6831459,"Jennifer   Howard
",0,,4,18,"4,22"
4123171,"Banani Ray
",0,581.0,45,274,"4,73"
4671716,"Tom Winton
",1,0.0,319,1742,"3,65"
18470827,"Adam Lewis Walker
",1,14.0,14,25,"4,68"
931248,"Karen Whitelaw Smith
",0,14.0,0,27,"3,78"
372995,"Anita Heiss
",0,53.0,400,1923,"3,64"
304436,"Richard J. Davidson
",1,0.0,261,2611,"3,93"
18332475,"Rob Levinson
",1,,9,42,"4,88"
8414787,"Faith  Gibson
",0,,1019,7882,"4,24"
102987,"Rhyannon Byrd
",0,0.0,1905,29689,"3,97"
6977170,"Valerie Twombly
",0,0.0,949,1682,"4,36"
8077396,"Echo Shea
",0,,122,206,"4,29"
7144849,"K.R. Thompson
",0,0.0,633,4749,"3,93"
6420069,"Rick H. Veal
",1,,136,203,"4,36"
7305459,"Abby Weeks
",1,,1280,12631,"3,46"
12020546,"S.D. Wasley
",0,53.0,165,569,"4,08"
8386732,"Victoria Zak
",0,,449,2835,"4,09"
6543639,"Krystal Shannan
",0,0.0,3530,15626,4
5246010,"Bryce Evans
",0,,828,4689,"4,2"
