id_genre,id_auteur
5,74489
5,706255
2,5618190
5,37871
37,36122
7,58947
2,4833990
9,7956
32,155651
37,274533
5,38550
2,27847
5,27847
5,153394
32,153394
5,3487
29,3487
2,5771850
5,4428962
2,3462951
2,7737308
2,7123498
5,151973
1,359194
2,4541791
2,7094294
2,5621569
2,3152411
2,7302303
2,8073851
58,5893561
5,8253345
2,8119001
5,3456705
7,268722
2,4318269
2,4615197
2,7020231
2,5155341
2,5050492
2,3080608
27,985261
2,4595087
2,6451816
5,445303
37,445303
5,20560
5,10896
5,205
5,1226977
5,41749
5,2778055
5,12534
32,12534
5,53501
72,53501
5,3400721
45,3400721
7,3389
5,4764
72,4764
5,4432
5,545
5,6474348
5,1630
32,1630
5,12476
5,5244478
5,21477
5,14078
5,2786093
5,21475
46,21475
5,36332
118,3063220
5,835348
5,29535
5,874602
37,874602
5,5223
118,5223
647,5223
37,4018722
45,4018722
5,8360
37,8360
5,432
118,432
5,9226
5,6025722
5,1285555
5,43298
37,2987125
5,1318
5,32595
37,4684322
5,880695
32,880695
46,880695
5,3064305
7,5791
9,5791
5,3472
5,4280
45,4280
37,200317
5,941441
5,15873
5,1077326
5,2001717
1,2384
5,3780
37,21911
5,1265
5,7128
5,10465
58,10465
5,1315
21,1315
5,305400
5,2327917
29,4379
5,4
5,5246
5,2894
118,2894
37,175855
37,8349
5,4178
5,12696
32,656983
1,630
37,17015
5,137902
37,137902
1,3447
5,9987
7,169377
72,169377
5,6876
5,13957
2,28569
2,71688
5,71688
2,48192
37,48192
37,4575371
5,41313
5,3090
2,1647762
37,699143
2,2613
2,20248
2,499602
2,2958084
27,2958084
37,4872191
2,4586597
2,3379564
2,19005
5,19005
40,17065
45,17065
5,4637539
2,6251
37,151371
37,4951964
2,9885
5,9885
37,1304470
2,22159
37,4907787
5,47499
5,614
21,614
5,5430144
2,5193034
5,2345
37,2876763
2,11081
46,11081
5,4562483
2,4826501
2,19823
2,4725841
37,2895707
37,5448974
37,5070015
37,4559822
37,1164465
37,6466369
37,5288442
37,1192311
37,767547
37,3027554
37,3041100
45,3041100
37,4629194
37,2895706
37,5351825
37,4718528
37,4336590
37,4737213
37,3251728
37,3023658
45,3023658
37,5441417
37,5027236
37,4692856
37,805184
37,2261547
5,10317
37,5073459
2,4606082
37,4086715
32,25422
37,5360335
37,504038
5,11654
37,4476934
37,4774653
37,4581947
1,3377941
37,4074051
37,5108399
5,415967
37,415967
37,3099544
45,3099544
37,4342215
45,4342215
5,2891665
37,3220024
32,6914204
5,2987
37,2755160
37,4279785
37,164576
37,4116488
45,4116488
37,5186274
37,767317
37,295178
37,56224
5,150038
37,4384465
37,3353516
37,4575289
5,7581
37,3433047
5,3406550
37,1599723
37,2936493
72,2936493
37,4103366
37,4637369
37,3290920
37,4039811
45,4039811
37,6693411
37,6433278
37,6983061
37,7374721
37,7124792
37,7267239
37,5303332
32,5295120
5,5351849
37,2188726
37,2747732
37,4106087
5,190578
37,190578
2,3097905
32,7267262
1,266470
5,2741432
37,7093630
37,1443712
37,6553850
58,6553850
6,15292
5,11664
37,11664
37,7009633
32,7091823
37,1383409
37,6456912
37,370361
37,7170939
37,6855918
37,6950740
2,4428
37,1487748
5,144323
37,8152069
37,3486415
37,2526
37,7105753
37,6549373
37,5804715
45,5804715
37,357601
45,357601
37,6947727
37,45592
37,4600197
5,4208569
37,1238111
37,7074943
2,6916557
37,6980508
1,2383
37,2232265
7,3153776
5,7380291
5,8283255
37,8283255
32,14759054
5,1373880
2,3084517
5,21748
5,1045593
4,1069006
120,1069006
5,9237
37,2891503
45,2891503
37,190922
37,3036304
37,4126827
5,190887
29,190887
5,2903247
37,2903247
37,8108373
5,3408349
2,89439
37,89439
37,49177
72,49177
37,3095893
2,4464118
37,1330292
37,3380908
45,3380908
2,669810
5,8835
5,12531
32,12531
5,1967
2,38531
5,38531
7,20559
5,9550
5,10082
5,1276004
2,153733
5,8726
7,8726
5,8694
7,8694
2,4149342
2,103359
7,51518
40,442240
5,1356336
7,10116
5,5251202
5,52468
7,52468
5,625
40,625
32,234115
7,83937
7,24827
32,24827
7,40173
32,40173
5,1080585
5,59060
5,2687
32,2687
1,10333
5,10333
7,48397
32,48397
5,241301
5,28946
5,477469
37,477469
6,45315
5,49103
7,49103
5,20561
7,20561
5,4861
5,18454
5,38066
27,2503028
32,2503028
5,7742
2,2357
5,18879
5,1654
27,1654
2,17059
5,32637
32,32637
7,7577
5,20602
7,20602
32,346732
5,16218
5,1857564
37,1857564
5,1429808
7,167605
32,167605
119,167605
7,9558
72,9558
5,3849415
32,17054
2,375626
5,40563
5,26930
7,26930
647,26930
5,5339
32,17061
7,479779
7,6988
37,10003
5,9388
29,9388
5,54493
5,15882
46,15882
5,8730
37,93220
5,10015
5,3509
5,837804
9,925098
317,925098
5,784775
1,1612
5,3490
5,72039
29,72039
46,6583
9,994873
5,2546
5,473145
5,63983
5,3534
310,3534
5,978703
5,1130453
29,1130453
5,800019
37,800019
1,4738
5,4738
1,24689
5,9212
10,1439
5,6429
1,138825
5,389474
9,2121
5,972440
5,10746
32,10746
5,13370
5,690619
647,690619
5,3505
5,97313
5,66631
9,1899600
5,120401
5,12581
5,1406384
5,211268
9,211268
5,3670
5,982213
9,287960
5,498072
37,4143266
37,588558
37,203238
2,4866520
5,3420702
5,6587108
37,4668167
2,3980637
5,47104
32,47104
2,3190428
2,7233168
37,3101315
2,837420
37,4506073
37,4086928
37,3095919
37,4382157
37,5434809
2,4838933
37,628636
72,628636
2,4665585
5,4665585
5,65959
5,569
37,4984399
2,6535659
5,1077176
2,4805272
37,5752652
5,26638
37,26638
37,3351454
5,23613
2,4372391
37,4849669
37,4116333
58,4116333
37,4503081
72,4503081
2,281810
37,599916
58,5437976
37,4660036
37,569269
79,55743
79,6887314
79,3961
79,12803
5,6984726
79,14151
79,12732
79,20493
79,15085
79,56328
79,6238
79,13359
79,36203
79,26392
79,24514
79,15091
79,32594
79,70026
79,43554
79,7338
79,12736
5,2266124
1,14610
79,17029
5,13681
79,543719
79,46027
79,12772
79,56002
32,18015
79,18015
79,1642
79,28463
79,6884287
79,93094
79,568999
79,1218557
79,32468
79,5112
79,33907
79,5363
79,53559
79,28995
7,10182
32,10182
5,88506
79,21574
79,68959
79,38954
79,5129
79,14965
79,5951
79,21982
79,16807
79,12425
79,12444
79,5117
32,32401
32,7477505
32,7940084
5,1067608
72,1067608
79,19733
32,16789375
37,16789375
32,4841825
45,4841825
5,8596
5,24830
5,903992
5,15590
5,11078
32,426944
32,26
45,26
5,74046
5,8732
37,22542
45,22542
32,6252
5,24818
5,8347
37,5329
72,5329
5,125984
5,11761
37,11761
5,6206
5,34049
5,108424
5,12521
5,47672
9,6245
27,6245
37,348878
32,27100
5,2347
5,4260
37,4260
5,106
32,106
5,33467
37,157663
37,7579036
37,6562243
37,52989
37,2884780
5,6911915
37,6911915
37,5001654
5,179612
9,179612
37,161133
37,53974
37,53984
37,51424
37,1217665
37,20
5,110982
5,2821144
37,2821144
37,7577278
5,9072
5,65944
37,1233886
37,7258893
37,13139
37,2753954
37,6538605
5,2889003
37,26891
37,3130410
5,1651879
37,1651879
37,7327341
5,176372
37,47640
2,7044750
5,9432
5,3299
5,107170
5,3502
37,3502
29,9334
5,2313
37,3046613
5,2238
5,3354
647,25824
5,27500
5,2960227
5,26417
647,26417
5,2839569
5,7380
5,18752
29,80824
72,80824
5,51589
5,1113469
29,1113469
5,4937879
21,4937879
5,32549
5,13450
647,13450
5,52683
5,15393
32,15393
5,52458
5,22099
5,815
5,749461
21,749461
37,6441917
5,21778
5,4823432
5,197
5,8925
5,9399
5,5285
5,155517
5,52074
5,6466778
32,6466778
5,55215
647,55215
5,8146
5,811
5,286014
5,2617
5,566874
5,500
647,500
5,4370565
5,3873
647,3873
5,4694
2,7151973
5,5829056
58,6554504
2,7121791
5,7121791
40,5131072
2,6550037
2,6546441
5,4851199
2,63898
5,63898
1,4175419
2,4175419
2,6887119
5,6994731
2,6896405
58,7374424
58,7539785
2,8034143
58,7759811
2,8058866
2,7215619
58,7215619
2,73977
2,6950682
2,4785031
2,5622223
32,5622223
2,5997227
2,6576110
2,6452845
2,6574132
2,7056935
2,7226675
2,6875794
2,7105545
58,7105545
2,7753662
2,223343
2,6994378
5,6994378
2,6983012
27,6983012
5,5769238
2,6556689
2,1935000
2,7047863
2,6551005
2,6476625
9,5735
72,5735
5,881203
5,15905
29,15905
5,239579
5,7508
95,7508
5,13661
29,13661
118,13661
29,903
5,1194527
5,15151
29,15151
5,16904
5,3541
9,3541
5,1461
5,585
5,1244
647,1244
5,3345
5,4711
5,589
5,3617
21,3617
5,8051
46,8051
647,8051
5,1240
35,1240
5,7285
5,1455
5,1838
29,1838
4,15481463
119,15481463
5,7717
32,7717
5,3137322
17,3137322
5,957894
118,957894
5,7195
5,24556
5,316
5,566
9,566
5,11139
7,11139
32,11139
5,11072
32,11072
5,4191
29,4191
5,1943477
5,7799
118,1020792
5,11466
5,3706
95,3706
5,819789
647,819789
5,1036615
5,306
5,762707
37,762707
5,3190
647,3190
5,1825
5,4012
1,16291
5,16291
5,2408
1,53535
5,2931
5,39412
5,9343
1,22067
5,22067
1,16549
27,16549
5,57428
5,8361
5,40398
1,34589
5,34589
5,335919
6,8054971
5,156327
5,1730
5,167047
1,6760
1,20850
5,20850
119,4784416
1,85989
1,201535
5,201535
5,1169504
9,1169504
5,24655
1,520296
5,49612
5,27874
1,4046
5,4046
21,4046
5,80212
5,14469
5,42919
5,1421619
1,131
5,615274
1,5023
1,202867
5,25334
21,25334
5,6247
5,575
9,575
5,981834
1,24844
5,24844
5,6331
5,27779
9,27779
5,9833
41,9833
1,1074866
5,39402
1,44023
46,44023
72,44023
5,22665
5,5918
21,5918
37,27498
2,16961
5,861
2,8072579
5,8381790
5,23129
5,30830
5,6878
5,16747
46,6281688
9,380
5,2522
5,13974
6,13974
5,7844
5,18907
5,93353
5,2633
5,2578
9,798
5,6538289
5,713
5,2715
46,5869
5,7136914
21,7136914
5,1467
5,37766
5,16272
45,16272
5,7995
46,7995
5,12542
74,5657
5,1040250
5,3075
5,5600
5,16204
21,16204
5,10039
5,3620
5,5768
45,5768
5,4917067
5,6417
5,269069
5,15830
5,8842
46,8842
5,4345
21,4345
5,58851
21,58851
5,2226
5,12833
5,6125
5,28186
9,28186
5,44605
5,2893961
5,19708
21,19708
5,18930
5,4030
21,4030
29,4030
5,3012988
29,3012988
35,4785
5,7130
21,7130
5,1055
21,1055
5,626222
5,4037220
29,4037220
89,4037220
5,26242
5,4116
58,4116
5,128382
118,128382
5,5152
29,5152
5,3167
29,435477
5,4174
9,4174
37,12950
5,3681
37,153734
37,548551
5,6085
9,6085
5,39326
213,39326
647,39326
1,6941
7,6941
5,9068
5,9020
21,9020
5,7385
120,7385
5,7779
45,7779
5,7927
5,9629
72,9629
5,157779
9,3083854
72,3083854
1,4820
5,31457
29,31457
118,1260
46,137261
74,137261
5,6343
29,4026
5,235
9,11882
1,36714
9,15445
5,16770310
5,16892
21,16892
5,12584
5,7287
118,7287
9,28828
1,1411964
118,401
119,401
7,104728
72,104728
46,43443
72,43443
9,5237
37,5333630
37,5447785
37,4824985
37,6443493
37,4700629
72,4700629
2,1530940
5,1415543
37,5020443
37,5038699
37,5169670
5,6542656
37,5445209
37,1428675
37,6470511
37,5308881
37,6576193
37,5773867
37,4887264
58,5823058
5,4889188
37,5298677
37,6469948
37,4601855
37,6245296
2,6476392
5,3228055
5,18880
37,4906436
5,165105
37,165105
5,4864330
32,4629065
37,4662744
5,806500
37,5249972
37,4499623
45,4499623
2,6527314
37,4864634
37,5816255
5,40593
5,5194
32,5194
5,5099267
5,4721318
5,8166
213,8166
5,25
37,25
5,3119
5,1370283
32,1370283
32,34408
32,5295294
32,22018
5,16667
1,1879
7,5816
2,58846
5,3441
6,5293
46,14033
74,14033
29,9876
95,9876
2,8158089
5,7419
5,3619
32,3619
5,26897
37,50873
79,26306
5,2448
2,7738947
37,4693312
5,7146498
7,6550279
5,5361693
37,5361693
37,4519247
7,7112593
45,7112593
32,7849515
6,8077080
32,7731270
32,7731179
37,7731179
2,6518370
5,8184276
37,6420147
32,5028484
2,6451574
5,6451574
37,6588802
5,36346
32,7091425
37,7349685
37,6166668
5,6863455
37,8031974
37,5805745
37,7751265
2,37249
5,5758689
37,3009541
45,3009541
37,4146484
2,6423161
37,4563332
2,6941559
40,6941559
37,8159417
2,4398628
37,5831672
5,8180726
37,6993187
32,7874735
2,6571021
2,6581207
37,484627
37,143691
5,5370827
37,7012378
37,6612545
32,3153008
37,7315430
37,7471427
45,7471427
37,7150198
37,5779555
32,2132743
32,7074741
40,6551789
37,5815432
37,6541831
2,7873610
37,5805483
2,4879423
2,6567432
2,7058694
40,7058694
2,7372898
2,6980925
2,2771724
58,7127521
2,5752457
2,2951194
2,6902956
2,7079478
2,6432984
2,5342916
2,239128
40,239128
5,6580884
58,7171978
5,8286871
58,7373567
2,7276454
2,5822912
58,7341481
2,8219684
2,6553058
2,7074841
2,7768203
5,13705141
2,8286020
2,7056720
58,7056720
2,6451625
2,6571986
2,13810432
37,13810432
5,18
5,8589
32,8589
5,10420
5,858
9,18143
118,10264
9,63760
46,1641
5,1624
29,1624
647,1624
5,29068
9,1235
213,1235
5,40311
9,40311
5,7565
5,6900
9,6900
46,30913
5,2007
95,2007
2,4062698
2,38065
2,67038
2,24978
2,226816
2,2965489
2,71878
2,50886
2,37814
1,6218
2,2752928
2,51304
5,51304
2,76405
5,76405
2,86778
2,8716
2,2798441
2,104926
2,2614
2,92650
2,17597
2,9759
5,9759
2,23294
2,64364
5,64364
2,16202
2,4443809
5,4443809
2,33952
2,541293
2,83086
2,22370
2,107767
5,107767
2,375143
2,9241
2,29542
5,29542
2,1598076
2,3517050
5,568672
5,5895829
27,7043626
5,43889
37,41141
5,5283343
5,6989
29,6989
5,327737
27,327737
5,46158
5,6587
32,6587
29,18540
5,75091
21,75091
31,75091
9,132350
5,6810
2,6581091
32,38569
5,1301649
10,1538
5,15015247
46,15015247
95,3956
5,238
9,238
9,5571
5,7491
120,7491
9,1194
45,1194
213,7
5,10089
5,23069
32,23069
5,16094
5,16496
5,5807106
5,22996
5,14032
32,14032
5,3093075
9,3093075
5,44037
9,44037
5,1858
5,10991
118,10991
5,696805
45,696805
5,10992
5,4007
72,4007
45,10538
5,4763
45,4763
37,9873809
37,17130322
37,8107261
32,17337861
37,4279769
32,15455603
37,16642745
37,7391763
37,15269309
37,14831545
32,99117
5,3408059
32,15600590
5,5830526
37,16022936
32,8306309
37,13467894
37,14137787
37,17243035
37,14028431
37,15049422
37,4200019
5,5331983
5,119755
6,4346642
40,15569092
2,1783576
5,7782976
6,8442873
32,60478
32,7769192
37,1051591
5,15890
32,6925118
37,13776517
2,16857084
5,42110
5,2917917
58,7107744
5,8649
21,8649
5,1379540
37,1379540
37,7558024
37,6453465
37,5393357
2,5014564
37,3342174
32,8059844
2,4507090
37,4507090
2,5130837
37,753097
37,4254441
5,852078
7,83085
37,83085
5,836009
37,836009
5,17082
37,56019
37,4388953
32,4512224
45,4512224
37,4105961
5,3519233
5,4042181
37,1348627
37,3484883
37,374429
37,1079136
45,1079136
5,5833
37,79589
37,2761947
37,33502
45,33502
37,87534
37,3125711
5,16304
2,65137
5,2860219
7,2860219
5,4414255
5,580315
32,8685
32,88685
37,88685
32,12350
5,9222
37,9222
5,9785
647,9785
5,15516
119,55044
95,311467
1,1025097
5,3530
9,63638
5,1262010
647,1262010
5,77004
46,77004
9,4370
5,7025
9,3154596
5,13234
29,13234
95,188932
9,27281
5,33503
119,711
5,19879
29,19879
5,5658
9,140720
95,140720
5,4415
120,1367163
95,2761
5,6765
5,5144
29,5144
5,2330
9,2330
5,1433597
5,3535
29,3535
228,3535
5,3049
5,704
74,704
74,1742
5,431149
9,431149
5,8661
5,60177
37,6420295
5,27704
5,276660
5,85545
32,2063919
5,57461
5,8588
5,869
32,4721536
5,43784
5,8516
5,1023510
5,10518
32,10518
5,16939
21,16939
5,13026
5,25307
5,12980
5,5804101
5,1405152
5,31232
5,73149
2,4930653
37,5752359
37,5085738
58,6436698
7,4624490
29,4624490
5,58
2,3532
5,3532
5,7621
37,3352591
5,363130
5,44003
5,5687
5,4176632
647,4176632
5,1432
9,1432
5,23419
5,28024
6,2565
5,1448
21,1448
5,2929
5,9057
21,9057
5,9121
21,9121
1,12455
1,59542
1,10482
32,66700
5,11586
37,8427881
32,6916708
37,8119768
5,164187
5,8377979
37,7353006
37,7246482
37,7944475
37,6567825
37,5752145
37,7012713
37,10811406
37,644355
37,8152045
37,10315278
37,8167946
37,9809333
37,8628046
37,6439440
32,8171797
5,125308
37,8039839
29,6894322
32,13695109
37,5625945
37,13505420
2,6521131
5,4480131
2,8109273
2,7191170
2,7496678
2,7072888
37,4330590
2,7258437
2,7139136
5,4882127
40,7335383
2,515767
2,6540645
58,7122060
2,6519108
5,2803627
37,7168230
5,7031278
5,131208
5,8695
5,81017
5,121825
5,41942
5,22548
37,114266
37,93971
37,27621
37,55943
37,363405
1,12940
1,5672
1,48557
1,99044
6,99044
1,22339
5,22339
1,8734
29,8734
1,123715
1,48913
1,14473
5,14473
5,8719
647,8719
1,4610
5,1873
9,1873
1,16927
5,2887
1,1402383
1,7622
5,7622
1,8258
5,369288
5,5091
6,721
1,9559
40,9559
5,854076
29,854076
5,4952
1,2749
1,10289
5,12605
31,12605
37,410418
5,361963
37,361963
37,79922
37,432859
37,2983974
37,65189
72,65189
5,4859212
37,11672
5,3452783
5,11291
5,17595
5,1462
1,4470653
5,49625
5,6485178
27,4385839
5,1895943
9,2940640
1,1063732
5,8988
2,28550
2,5769764
2,3190846
79,153732
2,40881
37,2096360
2,1310735
2,1395810
32,1395810
5,1831
5,17623
29,17623
213,17623
9,3034502
45,3034502
45,12793
5,233619
5,3953
5,4462369
45,1401
5,1388082
118,1388082
29,5031312
120,5031312
5,4339
9,4339
120,7625163
5,3510
5,3489
37,2812835
2,696372
5,696372
37,3165706
37,2916205
45,2916205
9,5151
5,4108184
493,41878
2,4831558
27,1280953
5,6942
9,6942
32,1111602
37,170658
37,4340281
2,3379575
27,3379575
2,5416410
2,7181038
37,2156112
37,5158465
2,6473923
2,5286855
2,7033774
2,4971535
2,4418815
37,5234997
37,5934418
2,4946788
37,4946788
37,5784345
37,5626443
37,94091
119,106453
37,1307342
72,1307342
37,1463436
37,145926
5,2936539
6,2936539
5,41542
32,41542
37,192549
32,386042
37,1628012
5,16
29,7902
72,7902
647,7902
5,86404
2,6492
5,1413437
74,1413437
2,7949493
2,3427995
2,5822839
5,12667
37,6453983
2,5622888
58,5622888
5,4730894
5,5309857
37,6534462
5,36615
5,5274234
5,155717
1,218843
5,9720
7,1353301
37,93970
5,5768905
37,330967
37,5444795
37,4948810
37,5145808
37,5188888
1,4027380
5,173491
5,45922
9,45922
5,13591
41,18235662
5,374590
5,978484
37,3095878
45,3095878
37,3200239
37,19954
37,3105432
1,146628
37,4025590
37,4416438
37,3508354
45,3508354
37,3100203
45,3100203
37,4124788
45,4124788
37,3111339
37,3429117
37,4445700
5,99836
37,28756
45,28756
37,777173
37,4902564
2,1294984
2,6435350
2,5398028
2,20983
58,20983
5,2741079
2,306449
2,6422281
2,7056140
58,5214793
2,6459302
2,2882485
32,2882485
2,5228869
37,5228869
2,5421050
2,6446604
2,2704714
58,5130089
2,5174152
37,882738
5,20842
118,20842
5,8794
32,3249026
37,4611175
2,17293
2,7941
37,7941
58,317354
5,1916427
5,83308
5,3167424
37,6475976
5,5804792
2,6654493
5,6644044
5,3112212
2,6521173
2,6860574
5,25376
32,25376
5,56353
5,25883
5,1100593
5,8389735
5,25375
5,221253
7,221253
5,51204
45,160069
7,3396842
45,3396842
32,7177350
5,1956402
5,33773
5,33919
45,33919
5,2768002
32,2768002
5,33918
72,33918
5,5780686
32,5780686
45,5780686
5,27167
5,27276
5,3365457
5,5599
5,26335
7,106463
5,598299
95,2040815
9,9678
5,11121
5,8622
5,29527
221,29527
5,2885224
7,90070
5,7628
1,3163298
1,364872
5,364872
5,29471
40,29471
5,22506
5,46118
5,290189
5,53574
37,4044383
37,1005935
45,1005935
37,2274221
37,4118351
5,51118
37,3387285
37,3505204
37,3111338
45,3111338
37,14113824
37,8588143
37,13615246
37,15194090
37,8436117
37,13987227
37,5354687
45,5354687
37,14155920
37,1080169
37,14852052
45,14852052
37,8512303
37,4485813
37,1312879
45,1312879
37,4530256
37,8440277
32,14235866
37,13848696
37,14031468
37,14834224
37,7055613
37,15127507
37,13525505
32,14674797
37,14358948
5,15218531
32,15218531
5,4615776
37,13414088
37,8196241
89,17120246
37,17999118
2,5347676
37,3131761
45,3131761
5,16722065
5,8587
5,142270
5,338705
5,61659
32,61659
37,113844
46,113844
32,174708
5,4106
37,344618
5,86265
37,86265
5,272814
5,38951
2,3393956
2,6544265
5,8178
5,7963
27,7963
37,5565007
5,5116849
32,7040319
1,4714290
5,6480195
5,6226401
32,5416819
2,6551996
37,5808070
72,5808070
5,5829491
6,87104
37,5042085
5,71479
37,5029571
5,1039943
5,5878124
5,6540287
1,150482
2,4849861
37,4435742
5,6522690
1,5436451
5,511372
27,4788217
37,17142565
2,8472193
37,4097828
5,5095502
1,1958588
5,1958588
32,1958588
5,4875841
2,5157126
5,6441991
29,5391254
32,5391254
5,2767837
5,6517460
2,6599635
32,5423648
2,8427107
2,18002228
27,7094314
2,6538202
2,6870069
58,6870069
2,5763676
2,6466717
2,6590457
2,6446815
2,5255580
58,6863360
2,2952211
5,5180626
58,6568302
2,4724550
2,7163319
2,5784542
2,7375780
37,7445352
2,8421372
37,99642
37,1375073
37,2951796
2,2949594
5,2900815
37,2946462
72,2946462
37,293603
37,2885316
37,1254282
58,1254282
5,560012
37,4667368
37,5416090
2,3471272
37,4106085
58,4792225
37,4750309
37,4718186
37,5044405
37,4737695
37,3319171
37,4575368
37,5430977
5,4735144
37,5322924
37,4342615
5,213659
37,213659
45,213659
37,4575326
37,45927
58,4983102
37,4824952
37,3517421
37,5560132
37,4074084
45,4074084
5,4928927
37,4873609
37,4983109
27,4575379
37,91168
37,4949584
37,5287439
37,5139707
45,5139707
37,4651111
5,4610401
37,5191012
37,5257588
58,4632961
37,5040774
37,5130544
37,4094048
37,519824
37,4134859
45,4134859
37,4687048
37,4949972
5,4807573
5,3892
6,9355
647,8993
9,375
27,10356
5,13078
27,13078
79,21578
9,2122
5,824409
27,824409
27,3406353
9,20357
118,5754446
27,6649
27,3352
9,466
27,466
5,823146
31,19405
5,28345
5,3539
118,6191
5,173
29,173
5,2916869
32,7086094
5,4349837
5,11746
5,1441
37,1112218
5,16560
647,16560
2,2909019
6,2875124
5,1351903
1,1489978
5,26163
5,14080
5,342135
9,23607
5,6243
46,17765
45,10263
5,16759765
118,7084
46,1476
9,11395
9,3277
46,3277
95,16201
9,3032451
46,16541
213,16541
9,776
10,776
5,1563
46,15402
9,15877
118,21559
46,13360
9,785914
46,395812
45,22004
9,7982
46,7372
9,1847
5,16494
46,16494
9,419
46,40820
466,788461
9,3317
46,8458
466,256
9,14053
46,14053
9,133538
9,1116816
46,1899
95,1899
45,843200
27,14041521
74,38329
213,38329
79,12733
2,42211
2,18067
5,18067
2,28574
5,41193
2,88445
5,88445
2,23890
5,23890
5,285217
29,285217
45,285217
31,16070
5,410680
5,228089
118,6188
118,1938
466,1938
5,18317
9,6172
118,6172
119,6172
5,159
647,159
31,232932
29,7440
5,1481537
5,5132
29,13847
5,8249
29,8249
5,2730977
89,2730977
29,1438
29,1633234
5,546979
5,7768501
21,7768501
5,1139632
37,1025280
37,966321
45,966321
5,16967
32,16967
5,231914
5,17055
9,17055
37,82453
37,126447
7,14465
7,12540
45,112892
1,22421
5,262262
27,7085837
1,6589431
2,7223625
2,3213942
9,13311
5,4309838
95,2774856
119,4493
170,848
95,108692
1,584702
95,2778471
5,12665
9,19794
95,19794
27,6200344
2,4331713
2,7179522
5,8077668
7,7068373
5,6868719
2,6526309
7,5761611
29,1808111
58,7172518
2,4558309
5,7013486
37,6950900
37,5890982
46,6561688
5,7448521
2,5872743
2,8446330
58,8446330
32,6888212
45,6888212
5,6938994
2,7388591
2,7235737
5,5216431
2,7734306
5,12712
5,47153
37,4665968
2,6579843
5,2925644
2,6583811
5,7055294
37,4712387
5,4399719
5,1219600
5,4415109
37,4774430
1,4605878
37,4719619
2,3378915
119,3378915
7,6644323
5,5806102
27,5806102
5,80984
7,80984
7,10366
7,6926240
7,128447
1,12577
5,18874
1,8050
5,8050
7,132378
45,132378
7,12505
7,13388
37,10909117
5,588356
72,588356
5,16982567
37,16527452
5,7707972
37,15298200
2,14469474
32,7047233
37,5833089
5,7703847
37,8056539
32,14324685
37,7359319
37,14112802
5,16100168
5,16855179
58,16855179
32,16640489
37,16640489
37,14584166
5,1074989
37,15945524
119,2983296
9,50264
1,144344
5,144344
317,284450
119,8001
37,53988
9,101108
45,101108
9,361715
95,361715
95,14086
317,14086
9,4631645
119,126807
9,3522611
95,3522611
17,485543
5,3396410
2,7162002
58,6565686
2,6879912
1,6857154
2,7151069
5,5160667
2,8119270
5,871368
118,871368
5,2463923
119,2463923
5,36378
46,36378
5,1438668
119,1410883
5,1479293
5,636118
647,636118
95,2729046
27,1532329
72,1532329
6,1297551
46,1503841
5,5835922
647,5835922
5,1273315
46,1270413
120,1270413
186,1270413
95,2521651
27,1499778
95,1499778
118,3162181
119,1856386
95,1039846
119,1039846
466,1480957
9,3009628
5,4465322
46,2864016
5,1244209
5,1270552
29,2879088
466,1452948
120,1108381
29,2974
118,1503405
5,2993185
29,2993185
5,1446194
647,1446194
29,75055
119,3299717
5,70692
647,70692
5,2499187
466,17863957
118,6466154
5,1268083
119,1268083
119,984651
119,1304524
466,1304524
29,16083673
29,1335181
45,1013808
5,1633682
29,2111680
5,15342319
29,1409619
120,1409619
72,814936
74,814936
120,8076193
119,871371
2,5131118
5,7792274
2,7265801
5,6208
9,65318
29,31845
72,31845
5,10020
4,6819578
118,6819578
120,6819578
27,1327946
5,1159886
5,23012
5,10885
72,10885
95,1853305
95,4797485
118,4797485
14,159357
17,10017
9,21798
265,21798
118,2622245
118,36556
118,10122
45,14190
5,5548
9,5548
95,5548
29,919
118,57651
466,57651
466,465
118,2192
118,51746
9,51287
95,51287
5,23510
118,7994
118,15321
118,11038
95,57639
120,57639
45,135106
45,9810
118,9810
14,14424
118,14424
9,29874
119,29874
5,1048676
118,879
37,14551237
5,6104
5,4649
2,326338
5,326338
5,61565
5,12915
5,3212742
32,7278256
5,64216
32,64216
7,13014
72,13014
5,273399
5,28544
37,237194
45,237194
213,6423103
5,3194936
647,3194936
37,6581077
5,20295
32,20295
5,502875
27,502875
5,29479
5,63659
21,63659
5,32278
32,32278
5,3305
5,8933
45,8933
5,7176787
5,1155463
32,28083
45,28083
5,7415
5,53193
5,14002
32,14002
5,22645
5,8688
5,6944
5,7210024
32,7210024
1,77170
6,77170
5,19651
7,19651
5,66622
21,66622
32,5189455
5,7070007
6,5116245
37,5137209
2,6940334
5,18272391
37,4893411
1,7553558
2,3023973
5,3023973
5,4114202
32,5786511
37,5184237
58,6907993
37,1138074
37,3460411
5,4015097
2,2888174
37,4904383
37,10788120
58,8343145
1,5762295
6,8265262
2,18132401
5,6590097
2,4414284
7,2917423
2,5338829
5,7868651
37,5121644
32,6433390
2,4052252
37,2919033
45,2919033
2,5240334
2,1219684
58,7264719
32,6860531
6,4727364
32,6573431
5,5246390
5,6518554
58,6554179
2,4191700
32,7427793
37,585244
45,585244
32,191456
37,6284785
37,27206
45,27206
32,2599416
37,2599416
37,6162355
37,2958515
5,46138
5,73789
5,22543
37,22543
37,2762
37,6889132
32,7235297
37,5276341
5,198623
37,198623
2,379444
37,303833
32,5895074
5,170520
5,2765438
37,3169806
79,826097
5,72678
37,4610078
37,4836172
37,274667
2,1239645
5,1239645
647,1239645
37,21701
37,3379695
45,3379695
37,270479
5,1111511
79,4379470
5,3020684
5,146797
5,322069
6,8154595
1,1238
6,1238
6,8526768
17,8526768
7,5816079
1,6426921
1,4565594
1,6153571
5,4251995
1,9291
1,109299
1,12504
6,15856433
17,15856433
1,579553
5,11014364
37,15011553
5,7710193
37,4135488
5,7512686
5,16817128
37,7034280
32,16541001
37,11573940
58,11573940
37,6580285
5,8545130
37,15450609
37,4701504
37,14671253
37,14926516
37,15941035
37,6610348
37,15066301
58,15066301
32,14684499
74,7391697
9,3028
5,5050207
5,7103
5,4770
9,4770
213,19316
74,7111
9,13900
45,1429989
27,5005420
74,18943
29,8865
46,6582
72,6582
5,7215049
95,76172
29,196092
213,6520230
213,3116624
213,6441218
118,68200
9,17435
2,8195738
5,7148752
2,6869343
2,7150768
2,6655354
2,1089946
58,6740729
10,399
2,16154
5,3369676
5,81096
32,101078
2,2905789
5,6561851
2,230650
37,9059
2,177305
2,7124995
2,8355
2,4393396
5,575968
2,4446076
2,243598
2,6223
2,4152894
5,73754
2,99119
2,3512875
5,3512875
5,4927506
2,4842750
2,5806657
2,84222
32,84222
45,84222
2,28375
32,28375
2,19971
5,19971
2,389599
5,6134
95,6134
5,22694
647,22694
5,3506
29,3506
32,15558568
1,137386
5,1375697
5,108693
32,249843
37,3099087
32,5390719
5,7540
37,7540
5,291916
5,237175
37,1332
32,5345
37,15044420
5,25477
37,14124424
32,119830
5,36175
37,36175
5,26878
72,26878
5,4099
119,4099
5,145092
37,145092
37,133908
5,82467
2,5168809
2,247709
2,7236797
2,6996431
40,6996431
2,7041163
58,7202043
5,6593194
37,6948816
2,7077963
37,7077963
2,7133062
2,7076627
5,6969980
2,6888652
2,7164331
2,6572366
58,6653786
58,6980189
2,7162059
32,7102407
2,7221218
2,7222748
2,6921962
37,6921962
2,7171528
2,6547659
58,7123141
2,7256452
58,6930056
5,7181481
5,6878970
2,7233596
58,7046321
2,7084780
2,7060187
2,7152850
2,6553256
2,6217503
2,6949287
2,6872165
2,7091608
58,7091608
58,7032185
58,7112180
2,6089757
1,29085
1,691
1,17613
5,4693729
32,5138153
1,603
2,13635
5,3174636
21,3174636
5,4195533
2,5154295
7,3398274
5,10029
27,3429015
32,5777960
1,72451
5,7121418
7,63950
119,63950
5,2949152
74,15463
7,117582
5,4051426
5,5575284
7,5575284
45,5575284
7,2890051
7,52047
5,1161372
7,7278507
7,52050
5,2129854
7,42437
7,2990843
37,3488176
5,1302285
58,7054725
37,1029223
5,387285
2,4533371
37,5294594
37,2989576
72,2989576
37,5445024
37,627156
5,121072
2,4513317
2,4605557
208,4811802
37,4721654
2,6440498
2,6767293
2,6158051
5,2654606
2,5339130
40,5339130
2,6901016
2,3370555
5,5129673
2,7183346
58,7159360
2,15560
5,15560
2,7520984
5,7179953
2,8426654
2,7036109
2,1861991
37,5140393
2,5266193
2,4496779
1,6539073
5,8306834
2,7246093
5,5785925
2,6474204
5,7113521
58,7353243
37,7036526
32,7305383
2,7365697
37,7365697
40,7365697
5,17287
58,7086704
5,6104410
5,4912047
5,5625101
5,7313508
40,6458460
2,437669
58,7359629
2,5318290
2,8306428
2,6550220
40,7242823
37,2870363
37,1049315
37,119848
37,2830341
45,2830341
37,4611069
37,3016878
5,144020
647,144020
5,1405181
5,2966488
5,3462566
32,3462566
46,3462566
41,2732850
5,1375008
72,1375008
647,3474687
5,2736027
2,2994581
95,1340291
5,4704809
647,4704809
5,181668
37,456208
5,1059425
647,1059425
5,2760505
37,2754199
5,4959901
5,2552821
5,2729179
5,4466615
5,2736801
5,5765372
5,6542440
647,345869
5,353134
37,6953498
29,6693551
2,7021276
2,7141792
2,6265027
37,6554652
37,24446
5,83099
37,83099
37,945430
45,945430
37,274222
32,6558842
37,23356
72,23356
5,1036736
9,68481
265,68481
5,1339
647,1339
5,27600
29,27600
5,128607
89,128607
5,8393981
5,27069
647,27069
5,7728
5,25022
5,27341
5,73812
5,108281
5,43625
32,43625
5,49111
5,19169
5,38982
5,70180
5,2753938
7,2753938
5,129426
5,10517
5,128647
5,58124
32,58124
5,57980
5,65471
5,73419
32,73419
5,989968
5,2795823
5,56
6,56
5,6572837
5,723256
32,723256
5,48960
647,48960
5,7211936
5,304225
32,304225
5,34854
5,38631
5,121557
5,74519
5,19472
5,4845
5,4477395
32,4477395
5,1048167
32,3231
35,3231
45,3231
5,14219
5,274225
5,12479
5,92881
72,92881
46,11628
5,55547
46,3723
9,12691
21,12691
5,1094283
29,1094283
46,2093047
46,99126
46,275734
29,9800
72,9800
5,57239
5,17505
46,5073
9,6225
46,6225
46,580505
5,22580
647,22580
9,50110
5,26496
29,4739
118,12806
5,140547
37,1571853
46,83003
5,227026
27,227026
9,2939184
5,3536
5,126839
29,126839
9,6637
29,133522
5,22493
46,27420
74,27420
5,27857
5,972216
46,9459144
5,7024412
5,338268
2,3509474
5,7124301
32,7124301
228,7124301
2,64974
5,64974
5,6704895
5,169656
5,7182576
5,5056466
5,772663
5,635608
5,37140
5,4686337
5,8030427
5,7267515
37,1692594
5,4143142
5,7125422
5,7271055
5,382356
5,2789569
72,2789569
5,7189251
5,850093
5,4795055
5,6526628
5,4512899
5,71311
5,6154476
1,4981568
5,3242814
5,6562809
46,29184
5,148847
2,7115378
5,3024821
5,1397190
5,485025
5,5222030
5,7155436
5,5052587
5,25765
5,11630
21,11630
5,131724
5,4041697
5,6897266
2,33227
5,2974095
5,39621
5,2867287
5,623139
5,7231634
5,69003
40,7063660
2,7023103
2,4340854
5,7164384
58,7271036
2,7087549
58,7087549
2,7045140
2,8052607
58,8052607
2,14808492
2,7391945
2,7114580
58,7114580
37,7369643
5,7203641
32,4221272
45,4221272
37,2839407
45,2839407
37,257093
5,4127279
37,4432824
37,5253622
5,135786
37,286059
5,93526
5,157146
5,3184722
5,20411
9,20411
5,54751
5,40507
5,666152
21,666152
5,6590171
21,6590171
5,3499
21,3499
5,49229
2,3220448
5,8841
5,6093739
5,3369
5,577199
5,203233
5,63242
21,63242
5,638308
5,4230687
5,31428
213,60159
5,1305302
27,14594440
5,1637550
5,4343092
5,15322
5,2616
46,2616
29,36913
72,36913
118,36913
5,15165240
5,11271
5,1417512
27,21046
213,21046
647,6549865
5,36857
5,90
120,68552
5,3989
5,127875
5,22496
5,43028
466,5989103
5,5771483
95,89095
5,63189
46,63189
32,2908379
79,243395
37,7087082
2,5285502
5,4996827
2,4728994
37,4607856
32,4492558
5,6080058
32,6080058
37,4836823
2,4115682
37,4115682
2,6517376
32,2731702
37,4666971
6,1125279
5,5616418
5,1054908
5,4163056
32,5021072
45,5021072
1,5934422
5,5934422
1,4455366
5,4455366
2,1378521
6,5758946
5,6592273
27,13612458
5,4038165
7,5198413
2,4325564
5,6587449
58,6587449
5,5258872
27,4784496
2,5764521
5,6540025
37,7536711
5,8549468
37,7540479
37,13980964
5,13921633
37,12605648
37,8041886
37,8623147
37,7218927
37,7811723
32,7705004
32,13748096
37,7413781
45,7413781
37,2725867
58,8186033
37,7360516
37,13442212
37,7369504
37,7277717
37,8596769
37,6926810
37,7827599
32,119888
5,8111018
37,8111018
37,8206823
37,7224014
37,7244154
37,7337010
58,7337010
37,6470568
45,6470568
37,7213197
37,7094711
37,8123144
37,7501918
37,7394641
37,6468876
37,7205246
37,6766849
37,6542320
37,8107180
5,8660
37,8473856
37,7303978
37,8054196
37,7359318
58,6887772
37,7222174
37,12089485
37,543716
37,7368938
37,7214756
37,2126339
58,2126339
58,4419823
2,5557309
32,5824220
5,5834609
5,6525189
27,6862869
5,5556678
32,5556678
2,6438033
5,6438033
2,6421055
5,7069336
58,7069336
32,6644681
5,4192988
32,5280531
32,6476977
5,3521172
37,3297510
1,682431
32,7817816
37,7817816
120,6541966
2,6573131
2,15115333
5,6888961
9,4619475
5,7000989
9,250531
79,34878
2,4576669
5,42559
37,42559
2,6578577
2,6860161
79,732829
79,320741
79,60631
79,13022
79,144405
79,164141
79,151717
37,1435883
79,42530
79,294649
79,8469
79,227048
79,24610
79,166635
79,784067
79,42508
79,408864
79,696185
79,17272
79,8477
79,117369
5,311365
79,791996
79,4107314
79,4263
79,803937
79,166674
79,2018764
79,4958172
79,311098
79,150810
79,18100
79,164127
79,1977
2,7061349
58,7061349
2,6670530
37,14175077
5,7276618
6,4747988
5,2958717
21,2958717
5,5774116
5,2995577
5,4536964
5,159430
5,4971182
2,20849
89,20849
5,3006839
2,1585457
2,3497918
2,32638
2,49028
2,2457566
2,1496392
2,240840
2,1999187
37,4605
5,4752305
7,7754966
32,8570971
37,5296727
37,5347052
40,7701589
32,7727258
2,2737333
27,2737333
5,6914330
7,6580373
37,3397290
37,4061922
7,5756901
2,7076304
2,3512625
58,3512625
32,5181752
2,6533956
2,3425403
37,6995709
2,4096668
37,4171164
45,4171164
37,4800436
37,6180865
32,3498720
2,6564741
5,6404
119,8203
5,3524
5,1064072
5,4000
5,5684
5,463
5,4128
2,184987
58,5783958
37,3465557
37,6862831
58,6584188
2,6470181
2,6448939
2,6888697
58,6888697
37,5403174
2,5763298
37,5436815
5,6542670
37,5806077
5,5381588
5,172490
37,5806079
5,6154478
5,5049521
5,4831561
32,6443115
5,804399
5,6524620
32,13557729
45,13557729
5,4161354
5,4287922
5,4178213
2,3432558
58,3432558
2,2839336
5,4632661
5,1445909
40,8326635
5,2918731
32,14039683
32,5760737
45,5760737
5,5214733
5,3405346
5,2924955
5,5990662
5,105839
21,105839
32,4475715
32,7390210
5,108173
32,6872325
32,2915870
5,4601681
5,2917920
5,5898355
5,6535608
37,31468
32,639491
2,6893037
5,3496
5,7127884
32,18002918
32,6496644
119,6376
5,4933112
5,6123144
2,7190965
37,4846190
72,4846190
37,6922292
1,5093822
1,5767871
5,5767871
5,1651861
5,8059188
37,2980339
37,310364
5,4011131
5,4828608
2,4422693
37,3023434
2,4736939
37,4556932
5,1569666
37,4145664
2,1141209
5,4062676
37,4074044
37,4430487
5,4845754
5,4499034
37,4814317
37,4623294
37,3418947
45,3418947
2,3023842
37,2931654
2,4665259
21,4665259
5,4308706
5,2750123
5,1446223
5,4413928
5,5817486
5,4101258
29,74305
45,4405745
317,4405745
41,6554849
5,1282417
9,1282417
29,1873377
5,3279606
21,3279606
27,4546268
29,4546268
120,3286694
120,6151688
118,6425980
29,1552790
27,5754828
5,5829448
5,6451512
5,6435766
5,5101366
29,6450590
9,18708
45,18708
9,552
45,31624
45,17674
317,17674
45,19109
45,34261
45,509
45,18800
45,16175
46,16175
45,12855
46,11307
45,10542
45,72183
45,12668
118,12668
45,6685
118,6685
45,10894
45,647715
17,38285
45,38285
9,16328
46,16328
45,1399
45,1410
45,1387272
45,12627
79,3089156
45,4735497
118,4735497
9,767633
45,767633
45,3151
9,3206446
45,3206446
466,72401
2,4905702
37,33461
45,33461
32,8296035
5,7074856
5,6568691
7,7008445
37,6935697
2,7847481
2,7324934
406,7324934
2,7131935
2,7095467
2,5759214
5,944594
4,7111433
32,7111433
32,6941668
37,927454
72,927454
5,43393
2,8415664
58,7692079
5,4462782
58,6563368
2,7277744
2,4401574
2,8153734
2,2884305
2,6740126
58,8312760
37,6150565
2,5298385
2,4968129
2,7738088
58,7738088
58,8367459
5,2001324
5,1568
5,49347
5,134408
35,134408
5,2184228
32,221073
1,46976
5,5921279
5,2895111
37,165168
32,5172000
5,613805
400,613805
5,2869203
37,2869203
32,4159043
45,4159043
5,46540
5,1136158
7,1136158
79,9018
5,5819903
32,5819903
32,37557
5,849723
32,7092218
4,7051454
119,59333
120,639
119,46742
4,5830
119,847789
120,1082290
119,2737
119,9204
119,1250965
1,5544
119,313356
4,36065
120,36065
46,32105
119,27405
74,16104262
119,4314
5,127901
119,127901
4,25423
119,5107618
119,6264
250,6264
120,128952
119,4829
119,66573
120,1362751
5,7014283
4,622
4,1145220
4,13288
120,13288
119,29333
119,16244
5,4392029
5,63244
46,63244
5,2962652
5,71644
46,2798546
466,2798546
5,1311839
46,2853925
118,2853925
120,2853925
5,1253776
119,1253776
118,5132632
120,5132632
317,1446295
29,2043856
95,2043856
41,1569475
5,4698951
120,1302004
5,2865234
32,1479015
119,1176324
119,1201952
5,44061
88,44061
5,38185
21,38185
5,6599
46,25619
5,932179
21,932179
5,6527479
5,4431689
37,4431689
27,2945688
37,2924010
37,1691206
45,1691206
37,2987888
37,2945301
37,345739
37,2985555
1,17761
37,17761
37,2946451
5,6014380
5,3528
9,3528
5,4669556
2,13531492
37,13531492
5,6451908
2,7429243
2,7568925
40,7795802
1,556546
5,15504358
6,457300
5,178832
1,127642
5,8534434
647,8885
5,6572605
5,16902
5,18049968
32,13922215
5,14558709
58,14558709
37,6216688
5,2871110
5,27212
29,2561660
5,2980475
5,31723
29,31723
37,30033
5,118249
37,2871046
72,2871046
5,234088
37,123719
72,123719
5,256100
5,57198
72,57198
27,735413
2,76342
2,67123
58,6572969
2,6953499
2,8184331
2,10405165
79,64565
9,23924
95,23924
79,52274
5,139434
79,3578
5,2865
46,2865
46,5822041
79,19928
5,205563
119,205563
29,52285
95,2793859
119,189701
5,6432921
32,6432921
29,6584435
46,24846
29,15291385
79,209672
79,30898
2,8300313
40,8300313
29,171515
29,7906
72,7906
37,7201181
2,3372702
2,5812874
2,583990
27,677817
5,6929462
32,8380350
37,6877480
2,2892333
5,2892333
58,5779458
32,6892195
58,7358908
5,5109680
37,5815435
5,26006
1,194243
2,14502459
1,26917
5,2533
6,2533
6,16980118
5,9013543
1,904719
1,85587
6,85587
1,7031
1,41112
5,3953740
37,268199
37,11162
46,11162
7,5829944
37,5046440
37,5108886
37,4115952
37,4719629
1,4353071
37,3449368
37,758992
5,4094557
37,4094557
6,6533979
37,4965551
37,2943699
45,2943699
5,3163910
37,3163910
37,4576191
5,6585212
32,4574107
37,3203095
5,4730228
37,4730228
5,13528752
37,7784759
37,4953639
40,14171086
2,7788528
5,5560488
1,468339
58,7172051
2,8441842
37,8298036
5,6448708
1,5767306
2,7752383
7,5241459
37,7382629
37,6557729
37,5444060
5,5832178
5,3301336
5,8523113
37,7096237
2,7061260
58,7060289
5,6550683
37,4649677
37,5022765
58,8551973
5,6873499
7,6873499
37,8184486
37,6520834
37,5238854
37,6577839
5,6572080
2,6915245
5,6915245
1,5337983
5,6549285
32,6434323
2,6966248
5,7336499
7,2882940
5,6940748
32,8029282
37,5421861
2,8286265
40,586216
2,7065134
37,6150699
2,8247140
79,6522132
37,6483061
5,7796821
37,6003257
6,7722020
7,7722020
5,6565450
5,7032949
5,6536994
2,6534744
7,6644346
2,8280771
5,6564752
5,2951405
5,6463529
2,7866768
9,57108
265,57108
29,29947
72,29947
9,29500
29,18486
265,328504
9,222118
88,32677
5,3360355
9,10697
265,10697
265,11286
95,1244575
9,56667
46,56667
265,56667
9,117182
265,901977
317,901977
118,5231
265,5231
29,1727682
95,22393
265,22393
58,1816412
5,643126
118,643126
118,11686
118,11004
5,7869
118,1466
29,7816
5,5668
118,5668
37,107072
37,128454
46,578
37,221019
5,19053
37,19053
5,15171687
5,15139238
5,3473558
2,15263286
40,15865642
5,7485811
5,1056657
37,7022586
5,99650
7,350507
7,682045
32,682045
7,5823495
7,6998214
45,6998214
7,5620466
32,5620466
7,3355188
7,16438874
37,5335592
5,1343790
5,6447537
7,6447537
7,1641503
5,5756976
7,5756976
5,550322
5,3439713
5,4005
2,22369
5,107891
5,3500
5,8123141
5,14220744
37,5805694
9,485392
5,14199891
1,18282
5,457
58,457
5,915500
58,915500
40,14031516
5,381355
5,14056202
40,14425604
5,2926065
5,14160478
21,14160478
5,4183574
115,5725556
5,14031444
5,5375385
37,5375385
119,5375385
5,6551041
32,6551041
7,5314499
5,6554935
2,24009
5,214232
21,214232
5,2845500
7,265462
5,130698
27,85317
5,41814
317,41814
118,219
5,51484
37,51484
27,3601
5,10747
29,10747
5,3120127
74,3120127
5,16625
5,27944
27,27944
46,9639
265,9639
9,5856
5,982055
1,77416
29,220
5,128556
647,128556
9,31545
9,114442
27,114442
27,225033
1,47687
5,18130
5,2362
1,137082
647,137082
5,1728
1,23280
5,125736
5,11111
5,9780
72,9780
2,25092
5,25092
5,90864
647,90864
5,26932
7,26932
7,38840
647,38840
5,13072
5,26656
5,70906
74,70906
5,50314
29,50314
647,50314
5,45896
7,45896
7,43220
647,2995925
5,6523516
7,6523516
7,9494
5,28525
74,28525
5,8131
27,8131
2,7170947
2,7201427
2,7875736
2,8110729
2,6570635
2,5041454
1,146987
2,6570570
27,6570570
58,5192439
2,6431156
2,7759261
58,3001574
2,14250598
2,132509
2,5817154
37,5136485
2,5188180
37,3081700
37,4515355
37,4794663
37,4719775
37,2919206
37,1151557
37,5259422
72,5259422
37,1441644
37,2950094
5,121420
37,3161921
37,62448
37,1716404
5,7176
37,3413449
37,800187
5,2824597
5,692656
2,5366587
2,7390292
2,5823355
2,6995972
2,7715877
27,7715877
40,7715877
2,7279470
2,6541926
5,52310
265,52310
6,12672
5,4493935
5,90780
5,21158
5,5354569
5,11735
72,11735
5,23503
5,26546
5,32279
29,8076648
74,8076648
5,261393
5,6263
5,5088478
58,42775
5,36351
5,28229
5,71081
21,71081
5,2845502
32,2845502
5,103307
88,103307
5,8550
647,8550
5,70312
5,35258
58,35258
5,35238
7,35238
1,4795659
7,4795659
5,16061597
29,16061597
5,7303145
29,7303145
5,28719
21,28719
58,8881
7,746687
32,746687
79,746687
9,25563
46,25563
5,131321
5,113561
5,6526
647,6526
5,617
264,188760
1,14269
1,117366
6,117366
5,14164
21,14164
29,10983
647,10983
5,58917
46,58917
647,5775185
119,1539
5,5286911
118,570218
5,10330
9,10330
120,20105
466,20105
46,15328
72,15328
5,8154
5,87305
2,55474
5,5778093
5,3219496
5,3149825
5,3219566
1,6259
2,6259
2,6525929
2,3431194
2,3464665
2,421434
2,1709139
2,6553241
2,6198966
2,752898
32,7798544
45,7798544
2,4486715
2,5865943
2,3500801
2,19729
32,7010202
2,4720629
32,1731936
2,153738
2,8840
5,8840
2,1228468
2,1383797
2,5763301
5,4221284
213,4221284
2,4400405
5,23113
5,40983
72,40983
5,7010931
27,18741
1,6437480
7,534366
32,534366
37,4483617
37,8186790
5,8573796
37,7133401
5,161149
5,2396206
5,1135958
5,6597
46,6597
5,250977
5,2904199
21,2904199
5,517286
5,3513
5,16143
1,2340310
5,6477649
21,6477649
5,5778486
5,448774
5,6476317
5,56747
5,5351847
5,6464806
5,5778068
5,62263
5,1078939
5,6325925
5,4519652
5,965819
5,6561195
5,6547911
5,3033637
5,2776754
5,5823520
5,1106214
32,1106214
5,72439
5,4040343
5,24558
5,6569504
5,4467375
5,3126353
5,5192116
5,24183
21,24183
1,6457875
5,12352
5,6454131
5,6442240
5,54450
1,1038226
40,7078175
6,202260
1,2862091
6,14719991
40,14719991
40,16943823
6,6175529
40,6175529
5,24534
37,24534
5,16270
9,16270
37,6573508
6,7127317
1,2967303
6,976887
5,6452053
5,5280308
5,7177796
5,426034
2,195778
6,4672071
2,335382
40,75375
2,99042
2,2741576
32,38
5,7079034
5,4369922
5,2915851
5,246590
5,7392660
5,5404616
5,2868678
32,6949698
5,3020656
74,3405767
27,19026
9,200277
119,2637
95,63111
5,90150
9,72953
5,7190
317,19038
5,7103320
37,5778769
2,7256865
2,3155383
32,6938728
5,15987
5,7237845
32,7022082
40,7022082
37,5218360
4,7924666
5,7093656
37,46474
37,6522939
5,5267376
37,5767141
29,3436678
7,4633553
32,4633553
120,3046391
5,2663983
213,4568549
5,7314557
7,3279601
27,3279601
5,1061323
647,1061323
466,2891513
5,6911075
74,6924701
118,6524398
5,6449730
2,8108644
2,7850247
2,1508588
58,7154678
2,8133160
2,7243737
2,8617437
2,14212528
2,18256750
2,7827726
40,7827726
2,7741564
2,10000
2,9860469
58,9860469
2,7319216
2,12120359
6,12120359
2,16904020
2,14787783
2,15014061
2,15810938
2,17143816
58,17143816
2,16282216
58,6938229
2,7798960
2,4894804
2,8184875
2,4708
5,4708
2,104514
2,41762
2,6470397
2,52767
5,52767
2,1329767
46,66216
46,183491
58,4760403
46,40882
95,367338
466,367338
2,322733
5,3222582
46,38662
9,5741
46,11789
95,11789
9,14084
466,14084
58,8157754
46,13264
5,7617
1,175196
46,175196
5,28978
5,15975
5,29952
95,29952
5,29414
5,10022
5,91085
5,11889
5,90090
5,23511
5,10427
95,10427
5,7732
72,7732
5,136007
5,15543
29,15543
5,53047
5,158276
5,11315
74,11315
5,35822
5,10229
2,6880531
37,119005
5,3119823
37,3119823
5,31095
5,16865
5,12991
32,12991
5,15248
32,15248
5,317
21,317
5,10108
5,22515
5,47991
5,2063615
5,73021
88,73021
5,668710
5,3275595
5,60172
21,60172
46,60172
5,3515
88,3515
5,932941
58,932941
5,8878
5,18069
5,2883386
45,2883386
5,92064
5,193302
647,193302
213,147204
37,498980
6,4808225
5,2098
5,50416
5,45852
5,200033
5,329782
32,329782
5,36686
21,36686
5,345873
5,8869
5,82608
5,130272
21,130272
46,1452
9,3078
466,84278
9,311849
45,311849
5,16376765
118,11682
46,18206
46,88483
118,88483
46,2936846
45,2788
2,3159044
5,8416438
2,7173896
2,7256754
2,6916632
2,6250492
46,19563
46,2520656
2,6433082
9,21461
46,48305
46,5062
46,48403
74,48403
46,22827
46,1483
46,243930
46,30702
46,695
74,9950
74,26604
46,3407
9,31280
46,31280
74,31280
46,86003
5,52292
9,52292
46,5882
9,54521
46,54521
46,4090011
74,4090011
46,23013
9,159090
46,2497
466,2497
9,3783
46,7792163
74,7792163
46,61711
9,6366
46,6366
46,957
9,12622
46,12622
46,122371
46,901
46,12144
5,39788
119,39788
5,10679
2,82603
4,3159984
5,928415
5,67487
119,4862
5,117290
119,117290
5,100752
119,19811
5,1085845
21,1085845
5,965709
5,107761
5,6214
58,40552
5,6592596
4,165519
40,165519
5,52609
4,5331802
119,11237
58,9219
5,7973
41,7973
5,3520
5,45915
5,17326
27,17326
5,3501
5,3150553
5,72932
647,72932
5,337
5,3533
21,3533
27,6518821
5,3448642
5,7921
29,3736
5,52627
32,7789942
5,4938076
5,5116661
32,200208
2,2300692
40,2300692
2,5989639
2,1563059
2,6952559
2,7164245
5,410993
119,410993
32,5135449
2,5150716
2,8605
2,1611087
2,6177334
2,267687
95,23497
1,49538
5,97389
5,3090079
5,3246397
5,63630
37,5821849
2,3200938
5,3200938
2,9815997
2,7373215
2,8014891
2,5041254
2,4877034
2,2759175
2,8379774
58,6585459
2,7702391
2,6920675
2,3330668
2,4466856
2,6761816
2,6861964
2,7142650
37,239569
32,3409966
2,14541877
2,4110498
5,7383937
27,14403352
2,6206993
58,7831156
2,2932249
58,7176561
2,3272041
2,17127519
2,1508701
2,5832703
2,14160972
2,15289816
2,9836502
37,7462746
2,7134317
58,14168280
58,14923699
2,14543027
2,18313748
5,8326316
2,7355350
2,12591285
2,17166029
2,6969772
2,1250276
2,15572101
2,13563235
2,15854913
2,16192760
37,13747693
2,5024658
2,7212647
37,4518241
5,7103413
2,7246409
58,4968442
2,7060506
37,6568891
37,7160746
37,5833021
37,7134548
2,2994743
37,6538688
37,5154098
37,5774905
37,7010364
37,6539034
37,6448958
37,5768552
37,5555591
37,5762535
37,5771853
37,5761118
37,5833999
37,4619719
37,5191177
37,5398571
5,5421048
37,6579646
37,5820784
37,739875
58,5622767
37,5387969
37,6425045
37,4750818
37,6151349
37,5204084
37,5837868
37,3901024
37,5418337
37,4439177
37,3201662
37,5018116
37,5815423
37,5251026
37,5333625
37,5054179
37,3509782
5,634694
2,7213399
1,5895680
1,21387
1,8573907
2,17546461
2,14047384
58,3295197
5,16017918
74,16017918
2,8842946
58,8842946
2,15095061
5,15715539
2,5826888
32,6570694
2,15371222
2,8577407
2,16304661
58,16304661
2,7792877
2,18108320
40,18108320
58,7390938
58,16851087
2,8301757
2,15254222
2,14901102
2,14175946
2,7505427
1,7340518
2,4575283
37,980856
45,980856
37,16604778
37,222429
2,78111
37,4760235
37,895117
32,6444153
37,6444153
37,12019356
119,4789042
37,6704768
37,15606198
5,1050482
2,4188120
37,5139046
37,6470636
45,6470636
5,5381542
32,4843796
32,18616370
45,18616370
37,5374297
45,5374297
37,2313312
37,3988619
37,3002235
37,6470349
32,5322962
37,7012142
5,14018535
37,14018535
2,6442922
37,4528793
37,719277
40,194256
79,28709
37,5601445
32,5780445
32,7219081
7,6446220
5,5031409
29,10547
2,5038955
29,25415
29,59712
72,59712
29,33998
5,5222068
29,30055
29,45882
29,99703
37,5145815
37,5247949
37,4717601
29,86801
29,438
29,15435
72,15435
37,5834274
29,66244
37,179153
32,4957267
29,29574
29,86816
2,3224031
29,187510
29,42912
5,5753842
5,6896219
45,57983
29,72605
29,7531
29,51724
29,1399243
29,23162
32,4776454
32,6883979
37,6883979
37,4947651
72,4947651
2,7047831
29,44150
72,44150
29,64845
37,6436214
29,67032
29,23988
29,86808
647,4340243
29,29970
29,44407
37,5757476
29,26814
2,5916592
5,4579328
37,4473599
29,64716
72,64716
32,4788613
37,241828
29,6669
29,195780
29,14002590
5,546427
37,6464067
29,1127
29,55349
29,13453
41,13453
29,41588
29,7715
29,80892
29,36910
29,77318
29,57189
72,57189
29,42920
29,875661
120,875661
29,11525
72,11525
118,11525
5,7350402
27,7350402
29,29963
119,29963
29,11978
37,15952
29,4261
5,117288
5,6590
46,6590
37,4721275
37,1015012
37,474489
37,80760
5,80769
37,7790815
37,1246629
46,53970
2,237997
2,1330133
37,1379078
2,21944
5,80941
5,190441
5,6889902
2,3198692
2,3435784
9,31284
72,31284
2,4562866
37,3188620
58,3188620
2,1722834
37,4575345
5,4125517
37,4125517
58,14058058
58,256405
37,6459723
37,116389
37,1818261
37,4505164
37,21913
37,2489840
32,17298543
5,15282277
58,15282277
2,18139063
2,18305208
5,4474657
5,1292596
5,54989
32,16198480
32,17959878
58,17035725
2,12123245
2,4706998
37,6921953
5,6434818
2,6479383
2,7390971
2,177047
2,59445
2,402788
37,29792
72,29792
2,6424546
58,5656153
2,5183602
2,3980069
5,3980069
5,44076
29,44076
2,5779953
2,2906892
2,4676106
2,2766097
2,124727
2,6443929
5,7153244
5,168076
2,17082616
2,5174290
5,163176
2,7560530
2,4877863
5,137130
5,2747995
37,303578
58,303578
2,5373159
2,1159995
2,648748
5,5210459
118,5210459
5,3504
40,4918224
5,365388
9,365388
1,4534486
58,3432663
5,7451
5,682506
5,13081
5,786925
1,6443334
5,95806
5,61124
32,7513718
32,14006736
37,36718
79,11646
40,6549592
5,16068722
2,1806413
79,12424
2,6442717
37,27927
466,27927
2,6563933
5,19093
37,19093
5,4338999
37,6966605
1,88507
2,7086643
29,5434956
2,15042820
58,15042820
37,30460
2,239949
37,7134270
2,2131916
40,8320107
5,8573632
6,7243288
74,7352883
393,7374777
32,7383607
2,5755221
647,2890695
32,7126685
118,7126685
7,6537252
45,6537252
647,5107897
29,4723295
40,8394488
5,218105
5,396165
5,59002
5,100219
89,100219
5,430857
5,29919
5,3222
5,55397
5,51209
647,51209
5,56064
5,3101
21,3101
5,171414
5,28244
41,28244
5,8864
9,8864
5,9738
5,2093764
5,22595
5,52832
5,91
5,1010469
5,5813830
5,93345
5,160033
1,20258
5,20258
5,247642
5,5774172
5,117786
5,7273667
5,60390
46,486329
5,7353473
2,6968046
2,6974899
2,4959678
2,6936948
5,3149946
2,625876
32,10801588
5,6887277
5,1708173
32,13652897
2,3092531
5,78354
1,26819
37,26819
2,6477115
5,1000381
7,974195
7,175282
5,31247
27,31247
5,29227
29,29227
5,11029
27,11029
31,53519
7,216539
72,216539
5,22796
32,4078538
37,10476658
2,5371025
5,5786451
37,7127375
2,5299577
32,13967180
5,11195
317,16329
5,5783658
5,896419
5,2934
72,2934
45,9996
45,87968
5,7382113
368,7382113
317,108325
45,27706
1,5105154
1,19697
6,19697
45,82111
9,1506
317,1506
5,5778057
2,7360513
58,7360513
2,4511390
2,2869305
2,3512511
2,2918916
2,17147855
5,1366050
7,1366050
2,16161
37,16344312
5,2833648
5,7383
37,7383
1,5125250
37,5260678
5,6467568
37,5163997
58,5409221
2,2759153
5,2759153
2,712951
5,712951
2,130346
5,130346
37,2937053
5,1256582
2,8866
2,1055374
79,1055374
2,4181354
5,4181354
5,2515462
2,6552875
37,4556168
37,5828060
5,5153812
2,68758
89,2971816
2,4067254
5,4916087
37,4916087
2,49377
32,14001187
5,5260380
5,4189090
72,4189090
37,2887638
72,2887638
79,1044642
37,4641669
2,296477
32,6476425
2,7211470
79,483910
32,6893644
5,4327516
2,97228
5,97228
5,287923
37,287923
2,130347
1,5268666
79,294144
569,6861797
2,7034900
2,6451162
2,5596285
79,2927166
79,693999
2,19909
9,5098
5,3404684
58,4320136
5,5822460
6,163327
5,4472748
37,4573983
37,397315
37,4996736
37,7418796
2,6959231
58,7065829
79,189344
37,110234
5,186034
29,186034
118,186034
2,1365301
5,5332461
5,15907
5,119376
5,4167784
1,5343704
27,5343704
5,1245772
5,3103764
2,17117605
40,17117605
1,5324136
37,5173683
2,18369592
2,9831226
40,9831226
2,2902054
2,18446251
32,18446251
32,1351915
37,3353667
45,3353667
37,6653763
5,1852
29,1852
2,17039266
2,6995826
5,4707891
2,17091538
40,17091538
1,4734981
5,11162424
2,3430431
29,1043497
5,17450
40,17450
2,121724
5,1067243
5,113936
2,1507905
5,5090434
5,53597
5,33297
72,33297
1,8063
5,4859966
5,4896030
5,607236
2,16835123
58,16835123
29,5483010
5,4338
32,4338
2,8345486
2,519355
2,15292581
2,13671097
31,13671097
37,5355122
5,1567394
5,4991561
1,826607
5,826607
5,16738629
5,109116
2,6534710
5,16024
5,15343495
5,5019751
32,5087194
2,5821344
5,193296
5,5016007
5,16147
32,16147
5,5265619
2,1637218
5,1041872
2,5825070
2,2531619
2,7056501
2,6519003
2,3116709
5,22652
2,9699494
2,6542403
2,1386355
2,5055017
2,7369992
2,7415085
2,15275015
5,21981
2,8328712
5,7202946
58,7271354
5,15984818
5,110206
647,110206
5,48885
2,13531458
5,178669
5,6443153
37,6443153
2,162023
6,33408
5,76471
5,19317
32,19317
2,6469137
5,4156441
37,125253
2,6567678
2,7340710
5,425585
2,13536087
37,6449464
7,114504
2,6535792
5,8268
32,8151452
2,5181921
5,28010
37,7109423
2,6151482
5,150484
79,150484
37,6542246
29,7259226
72,7259226
213,7259226
5,45706
5,38706
647,292578
5,8875
29,8875
647,8875
31,5031025
2,24375
2,1191318
58,1191318
2,5768062
5,5755064
95,5755064
41,5758095
29,6585767
2,6981255
118,6981255
5,6936817
45,6936817
5,5500154
5,1424397
647,1424397
29,6894757
37,2957043
2,6428814
569,5806018
1,74488
119,94865
46,4773
46,85384
46,252929
46,16535395
54,45878
46,30764
41,87979
46,53939
46,2106002
95,2106002
5,31233
46,31233
9,23876
9,148433
74,173264
46,238874
74,77005
5,62110
46,62110
9,43825
46,43825
46,4619485
5,15509
46,146600
74,6568
46,2996
54,2996
5,281443
45,3105671
46,3105671
46,23897
46,3017
95,3017
5,379290
9,44306
32,44306
95,6800
2,14108787
2,14254207
2,4489132
1,1415338
5,1415338
46,3646
5,87712
5,818808
1,26970
5,5179658
5,3098
2,5335601
5,3999
46,14655
5,3191546
32,3191546
5,7735
5,11057
9,11057
5,4229
5,179578
29,179578
5,1072930
5,179600
5,47118
74,47118
5,517153
1,19706
58,8126161
2,13486461
37,7055100
2,10841856
58,10841856
45,18163
1,21625
5,20828
37,4428294
72,4428294
1,260800
37,3101309
37,4086531
37,4074046
37,4394044
5,4044314
37,4130856
5,4146527
37,3399621
45,3399621
37,3351600
37,124365
5,88924
1,39464
5,39464
37,4200652
1,159606
1,241807
1,1555579
1,5041072
7,27032
72,27032
1,147295
37,3100200
1,4765396
37,4074037
1,54703
5,54703
647,54703
1,51483
46,51483
37,4044324
72,4044324
1,1178460
1,2944726
6,2944726
1,3233626
1,108579
1,125558
2,125558
1,1020232
1,53958
37,223885
45,223885
1,2924930
5,2924930
37,3043141
1,128487
1,2992321
32,9172
5,24
1,94892
2,6579501
5,9345
119,9345
1,93728
5,93728
1,73540
37,3100202
37,3160535
1,68536
1,73478
1,106829
37,106829
5,4023658
1,81338
5,81338
1,146237
1,173156
1,169992
1,242185
1,51816
2,6887176
27,209
32,6082024
1,30852
1,284897
5,284897
1,1932450
29,11145
4,4051662
1,272650
32,6907727
1,48067
1,117606
37,4649673
1,1142669
1,14150
1,37123
29,37123
1,4278425
2,6154918
1,140848
1,51488
6,5100095
1,7201761
5,7201761
1,60646
1,1657638
40,1657638
1,61934
37,61934
9,65391
37,5815425
1,18819
37,4582548
5,5392961
2,1111480
5,63
5,12130438
74,15149526
6,5894826
5,58501
58,58501
5,5830950
27,6555784
5,800588
58,7140448
5,456016
27,9802136
2,4969048
118,13544498
27,4583781
37,4071652
1,1164847
5,5243587
5,5785094
119,5785094
5,3527
5,1687270
58,6697472
9,4113892
213,43665
9,182089
72,182089
5,125262
5,769979
213,14589884
213,6367
9,9599
72,9599
5,2872571
5,14672377
2,6581301
37,17734732
37,16305520
37,17830241
37,17673530
58,8345582
37,17892034
37,15265325
32,16820001
32,16835515
46,30716
46,43633
9,14851
74,14851
9,47456
95,3545
120,3545
74,8152594
102,8152594
46,16386
119,62012
74,61426
29,16380
9,3041
95,3041
46,7922
74,7922
46,4194881
496,4194881
46,3187882
74,7550235
115,7550235
46,5792
74,5792
5,13275
58,13275
37,5761314
32,1251054
5,1354155
5,5376394
37,5288487
2,4094825
37,7044030
37,4153170
4,6968144
37,5139182
37,1248068
37,7133276
74,6938303
5,3145809
37,6925957
37,5228256
5,187472
9,4340042
72,4340042
27,289489
95,289489
118,289489
120,121729
37,6537386
58,6537386
5,2879085
37,4011455
5,441872
37,5189109
29,6547389
5,260716
5,2995693
5,6549512
32,485981
5,6464033
5,6470055
27,6470055
37,172977
5,187491
647,187491
2,6563421
5,5423542
2,6423090
5,4331549
37,7855177
5,179712
37,386853
37,4372737
5,6671692
32,138702
32,6984304
45,6984304
5,5122405
37,47290
72,47290
5,4843211
5,3382401
46,3382401
29,447583
5,3004356
5,443696
213,4822512
647,4822512
29,662653
5,4766
37,4766
5,3179318
5,7021934
27,23894
2,156522
5,156522
5,27528
5,5402447
5,9465
5,110153
7,23417
21,23417
37,6535756
37,5235670
37,2471183
2,6527799
37,6468535
37,6423449
58,6573700
37,6869072
37,866822
37,5458477
37,5047249
2,5781474
2,4862274
7,5272736
2,9081352
9,10019
45,10019
2,4789680
5,1983563
5,1033445
647,1033445
37,7768490
2,5578317
1,96469
5,12884
5,7246581
5,4334738
5,19666
5,129676
5,7977202
5,1021062
647,1021062
5,71090
5,26257
5,1468802
647,1468802
5,51563
95,51563
5,2957451
5,5627525
5,7127292
5,14189328
5,3173836
5,1305376
2,4499
120,1112683
5,489649
37,489649
5,444045
5,233269
5,1605157
5,1058268
5,71303
213,71303
5,2894415
21,2894415
5,41784
5,9853134
5,14054951
5,2131108
10,18664453
5,181302
5,53
250,53
119,4890069
5,580231
9,5627
119,74538
265,74538
5,4492850
5,803796
9,3537
5,14676611
5,374437
2,2809023
466,2338628
10,210456
526,1125007
4,15683552
120,15683552
5,292970
58,292970
5,14196420
119,13583042
2,6485347
119,39628
10,7141835
5,6575052
119,15066147
5,74507
5,96531
5,3380468
5,2282707
5,3519
5,3004686
21,3004686
5,3522
647,3522
119,14650
5,4918514
5,58843
5,14027014
58,14027014
5,6420810
5,3521
119,3521
5,67406
5,17491
45,96150
5,3516
5,3514
5,5195639
5,6494034
5,74248
5,3525
213,3525
119,8352
5,1565
5,3517
10,600
10,19753
5,71922
10,22033
4,3035771
1,415636
5,3529
17,27446
5,47072
5,3526
58,3526
118,15285057
45,14104736
37,4719155
27,69641
5,2350
5,6879446
9,6879446
5,702
29,702
5,1856113
58,9824300
5,80702
2,335181
2,1166852
10,78754
2,1641826
647,1641826
9,4562105
2,13649527
5,14987923
37,167932
9,21246
9,865
466,865
317,2960
2,97088
10,18731
5,190905
5,158735
58,4559483
5,6547946
5,80719
5,14972725
317,162578
5,80808
5,70102
72,70102
120,27397
2,6371051
58,6371051
317,8435
2,4608985
5,15376492
2,3201716
5,28913
17,90212
5,4119155
317,8750
317,3061
119,4402
5,5310434
5,5773036
72,5773036
10,1058
5,15237154
5,8470839
5,97444
5,13845104
5,67819
5,7086012
5,4505583
5,34893
5,61173
2,3301538
2,6479377
5,12535
5,3329076
5,13854110
5,6306189
17,16532
58,16532
2,6456709
2,4876604
5,5353
21,5353
5,264143
5,588448
58,6581511
37,5625059
1,8267477
40,8267477
5,8570972
5,6575011
5,232862
1,5775520
5,8137823
5,1102395
2,4654517
2,5623914
5,4877970
37,5334279
72,5334279
2,5321310
5,6444264
21,6444264
37,4867023
2,4743015
58,8333761
5,2770941
1,14989
1,83714
1,5088
5,5088
1,4917483
1,1088355
5,18411
1,38809
5,14079
5,7363
29,7363
5,163
5,233
46,3401
46,384202
46,88762
5,46075
45,1934
9,25254
46,25254
46,31112
265,48573
46,91185
46,2636
46,282828
9,16491
5,50758
5,158292
9,2812860
9,955517
5,139532
46,139532
5,247908
46,247908
74,16881
46,50840
5,19683
46,74009
5,92055
9,6414
5,14111
5,26293
9,26293
2,33987
5,33987
2,186987
2,4633
2,5406631
2,207379
5,269098
2,589737
2,2858606
2,253272
2,371595
5,5179
37,7239827
5,42540
32,42540
2,18485
5,30095
250,30095
2,33876
5,33876
37,16168306
32,7212788
2,294697
5,294697
5,797715
27,797715
32,6461551
32,1414132
45,1414132
37,3377501
46,19273
74,19273
5,23001
46,14558
9,15441
46,1184434
46,15448
74,15448
5,43835
37,3097903
2,14106658
40,1126499
5,13143
5,41661
29,41661
37,2917433
37,2843647
5,5755759
32,8423109
46,5908
466,5908
95,80026
37,5808280
5,5827855
37,5775487
95,3047
5,6552299
9,101131
37,2868833
5,26115
37,3101322
5,207746
32,207746
5,31726
37,6869437
37,3048234
37,3111598
32,15266429
5,2918424
37,2906285
5,261937
32,14417841
37,2851248
72,2851248
46,3494705
37,3166590
32,814354
9,18495
32,336058
32,13562729
32,6904806
5,41544
46,4645
32,128570
5,3001246
46,31145
54,31145
5,14238083
9,48965
32,30279
45,30279
5,14239042
5,8132662
5,38968
32,9852801
5,580090
5,5258016
32,5258016
5,4608186
5,14688158
5,36344
2,5447772
37,1182751
5,10442
37,10442
5,4750
647,4750
5,1288026
37,7123138
5,6452404
32,6452404
37,7044446
37,7350392
29,5011897
72,5011897
647,5011897
37,5425858
1,894765
29,5765316
79,4228215
2,1064874
37,8155887
37,7513629
58,7513629
37,6561857
58,6967637
5,6209666
6,6209666
37,1164105
2,2961327
29,984724
37,7800147
37,7264073
29,2997878
5,7133283
37,7133283
5,5610666
37,580517
2,527011
37,7095091
5,1344300
37,6536079
37,5752060
2,5442570
29,850723
37,7071439
37,6442339
37,6439443
7,2664359
5,926628
29,926628
29,4482196
647,4482196
37,7964607
29,2766330
1,6114984
37,7264269
5,3078068
265,3078068
37,7326808
37,5156226
2,2072970
2,7153800
1,2786374
37,4147574
29,2793560
1,5922
37,4971410
46,899999
6,8187076
40,8187076
5,33031
37,20989
37,5344531
1,60459
5,2732892
1,19696
37,7020466
27,108007
37,7832192
1,3453636
5,36320
5,4766550
58,5830205
1,8944
37,3165674
1,28509
2,5124235
1,42353
37,6549106
1,43613
2,14705616
37,5807164
37,6431805
2,5363257
37,6590310
1,24690
5,24690
1,33986
1,397
1,16290
2,4334648
2,6470635
5,4524507
1,26372
1,2752898
1,4952447
40,5301911
7,2559520
2,6893860
5,4043
58,8471725
5,14220
32,7163595
32,5827280
6,2977293
5,353686
5,69803
2,1252319
5,4520226
32,3092499
2,1141422
5,1417529
5,1036925
5,45816
5,5323230
29,15225448
5,409113
1,2928672
2,7053742
1,181078
5,308537
1,6455200
2,6885143
2,4937202
2,7922460
2,7361601
2,5308032
2,167400
46,7074786
2,17160405
58,17160405
5,16379953
5,803005
5,509706
5,26872
37,16062789
45,1212001
5,7085305
58,7266555
2,5816813
5,11783
45,11783
58,7807992
2,7327371
2,5263027
7,13730
6,16847770
2,6886702
5,165006
5,93504
5,188983
2,8020971
5,16437249
37,3015727
17,282885
2,6585995
5,17029974
2,7736956
5,7736956
5,7043934
6,7992137
37,771
72,771
32,6950818
27,1958136
1,30819
2,30819
32,7414345
2,2002988
2,279140
5,27209
2,1357414
2,8045260
5,40119
27,40119
1,1332605
2,1332605
2,35023
2,7124038
1,6468716
2,13843907
5,28707
5,34055
5,9790201
29,4452588
95,4452588
118,4452588
5,24952
46,1255971
5,4594585
31,14167341
29,295231
5,64625
118,3424683
5,444847
31,63475
29,887400
5,209681
31,4731222
5,6454067
32,6454067
29,5786093
5,3072763
29,13997171
5,19595
37,4193568
1,7022046
5,44202
5,7054485
5,5326370
5,15538
29,15538
9,13263
37,433824
4,7124795
2,7212411
2,5823122
2,2940336
5,9876016
5,36935
5,1387050
5,128070
5,4413991
17,313118
45,313118
119,801874
466,3073528
5,233434
27,2792871
5,104125
5,3452437
5,33893
7,33893
120,14901967
5,6981057
5,5306240
5,2860745
29,3407560
32,6557536
5,31274
5,8646
5,5092858
5,15991
118,4859959
5,16078416
5,17439
29,17439
32,6875729
32,5752454
5,147
5,1874732
37,5227478
2,4201
7,6433025
2,5833418
2,13880491
40,13880491
27,10961381
7,4961171
6,4455528
37,2770351
5,3321132
37,3321132
5,4397966
5,3387293
32,6914886
37,5756812
45,5756812
2,1827868
5,1827868
37,4790114
37,5235537
37,28572
5,4856634
37,5107011
2,1731657
58,1731657
29,7320506
5,7929831
1,5401598
2,5401598
5,990
29,990
32,7887786
58,4619822
5,639265
5,164478
72,512651
647,512651
2,7824085
5,626568
120,626568
5,669979
5,475407
21,475407
5,824284
29,703723
72,703723
5,681236
5,489970
120,489970
95,3367032
5,491233
46,659620
95,659620
72,420122
29,881687
29,672218
2,5758093
5,765791
5,688171
119,688171
5,637674
9,62357
72,62357
1,1402045
5,647438
29,167915
72,167915
9,600490
5,1001895
29,151902
5,624095
5,700880
2,4506281
5,15745317
5,4478744
5,4429773
6,6875745
37,1451404
5,1054429
1,4809796
1,4404110
5,4106470
1,77146
5,6995343
32,6995343
58,6995343
5,7075737
5,45712
647,45712
647,784866
5,14444
72,14444
5,24425
9,24425
5,16002
1,49941
5,49941
5,39467
1,230318
45,230318
5,18710
647,18710
5,18791
647,18791
5,65678
5,6468
29,6468
5,4950999
6,4950999
5,6410
647,6410
6,31234
21,31234
5,101398
5,45645
5,7464
647,7464
1,904939
1,132225
5,132225
5,327983
2,13177248
2,4362934
6,6903512
40,6903512
5,3073
208,6554386
2,5989661
2,5438808
5,3409997
5,5046525
5,969638
2,6981919
2,5835506
37,1980985
2,4562998
5,7306871
37,6447520
5,4858120
37,5786742
5,3098115
1,22348
317,5143595
7,3060067
37,5005267
2,13658254
2,7790155
2,263567
5,4744566
2,2387
2,8474696
37,345572
5,5834516
2,164958
5,2034966
37,5582891
2,16300956
58,16300956
2,17900425
1,21712
2,6551743
5,13746768
5,2731809
5,372433
37,5752810
2,17160940
5,288202
2,3388918
1,277189
29,61509
46,13879
37,1320312
5,72819
9,72819
2,20987
5,296961
9,5110
9,41895
9,893708
5,3241692
27,3241692
27,68092
5,36719
9,36719
5,71159
45,2874371
9,3507043
2,50896
2,38231
2,116581
5,116581
2,4827747
2,1142428
5,1142428
2,1806382
2,431825
2,2003596
2,104557
118,7376084
317,146033
2,64222
5,64222
17,114362
2,112914
317,172271
119,8052
9,1316048
9,3234591
317,3234591
17,1498
2,7338255
37,7338255
119,5269606
317,41093
317,1114699
2,8034199
2,11040057
58,11040057
317,2753100
5,40541
9,44526
9,114558
2,9878015
37,8422979
119,7275511
37,18233
2,7060310
265,150588
17,112258
79,202782
5,91236
5,688
317,492884
159,26655
2,6458246
5,28243
647,28243
74,6565
5,15820383
58,8163117
5,2528119
9,542704
317,542704
32,14199585
2,6552446
32,6473981
9,3340
2,124622
5,124622
37,7485494
5,6445698
5,4575353
37,5282455
5,7383025
2,6538176
27,6538176
2,7845968
2,84181
37,6923563
4,5813022
58,7375051
40,7103149
2,7134215
37,4575382
37,6872503
10,1150547
27,7047257
2,8174674
58,8174674
58,17258111
2,18141893
37,6469490
5,4848337
1,205589
5,58306
37,7256929
37,3387296
45,3387296
6,6964734
37,7135390
10,2826
1,63607
10,37492
2,7105827
2,18175
2,16647845
2,7020954
1,5094848
1,114998
5,114998
37,4443115
37,6915131
2,7112966
5,7144570
5,4695869
10,172946
1,5243264
5,2992396
5,105025
40,101287
5,132117
2,18121606
9,5001
14,5001
95,5001
2,6860779
58,7359445
58,6937037
1,2776786
1,207356
2,1228621
37,4984837
5,3358829
10,7207526
2,6444267
37,4880398
32,6570230
10,12008
569,3310143
37,4530313
1,5331519
2,6444266
5,41419
5,3388865
37,3388865
37,412433
7,7009629
2,7366597
58,3051260
37,4580131
6,1279042
37,7212406
2,1609844
5,1609844
2,3185565
5,2937372
10,14442
2,7242174
37,4373408
37,7043852
2,6452601
2,4693347
40,5828129
2,1140298
37,4292165
2,4107194
37,7393959
5,38238
45,38238
119,77193
2,2152471
37,4658172
2,1635425
37,7169602
2,916010
5,6729028
5,6536597
2,7275168
40,7275168
37,7169579
10,3012335
32,7111589
5,1271571
2,14156852
2,1005984
2,13849789
58,14223455
2,6912103
37,56880
5,4904146
2,6506571
1,1023590
2,7132747
2,7256159
10,7756699
1,5267473
37,7026053
2,5808498
2,1194340
1,4750548
45,4750548
2,2594
37,4632663
10,57611
58,6644836
4,3319050
5,3319050
32,23
2,8415462
58,8415462
10,1780
10,4112157
37,901057
40,144788
32,7559069
32,6462472
1,6462453
58,7059361
2,5106676
2,8476149
2,96909
9,86210
37,6474501
5,4452622
1,266945
6,1475821
2,3428119
95,37728
118,37728
10,3770
1,4243254
37,7062305
5,659
10,659
10,8449324
45,8449324
2,6585049
466,10033
1,2541526
37,6906110
6,24197
10,34517
2,5260599
2,1180263
10,68
2,4138275
2,8648059
37,5749310
45,5749310
5,762
10,762
2,2833117
1,10521
5,3501390
37,504627
45,504627
37,6980149
1,3248211
1,63460
37,6094847
10,48465
2,2986307
5,2986307
2,1978003
37,6536595
10,11503
5,126453
5,13418410
10,17807432
2,17284011
37,6883551
2,6587442
2,7048010
1,676070
37,3418030
10,1791
1,61237
7,7341041
5,1254833
2,2949712
9,3343
10,3343
5,8056592
58,7142495
221,10710
32,7165566
118,41108
1,8214
5,8214
2,1975671
5,16080793
5,9657
647,9657
2,18235985
5,18235985
1,4881349
40,4881349
2,13757
118,6176
120,6176
5,3114906
119,3114906
37,6893188
10,20379
5,5108885
37,7536047
1,82570
2,16204277
1,458771
1,108774
10,39021
1,4119134
1,18445
37,8033909
58,8033909
683,60619
10,3416
1,1734716
37,7029937
5,3051490
17,160932
1,5104111
317,3423688
2,5321197
7,957028
2,5114344
5,5616191
58,8155833
1,5100743
7,5073719
5,2963485
7,3520560
7,5830094
2,7520492
58,8425041
118,8079006
5,6885811
37,984659
58,6474518
32,5287392
2,7074112
27,4747714
7,5109482
2,7849867
5,6564542
7,17152
32,17152
118,5328610
119,5328610
5,240708
7,4088550
5,7035308
2,5779976
5,5088808
118,560412
32,5758692
2,8260548
2,74459
21,74459
37,14192453
5,8202129
32,5137530
5,6044755
1,5367341
32,7022361
45,7022361
7,762973
1,4390441
2,6884399
32,9867438
5,7872519
32,4574972
5,6256
5,295246
79,580494
5,536013
37,6863565
1,6549307
2,6549307
45,4533716
5,3329042
7,5737121
2,7023272
5,8446650
21,8446650
7,7142872
79,439887
5,6448979
32,6692215
9,1166430
5,5074920
32,8446300
1,4856232
5,14139
5,9972
27,13943
27,17287280
5,16481
5,65685
46,127374
46,17699
5,67037
2,174767
74,62650
2,14015
9,13830
2,45898
1,37774
2,2609
5,40974
1,22680
2,71059
2,10318
5,201555
2,4152482
5,3148560
1,2622364
1,6420702
1,15295
2,2994705
32,13434447
5,311174
5,5060731
32,5060731
5,7066576
37,7066576
5,34429
2,6934883
32,6934883
5,130704
5,11349
1,10987
5,1003655
5,61958
32,61958
2,395
5,395
2,7231
5,215710
2,6861666
2,4410813
5,3033292
2,38217
6,17064
5,419233
5,5350056
118,1264
466,1264
32,809148
5,14454
32,14454
5,19860
2,3198951
5,27841
5,703032
27,703032
5,485862
72,485862
5,3450
2,6585223
5,6467335
5,75822
2,6451976
5,9233
5,9800707
5,435891
9,435891
2,6423089
79,114752
9,232825
5,5782568
32,5782568
79,7812495
1,3283808
9,904440
58,206712
9,18225
466,18225
5,2846074
74,151324
5,18341
9,178234
2,4189235
9,98389
2,1011325
58,1011325
5,4405738
2,2766223
5,1637418
5,59839
5,3050316
2,99326
5,99326
9,91578
2,4104631
95,59749
2,5825906
46,34946
5,403230
2,82244
5,175035
37,175035
79,4461106
79,5741473
5,71155
32,71155
5,11214
647,11214
5,6878170
37,5625577
37,6469080
5,6464662
9,40202
2,688826
2,6452152
5,18686
37,4983116
79,5771399
79,21618
17,60589
37,5252348
1,15035
9,15035
5,1120685
9,1120685
5,5399365
5,87306
5,9915
5,105562
5,8583937
5,6511338
17,7623849
2,9788934
2,74506
5,3099070
5,36347
9,36347
5,5775596
72,5775596
17,3335
5,1083757
79,2802356
17,6573921
5,30757
17,16166
58,6498645
79,815278
5,3297217
5,183479
5,2852315
317,102062
466,102062
5,710888
5,4540172
647,4540172
5,15613183
683,30891
5,93757
5,2867678
5,12676
5,87209
5,482295
5,4703645
5,33949
9,57798
45,57798
9,98880
74,14493999
27,4408937
5,4780234
5,5148629
74,1022900
5,3276202
40,3276202
5,8179815
5,44085
5,5251266
5,5820388
5,215765
5,6459705
45,13799
79,166614
2,1985179
2,6433264
5,7305
9,7305
79,3038151
5,197865
58,1830698
2,17277776
9,4436873
74,7273843
118,15865
2,3232449
5,4112359
79,36276
79,117884
5,7210172
5,6463048
2,16495848
27,6450490
5,489648
5,6545553
9,12441
5,9788932
5,5404227
46,5404227
5,9761937
5,5819761
5,217759
647,217759
79,469075
466,12456
6,6568981
2,5386283
58,7055470
74,234724
5,5094344
2,6067088
27,6067088
58,13741856
27,407963
213,5686
5,5294761
45,31631
5,3874378
1,137095
5,137095
58,6478179
37,600253
79,45687
5,223088
46,223088
5,5368636
5,4774429
2,6903411
5,49417
2,9899961
5,21004
5,4939125
21,4939125
79,27372
5,10917
5,44924
17,44924
2,257934
45,428923
213,4640495
5,51027
17,8788
118,8788
221,8788
58,14151380
5,14482
5,15016763
2,6953434
5,319345
17,4945190
5,8359
72,8359
5,88301
27,40648
5,68992
2,1501041
5,1501041
79,3033809
5,16839
27,16839
213,7209
79,215013
5,4384611
5,121027
9,12064
45,12064
5,4025591
2,2751666
58,6994777
647,24902
5,171079
29,171079
79,38328
5,56977
5,1914334
5,5213951
5,5076
5,787031
5,45115
9,678030
5,1187587
37,5406182
1,12465
9,12465
9,61248
5,22485
5,2824712
41,2824712
5,5334470
17,217172
317,217172
5,26076
9,26076
5,93012
17,4570807
45,4570807
2,13800950
58,7213961
5,45967
5,4086369
45,8674
2,75395
5,104943
10,6957
17,6957
2,3431863
5,14924773
5,130345
2,8532549
5,1715786
29,1715786
5,2729597
466,124526
2,7884394
37,410154
9,1501668
118,1501668
119,122676
120,122676
5,18146950
5,3046553
5,33505
2,5822342
5,16893
37,16893
5,17727060
9,5103
5,19475
5,6429917
5,1077166
45,1077166
6,5783095
46,86949
5,169468
5,20058
32,20058
5,52342
5,8342063
32,8342063
58,7798899
5,2935695
119,191681
4,6779
58,6779
2,3016386
5,3016386
2,70495
58,70495
2,5815249
58,41954
2,1224900
5,113328
5,226183
1,470018
5,67389
2,68904
5,54106
1,194929
5,16649
498,4452728
5,4909104
5,8759
2,3331118
5,189368
5,20524
213,20524
5,2384411
74,161395
4,6913760
119,515
119,73528
119,169869
1,125786
17,15500
5,246438
4,2119605
119,55728
5,5217
119,73531
119,3892325
119,522
119,9074
5,3223459
74,292341
119,292341
119,28647
120,28647
9,17208
2,5051193
10,3008434
119,362020
119,11653
120,11653
5,51606
1,3054679
5,11624
119,281754
119,172897
45,138207
2,14068095
317,5371253
119,120835
2,7114860
119,59705
119,14525
119,232211
119,224336
5,3161782
119,29133
74,6869945
4,8635258
5,8635258
119,29132
4,8409136
5,17283584
119,101301
2,13544350
5,2931393
119,2931393
120,11798
2,17521786
40,17521786
37,5446913
5,3490829
119,3490829
5,14134437
2,3506785
5,2754194
5,27788
119,27788
119,60281
5,153441
4,3039394
58,1922565
2,6913856
32,17195825
2,4053429
40,4053429
119,118456
119,62707
4,7045571
5,5814224
1,221833
58,4715219
5,62999
4,7913140
5,14165949
58,280382
4,4488054
5,2799806
4,15808130
5,5042181
1,1091207
5,2970435
2,97710
5,102967
37,6880615
5,2982825
115,1036517
119,162726
2,209546
37,4700469
37,4648669
45,4648669
40,81639
58,5197636
5,95409
32,7088116
2,247470
5,6929011
5,13916081
58,7075143
5,6548857
5,3513697
58,5570720
2,22042
5,22042
21,22042
27,4763975
5,5765468
2,1974
5,1974
5,274735
79,391476
2,6375
2,3221509
5,3221509
32,3152329
317,49609
5,351681
5,38138
32,13902004
5,42378
5,45191
72,45191
37,7211325
37,7237199
2,5298259
74,4958441
9,13747
95,13747
4,5275947
5,8687
32,8687
4,2578437
9,387136
5,7294
72,7294
37,6905688
37,4885418
72,4885418
6,7078761
9,4443544
9,1823273
9,163130
46,163130
46,31107
9,4147315
1,37795
74,245368
46,30074
5,7153840
1,218598
5,218598
9,272424
95,272424
1,38652
1,7150857
37,13857001
5,5092
2,4810094
9,110306
5,7079
5,86241
6,7142445
5,5799428
27,6841
37,5342951
5,6526584
5,65135
6,6912759
37,3390621
5,2941486
5,1996867
647,1996867
37,594951
37,146986
213,7411671
5,8265649
5,2905018
58,14721075
5,7742330
5,21007
5,13847588
72,13847588
5,14754830
27,14754830
1,142410
5,3285599
46,5847865
9,3462059
40,5109302
2,1644459
5,572844
5,2941381
1,5448455
5,4979194
4,797102
32,830098
5,53024
4,140274
5,140274
4,2870525
213,7524066
5,159447
2,163681
5,12046829
2,9858074
5,6939747
2,420047
5,420047
1,30860
2,5753963
37,5753963
5,311723
37,3486225
5,1913011
5,8055
29,8055
5,4120927
2,17303430
5,15092970
2,8378370
37,168324
5,6535623
5,7967704
5,8565
27,4494690
5,975649
5,5623
5,7730599
27,773189
72,773189
119,773189
5,334049
37,268304
5,1949873
72,1949873
2,12304618
5,5289246
58,6922565
5,450867
1,2737308
2,2737308
1,74876
5,8393796
27,8393796
5,590243
5,291620
4,6460381
5,54552
2,7492436
2,7082754
5,16903
9,16903
120,14301132
5,166104
29,166104
5,3314165
647,3314165
5,70885
5,6434584
2,6461519
5,2979
79,32674
5,6981617
5,7618677
27,1977411
37,16341016
32,13452447
79,150820
37,14132438
37,14053196
37,14675561
37,13978873
29,946870
37,8187427
1,6644108
40,6644108
5,4919495
37,15515654
2,36636
5,36636
37,8394519
37,7155040
2,65591
5,20273
37,15454955
37,8294174
5,132091
37,6537142
37,360816
37,13734129
2,259488
37,4648324
37,11230592
37,6863139
5,4381074
27,4381074
37,15906616
32,8382246
37,10721280
32,6880127
37,7576208
37,4400565
37,13435165
5,5441262
5,7154841
2,186921
2,937465
2,6152084
32,1407193
37,1407193
5,22547
32,2869923
5,16943
5,99482
647,99482
37,4835954
5,17171397
213,7077541
5,910997
5,73187
27,73187
32,6872506
5,1412372
58,1412372
126,11211660
5,5376
32,5376
32,4352895
5,27427
9,27427
37,6457598
5,8063818
5,4353662
5,90075
29,20775
7,4404946
21,4404946
32,991815
5,47406
9,47406
5,25892
46,25892
5,47407
32,47407
2,538830
29,267
2,4049430
5,148613
9,148613
5,29581
1,629566
2,1189727
29,94917
72,94917
5,25283
265,25283
5,132923
32,952450
5,1933178
7,1933178
37,1933178
5,3482597
119,3482597
5,96160
2,3400034
5,4535325
2,1286626
7,1286626
5,5244595
2,552953
9,151703
46,151703
1,1407724
2,1305854
119,2880724
32,5698327
5,1369219
1,1094582
5,4839848
5,33295
5,2051713
32,2051713
5,4907104
5,1426893
21,1426893
5,19956
5,2966631
2,1120626
5,32402
5,73777
7,5409576
32,6423291
6,4384102
27,5251227
58,13984955
37,8179036
5,183852
5,88550
647,88550
5,73340
5,7027857
31,6917662
9,9387
72,9387
5,25891
1,6540193
5,5782479
27,5782479
2,1146028
31,10675
5,5081840
37,4050842
2,3110994
5,21038
5,28517
2,4762686
37,4881761
5,6519
29,6519
37,2644993
45,2644993
7,7311265
5,25205
21,25205
32,25205
58,8184589
37,6613718
5,64204
29,64204
32,6547901
7,6505947
7,26813
32,26813
5,3170422
32,4368571
79,32598
37,4719254
9,79576
119,79576
46,79582
5,5141436
5,16583953
5,4711014
7,4800397
5,4470204
1,1875994
5,3583
647,4598040
37,8056252
45,8056252
2,6905991
46,267499
7,5815513
119,48222
7,6943
32,6943
5,7019990
5,90077
7,44926
5,7825
5,67031
7,56162
2,16218424
29,13166
1,12471
5,212530
2,6915386
5,33359
10,33359
5,58564
2,6913817
5,109260
41,15948260
5,55603
29,143178
5,3350660
58,537929
5,1210526
5,6330
5,9857503
5,702360
5,4897401
5,285453
2,86097
2,12692
5,80213
1,5181514
5,169934
5,3066198
647,3066198
2,17140043
5,369852
2,4075932
37,4075932
5,830417
2,6435980
1,17010346
5,7254542
5,127216
1,5828904
1,4449940
2,505129
2,15372062
58,15372062
5,5184163
7,5184163
5,16979140
9,821970
5,4968404
5,3504189
2,4046931
5,7205478
9,31019
5,783644
21,783644
5,30802
9,30802
9,2924803
2,39272
2,7032815
5,695300
5,4867331
2,4765129
32,8573550
45,8573550
5,6557939
32,5008815
2,6546779
37,3205604
5,8314513
5,4479520
647,4479520
2,3087007
2,1211464
37,4768200
6,12695
2,1426987
1,1598719
40,1239
2,1003283
29,103963
32,7200339
2,7066235
37,7066235
5,6463076
37,5783229
32,7417674
5,3005246
2,17049444
5,4349456
2,4552803
32,7256031
6,1017809
37,12099732
32,7328363
37,6878177
32,15141636
37,2735638
45,2735638
37,3072442
46,11016
7,15292826
32,15292826
37,884754
2,15340999
5,7245062
29,536621
37,5448290
1,3020553
32,176156
5,1769816
37,1769816
2,486777
5,24901
32,24901
37,11116218
29,146538
2,7377033
37,5333638
5,74640
5,4867683
37,6928304
5,14951361
5,13965390
5,4705977
5,14220219
37,518966
5,163328
37,879722
1,72888
37,2769036
32,5808420
6,6572406
40,6572406
5,182835
21,182835
32,6462047
45,6462047
5,523285
1,283238
1,678217
37,50274
5,463173
37,463173
37,1234979
72,1234979
5,43391
21,43391
1,24374
27,4620021
2,7769950
5,2921810
37,2921810
37,4414682
5,319940
2,14220737
37,8306793
1,6546
1,161054
2,51768
2,59204
2,6905360
2,11859
5,11859
37,7847846
1,747437
2,13562753
79,483588
1,163027
2,2728107
37,6579232
37,16166249
7,7338088
1,6547
5,39691
32,8588997
37,4574948
2,46498
37,1141204
1,1373542
2,7184104
6,14151000
1,168255
5,15054219
37,4984908
2,377744
1,274523
7,5383019
37,4575294
37,899519
5,64085
37,64085
2,1806374
32,14708215
2,11680644
2,491465
5,491465
2,7044274
5,696572
5,13528243
2,2740425
37,13659072
32,14109315
2,5763317
5,5763317
5,3409564
5,674626
37,6993053
2,115012
5,1355145
72,1355145
1,2114
2,1806411
58,6471423
2,1806419
46,555041
2,686916
6,2986988
2,842700
5,842700
118,13853200
2,4889328
1,7210211
2,2994919
5,12063025
2,2762865
5,2762865
2,5297089
5,5297089
37,13452251
5,88014
7,88014
1,8611387
32,14389603
5,14359228
2,3026532
5,8186541
32,8422242
21,6217869
5,713646
5,4467098
1,3105995
1,262084
2,5414544
1,4680370
7,6981125
37,14050716
2,14859335
32,9803069
1,85848
1,5438818
2,199260
1,8623004
5,7249070
2,8312675
37,4077568
37,1125673
32,13994795
1,6152059
2,8076768
1,4071546
2,8886093
2,4844891
2,7047979
1,3338052
1,29183
1,644
2,5400052
2,138425
1,1268493
2,13911702
1,3237942
1,351201
2,351201
21,5337544
46,987885
1,21167
5,6506537
9,375488
2,2353
5,26978
5,110519
5,7034649
9,4652058
2,93709
2,2354638
1,4017727
2,4017727
2,3145688
5,824359
29,824359
1,3297526
27,3297526
46,83234
1,3153786
46,4827726
46,7266415
5,223462
46,537990
74,51646
46,24474
5,5378690
7,5378690
119,1387927
4,70853
32,70853
5,746724
46,58248
32,7849640
37,14434144
5,4778
29,4778
32,5827587
5,10860694
17,10860694
29,10860694
46,5790
89,539672
5,37060
5,8111
95,8111
5,3439922
29,214673
32,7303048
5,202312
5,1209
647,1209
1,9144
46,94153
5,3108215
46,3108215
5,111948
5,30681
46,198456
46,58194
5,1774448
647,1774448
4,7771337
5,8278
46,8278
29,4242
29,1429844
5,7920918
5,13050708
32,16345889
79,13435870
37,14941662
5,15100575
29,16694297
37,8316649
27,16448164
27,7276000
27,5383015
5,6871844
118,122092
31,1284060
5,459128
37,459128
5,1183644
37,1183644
7,7729333
5,376407
5,14131888
58,14131888
1,8993208
5,14220714
5,9236423
1,378688
5,378688
2,9772554
5,13929232
46,7481351
5,3041690
5,4414304
5,520207
5,64138
5,14815127
21,14815127
5,559634
5,14132699
5,577285
41,577285
5,603838
5,2860092
2,8108086
5,8108086
1,8279711
5,9792949
5,1408616
1,3200370
5,3200370
58,558089
9,4401847
2,326310
5,14161844
37,20104
2,4878053
5,4878053
2,7600824
37,14251172
5,1167639
5,2013872
32,2013872
5,182823
5,14007877
5,301395
5,2799849
2,9831667
5,2783820
5,170342
5,1399009
5,4113966
5,6459679
5,333491
5,767177
40,5831455
2,4862005
5,4862005
37,4862005
2,1153072
2,6878020
7,5130924
5,76981
5,2897449
5,90581
5,8532238
32,16487840
37,16487840
2,5761194
5,5761194
32,8075676
32,14872541
5,260080
5,7178615
29,16071
37,4738726
37,5335865
5,47556
5,303669
5,78305
2,2456075
5,2456075
5,34683
2,6092607
2,4586227
5,117184
5,22546
37,22546
5,25372
5,7047005
32,7047005
5,14109538
5,1886
27,13849167
6,221874
2,63611
27,6431540
37,3387675
5,38598
1,5204844
5,1010543
2,8437120
2,1407654
2,4996526
2,227394
32,5786100
2,24516
37,7765793
2,34160
2,4163137
5,4163137
2,7515504
79,7507927
2,89881
37,995289
31,7121802
118,203307
29,22583
88,3015432
5,22584
9,22587
72,22587
5,8384103
46,62809
45,53520
119,53520
118,50964
29,49928
29,34604
5,348771
27,98646
5,32312
5,28778
29,28778
88,28778
118,7428903
29,62257
5,7373225
29,82948
5,62997
37,542967
37,6924906
5,3965895
2,7276793
58,7276793
2,7024176
2,4070110
5,4143867
2,5264554
5,3222611
5,5193750
5,2861133
2,6950511
2,4116660
2,6426714
2,4575285
4,6862711
2,3461537
2,6943520
2,7122072
58,13247662
2,7010859
37,6935253
37,3028584
2,5142014
32,175143
37,175143
29,13817906
2,2968625
37,12010447
58,12010447
2,5446309
5,4984923
37,8391110
2,6243370
2,6585593
6,6585593
5,7066657
58,7066657
27,6430657
32,6888029
2,6924349
37,9013537
5,165150
2,6572847
2,6966274
5,8126271
6,8126271
2,6451983
5,6173870
27,6173870
2,6871145
37,13513927
37,13848822
2,12937
37,570941
37,676993
2,3112488
37,8393971
37,7060159
5,204863
37,204863
5,4077950
1,6430957
32,6592100
37,5555317
37,8074853
79,13374043
58,6893136
1,142411
40,6995625
37,50568
5,21318
6,8365086
37,5805455
37,9867293
5,43586
5,396931
37,4341021
1,26011
5,531506
5,1251730
37,1251730
7,59165
5,1390474
37,1390474
37,414681
647,277536
37,6547893
79,2402
5,321391
2,6606543
5,100964
37,7104022
5,2782638
58,6534195
5,3525958
37,4719762
2,5221828
37,4062687
2,1978352
2,1166851
2,2904716
37,2329
5,620500
2,4589999
37,3098318
5,253358
46,4772
74,4772
46,228
46,7135042
2,5360266
46,411345
46,1903
46,288
46,4426297
5,12585
46,371867
46,44048
46,231799
5,22017
32,521676
5,4242577
5,630107
37,4443320
6,6982197
2,3035791
2,162678
32,11362882
9,4992939
32,18059969
5,35548
5,6153502
5,16592288
5,17629655
32,4420439
37,17198563
37,15236270
5,15549537
5,6518189
32,6541797
5,15852393
119,5169298
79,3440476
5,4527833
27,3212288
37,6571327
5,4390676
37,15237193
37,15111490
37,15299782
5,3874125
37,5753331
5,2018995
32,6860927
5,5101663
5,1795514
37,6582756
37,15193340
5,5218508
37,298419
265,298419
37,15236443
5,4506280
5,5018174
5,63669
5,7248579
58,8509171
7,1242391
5,120948
5,110897
37,3229682
2,7690844
37,7212606
32,6539577
5,242473
37,242473
10,14301938
32,7098210
32,8177011
45,8177011
37,7142164
119,6927588
32,5618396
5,15559824
6,15559824
7,7266984
45,7266984
2,117418
27,8343056
2,1452751
2,5456168
2,6592108
2,4658054
2,7083050
1,4093537
5,14978590
37,2946208
37,5827290
5,7855471
37,141588
5,356164
5,6427435
2,292562
2,6949604
2,6587174
2,6589870
2,6471779
58,7244853
5,3084389
5,6549127
2,8152912
5,43414
37,43414
5,5367
6,7174451
37,13485858
58,7173188
2,7800165
2,7145403
5,1805363
37,1805363
58,8309933
37,4161740
9,2911935
9,222977
250,222977
37,7798116
2,21949
118,12080
119,60394
74,3128
5,381478
95,2176559
157,12903
5,5030
119,43692
95,319610
46,128353
120,128353
46,4577916
119,4577916
118,6952980
119,1495208
119,643
95,3465862
5,3166354
2,8525486
37,5415711
5,5763697
118,16593
5,5804890
118,30278
119,30278
5,14434845
118,17854
6,14926073
32,14926073
2,1270681
2,6427599
2,363307
119,17295
265,17295
2,4448056
2,6565405
119,14521
213,14521
37,5039646
5,14441131
7,14441131
32,6081661
5,6520228
119,46293
2,5775524
2,6949005
37,5140626
6,7374241
7,7374241
2,6551150
5,6551150
2,38530
2,2279340
2,7112437
58,2978240
2,4429
32,8546572
2,3525980
2,1408607
37,7127010
45,712666
5,1129509
5,5061231
5,162930
5,380896
37,365485
37,4327590
2,7912393
317,2849943
5,37183
265,37183
9,22024
2,59446
2,55481
40,55481
29,16561
72,16561
2,17554
58,17554
2,2962276
2,4900163
5,202719
37,275908
2,4981400
74,7020590
5,2960636
2,7351013
2,6876233
1,765650
2,6451482
37,7012702
2,1089938
2,5306959
5,125882
2,7328484
9,87050
46,87050
2,232712
40,232712
2,4412038
5,5353965
2,178235
5,21155
58,7102827
37,262616
4,6613
5,6613
2,13554
2,4885056
5,4987522
2,6553295
9,2789720
2,1915619
5,6929010
5,423336
5,6802954
5,7048608
2,292027
2,156523
5,1598928
2,8065413
32,7690616
4,6577118
5,6577118
5,3496532
119,3496532
1,7232683
32,5779758
5,3343132
72,3343132
5,62524
2,6443964
2,8294375
1,7377203
5,7377203
2,9836555
5,7129454
5,3392912
2,7092321
32,3396910
37,3497970
5,1029349
37,6447937
5,166672
7,166672
5,6549299
2,4980097
37,5763039
58,6575825
37,6568974
5,5306992
95,5306992
2,4735949
2,5199006
5,12063495
37,14031633
5,6871210
5,6574168
37,8192745
2,3479028
5,3479028
1,4921525
2,4921525
37,13955925
37,6469975
37,14097832
2,6965359
37,6448459
2,6472437
37,8344109
27,5446689
37,7057418
37,9414
45,9414
37,10143249
5,5757332
37,7789423
5,13023
37,14097819
37,13754171
37,884212
32,18141780
37,13810476
37,4754377
5,7520394
5,5202680
37,5823376
37,4767719
37,4114729
2,2933059
5,2933059
5,4458708
37,4458708
37,14924267
32,8192911
37,3402847
37,6548741
37,13857113
5,38392
21,38392
58,13479611
37,9851210
40,7111686
58,196561
37,8333646
37,14073855
37,7181862
37,4113638
32,6466370
37,8324619
37,13630160
37,14180086
37,4027042
37,9857002
2,4665230
37,14031571
5,2982045
5,843820
37,14115788
37,9816754
9,19630
118,19630
37,6904400
2,2738676
5,2738676
2,5785692
37,4796697
45,4796697
2,4820876
5,1423732
37,1423732
5,6342
32,7151265
32,3028982
37,6951730
5,17100054
6,17100054
5,5761936
5,6606349
5,17064986
58,17064986
5,1840202
6,1840202
5,32699
5,5815562
2,7101854
2,14888625
2,6452869
2,6581244
5,3227101
2,6458884
27,6578005
32,6545672
37,8189910
2,4641776
37,7212505
5,8555975
58,6924387
5,16287225
5,7778742
5,300536
5,15305372
40,16360992
5,6473998
647,6473998
5,7157771
5,118226
5,8434062
5,5609032
46,5609032
120,5359114
119,589770
74,5447086
74,6547632
5,3513843
5,3602
9,3602
1,19012
2,821504
2,3234450
2,3452785
2,1036134
5,1036134
2,41322
5,394156
2,736364
5,2967123
72,2967123
5,6606423
5,5768323
647,5768323
5,7257579
37,7257579
5,12180
9,12180
32,5754406
5,5539927
5,4024
2,4430293
37,1713021
7,13856
32,13856
5,110249
37,1858606
37,837019
2,5300466
37,5286605
37,4968653
37,378988
5,2744177
79,37450
37,5767014
79,18327
79,171132
2,4393443
2,336468
5,1484001
2,8604
2,8573519
5,8573519
5,4310788
5,234253
5,6446003
2,16779020
5,16779020
2,2561527
5,4521954
5,14426270
2,71097
2,7142048
2,8433496
5,8433496
2,14158778
58,7190029
2,2995331
2,7348701
5,7045040
2,1166890
5,1166890
21,6903476
2,6887429
5,6905660
2,7106154
2,4420440
2,375142
79,61935
37,5200707
37,6888013
79,50040
79,28710
79,61322
79,10305
79,61955
79,28055
79,77093
79,10178
79,53212
5,3499511
79,19886
79,24781
79,28712
79,13285
79,61922
79,6470937
79,61230
79,393902
9,8236
79,4822
79,184312
79,18313
79,61231
7,7271073
79,79805
7,4807116
7,4572127
7,6179696
32,6179696
79,9931
1,1365267
2,4904483
79,3447947
37,3873156
5,2880531
58,6472959
37,715443
647,57721
37,484534
37,6459115
32,6888220
5,2918405
5,2278
37,6976339
37,1301011
79,20322
7,4590272
32,4590272
37,6442338
37,428662
17,8561992
37,4088448
5,10739
5,5446599
5,7031196
37,15710595
37,8062229
37,8847571
37,374504
45,374504
7,7397563
37,269342
5,5833183
32,381166
37,3140554
58,3140554
37,6592670
37,17216
1,5267305
58,931363
37,8628144
37,66240
5,15967758
5,16688665
21,16688665
5,13451733
29,6483825
5,16074134
5,2951648
5,1273937
5,8286393
5,7014015
5,401400
5,4678519
5,429
1,281286
2,281286
5,13353
5,14759336
5,16644188
5,14529180
5,7020203
31,1586352
5,15647085
5,1216796
21,1216796
5,14903705
5,711301
5,480279
5,16222010
5,15214827
5,10803986
5,4096595
5,412370
5,15154365
5,5416814
5,15613166
5,308392
5,70916
5,26771
9,26771
37,910229
45,910229
37,4787578
37,7060690
5,7030941
37,4996938
32,5350164
37,4720363
37,9206
37,5241601
5,17440931
32,147857
2,4078652
32,8547032
2,89622
5,7809260
37,4077598
37,5395324
7,7066594
32,7066594
32,4485046
7,6883928
37,5188441
7,5443292
5,4846217
7,5894605
58,6937522
37,4645418
7,992207
72,992207
7,5822521
45,5822521
7,4650525
32,4650525
5,5625013
37,4794993
37,5438242
5,95232
14,95232
40,7008806
5,8294123
7,6522996
32,6522996
5,6942370
7,6942370
37,6449665
72,6449665
40,4967856
2,146449
5,5747496
2,5824197
37,5824197
2,5234352
2,2168689
5,60349
74,60349
7,6521221
2,5763250
9,2917641
7,5818641
2,2946327
7,5816392
2,7262875
37,6475203
5,5836011
2,154116
7,6541039
7,6869934
7,4867939
7,16995026
1,4678212
5,4958072
7,7777382
7,9885287
5,4566700
7,7257030
2,4417507
32,777491
2,4335031
2,3415603
37,4471993
5,5242774
58,5081315
5,5170063
5,7304443
5,14588817
2,133710
5,133710
5,2887586
37,7114446
5,33653
2,281127
5,281127
5,1346588
32,1346588
5,2036975
2,8403611
5,88036
32,88036
5,1131057
32,1131057
5,11461268
45,11461268
5,4349709
2,2982705
5,7083697
7,7083697
2,7075118
5,6436872
6,6436872
647,6436872
5,5263939
37,7359478
5,4962929
7,4416228
5,6870903
5,183332
7,183332
32,6989845
2,4892535
37,5804086
37,6877440
32,7849833
37,777375
79,440975
2,7791305
2,5059002
2,13849930
2,7033186
5,15450606
32,3353674
37,3353674
37,4776262
5,4863270
37,6451319
79,172512
37,6469976
5,225692
37,6543330
5,4488686
5,17739
5,4293114
5,950140
37,2909124
5,8527134
32,8527134
37,81583
5,2879846
7,4522
32,4522
5,2967267
5,97284
2,7172819
37,7169681
5,7075077
32,7075077
37,3425627
5,136085
5,4789022
5,7044596
32,7044596
5,7173392
37,4653530
5,5228940
37,5228940
32,7077654
5,2884866
119,110742
119,10418
317,1856035
119,3165930
9,63879
119,63879
5,13839926
119,108391
9,5759858
5,7341478
317,11236
317,8669
5,66268
5,84803
32,8188329
5,22528
46,22528
5,61946
5,6543431
5,13891
21,13891
46,143643
5,230100
9,54752
5,463450
120,6948910
9,20107
37,433276
317,133854
5,8659
5,2905269
5,205372
2,91102
46,91102
2,6585259
5,29
118,16758360
119,16758360
9,3495853
317,3495853
119,7574275
119,17297
35,4633123
317,6374
119,9374
5,35848
5,3106975
5,993682
32,993682
5,171184
32,171184
2,9863205
46,44281
5,15429
2,4888965
29,220502
5,857886
29,282933
95,4113527
95,101983
5,8171
74,12261
29,186655
5,4481447
213,4481447
5,72031
5,43504
45,4158220
95,6499
5,7161243
5,6426025
9,145512
46,145512
5,24892
46,12808
9,1186320
5,650994
74,24008
5,15811
9,64736
46,149171
74,149171
5,7184
5,11298
647,11298
46,77397
5,71956
5,5263703
9,49986
9,4258
9,5855
29,5855
5,2508
5,7505
5,164139
5,6572575
32,5403323
37,4673950
45,4673950
37,2274690
45,2274690
5,2705823
7,2705823
10,5333595
5,3395431
37,4094993
32,6586877
7,3140086
2,521916
5,521916
2,3464081
647,2980674
7,1103981
32,3106563
5,4191725
2,4087495
37,4087495
2,2919562
5,4668756
37,4639655
37,4784370
5,4542621
5,790143
2,4178161
37,4527734
2,1187290
37,4710952
32,7160910
5,211631
89,28785
2,4911650
40,7789445
2,6176202
40,6176202
37,5015496
4,1598929
5,40572
4,6565151
5,6565151
40,6544571
1,2839406
5,6644072
21,6644072
2,7193011
5,7193011
4,3176814
5,151399
37,5525538
37,6586258
79,2553605
37,13499920
5,3014313
2,5829145
37,5829057
5,7023081
5,7319205
37,7143940
37,6586254
5,6552307
1,2088666
1,224531
5,224531
5,15635485
7,4798562
32,4798562
5,10765
7,128466
72,128466
7,466494
5,4502237
5,33546
32,7048626
5,57739
7,57739
21,57739
5,38658
5,24953
5,18393
29,18393
41,9325
74,20404
1,98909
118,67070
29,4332478
72,4332478
647,14403
5,68990
9,68990
5,389792
1,1569298
5,3314
5,72703
31,72703
7,51422
5,7702
37,14680245
37,7536051
5,16073
29,16073
37,6549397
5,17928992
37,17928992
95,42041
118,42041
5,8987
9,8987
37,297306
2,6567915
2,5428994
2,6463824
2,7146180
40,7146180
2,5181210
2,8241647
58,7581125
35,6434411
37,6578897
5,8123510
40,8123510
32,7213842
37,7213842
58,7338591
5,15365638
2,14164688
2,59874
5,59874
32,14121657
45,14121657
37,6538545
2,4730698
2,92796
46,92796
5,8187351
2,6893401
32,6428810
5,5157472
37,6244
5,6151581
32,14537381
2,4429726
32,15180818
37,5626138
2,3033257
40,3033257
32,26796
32,15418106
37,15418106
37,14879229
37,7047768
37,14751141
2,7200721
2,5156403
1,5105090
37,7142258
37,14126721
5,2033695
2,341927
2,282919
37,5832198
2,75497
37,5045068
5,4899786
5,4648176
2,6923685
32,7113091
2,5134701
37,5134701
5,52794
5,16391
32,15108914
5,8591
5,1127619
37,1127619
32,7105888
37,6997216
37,13835635
37,6434797
5,7124717
37,8328556
37,5380331
37,6475432
37,2769254
37,14161619
5,5990698
37,5990698
37,13552274
2,6906923
37,658679
37,7247078
58,7247078
37,14133843
37,8427101
37,9759281
2,6624921
37,6952120
2,4786551
2,6578811
2,1361508
2,6999316
32,14118411
37,14118411
2,6315922
2,2885331
2,6443901
2,3287392
2,17086835
2,6887024
2,51529
2,7086124
2,6937874
58,7131722
2,8507331
5,8507331
2,5444623
2,5398582
2,2883330
2,4792103
32,481586
37,7393090
32,13665730
5,14055550
5,5247133
32,7060641
37,7122185
32,5864492
35,5864492
32,7213367
37,5752854
37,6434441
5,6423738
7,6916388
2,6897529
40,6897529
5,323591
2,2881569
5,6917576
58,6917576
32,131337
5,6939916
32,5990137
40,6873915
32,7046523
7,6657062
7,6474993
37,5820505
32,6923531
5,5298148
32,4801312
2,6646379
37,5212441
32,15518935
45,15518935
5,767069
32,15932535
37,6430924
32,10949813
5,12636907
5,15925577
40,2981670
45,2981670
37,6912312
5,652133
647,652133
37,6859476
32,14255708
37,14255708
32,15003836
37,15003836
40,6582864
5,5625783
37,8530750
32,15388346
5,11890
40,14473460
5,32912
7,32912
32,16991064
32,6576504
32,6455676
6,306733
2,5806570
7,3381686
7,27148
5,6422627
32,6422627
1,893282
32,415731
32,4414232
2,51913
5,51913
32,14542471
5,1134015
5,47792
37,6439800
5,5406978
37,5768531
5,7659
5,5415675
37,301032
5,384013
5,171758
5,6982829
5,4443219
6,4893553
5,62911
5,535923
74,6333276
5,6582961
37,6692732
7,6984661
5,21050
58,21050
37,6903911
40,1319884
1,84420
5,340256
5,1762294
2,5432373
32,16358838
58,2996650
32,6928878
79,19387
2,204538
89,204538
2,26738
1,8384108
32,7244984
32,7189594
5,3842
32,8427407
5,72538
5,2742697
2,5832146
5,17410394
2,15957275
5,8379833
5,7075053
5,2999765
21,2999765
2,6423058
5,6523267
5,37519
2,6423084
1,53936
7,53936
2,17553
32,821097
5,5272063
32,5272063
32,6424947
2,4875659
5,96514
5,4975888
46,6569301
74,6569301
5,27034
37,6950698
5,941508
32,4323055
1,170847
1,5787303
1,120581
1,3367040
5,5405098
1,18032451
5,1549088
32,5806715
1,8326636
5,124923
32,7179557
32,7149797
5,667257
2,6949037
5,4567126
21,4567126
37,2880618
45,2880618
5,971110
1,5857424
5,5289059
5,5344384
46,117157
5,3354316
21,3354316
46,22552
29,43790
45,3029755
5,2851725
37,2851725
29,29812
5,3090287
5,41938
5,5157058
37,5157058
5,4265796
118,4265796
119,4265796
5,619104
5,24101
32,8635086
5,2270
5,385819
5,126211
5,478426
9,395900
46,63867
5,140762
46,140762
32,15287815
45,15287815
5,1141311
72,1141311
9,14612
2,6159227
5,233401
5,4455250
21,4455250
5,353110
32,14535111
5,207734
32,8186010
5,3510974
27,4079914
5,43530
647,43530
5,85858
115,85858
46,32137
5,596826
29,11562
72,11562
32,16119185
5,6924413
519,6924413
32,2949938
74,242592
119,3144604
37,2828923
2,4389465
95,191014
120,217171
5,29303
46,29303
5,2282
27,2282
5,11075
21,11075
5,4526501
5,135726
40,7154859
9,7101
5,24732
647,24732
9,25281
5,6746
647,6746
5,3167197
5,3085799
5,225944
46,30502
120,30502
72,5751
10,65798
5,221608
9,34031
5,12437
27,12437
5,2904306
2,6927799
2,7025554
58,7025554
5,7141779
2,6537898
58,6625020
2,6440245
120,6948888
37,6871799
5,7123081
2,6868739
37,7061084
5,7085559
37,7085559
2,6983412
2,4336642
5,4336642
2,7056502
58,7056502
2,1908773
2,158105
2,6980448
2,7758781
2,13650648
32,2975887
5,760392
5,14158009
2,5826852
2,14192903
2,3395248
5,3395248
32,7142440
2,709041
32,7277852
119,246753
32,6583988
2,7362213
5,1731002
45,1731002
2,7209983
58,7209983
2,76983
5,76983
2,946017
2,2052146
5,4499919
2,6545102
5,2903928
2,7419665
7,4634239
32,4634239
32,7372483
4,7443962
5,7443962
5,5304118
58,6588786
2,7084178
58,7084178
2,6879435
37,6912429
2,1421560
37,6895711
2,6940644
5,1130537
2,3156101
5,6445758
2,6966029
2,2884988
5,2884988
7,4893389
2,2962410
2,1100362
2,259275
2,6868657
2,8147151
37,4052093
2,8685878
2,6859298
2,11117099
5,13805947
1,126217
2,6448768
95,3501244
4,99140
118,99140
119,4461
221,15511
5,23704
72,23704
4,5202174
4,38932
46,38932
2,16489099
2,7328358
4,13925960
120,11785
2,292746
37,5074162
2,6550149
45,62899
120,62899
58,7391149
120,7638903
119,75887
95,191362
119,191362
120,4939
119,3577
4,6941142
5,505695
119,36103
120,304026
2,6536019
2,6915179
119,27694
118,27692
2,2921645
2,4831114
2,13911602
5,15556782
58,15556782
120,5786637
32,5324316
2,13854848
120,846687
120,30510
32,6903962
2,5101707
2,13583077
2,223845
5,3039800
5,3087199
6,3087199
5,541994
5,2938554
37,2938554
5,578581
7,58997
72,58997
5,8125999
32,7276650
7,21071
7,10275
317,10275
7,1089965
27,1089965
1,1351359
1,495679
2,2920063
2,1482834
58,6937440
7,6494965
5,1894662
10,7980470
7,130045
2,15934854
58,15934854
7,267230
5,7160450
5,5153546
1,137270
118,2741092
119,2741092
9,66476
72,66476
7,1724698
2,2993356
7,7235116
2,17654525
7,1005381
74,103706
5,481146
29,14430590
7,90825
2,16856659
58,16856659
5,162927
2,17122075
5,618968
186,491250
7,457864
5,920483
2,696355
2,3473046
5,2104491
5,988402
7,6606656
5,804168
58,804168
119,13544944
5,13323
5,3426131
317,4114862
2,13263928
5,714628
647,5138460
5,6761864
74,6761864
5,40574
9,40574
5,220799
213,220799
9,5209
72,5209
5,4448408
647,4448408
29,117057
41,2985039
5,4125353
5,600299
21,600299
27,600299
5,1734192
9,47834
2,17167074
5,199737
2,14552097
27,1262619
6,17370591
5,16831695
5,760524
2,13868164
2,8138287
32,7200219
37,8202337
5,6422844
5,7754879
37,9848315
2,4623203
317,5763924
9,635978
119,635978
5,6477108
5,7409177
5,7106986
10,4602925
317,5786398
317,6497033
1,8108
1,17350
5,14980420
1,12433
37,12433
1,5534755
6,7150202
1,5625972
1,6450109
5,283304
6,8190017
1,5465469
5,5465469
6,6591372
1,4141708
6,15799129
32,7336269
1,87189
37,16090821
32,7460109
5,17449677
2,90866
21,90866
5,5155577
5,5209023
1,5260005
6,2815365
37,14342697
1,4157600
1,5755802
29,5779526
95,5779526
5,9016
9,9016
45,2872604
5,7773619
29,2690927
72,2690927
118,5810891
29,6869213
29,6877778
2,136075
1,3936
5,1504898
1,3621
7,5187408
32,7134811
5,5413978
37,5413978
5,7238592
2,3202468
2,3400294
2,4382536
58,3351653
32,7075073
32,7212917
32,7047591
37,15935234
2,3092532
2,510084
5,326992
2,4121709
2,531738
32,6591475
5,3112114
79,265887
5,685776
32,6568395
32,8126118
5,5310508
2,6998567
5,935639
32,7068395
37,6427017
32,6568811
45,6568811
79,3487702
7,4747895
7,5829383
4,5771515
9,591748
95,591748
9,56750
29,56750
79,2407
6,1317372
29,15263483
79,87205
119,1711
2,3247178
317,8650
115,1179982
29,34336
72,34336
29,8305735
32,6430414
29,13638502
89,13638502
29,52060
5,1392861
7,4994753
5,38697
29,38697
37,5167118
37,5070344
5,8187644
37,8187644
5,618846
5,6439448
1,3235992
5,5167134
2,6645709
5,6761251
5,7126347
6,7126347
2,2739138
5,23212
37,23212
32,6566039
37,2777625
37,379900
5,75499
9,75499
5,7067421
37,4744654
37,171882
5,16049951
37,5845
37,296913
5,17889528
32,2843991
32,7696082
37,17246036
37,14221782
37,16068526
32,16706932
37,5050571
37,1853143
37,17039168
37,16883153
37,17280645
37,16987401
37,17051451
37,17054622
37,4596718
5,8119789
37,17071577
58,17071577
37,16062751
37,15136965
37,12159517
37,5183642
32,5399219
37,16148451
37,16048696
37,6551780
37,14951568
58,15141492
37,16843217
37,15396319
58,15396319
37,15852879
37,16068544
37,3003728
37,16278742
32,15100007
5,76360
37,7210822
5,2130
5,349971
37,7031977
32,7732746
32,5577825
37,5009570
5,3123300
7,990035
32,990035
37,1472137
37,630285
45,630285
5,2726738
37,1095066
9,12267
46,12267
29,50090
37,58934
5,171139
406,6429243
37,953612
72,953612
5,567167
79,42122
5,82260
5,6470435
5,6521880
32,6897702
5,5039882
647,5039882
32,5759879
1,2880615
1,116405
5,116405
5,101046
27,101046
5,54475
9,54475
5,435114
21,435114
647,64199
5,96023
32,6953962
5,460870
5,1058653
5,922006
5,1550534
41,4934302
45,4934302
5,7305355
37,7305355
5,2629753
5,34171
5,14591153
5,45497
29,5143
5,6585392
5,47391
5,34713
37,34713
29,3215812
5,4561709
29,275246
29,6477718
5,4196336
29,4196336
29,7103548
5,7579761
29,16484850
29,1410104
29,13496855
29,8043779
5,4598939
29,8283031
5,341493
5,4114218
29,5559570
29,4100629
29,15804
7,58971
29,46600
29,56892
29,589444
29,8079735
118,8079735
119,8079735
29,229975
29,8567
72,8567
46,4141
9,29437
29,15549108
29,671563
95,69550
29,14206027
46,32472
46,49398
5,177309
29,1230
46,1256505
5,15180134
5,14719441
32,7336971
5,15496
95,15426714
29,11377
5,430550
95,140825
119,140825
5,1070423
27,7461124
95,7461124
5,6895412
29,5132689
5,1128687
29,4993895
29,3453827
46,142602
5,16059
29,5431334
5,127669
6,6940359
5,40811
9,6113
5,15423
46,3799
46,28361
58,8415755
5,21261
213,21261
46,289426
9,27422
95,27422
95,223411
9,122999
58,323927
5,8382772
5,371093
74,5774144
2,8915507
6,8915507
5,7172290
21,7172290
5,315693
37,6859115
9,4110655
2,6576619
5,119881
5,283031
32,283031
95,59717
213,4905619
46,96546
95,96546
5,6182432
5,42288
647,42288
9,2927839
5,6440505
5,960964
5,61859
9,61859
5,1068756
5,1418272
5,2303450
5,13893
5,40851
29,40851
29,7145854
29,99727
5,4719213
5,3960446
74,6953230
79,931581
29,70695
5,8435477
29,8075577
17,204893
5,5992469
37,1892912
45,1892912
213,13833459
5,4180597
9,4180597
6,318719
7,4646361
5,161399
5,142899
41,142899
5,449499
37,449499
32,217735
45,217735
32,15348037
45,15348037
5,14870
5,29974
118,29974
32,1378543
7,3468012
37,345637
2,643309
37,645867
2,7008611
2,223787
5,487718
2,6949817
2,6583484
5,6583484
37,13710620
45,137554
45,6462059
1,13844702
9,69415
37,3048559
466,36571
74,7223602
5,229227
21,229227
27,13819
213,13091
213,63027
5,19830
79,731384
213,2995242
115,14023886
213,324557
213,63670
5,1549
213,83934
27,14549850
213,142353
5,72482
9,72482
46,99685
5,40
9,6433789
213,62875
9,13803
213,148413
46,6970
95,6970
1,43698
5,2031
37,2977095
58,2977095
1,406326
213,68509
213,169954
213,51217
213,1254084
1,25108
5,6975
5,6859728
5,4402016
32,8073005
5,5158514
2,13751508
1,6425423
5,6425423
37,87907
5,157738
37,1246638
37,175203
2,50786
2,37297
5,265964
32,265964
5,95600
5,132132
37,132132
45,6511568
2,3272078
2,5766021
2,5580362
45,20100
119,9239
119,5344
9,493639
72,493639
120,7769770
37,2717365
72,2717365
4,17561
37,209975
2,70860
4,6642057
4,17560
37,3085098
45,3085098
120,7810781
6,120361
2,19687
58,19687
2,6926290
58,6926290
4,14919141
120,14919141
2,21198
5,968814
5,162305
5,5778736
46,77456
5,26099
37,5441556
5,4396266
5,11308331
1,43705
37,2772067
5,4740874
5,2976
79,195779
5,1032457
37,688672
5,160342
5,253359
5,480048
7,1562881
5,45968
213,45968
37,200052
5,116353
5,16799
5,7075765
5,31464
5,5821134
5,13828309
5,195727
32,2072858
5,84728
40,84728
5,68301
5,596797
45,596797
5,35864
5,51586
88,51586
32,6998426
5,727021
32,13910112
10,17991
46,17991
2,5253618
37,4067029
5,43734
29,43734
9,37983
5,7855857
2,3149556
2,4355929
32,4857747
2,13787639
58,13787639
46,23906
5,3465954
21,3465954
5,8375
5,7330
46,106251
37,269662
72,269662
2,8337233
27,15044336
58,8030505
569,4794656
1,8149302
7,5625955
317,657510
46,259177
46,5362400
2,7267637
2,1089947
58,6548216
2,125697
2,5345100
2,7266412
2,555976
2,3087787
2,6588742
37,7057541
5,4809447
2,6995777
2,6903785
2,5764273
2,68766
2,1423331
2,6572063
2,6423066
2,7068528
2,4070864
2,7021239
2,12693
58,5085491
2,5823760
2,18213
2,6546176
5,4112244
5,88609
1,123108
2,226035
5,226035
32,8180684
2,12397100
5,4867010
7,4867010
7,4489392
1,9756
32,5624352
37,4857038
5,62652
2,2856938
32,4755913
5,168090
32,1868743
7,5989256
37,7336975
32,7352038
2,8178850
5,4186057
2,7060507
5,329391
2,2620426
7,1214140
5,8186543
5,3020406
32,3020406
37,15860946
5,13667660
45,13667660
7,4524583
5,8185415
2,2565200
2,10681321
2,7242698
5,7077315
7,8102183
37,5176055
5,3378360
2,2919028
2,7770350
5,3249277
5,5449734
32,6449478
37,2870615
5,46097
5,3220311
37,5821744
1,5129391
5,4326634
5,14119749
5,6155239
5,4202173
32,7267068
37,4173006
5,5198894
5,4755802
37,6539315
7,3335769
2,255710
5,269168
5,6561659
2,737162
5,737162
2,316262
2,6791810
5,581549
5,8162873
37,895265
1,4911639
5,33794
10,828
120,156980
119,50937
32,168647
118,1603038
5,49292
118,149093
120,512116
119,26975
37,7734038
5,178856
1,480635
120,1065386
119,121789
9,59323
118,29357
119,29357
27,24823
4,4125251
119,4125251
120,4125251
119,59327
120,7476171
119,414358
120,14417372
120,912359
119,152474
119,64430
119,3948
120,3948
5,21152
9,6255
213,6255
2,4480304
1,3000192
2,7273
2,3163926
2,288853
2,3496825
2,459627
2,3073046
5,3073046
2,7124965
2,4981510
6,8319172
40,8319172
2,4946067
2,10319
2,6986143
1,4781149
1,6907114
1,7832387
2,543507
2,46974
1,437652
5,437652
2,177048
2,74510
1,7038328
2,7105783
1,6465905
1,7123001
2,5778128
1,247057
1,4892512
1,4200414
265,2120057
5,51936
2,7213477
1,410287
45,59668
5,42572
9,42572
5,1374842
5,1115809
1,6462473
9,117297
95,117297
265,117297
2,6163186
45,187
466,187
6,6563750
1,3913679
1,52527
5,71991
2,9890
48,59670
1,424161
95,11102
5,4391
9,4391
5,8170
5,1409320
46,74899
5,91947
5,3488
2,6444714
2,363635
5,363635
2,7220500
1,34645
1,7737
1,5307361
1,306882
6,306882
5,2727135
2,5165049
32,546812
7,5072761
32,5072761
32,59151
45,59151
647,5172646
46,23798
7,44806
46,21986
32,8187822
7,4262038
74,6580622
32,4444279
2,13602847
1,204497
7,717781
9,406026
5,14137019
2,6702562
7,79743
7,14195250
7,622455
40,622455
5,7259236
7,3410564
7,8180038
27,8180038
7,2321
7,327493
72,327493
32,645812
5,6154020
6,6154020
7,6158855
2,13477757
17,13477757
5,4164705
40,321854
7,18351
5,13390
647,13390
32,5275002
45,5275002
7,5763802
37,174586
2,6445712
2,5887184
58,5887184
37,4079661
5,7052378
58,7052378
5,5269418
2,7847942
2,994651
2,15258209
2,7248355
58,7248355
37,6421342
45,6421342
2,6425797
2,8193655
5,96214
2,8553639
37,15492016
2,13919697
2,7226502
37,6446071
2,8522361
5,5306442
5,7422779
2,14178108
2,7787822
2,104928
32,7372108
2,6563773
58,6563773
1,573667
6,573667
32,7258750
5,1813
46,1813
849,1813
5,338068
5,353300
9,63011
5,25536
29,25536
118,25536
5,18985
5,18134
229,18134
95,29365
5,199175
29,126468
360,43219
2,6575323
1,15959
5,723801
21,723801
2,19842
2,4099565
5,17490
2,3063319
5,3063319
2,880310
2,5432973
2,3107669
2,7075649
58,7075649
5,2978367
2,4674384
2,4794070
37,1499302
2,3987354
5,26767
72,26767
5,23124
5,61073
32,61073
27,439723
45,439723
5,24508
32,24508
5,64177
9,64177
5,52218
48,3096722
7,7372540
46,7372540
5,11390
72,11390
10,7847900
115,6465608
5,153341
29,153341
5,8027118
5,83727
2,9876754
5,581405
5,3318712
5,14048112
208,7453351
9,5833382
41,285033
5,345548
5,15544
37,3020417
5,17652304
58,7390378
5,15014617
37,7314291
37,686174
27,13672918
9,1214964
2,3175884
5,13141635
5,4888434
5,720759
2,13080665
32,13080665
32,7034107
29,566047
5,631148
37,6888589
32,6983227
5,8064114
37,3871461
37,965908
265,132599
5,6701541
45,6701541
5,4319300
5,96767
32,96767
5,46137
32,46137
5,2953380
37,17664485
2,8435822
5,216871
37,62567
37,6894995
37,1272829
5,8025754
5,9822956
2,7064611
5,1349820
5,8301288
58,12238370
2,7112488
2,6857137
37,6923522
2,7276641
5,5782281
5,6572590
5,112402
32,9757614
32,7255637
5,7214847
29,7214847
37,5237606
2,6920129
2,7752396
2,9761333
2,6982524
5,4412897
5,8435023
5,2854971
2,10920862
5,4464
37,6546134
5,1202510
29,1202510
58,8280613
2,3188348
2,8334506
2,4063407
2,8323893
2,8508392
5,44810
31,44810
58,7732431
5,10724
46,10724
2,8388159
2,6937581
27,83082
58,6965463
5,410598
2,7403605
2,8202181
32,8101198
2,8281044
2,5829316
5,8285526
37,17688519
2,8142045
40,8142045
58,7170636
37,7084793
58,7084793
5,53350
37,6927274
37,17886409
2,7704200
58,7704200
37,18443440
37,17783031
37,692384
5,61277
32,61277
27,7271643
37,18143421
37,8505145
46,39755
37,18044547
37,17678976
37,17703160
58,17703160
37,17343003
37,17797267
5,6761008
2,7374732
37,18144557
37,17092057
37,17145712
37,4633020
37,17272080
37,17590955
37,3414331
37,17892078
37,17203500
37,15075747
37,16785381
37,8123982
2,83837
37,16974988
37,7771489
37,17203508
37,13536469
37,17649349
5,2669655
27,2669655
466,1355383
5,123023
5,97398
2,5758969
5,7267049
317,1195439
5,53241
5,1060890
647,1060890
1,80430
58,15221803
46,984630
119,984630
466,984630
5,5441368
5,204004
29,204004
37,3075526
5,280994
5,32005
5,45383
5,6556
5,12936
5,25573
5,37848
5,4301652
5,113780
5,52706
9,52706
1,9693
5,9693
46,5960462
5,5268
496,5268
5,1109606
5,74331
5,27855
9,27855
5,77556
647,3175914
5,13018
29,13018
5,110226
5,51229
29,51229
2,3470494
5,4970672
1,58932
2,7535683
5,4841217
5,76819
5,44709
95,44709
2,6017756
119,866443
2,8152318
5,8152318
32,8152318
5,29503
29,29503
5,226584
1,44545
5,44545
5,32349
2,8180338
5,397165
5,158821
2,8305829
29,72841
5,3424060
647,3424060
10,60059
10,327671
10,6595492
10,237871
10,7341021
10,26977
9,118712
466,118712
10,1709397
5,5171636
79,61382
5,253175
58,253175
5,5816770
118,4449652
5,502766
406,7155023
5,92960
37,149625
5,7277
5,28699
27,30762
37,5757970
5,1802339
5,2889627
37,2889627
5,3396559
37,3396559
37,6578895
58,6578895
2,6564711
5,5830905
2,2944621
5,2944621
2,145593
37,301406
2,405461
1,171517
37,171517
2,8445092
37,8445092
2,775856
2,8717
58,5826393
2,8056653
5,4123439
2,386609
5,14471
244,14471
79,1975540
32,1350949
5,8525346
45,8525346
32,17479222
79,554273
79,37607
79,484018
79,132379
32,16623742
32,7231329
79,45103
79,8914
79,996558
79,356424
5,4593149
2,3509377
2,49378
79,972702
2,3927354
2,6861359
2,5824327
5,53176
46,53176
10,12758
5,7384403
37,9811081
37,694013
45,694013
9,756
10,756
10,68467
5,5309014
5,4024160
17,4024160
10,21072
17,21072
1,5349971
1,1173340
37,9011987
5,45596
1,534074
5,6554510
5,1261540
5,82542
5,4878292
5,6905137
10,4409125
5,5363529
1,6949889
58,6949889
10,3119590
5,885506
1,416529
6,416529
5,778428
2,506121
5,82939
1,2979481
5,38651
5,7716206
37,15094092
29,64324
5,183343
72,6793
5,468569
27,468569
37,7142846
2,4436951
5,49284
5,4397939
6,6886454
5,7060319
32,11327592
6,2938289
126,12545799
32,8341870
9,42993
2,14237686
5,7159820
5,4475986
2,4065582
2,3270624
5,963528
2,4201035
5,4201035
2,5349775
2,63842
2,2907092
2,10209362
2,3378512
5,10802967
2,5895012
2,5268402
5,4882486
37,4725624
2,7738043
6,8337569
2,5355357
5,14648928
21,14648928
58,6979258
46,101857
5,6583169
2,8317784
2,298660
32,6554852
5,4386032
58,4386032
5,7415461
32,7415461
5,8559965
5,2064510
5,6472019
58,6472019
46,430291
37,17740534
45,17740534
2,8282534
5,7106591
37,14746831
2,8304404
5,58634
37,14358410
37,6571558
5,161893
37,9829470
46,63837
9,68912
46,27641
45,7164089
1,5765921
5,25133
5,447
5,128947
10,166393
5,268407
95,268407
5,7689
89,7689
5,1675648
5,5775606
9,5775606
79,47421
647,47421
58,6533463
4,5328518
79,59150
79,125282
79,88527
5,6153795
37,404733
45,404733
5,10130317
5,13846794
32,13846794
79,273456
79,103302
1,1110703
5,4450877
79,264213
5,2862581
32,2862581
79,5124
5,4453723
5,6569002
32,18088754
5,3161479
29,14571
72,14571
5,13794
5,397836
5,378242
6,7830264
5,6879391
6,8224327
5,7314497
5,262549
5,7222939
58,7222939
5,7046353
5,196350
317,196350
5,485441
5,29824
5,34300
37,185549
5,6425233
5,4654545
37,5385512
45,5385512
37,2897172
58,2897172
5,8025
37,237385
37,7216573
5,999096
37,999096
37,1604141
72,1604141
37,85088
74,8118570
37,146783
37,6464549
5,7010508
29,108368
118,108368
213,133
37,19106
37,1046844
213,17373777
213,110787
1,5441376
213,5441376
5,6864345
5,9814414
40,7327976
37,317481
5,9884202
32,9884202
4,1417633
5,1417633
2,11463
4,647654
58,647654
5,1682579
2,568102
119,568102
4,5356695
1,106417
2,106417
5,4810291
21,4810291
5,17146284
6,17146284
6,14735317
32,972433
5,6885618
5,8271629
6,6477607
40,6477607
5,4595152
1,35371
1,1225855
41,395777
37,4020319
119,4020319
37,617200
32,5768410
58,7465201
2,6876613
5,6876613
37,2469379
5,6445584
5,8319783
2,4686521
40,4686521
2,8137449
5,7024003
2,7113774
5,4483963
5,5443935
2,7171510
2,5321488
58,7148329
2,4981235
7,1562974
7,2313429
45,2313429
2,7351172
5,7353474
32,4397938
5,720522
5,1000848
29,1061015
95,1061015
5,2882570
5,720524
647,720524
5,838424
21,838424
9,2882488
2,7143377
5,2809603
5,1208906
647,1208906
5,1406285
29,1406285
647,3351237
118,2833211
5,1348229
5,5030329
37,6535313
29,2837276
2,5365116
5,628707
29,4472103
37,3336797
5,5214322
647,5214322
5,912366
5,714267
29,4852211
29,747586
5,3044063
31,3044063
5,346422
29,346422
7,2301413
5,3309862
29,3309862
5,5831998
29,1393700
37,4476200
2,3378392
5,2963250
2,4848577
5,126557
5,8179717
2,6627289
17,2833588
46,2833588
46,3102205
89,3102205
2,6586456
58,7166895
5,6872972
5,244859
2,5831852
5,14420756
5,2882578
5,308611
95,308611
2,3238619
27,46243
5,299121
9,40411
119,40411
265,1003078
5,714250
2,4567695
32,7192434
5,5753463
1,62240
29,1393698
4,12824805
2,1023421
5,185465
2,7069686
5,10838
21,10838
29,10838
37,7101722
5,5514598
32,1308530
5,3358483
27,3358483
72,3358483
5,5448397
2,5752621
37,2769171
37,14178590
37,7872181
647,3286440
5,2936248
29,2936248
5,3031418
5,6433641
32,847484
74,918374
29,720534
5,147436
29,2863794
5,1645153
5,116623
29,116623
647,116623
37,266774
5,83091
647,5019771
31,6913270
5,191475
5,144358
37,5626120
5,6894841
1,230226
5,230226
37,5804836
5,35509
5,3190288
7,3190288
7,4894926
119,3207108
250,3207108
5,781400
5,72467
46,72467
119,72467
5,33384
21,33384
2,36734
58,36734
5,5288391
2,275136
2,12633370
58,12633370
5,10209
21,10209
58,6951433
2,7123984
2,5278438
2,81218
5,343941
32,343941
5,799335
21,799335
31,799335
2,4583365
647,4583365
5,2303385
2,5169935
5,5169935
2,76423
2,271908
5,271908
5,7311870
58,7311870
58,7159818
2,92739
37,3373281
5,115220
647,115220
37,15106534
40,15106534
45,15106534
119,285716
32,5774768
32,5211061
37,7022472
647,1304269
2,266178
5,99961
213,99961
37,2885318
2,7325371
31,41495
2,7237069
5,5615767
5,45160
647,45160
5,909675
17,909675
5,8415360
647,3027946
32,7314368
5,925519
29,925519
5,142717
58,4896735
5,8056299
1,70090
5,3241992
37,5396796
5,4468300
5,4457932
1,29593
1,25413
5,82718
647,82718
5,32807
1,4848874
2,8346774
5,8346774
9,28115
72,28115
29,2742325
45,2742325
5,33472
58,33472
5,4548465
1,122886
2,71248
5,25885
647,25885
1,7623
29,125127
31,125127
2,15367779
58,15367779
5,5761575
37,5761575
29,6904638
5,3114972
29,3114972
5,109005
5,7109855
95,25545
5,50071
5,924207
2,11663
5,11663
41,7054610
5,209576
647,209576
32,8084931
5,5234
21,5234
5,7580781
1,9420
7,9420
2,4706667
37,49014
1,63807
5,63807
5,2014
5,16863060
1,50948
5,5891761
37,5891761
27,7044164
45,7044164
5,5667451
32,5667451
5,15112866
5,1112988
37,1112988
32,16951538
45,16951538
1,19476
5,19476
5,35696
58,35696
32,14789183
1,87937
32,16175715
5,4875990
32,4875990
5,870
5,1908102
32,7794228
5,8163113
32,7948011
45,7948011
5,33958
37,33958
5,456850
5,14680878
5,507943
5,17086985
32,17086985
5,39099
683,39099
5,4087274
32,4087274
5,118294
5,4702581
5,78736
5,32303
32,32303
79,227160
6,136951
5,45309
21,45309
6,4993028
5,75626
1,11091
35,133505
45,133505
6,7213028
46,10886
2,2769891
5,72120
37,72120
2,2971335
5,5407284
5,7162084
5,10812991
37,6567007
2,8109231
58,8109231
37,7123641
5,6914503
2,6457442
37,72986
2,5031290
2,5254629
2,3180713
5,7231796
79,180389
5,6450275
7,6450275
32,7306658
32,8158940
2,7329194
79,700231
79,4768959
2,7075461
79,147221
5,6439905
5,5374565
5,6573685
32,1499928
5,229517
37,4699869
58,4699869
7,4730323
5,13996
5,74572
32,4444277
5,6444457
5,13130384
27,13130384
5,7320
32,6542535
37,6542535
5,14780791
37,7212486
2,5318234
58,7848006
5,4497
7,4497
5,86098
1,50581
2,449017
2,12694
32,12694
2,6452992
2,6545942
2,9849648
647,2964069
2,5806989
2,6450403
5,9601
2,355692
2,63843
2,5154640
5,74688
7,74688
5,5318881
7,4703223
2,108726
5,268816
37,5784430
79,52862
5,6897368
5,7058401
37,199919
2,8202895
5,7303088
5,1396694
5,70854
5,7223544
37,7223544
2,8985413
5,161908
32,161908
37,6151511
7,5751472
118,13852
5,5691
9,5691
265,5691
29,20903
2,67276
5,67276
2,486041
5,486041
37,280493
46,70744
5,15018472
118,17212
2,6470282
37,231
46,231
5,998418
79,998418
2,4413250
37,923789
46,74480
5,46130
40,7257823
1,4337880
5,408387
37,1212129
17,202733
317,18232
5,27280
5,278272
40,2901151
5,908
29,386001
5,6584173
5,202936
37,202936
2,6186513
1,6446070
2,6155057
5,4100198
37,4100198
2,5829287
2,6153801
5,6153801
9,4547288
5,103080
2,6423098
5,6552219
213,6552219
37,1292475
5,324680
9,10741
1,2918488
2,5827833
5,3162779
5,5820379
5,43988
5,127191
37,5424285
5,5807648
45,599584
2,5326924
5,7193037
5,132984
9,132984
95,132984
29,142
5,374096
5,7579562
5,306578
5,151109
5,1398739
5,14919501
5,332761
29,971054
5,162739
5,8848755
79,45429
5,14133209
6,14133209
5,14036073
1,71170
1,138518
5,22476
647,22476
5,6463605
5,46051
9,46051
213,46051
5,174088
5,357053
37,6561539
5,15287947
21,15287947
5,258634
29,258634
41,302544
5,9432970
5,1949712
5,24820
21,24820
5,3234402
5,821338
5,2022437
5,83288
74,521346
29,101968
647,101968
29,60697
72,60697
5,7058999
5,4874365
5,56223
58,56223
5,6562093
5,1042875
5,1337488
5,13922092
5,8175172
5,92333
5,6904187
37,6904187
5,14821620
213,14821620
5,46209
5,406864
5,24381
5,5765897
5,40416
5,238158
27,43211
46,43211
5,60750
5,7358493
5,95802
493,74060
5,132420
21,132420
27,652387
5,11337
58,7304368
5,7790775
5,6569952
5,61015
5,23194
5,319770
21,319770
5,70679
5,173610
5,6930079
58,6930079
37,4700417
45,4700417
5,13978
647,29805
5,17219
95,17219
118,17219
5,6304
5,43999
29,43999
5,64459
5,14431821
5,27620
5,19929
647,19929
27,21049
5,7399794
27,4665180
37,109491
5,620872
5,14925989
2,6971371
2,9869819
79,304060
37,5772357
2,6994530
32,14739467
7,18253
32,7415163
58,13878462
5,7010806
5,14417765
2,5429018
79,4083774
5,4453287
5,6517970
2,18155920
5,559
2,301002
5,660996
5,202269
5,8317803
58,8317803
5,2860732
27,2860732
5,6470339
32,4346631
5,5025975
5,2748537
37,1346213
2,5834730
5,5124208
2,4057853
37,2726745
58,7255882
37,5446825
37,146374
37,6429004
45,6429004
37,283727
72,283727
5,2739770
5,5784961
37,140894
45,140894
32,5726831
45,5726831
5,5779056
119,503388
2,2878278
2,90455
2,6420856
2,5836131
2,5382492
2,2767681
2,5406425
2,5281706
2,5400814
2,5201320
2,5394148
2,2975929
2,5415656
5,4183
5,270477
5,142462
5,33
2,12935
2,74916
58,74916
2,128235
5,1219754
119,1219754
2,19051
2,261291
5,261291
2,105578
5,105578
5,14740070
2,32232
5,32232
2,83397
2,9252
2,411898
5,411898
5,1229712
2,4495290
5,8509799
5,4861860
37,6894289
37,6552441
32,5767418
37,5170812
5,163635
2,114873
6,114873
2,6553830
32,9870934
2,245963
5,245963
5,16917872
2,8446215
5,5757470
37,13499819
5,2880005
58,7751604
32,4280686
37,60210
2,17203795
58,17203795
5,6585288
37,417798
37,3089348
5,897415
37,6922360
37,7104482
5,335757
46,335757
1,796191
5,796191
5,282532
46,600812
74,106554
46,8082028
74,64115
46,71118
74,71118
5,246155
5,273817
5,3186713
5,14339388
2,6587255
58,6587255
58,268018
5,26791
1,8075159
1,4898740
1,847247
5,847247
5,366842
1,6878696
1,13610
1,287931
27,287931
1,6553694
1,296979
1,1178445
1,5390088
1,15268418
2,15268418
1,6877693
27,6877693
1,4828830
1,4730815
27,4730815
1,11010807
2,282917
2,17333
5,54427
647,54427
5,591961
32,591961
5,1435362
5,1284067
5,3089
5,67081
5,436431
37,436431
5,94147
58,832040
118,7723
118,2863757
5,26853
29,26853
37,794164
37,5416535
58,68613
37,112719
32,7453846
2,8395003
37,8395003
37,8201104
32,7179363
37,5421591
37,6944240
37,6960454
2,7414488
119,15275778
119,6224
119,7214107
120,7214107
264,4805989
119,5107659
5,7108329
10,8133574
119,14213892
4,13342
41,6900024
5,6457440
119,3072557
43,5139621
10,4128041
119,5782912
119,6951311
120,6951311
2,4671716
5,18470827
9,931248
317,931248
5,372995
17,304436
317,304436
5,18332475
120,18332475
2,102987
32,8077396
32,7144849
37,7144849
2,7305459
2,8386732
2,6543639
