id_livre,id_award,date
998,1,1997-01-01
298827,1,1998-01-01
24876258,2,2015-01-01
24876258,3,2015-01-01
22852698,3,2015-01-01
6586456,3,2010-01-01
12970162,3,2012-01-01
13630171,3,2015-01-01
15808474,3,2013-01-01
6931246,3,2010-01-01
12759057,3,2012-01-01
29467232,3,2016-01-01
23909755,3,2016-01-01
13038833,3,2012-01-01
15730340,3,2013-01-01
17562900,3,2014-01-01
13239822,3,2012-01-01
12174312,3,2012-01-01
22062213,3,2017-01-01
22571699,3,2015-01-01
8131227,3,2011-01-01
22698568,3,2015-01-01
13265092,3,2012-01-01
10199908,3,2011-01-01
7302794,3,2010-01-01
12119529,3,2014-01-01
9343373,3,2010-01-01
27154427,3,2016-01-01
17333180,3,2018-01-01
35965482,3,2019-01-01
9581507,3,2011-01-01
24860071,3,2012-01-01
37173847,3,2018-01-01
15750610,3,2012-01-01
39855052,3,2019-01-01
12446825,3,2017-01-01
7767021,3,2010-01-01
10184855,3,2012-01-01
12086690,3,2015-01-01
18138189,3,2014-01-01
18693743,3,2014-01-01
20426917,3,2014-01-01
16142151,3,2013-01-01
17333174,3,2016-01-01
27366528,3,2018-01-01
12854800,3,2012-01-01
25776210,3,2016-01-01
20883847,3,2015-01-01
30687916,3,2017-01-01
38395454,3,2018-01-01
15707526,3,2012-01-01
17317908,3,2013-01-01
7815817,3,2010-01-01
13548142,3,2012-01-01
8679140,3,2011-01-01
25372801,3,2016-01-01
22055280,3,2015-01-01
17332218,3,2014-01-01
1166599,3,2009-01-01
22055262,3,2015-01-01
40874032,3,2013-01-01
3128411,3,2009-01-01
17910048,3,2014-01-01
34002132,3,2017-01-01
29939230,3,2017-01-01
7743175,3,2013-01-01
7165300,3,2010-01-01
20764879,3,2016-01-01
19161852,3,2015-01-01
10803121,3,2011-01-01
9579634,3,2011-01-01
21535271,3,2014-01-01
4703581,3,2009-01-01
6065215,3,2009-01-01
3475268,3,2009-01-01
12499290,3,2012-01-01
37903770,3,2017-01-01
6437061,3,2010-01-01
2890090,3,2013-01-01
25526296,3,2016-01-01
8694389,3,2011-01-01
8785374,3,2011-01-01
3475161,3,2009-01-01
9300768,3,2011-01-01
15985373,3,2013-01-01
10079321,3,2011-01-01
7116709,3,2010-01-01
39943621,3,2019-01-01
22522805,3,2015-01-01
6736971,3,2010-01-01
18739426,3,2016-01-01
29008738,3,2016-01-01
19486421,3,2014-01-01
8411749,3,2011-01-01
13578175,3,2012-01-01
31817749,3,2017-01-01
26228034,3,2016-01-01
40275288,3,2019-01-01
9688286,3,2010-01-01
19103097,3,2014-01-01
5215879,3,2009-01-01
12891107,3,2012-01-01
6625002,3,2010-01-01
10357792,3,2014-01-01
17563080,3,2014-01-01
25895524,3,2017-01-01
9268487,3,2013-01-01
21457243,3,2015-01-01
36896898,3,2018-01-01
12974372,3,2013-01-01
8315340,3,2011-01-01
34050917,3,2018-01-01
16043804,3,2013-01-01
24885533,3,2016-01-01
8706185,3,2011-01-01
8396337,3,2011-01-01
40610956,3,2015-01-01
30688013,3,2017-01-01
43575115,3,2019-01-01
34311452,3,2018-01-01
9519912,3,2011-01-01
20174424,3,2014-01-01
16065004,3,2015-01-01
41021196,3,2014-01-01
17901125,3,2015-01-01
23264672,3,2019-01-01
12652457,3,2014-01-01
26863057,3,2016-01-01
30295312,3,2019-01-01
4703450,3,2010-01-01
7839024,3,2010-01-01
22062202,3,2016-01-01
17333171,3,2015-01-01
7640261,4,2010-01-01
7519640,4,2010-01-01
13152194,4,2012-01-01
6732019,4,2010-01-01
31823677,4,2017-01-01
43848929,4,2019-01-01
15805442,4,2013-01-01
17978489,4,2014-01-01
13187824,4,2012-01-01
11337189,4,2012-01-01
18505796,4,2014-01-01
17249189,4,2013-01-01
17910054,4,2014-01-01
13588394,4,2012-01-01
11256979,4,2011-01-01
6758423,4,2010-01-01
19616957,4,2014-01-01
13425570,4,2012-01-01
16158498,4,2013-01-01
21856367,4,2014-01-01
23317538,4,2015-01-01
30223075,4,2014-01-01
24502526,4,2015-01-01
7237456,4,2010-01-01
40776644,4,2019-01-01
53011908,4,2019-01-01
43126457,4,2019-01-01
27985224,4,2016-01-01
15823426,4,2012-01-01
9319468,4,2011-01-01
27036528,4,2016-01-01
6828896,4,2010-01-01
22124901,4,2014-01-01
13151179,4,2012-01-01
13521382,4,2012-01-01
24019187,4,2015-01-01
13153693,4,2015-01-01
37756667,4,2016-01-01
18774981,4,2014-01-01
9628743,4,2011-01-01
26792284,4,2016-01-01
13615414,4,2013-01-01
25744928,4,2016-01-01
22551809,4,2015-01-01
40365093,4,2019-01-01
10368067,4,2011-01-01
18213403,4,2014-01-01
40009804,4,2018-01-01
8565083,4,2011-01-01
35265200,4,2017-01-01
13167087,4,2012-01-01
7624594,4,2010-01-01
7155145,4,2010-01-01
24911006,4,2015-01-01
30781490,4,2017-01-01
21913812,4,2014-01-01
25489625,4,2015-01-01
6289283,4,2009-01-01
30257963,4,2018-01-01
12609433,4,2012-01-01
21413662,4,2014-01-01
27068734,4,2016-01-01
6366437,4,2009-01-01
34890015,4,2018-01-01
26889576,4,2010-01-01
38820046,4,2018-01-01
37570546,4,2019-01-01
6604712,4,2009-01-01
20696006,4,2014-01-01
6512154,4,2009-01-01
12391521,4,2011-01-01
6346975,4,2011-01-01
24453082,4,2015-01-01
13099738,4,2012-01-01
9827912,4,2011-01-01
3398625,4,2009-01-01
37976541,4,2018-01-01
15751404,4,2013-01-01
25852784,4,2016-01-01
40121378,4,2018-01-01
11324722,4,2012-01-01
12158480,4,2012-01-01
18813642,4,2014-01-01
16071764,4,2013-01-01
16142053,4,2013-01-01
18803640,4,2015-01-01
13707738,4,2011-01-01
35542451,4,2018-01-01
13259270,4,2012-01-01
176892,5,1991-01-01
20082,5,1990-01-01
238961,5,1986-01-01
35231,5,1995-01-01
13890,5,1996-01-01
465904,5,1989-01-01
61926,5,1992-01-01
127567,5,1994-01-01
177250,5,1987-01-01
22867,5,1988-01-01
138811,6,2004-01-01
23346719,7,2016-01-01
9783200,7,2012-01-01
21421192,7,2013-01-01
6688087,7,2010-01-01
18222743,7,2015-01-01
9736930,7,2012-01-01
2161733,7,2010-01-01
40611999,7,2016-01-01
1977834,8,2017-01-01
1739150,8,2012-01-01
6405181,8,2010-01-01
23129715,8,2016-01-01
28953118,8,2017-01-01
37004370,8,2020-01-01
9639774,8,2012-01-01
1353409,8,2016-01-01
2020983,8,2010-01-01
42983724,8,2020-01-01
44146682,8,2020-01-01
18656280,8,2018-01-01
18938315,8,2015-01-01
36885304,8,2019-01-01
12757485,8,2015-01-01
7712622,8,2012-01-01
38896653,8,2009-01-01
6318283,8,2010-01-01
2072557,8,2018-01-01
2967752,8,2009-01-01
8710484,8,2013-01-01
3018539,8,2009-01-01
3344411,8,2010-01-01
6282753,8,2010-01-01
7147831,8,2013-01-01
31203000,8,2019-01-01
25263557,8,2016-01-01
1977834,9,2017-01-01
1977834,10,2009-01-01
1105956,10,2009-01-01
138428,10,2008-01-01
101999,10,2007-01-01
7831145,11,2010-01-01
13050840,11,2012-01-01
7831145,12,2010-01-01
17190226,12,2013-01-01
30839185,12,2017-01-01
26252659,12,2016-01-01
15762657,12,2012-01-01
22717015,12,2015-01-01
7493186,12,2010-01-01
37683751,12,2018-01-01
32024902,12,2018-01-01
28477789,12,2016-01-01
29496208,12,2017-01-01
18461986,12,2015-01-01
23355069,12,2015-01-01
9995135,12,2012-01-01
23252517,12,2015-01-01
8449698,12,2011-01-01
3711152,12,2010-01-01
9314304,12,2011-01-01
9410421,12,2011-01-01
33288638,12,2017-01-01
41088576,12,2019-01-01
25868031,12,2016-01-01
21428094,12,2018-01-01
31867358,12,2017-01-01
34950852,12,2017-01-01
9571478,12,2011-01-01
23270403,12,2015-01-01
31324863,12,2017-01-01
40557032,12,2016-01-01
36117813,12,2019-01-01
31925314,12,2016-01-01
32145091,12,2017-01-01
38926487,12,2018-01-01
9402429,12,2010-01-01
33296129,12,2017-01-01
40189670,12,2018-01-01
7831608,12,2010-01-01
41150287,12,2019-01-01
32848471,12,2017-01-01
17201095,12,2013-01-01
40781618,12,2015-01-01
9664718,12,2010-01-01
42121039,12,2019-01-01
31345271,12,2016-01-01
35829237,12,2018-01-01
7076706,12,2010-01-01
25965222,12,2016-01-01
20665064,12,2015-01-01
48715812,12,2019-01-01
27083865,12,2016-01-01
34935946,12,2017-01-01
26236956,12,2016-01-01
12925200,12,2012-01-01
10818853,12,2011-01-01
15745950,12,2013-01-01
17788401,12,2014-01-01
40603730,12,2010-01-01
5604848,12,2009-01-01
32822135,12,2014-01-01
16070903,12,2013-01-01
17314430,12,2013-01-01
17340050,12,2013-01-01
15731779,12,2013-01-01
6547187,12,2010-01-01
16102004,12,2013-01-01
13600318,12,2013-01-01
16113791,12,2013-01-01
15784909,12,2013-01-01
13612739,12,2012-01-01
24445517,12,2014-01-01
17407748,12,2013-01-01
18149927,12,2013-01-01
10993282,12,2012-01-01
17158532,12,2016-01-01
16247792,12,2014-01-01
24920901,12,2015-01-01
15990969,12,2013-01-01
25644601,12,2015-01-01
7039218,12,2012-01-01
20421367,12,2014-01-01
13486122,12,2012-01-01
22843341,12,2014-01-01
12820360,12,2012-01-01
17876893,12,2015-01-01
25883848,12,2016-01-01
8712343,12,2011-01-01
22471294,12,2014-01-01
23016317,12,2012-01-01
20504754,12,2014-01-01
9637479,12,2011-01-01
8150317,12,2011-01-01
19095025,12,2014-01-01
18108281,12,2014-01-01
5598113,12,2009-01-01
20603820,12,2014-01-01
12042279,12,2012-01-01
17156015,12,2013-01-01
6660747,12,2010-01-01
18104607,12,2014-01-01
17880714,12,2014-01-01
41957126,12,2019-01-01
6337006,12,2010-01-01
12647642,12,2012-01-01
8038219,12,2011-01-01
22895264,12,2015-01-01
10790516,12,2012-01-01
3585344,12,2009-01-01
18304765,12,2014-01-01
8534799,12,2011-01-01
18775297,12,2014-01-01
28678119,12,2016-01-01
22107214,12,2015-01-01
8419428,12,2011-01-01
8843801,12,2011-01-01
4066312,12,2009-01-01
6781956,12,2010-01-01
39338454,12,2019-01-01
29367958,12,2016-01-01
41450662,12,2019-01-01
25564446,12,2015-01-01
23200620,12,2015-01-01
6758331,12,2010-01-01
21849362,12,2015-01-01
24035804,12,2016-01-01
7491418,12,2010-01-01
6013511,12,2009-01-01
18115061,12,2014-01-01
12716613,12,2012-01-01
25686927,12,2015-01-01
8074967,12,2011-01-01
13420351,12,2012-01-01
9065265,12,2011-01-01
11235783,12,2012-01-01
5500109,12,2009-01-01
32294951,12,2017-01-01
27252717,12,2016-01-01
21427834,12,2017-01-01
22303684,12,2017-01-01
7198269,12,2010-01-01
6950445,12,2010-01-01
8538297,12,2011-01-01
15795628,12,2013-01-01
10506237,12,2011-01-01
17876897,12,2016-01-01
5041279,12,2010-01-01
58893,13,2000-01-01
8662135,13,2012-01-01
18405537,13,2015-01-01
116567,13,2006-01-01
770614,13,1992-01-01
1128670,13,2005-01-01
2964700,13,2012-01-01
8089,13,1998-01-01
22694936,13,2016-01-01
18668056,13,2017-01-01
2808945,13,2003-01-01
11664488,13,1996-01-01
169879,13,1994-01-01
95914,13,2000-01-01
3505944,13,1998-01-01
17286817,13,2014-01-01
2085302,13,2008-01-01
28449045,13,2017-01-01
500660,13,2006-01-01
248584,13,2005-01-01
141757,13,2005-01-01
671719,13,2005-01-01
25321,13,2005-01-01
1182813,13,2001-01-01
18812101,13,1994-01-01
7179686,13,2012-01-01
3636,13,1994-01-01
24337,13,1999-01-01
28194,13,2004-01-01
2213661,13,2009-01-01
17061,13,2003-01-01
179064,13,2010-01-01
37190,13,2004-01-01
13376,13,2003-01-01
10626594,13,2012-01-01
284440,13,2008-01-01
34494,13,2004-01-01
9565548,13,2015-01-01
2855034,13,2009-01-01
46777,13,2008-01-01
183656,13,2002-01-01
34492,13,2007-01-01
13829,13,2012-01-01
9591398,13,2012-01-01
2133795,13,2009-01-01
58889,13,2000-01-01
6407514,13,2010-01-01
6472451,13,2010-01-01
266607,13,2008-01-01
213652,13,2003-01-01
153779,13,2012-01-01
9943270,13,2015-01-01
25688980,13,2017-01-01
2173611,13,2009-01-01
58890,13,2000-01-01
283494,13,2008-01-01
3817859,13,2010-01-01
12969560,13,2013-01-01
58894,13,2000-01-01
24271,13,2000-01-01
47520,13,1992-01-01
540489,13,2005-01-01
100476,13,2005-01-01
20522640,13,2015-01-01
22886868,13,2016-01-01
283022,13,1999-01-01
91836,13,2000-01-01
6419887,14,2010-01-01
1724365,14,2009-01-01
129117,14,2008-01-01
32758901,14,2018-01-01
262545,14,2007-01-01
6184241,14,2010-01-01
25036395,14,2017-01-01
12160934,14,2013-01-01
15981711,14,2014-01-01
3686,14,2005-01-01
764073,14,2003-01-01
146064,14,2006-01-01
10846336,14,2012-01-01
2906039,14,2009-01-01
2302650,14,2009-01-01
16059,14,2003-01-01
71845,14,2008-01-01
830265,14,2002-01-01
163677,14,2000-01-01
4015864,14,2010-01-01
20575425,14,2015-01-01
123534,14,2001-01-01
44179,14,2007-01-01
32671298,14,2018-01-01
21066604,14,2016-01-01
28217831,14,2017-01-01
9824,14,2005-01-01
36076501,14,2019-01-01
13556706,14,1999-01-01
24019187,14,2016-01-01
122619,14,2004-01-01
22756871,14,2016-01-01
2138727,14,2009-01-01
24097,14,2004-01-01
19161835,14,2015-01-01
15803173,14,2014-01-01
29011,14,2003-01-01
60614,14,2001-01-01
132267,14,2001-01-01
9530,14,2005-01-01
173165,14,2000-01-01
19604937,14,2015-01-01
1777371,14,2009-01-01
2241093,14,2003-01-01
6811221,14,2011-01-01
6557014,14,2009-01-01
6407014,14,2010-01-01
284295,14,2005-01-01
17262187,14,2014-01-01
18619684,14,2004-01-01
43641,14,2007-01-01
77203,14,2004-01-01
10917,14,2005-01-01
186074,14,2008-01-01
1618,14,2004-01-01
9361589,14,2012-01-01
2865,14,2001-01-01
40440,14,2007-01-01
6334,14,2006-01-01
9969571,14,2012-01-01
16793,14,2000-01-01
18007564,14,2015-01-01
31685789,14,2011-01-01
18143977,14,2015-01-01
1898,14,1998-01-01
27003,14,2003-01-01
227571,14,2002-01-01
9532,14,2000-01-01
13928,14,2001-01-01
16151178,14,2014-01-01
7445,14,2006-01-01
35133922,14,2019-01-01
2744,14,2006-01-01
4965,14,2002-01-01
1971304,14,2009-01-01
43015,14,2008-01-01
69136,14,2007-01-01
9516,14,2004-01-01
6381205,14,2010-01-01
6101718,14,2010-01-01
1869,14,2002-01-01
77773,14,1998-01-01
35959740,14,2019-01-01
12875258,14,2013-01-01
25489625,14,2016-01-01
13538873,14,2013-01-01
6545608,14,1998-01-01
18693763,14,2015-01-01
1279686,14,2008-01-01
470495,14,1998-01-01
13526165,14,2013-01-01
9279177,14,2012-01-01
32145,14,2004-01-01
77156,14,2000-01-01
14316,14,2007-01-01
25526296,14,2017-01-01
17780,14,2001-01-01
7362158,14,2011-01-01
16158596,14,2014-01-01
9680114,14,2013-01-01
13602426,14,2013-01-01
9634967,14,2012-01-01
7048800,14,2011-01-01
10058,14,2001-01-01
79109,14,1998-01-01
8646,14,2003-01-01
6633912,14,2010-01-01
462033,14,2004-01-01
113773,14,1999-01-01
36896898,14,2019-01-01
119216,14,2003-01-01
15984268,14,2014-01-01
8051458,14,2011-01-01
147993,14,2003-01-01
817791,14,2007-01-01
31450908,14,2018-01-01
109523,14,2004-01-01
1432370,14,2011-01-01
537375,14,1999-01-01
21418013,14,2015-01-01
543873,14,2008-01-01
6419887,15,2010-01-01
71869,16,1999-01-01
82553,16,2000-01-01
71863,16,1998-01-01
522686,16,1987-01-01
12941351,16,2013-01-01
2767052,16,2010-01-01
41865,16,2008-01-01
11870085,16,2013-01-01
38709,16,2001-01-01
7736182,16,2011-01-01
122,16,1996-01-01
45978,16,2006-01-01
60748,16,2005-01-01
18122,16,2002-01-01
7747374,16,2012-01-01
7996,16,1990-01-01
71865,16,1995-01-01
47624,16,2003-01-01
161099,16,1983-01-01
13829,16,2009-01-01
201341,16,1991-01-01
82434,16,2004-01-01
7983,16,1997-01-01
82436,16,1994-01-01
51070,16,1985-01-01
201342,16,1992-01-01
144791,16,2007-01-01
51069,16,1986-01-01
71869,17,1997-01-01
347698,17,2006-01-01
3486235,17,1996-01-01
298137,17,2003-01-01
5396496,17,2009-01-01
7519640,18,2013-01-01
216196,18,2007-01-01
1931915,18,2013-01-01
140260,18,2010-01-01
166562,18,2007-01-01
44184,18,2005-01-01
3250465,18,2011-01-01
6318413,18,2015-01-01
31952703,18,2020-01-01
123106,18,2011-01-01
50804,18,2007-01-01
657371,18,2012-01-01
5982447,18,2012-01-01
2696181,18,2012-01-01
6249550,18,2012-01-01
26109391,18,2018-01-01
22552026,18,2020-01-01
31409135,18,2019-01-01
30649795,18,2019-01-01
766319,18,2005-01-01
9711714,18,2014-01-01
18068100,18,2016-01-01
5347,18,2008-01-01
105703,18,2010-01-01
414146,18,2008-01-01
514771,18,2011-01-01
17302571,18,2016-01-01
841868,18,2007-01-01
25197374,18,2018-01-01
393715,18,2007-01-01
9817161,18,2005-01-01
17346698,18,2018-01-01
4507,18,2007-01-01
24187925,18,2018-01-01
35604686,18,2020-01-01
28458598,18,2019-01-01
35216509,18,2020-01-01
29010395,18,2020-01-01
3804289,18,2012-01-01
11138172,18,2016-01-01
11235712,18,2014-01-01
72441,18,2005-01-01
52560,18,2005-01-01
27426044,18,2020-01-01
10757806,18,2014-01-01
20518842,18,2017-01-01
18114594,18,2018-01-01
12027395,18,2014-01-01
22597784,18,2010-01-01
266663,18,2006-01-01
22596008,18,2011-01-01
45916638,18,2011-01-01
32441,18,2010-01-01
9692846,18,2009-01-01
20939738,18,2010-01-01
114967,18,2006-01-01
5323360,18,2012-01-01
19063,18,2010-01-01
13335037,18,2014-01-01
4667024,18,2013-01-01
128029,18,2011-01-01
28187,18,2009-01-01
12232938,18,2005-01-01
4214,18,2005-01-01
77203,18,2006-01-01
119322,18,2005-01-01
37435,18,2005-01-01
7171637,18,2013-01-01
99561,18,2009-01-01
1618,18,2006-01-01
3431,18,2008-01-01
7896527,18,2015-01-01
9361589,18,2014-01-01
10507293,18,2015-01-01
2865,18,2006-01-01
6068551,18,2012-01-01
36381037,18,2014-01-01
39280444,18,2005-01-01
6442769,18,2011-01-01
3236307,18,2011-01-01
16068905,18,2016-01-01
9969571,18,2014-01-01
4374400,18,2012-01-01
9275658,18,2014-01-01
18460392,18,2017-01-01
22232,18,2006-01-01
10576365,18,2016-01-01
31685789,18,2014-01-01
3975774,18,2011-01-01
8490112,18,2014-01-01
40873273,18,2008-01-01
6936382,18,2013-01-01
13152,18,2008-01-01
7735333,18,2013-01-01
8664353,18,2015-01-01
14866,18,2010-01-01
16096824,18,2017-01-01
16101128,18,2015-01-01
3682,18,2007-01-01
8908,18,2012-01-01
12000020,18,2016-01-01
4268157,18,2011-01-01
51738,18,2011-01-01
51737,18,2006-01-01
518848,18,2005-01-01
17675462,18,2015-01-01
27003,18,2006-01-01
25480342,18,2015-01-01
852470,18,2010-01-01
20820994,18,2016-01-01
452306,18,2007-01-01
14995,18,2006-01-01
9532,18,2005-01-01
248704,18,2009-01-01
49750,18,2010-01-01
19057,18,2009-01-01
15749186,18,2018-01-01
7445,18,2008-01-01
10194157,18,2014-01-01
6567017,18,2013-01-01
19547856,18,2017-01-01
13262783,18,2014-01-01
544891,18,2012-01-01
8235178,18,2014-01-01
7824322,18,2016-01-01
27774758,18,2018-01-01
693208,18,2011-01-01
6408862,18,2015-01-01
13376,18,2008-01-01
6604794,18,2013-01-01
270805,18,2013-01-01
5152478,18,2014-01-01
23395680,18,2019-01-01
43015,18,2010-01-01
43933,18,2008-01-01
35504431,18,2020-01-01
7719245,18,2013-01-01
1314332,18,2012-01-01
17851885,18,2017-01-01
11564,18,2005-01-01
11925514,18,2015-01-01
6050678,18,2013-01-01
13326831,18,2015-01-01
4932435,18,2013-01-01
18798983,18,2018-01-01
9565548,18,2017-01-01
187812,18,2010-01-01
28954189,18,2019-01-01
25614492,18,2018-01-01
19549841,18,2015-01-01
9378297,18,2015-01-01
64481,18,2009-01-01
77160,18,2007-01-01
6316171,18,2014-01-01
10798416,18,2015-01-01
28763485,18,2020-01-01
17182126,18,2016-01-01
17231,18,2007-01-01
46777,18,2008-01-01
359410,18,2011-01-01
17020,18,2008-01-01
33385229,18,2020-01-01
15818107,18,2016-01-01
5632446,18,2012-01-01
33413128,18,2019-01-01
34534,18,2007-01-01
32571395,18,2019-01-01
3238153,18,2013-01-01
29780253,18,2019-01-01
23228,18,2008-01-01
34728667,18,2020-01-01
7766027,18,2014-01-01
402013,18,2005-01-01
7157310,18,2016-01-01
201114,18,2009-01-01
954674,18,2013-01-01
15839984,18,2016-01-01
30334,18,2009-01-01
11861815,18,2015-01-01
44170,18,2012-01-01
1254951,18,2010-01-01
13522285,18,2015-01-01
13477676,18,2017-01-01
186103,18,2009-01-01
13597723,18,2017-01-01
32145,18,2006-01-01
19351043,18,2018-01-01
662597,18,2005-01-01
6420846,18,2013-01-01
287861,18,2006-01-01
9975679,18,2014-01-01
22910900,18,2018-01-01
143727,18,2008-01-01
7362158,18,2016-01-01
28243032,18,2019-01-01
18075234,18,2017-01-01
6457229,18,2013-01-01
28374007,18,2019-01-01
213652,18,2008-01-01
162086,18,2009-01-01
19448,18,2007-01-01
1629601,18,2011-01-01
24807186,18,2019-01-01
7797874,18,2010-01-01
3188580,18,2013-01-01
12291438,18,2015-01-01
7095831,18,2013-01-01
13069935,18,2015-01-01
6338619,18,2012-01-01
17668473,18,2017-01-01
34810320,18,2020-01-01
79876,18,2010-01-01
16178,18,2009-01-01
3700085,18,2014-01-01
94064,18,2006-01-01
18079527,18,2016-01-01
10909,18,2009-01-01
33356,18,2009-01-01
15777621,18,2016-01-01
29236380,18,2019-01-01
7818683,18,2014-01-01
33830437,18,2020-01-01
289601,18,2008-01-01
5303373,18,2013-01-01
20898019,18,2019-01-01
25812109,18,2020-01-01
25613472,18,2019-01-01
2177236,18,2011-01-01
11178225,18,2015-01-01
275844,18,2011-01-01
11797365,18,2015-01-01
3788053,18,2011-01-01
47076,18,2009-01-01
18599754,18,2016-01-01
24974996,18,2020-01-01
33294200,18,2020-01-01
24921954,18,2019-01-01
18659623,18,2017-01-01
253106,18,2006-01-01
389535,18,2005-01-01
28204534,18,2019-01-01
22752127,18,2018-01-01
18806240,18,2017-01-01
33906,18,2012-01-01
454856,18,2010-01-01
2214574,19,2009-01-01
104344,19,1992-01-01
209690,19,1993-01-01
6931246,19,2011-01-01
40271,19,1996-01-01
92762,19,1980-01-01
31357,19,1990-01-01
387339,19,1992-01-01
22037424,19,2000-01-01
536790,19,1986-01-01
28143415,19,2000-01-01
463376,19,1982-01-01
463378,19,1983-01-01
25372801,19,2017-01-01
13496,19,1997-01-01
5,19,2000-01-01
30165203,19,2002-01-01
40605251,19,1984-01-01
62291,19,2001-01-01
7332,19,1978-01-01
10572,19,1999-01-01
10664113,19,2012-01-01
15783514,19,2014-01-01
2744,19,2006-01-01
22544764,19,2016-01-01
17910048,19,2015-01-01
4703581,19,2010-01-01
116296,19,2008-01-01
40290,19,1988-01-01
13661,19,1991-01-01
61904,19,2004-01-01
68497,19,2003-01-01
31817749,19,2018-01-01
355,19,1985-01-01
252838,19,1981-01-01
7968,19,1989-01-01
2214574,20,2009-01-01
2917367,20,2009-01-01
209690,20,1993-01-01
9674335,20,2015-01-01
7202841,20,2015-01-01
6120349,20,2015-01-01
34037113,20,2018-01-01
15161,20,2007-01-01
26114291,20,2017-01-01
13490570,20,2015-01-01
297815,20,2005-01-01
11515328,20,2013-01-01
81075,20,2005-01-01
77355,20,1994-01-01
77353,20,1996-01-01
25692886,20,2019-01-01
21524446,20,2016-01-01
81070,20,1999-01-01
473869,20,2003-01-01
1148745,20,2008-01-01
16164271,20,2015-01-01
86889,20,2000-01-01
101949,20,2005-01-01
6671690,20,2002-01-01
694997,20,2013-01-01
9767,20,2000-01-01
7894642,20,2011-01-01
77362,20,1992-01-01
189015,20,2004-01-01
61887,20,2006-01-01
30165203,20,2002-01-01
9361589,20,2012-01-01
14497,20,1998-01-01
17675462,20,2017-01-01
15783514,20,2014-01-01
17347389,20,2017-01-01
24983,20,1993-01-01
35959740,20,2019-01-01
17378527,20,2017-01-01
17378508,20,2017-01-01
8694389,20,2012-01-01
20958632,20,2016-01-01
22522805,20,2016-01-01
61904,20,2004-01-01
16248223,20,2014-01-01
223380,20,2003-01-01
8087,20,1994-01-01
38657,20,2007-01-01
9688286,20,2011-01-01
51106,20,1992-01-01
18665033,20,2015-01-01
3217221,20,2015-01-01
186427,20,1999-01-01
13658,20,2002-01-01
8706185,20,2012-01-01
104097,20,2001-01-01
31944679,20,2019-01-01
104091,20,2001-01-01
17645,20,2006-01-01
3973532,20,2010-01-01
2214574,21,2010-01-01
7163862,21,2017-01-01
13512946,21,2012-01-01
14686,21,2008-01-01
6063110,21,2012-01-01
781124,21,2007-01-01
1353409,21,2018-01-01
81070,21,2009-01-01
21066604,21,2017-01-01
1386012,21,2011-01-01
12408152,21,2010-01-01
186074,21,2011-01-01
37442,21,2009-01-01
43545,21,2019-01-01
1215032,21,2016-01-01
68428,21,2018-01-01
25480342,21,2017-01-01
47989,21,2011-01-01
29588376,21,2008-01-01
10374,21,2016-01-01
89724,21,2019-01-01
17343,21,2014-01-01
22055262,21,2020-01-01
64222,21,2013-01-01
944073,21,2010-01-01
597790,21,2008-01-01
147915,21,2007-01-01
15790842,21,2015-01-01
3018539,21,2009-01-01
33597976,21,2014-01-01
4703581,21,2012-01-01
9591398,21,2014-01-01
60211,21,2013-01-01
18137087,21,2016-01-01
373915,21,2010-01-01
41021196,21,2019-01-01
45152372,21,2019-01-01
129798,21,2015-01-01
2214574,22,2008-01-01
218573,22,2006-01-01
16059409,22,2013-01-01
23374690,22,2014-01-01
229033,22,2007-01-01
23346643,22,2015-01-01
7767021,22,2010-01-01
189111,22,1998-01-01
2015492,22,2007-01-01
9359818,22,2011-01-01
2157324,22,2008-01-01
379343,22,2005-01-01
25372801,22,2016-01-01
17332243,22,2013-01-01
943402,22,2008-01-01
68494,22,2000-01-01
2986865,22,2008-01-01
15819028,22,2013-01-01
6437061,22,2010-01-01
25526296,22,2016-01-01
17650,22,1993-01-01
9464733,22,2011-01-01
44537,22,1997-01-01
100476,22,2004-01-01
4717491,22,2008-01-01
60932,22,1998-01-01
2662169,22,2008-01-01
7163862,23,2011-01-01
334176,23,1998-01-01
68494,23,2001-01-01
20170404,23,2015-01-01
823,23,2004-01-01
4703581,23,2010-01-01
17333324,23,2014-01-01
788331,23,1993-01-01
25499718,23,2016-01-01
17401136,23,1994-01-01
7163862,24,2011-01-01
19580,24,1981-01-01
23019294,24,2016-01-01
34605,24,1986-01-01
92762,24,1980-01-01
15670,24,1988-01-01
102885,24,1995-01-01
417656,24,1990-01-01
25692886,24,2017-01-01
1433355,24,2008-01-01
230853,24,2004-01-01
11933,24,2000-01-01
944555,24,2004-01-01
24860071,24,2013-01-01
490966,24,2006-01-01
257333,24,1997-01-01
906491,24,1994-01-01
8970727,24,1993-01-01
101949,24,2005-01-01
3034292,24,1999-01-01
463376,24,1982-01-01
12854800,24,2013-01-01
70581,24,2008-01-01
463378,24,1983-01-01
176333,24,1996-01-01
77309,24,1984-01-01
3676719,24,1984-01-01
60154,24,1977-01-01
5968676,24,1984-01-01
93282,24,1977-01-01
761218,24,1988-01-01
225691,24,1997-01-01
51948,24,1989-01-01
2010730,24,1992-01-01
757038,24,1994-01-01
2091194,24,1979-01-01
189015,24,2004-01-01
9634,24,2002-01-01
13496,24,1997-01-01
149267,24,1979-01-01
30165203,24,2002-01-01
830502,24,1987-01-01
12067,24,1991-01-01
23807,24,1989-01-01
10614,24,1988-01-01
43814,24,1986-01-01
2213661,24,2009-01-01
11590,24,1976-01-01
10644930,24,2012-01-01
10664113,24,2012-01-01
33124137,24,1984-01-01
59219,24,1985-01-01
29588376,24,2007-01-01
15783514,24,2014-01-01
4031,24,2006-01-01
11557,24,1988-01-01
11573,24,1980-01-01
68494,24,2001-01-01
52640,24,1988-01-01
104089,24,1991-01-01
22544764,24,2016-01-01
10566,24,2007-01-01
17910048,24,2015-01-01
61886,24,2002-01-01
19161852,24,2016-01-01
15819028,24,2014-01-01
55399,24,2000-01-01
179033,24,1978-01-01
6437061,24,2011-01-01
40290,24,1988-01-01
202769,24,2007-01-01
15676,24,1987-01-01
46087,24,1982-01-01
22522805,24,2016-01-01
68497,24,2003-01-01
382450,24,1983-01-01
9688286,24,2011-01-01
813214,24,1981-01-01
35068705,24,2019-01-01
182332,24,2002-01-01
47588,24,1994-01-01
11286,24,1990-01-01
114936,24,1977-01-01
12974372,24,2014-01-01
286357,24,1986-01-01
8706185,24,2012-01-01
104097,24,1999-01-01
129678,24,1996-01-01
67948,24,1984-01-01
104091,24,2001-01-01
32718027,24,2018-01-01
20174424,24,2015-01-01
47521,24,1985-01-01
81153,24,1993-01-01
7163862,25,2010-01-01
6597651,25,2010-01-01
7163862,26,2011-01-01
492069,26,2005-01-01
157387,26,1999-01-01
6293900,26,2010-01-01
278280,26,2004-01-01
818407,26,1993-01-01
6277227,26,2010-01-01
24819482,26,2015-01-01
7507944,26,2011-01-01
9415946,26,2011-01-01
834670,26,1993-01-01
7113,26,2005-01-01
30644891,26,2014-01-01
17841138,26,2014-01-01
77504,26,1996-01-01
6871841,26,2005-01-01
96284,26,1996-01-01
8603232,26,2010-01-01
25876358,26,2016-01-01
72579,26,1996-01-01
34511,26,2004-01-01
19161852,26,2015-01-01
30273,26,1996-01-01
16948,26,1998-01-01
8694389,26,2011-01-01
6472451,26,2010-01-01
22733729,26,2015-01-01
29751398,26,2017-01-01
89055,26,1998-01-01
12013,26,1996-01-01
61899,26,1999-01-01
86236,26,1996-01-01
8087,26,1993-01-01
26228034,26,2016-01-01
47588,26,1993-01-01
23943137,26,2015-01-01
7163862,27,2017-01-01
17735,27,2005-01-01
70277,27,2004-01-01
908311,27,1987-01-01
490966,27,2010-01-01
40261,27,2000-01-01
6288,27,2009-01-01
6088007,27,1992-01-01
77566,27,1998-01-01
216363,27,1993-01-01
14817,27,1991-01-01
27208,27,1989-01-01
40940649,27,2008-01-01
18630,27,1995-01-01
60211,27,2013-01-01
17262203,27,2016-01-01
7562764,27,2012-01-01
48484,27,2014-01-01
16718,27,2002-01-01
340819,27,1988-01-01
7163862,28,2010-01-01
25480342,28,2011-01-01
15811545,28,2013-01-01
4703581,28,2009-01-01
24388326,28,2015-01-01
18079719,28,2014-01-01
12266560,28,2012-01-01
97860,29,1992-01-01
457762,29,1970-01-01
417780,29,1976-01-01
7268995,29,2011-01-01
525995,29,1982-01-01
761365,29,1944-01-01
138069,29,2002-01-01
857445,29,1996-01-01
349129,29,2004-01-01
773606,29,1954-01-01
417524,29,2000-01-01
815158,29,1998-01-01
6534132,29,2010-01-01
608601,29,1980-01-01
228696,29,1988-01-01
19543,29,1964-01-01
420282,29,1986-01-01
9673436,29,2008-01-01
310258,29,1963-01-01
29291,29,1942-01-01
153540,29,1943-01-01
97860,30,1993-01-01
293595,30,1991-01-01
97860,31,1993-01-01
10587120,32,2011-01-01
10414941,32,2011-01-01
12878300,32,2012-01-01
34684622,32,2017-01-01
2590136,32,2018-01-01
17262366,32,2013-01-01
7940589,32,2011-01-01
15808816,32,2013-01-01
22609391,32,2015-01-01
10131648,32,2011-01-01
40163119,32,2019-01-01
30107571,32,2017-01-01
25570870,32,2015-01-01
10340846,32,2011-01-01
31158752,32,2017-01-01
13538641,32,2012-01-01
34568988,32,2017-01-01
29635592,32,2017-01-01
15801668,32,2013-01-01
13147885,32,2012-01-01
17286958,32,2013-01-01
22212838,32,2015-01-01
10335318,32,2011-01-01
9729504,32,2011-01-01
20897517,32,2014-01-01
17697447,32,2014-01-01
13154628,32,2012-01-01
18206751,32,2013-01-01
18373198,32,2014-01-01
9578336,32,2011-01-01
11369904,32,2011-01-01
12143200,32,2012-01-01
18679391,32,2014-01-01
10290752,32,2011-01-01
29370481,32,2016-01-01
20543546,32,2014-01-01
18775337,32,2014-01-01
16158542,32,2013-01-01
29496076,32,2017-01-01
25953369,32,2016-01-01
9938498,32,2011-01-01
11305364,32,2011-01-01
11797365,32,2012-01-01
23287193,32,2015-01-01
9862761,32,2011-01-01
621687,33,2009-01-01
6046158,33,2009-01-01
9475932,33,2012-01-01
17350491,33,2014-01-01
6839020,33,2010-01-01
6658659,33,2009-01-01
34213608,33,2019-01-01
7740772,33,2012-01-01
8339286,33,2012-01-01
293951,33,1998-01-01
3453791,33,2010-01-01
1369831,33,2008-01-01
18298890,33,2015-01-01
601390,33,2007-01-01
256003,33,2008-01-01
6764886,33,2011-01-01
1829655,33,2010-01-01
874413,33,2008-01-01
22552026,33,2019-01-01
7039746,33,2011-01-01
1900124,33,2009-01-01
6293900,33,2010-01-01
6908412,33,2011-01-01
8526585,33,2012-01-01
7200982,33,2011-01-01
13623948,33,2014-01-01
33832945,33,2019-01-01
1220721,33,2008-01-01
6783129,33,2011-01-01
15944406,33,2014-01-01
1948904,33,2009-01-01
6657648,33,2011-01-01
133772,33,2009-01-01
7807446,33,2011-01-01
12908035,33,2012-01-01
6135488,33,2010-01-01
12750296,33,2013-01-01
18600489,33,2011-01-01
16275210,33,2014-01-01
6870698,33,2011-01-01
13572812,33,2012-01-01
6460716,33,2010-01-01
6658211,33,2010-01-01
16030663,33,2014-01-01
28757261,33,1997-01-01
7039742,33,2011-01-01
12764606,33,2013-01-01
17072247,33,2011-01-01
2930911,33,2010-01-01
8189310,33,2009-01-01
17369312,33,2014-01-01
11451112,33,2013-01-01
3607394,33,2010-01-01
13262061,33,2014-01-01
3954368,33,2009-01-01
2225238,33,2009-01-01
13450407,33,2014-01-01
2097938,33,2009-01-01
15757971,33,2014-01-01
12987179,33,2013-01-01
1108130,33,2008-01-01
2584942,33,2009-01-01
2933268,33,2009-01-01
6437016,33,2010-01-01
2119366,33,2008-01-01
13402805,33,2013-01-01
13642528,33,2013-01-01
2581350,33,2009-01-01
8624532,33,2012-01-01
14800331,33,2014-01-01
11548898,33,2012-01-01
10773376,33,2012-01-01
6469814,33,2010-01-01
1144523,33,2002-01-01
6925670,33,2010-01-01
3169710,33,2009-01-01
7661056,33,2007-01-01
7898618,33,2012-01-01
2144900,33,2008-01-01
17976204,33,2014-01-01
473067,33,1998-01-01
15997131,33,2012-01-01
792162,33,1995-01-01
23302416,33,2013-01-01
15775856,33,2013-01-01
10599546,33,2012-01-01
2,33,2003-01-01
3,33,1997-01-01
136251,33,2008-01-01
1618,33,2003-01-01
4556058,33,2010-01-01
4374400,33,2010-01-01
11387515,33,2013-01-01
7735333,33,2012-01-01
16101128,33,2014-01-01
17675462,33,2014-01-01
7090447,33,2011-01-01
20758104,33,2009-01-01
32075671,33,2018-01-01
7600924,33,2011-01-01
8235178,33,2012-01-01
7824322,33,2012-01-01
3393124,33,2010-01-01
6408862,33,2010-01-01
6604794,33,2011-01-01
10626594,33,2013-01-01
284440,33,2008-01-01
20758103,33,2010-01-01
1314332,33,2008-01-01
9917938,33,2012-01-01
11925514,33,2013-01-01
6050678,33,2011-01-01
21969786,33,2015-01-01
332775,33,2008-01-01
19549841,33,2013-01-01
77160,33,2002-01-01
2855034,33,2010-01-01
1722717,33,2009-01-01
34492,33,2008-01-01
28149981,33,2012-01-01
2179276,33,2009-01-01
6609758,33,2010-01-01
1048645,33,2003-01-01
2049993,33,2009-01-01
13555073,33,2014-01-01
22910900,33,2016-01-01
2164318,33,2009-01-01
10221341,33,2013-01-01
8720917,33,2012-01-01
5982448,33,2010-01-01
16248223,33,2014-01-01
17297487,33,2014-01-01
10481268,33,2013-01-01
8619814,33,2012-01-01
1821571,33,2009-01-01
2544359,33,2009-01-01
12666103,33,2013-01-01
2149385,33,2008-01-01
6345760,33,2011-01-01
9779094,33,2013-01-01
15793231,33,2014-01-01
31194576,33,2018-01-01
10836471,33,2013-01-01
6773432,33,2011-01-01
17262236,33,2014-01-01
1840934,33,2007-01-01
5303373,33,2011-01-01
11544466,33,2014-01-01
1223288,33,2008-01-01
3224378,33,2008-01-01
11178225,33,2014-01-01
2149388,33,2009-01-01
8239438,33,2012-01-01
13621089,33,2013-01-01
7327327,33,2012-01-01
9429895,33,2012-01-01
1184305,33,2008-01-01
35887567,33,2020-01-01
4837032,33,2009-01-01
1999660,33,2009-01-01
11088150,33,2014-01-01
1206359,33,2008-01-01
3002300,33,2010-01-01
3239511,33,2008-01-01
6631750,33,2011-01-01
3649147,33,2010-01-01
199635,34,1988-01-01
890210,34,1987-01-01
10920,34,1997-01-01
96642,34,1998-01-01
39097,35,1999-01-01
15730340,35,2014-01-01
2412176,35,2009-01-01
42898,35,2008-01-01
14384,35,2007-01-01
9637479,35,2012-01-01
3585344,35,2010-01-01
815150,35,2001-01-01
39097,36,1998-01-01
18210693,36,2014-01-01
7129468,37,2012-01-01
7592279,37,2012-01-01
7027735,37,2012-01-01
7992862,37,2012-01-01
8685644,38,2012-01-01
10414941,39,2012-01-01
7968243,39,2011-01-01
32872961,39,2018-01-01
10414941,40,2012-01-01
29430746,40,2019-01-01
17334495,40,2014-01-01
20342617,40,2015-01-01
25852784,40,2017-01-01
11242368,41,2013-01-01
18405537,41,2016-01-01
6371720,41,2013-01-01
18263725,41,2016-01-01
13356190,41,2014-01-01
6261122,41,2013-01-01
13037526,41,2015-01-01
17290682,41,2017-01-01
13623777,41,2015-01-01
11699349,41,2014-01-01
17777989,41,2017-01-01
18301308,41,2017-01-01
8253491,41,2013-01-01
22238177,41,2017-01-01
22402972,41,2017-01-01
9858488,41,2014-01-01
12432220,41,2014-01-01
9917879,41,2014-01-01
12926804,41,2015-01-01
15937108,41,2015-01-01
8537327,41,2014-01-01
16054808,41,2015-01-01
7981456,41,2013-01-01
8112318,41,2013-01-01
16061340,41,2017-01-01
167302,42,2002-01-01
6280379,42,2009-01-01
43691,42,2004-01-01
74462,42,2002-01-01
11700333,42,2012-01-01
347698,42,2006-01-01
69935,42,1988-01-01
69930,42,1984-01-01
319388,42,1978-01-01
22501028,42,2015-01-01
20439328,42,2014-01-01
2176,42,1984-01-01
89821,42,1999-01-01
432556,42,1972-01-01
827326,42,1993-01-01
409636,42,1991-01-01
60707,42,1980-01-01
352679,42,1994-01-01
1139452,42,2007-01-01
103123,42,1989-01-01
1523438,42,2007-01-01
7199961,42,2010-01-01
555048,42,2001-01-01
35003282,42,2019-01-01
6773503,42,2010-01-01
63657,42,2006-01-01
4026382,42,2005-01-01
43702,42,1999-01-01
268016,42,2000-01-01
2694539,42,2009-01-01
1354254,42,1982-01-01
42701,42,1991-01-01
147493,42,1969-01-01
22543699,42,2015-01-01
2016758,42,1997-01-01
36004,42,1984-01-01
9593705,42,2011-01-01
35711376,42,2017-01-01
127630,42,2005-01-01
202881,42,1977-01-01
58677,42,1981-01-01
11076123,42,2011-01-01
883995,42,1995-01-01
31662,42,1980-01-01
667196,42,1981-01-01
276796,42,1988-01-01
6871,42,1992-01-01
372392,42,1971-01-01
45369,42,2005-01-01
136763,42,2000-01-01
38447,42,1986-01-01
6867,42,2001-01-01
6334,42,2005-01-01
49628,42,2004-01-01
31685789,42,2010-01-01
5211,42,1996-01-01
46756,42,2003-01-01
8913370,42,2002-01-01
22822858,42,2015-01-01
72579,42,1996-01-01
12781,42,1988-01-01
51019,42,1989-01-01
15811545,42,2013-01-01
12384322,42,2012-01-01
23031,42,1991-01-01
815309,42,2007-01-01
6872,42,1981-01-01
1833852,42,2008-01-01
3679,42,2005-01-01
40961543,42,2007-01-01
77554,42,1993-01-01
30244626,42,2017-01-01
9850443,42,2011-01-01
2435104,42,1979-01-01
56674,42,1984-01-01
9865,42,1995-01-01
17262100,42,2013-01-01
46087,42,1981-01-01
4831,42,1983-01-01
25584847,42,2006-01-01
6065182,42,2009-01-01
35306,42,2002-01-01
40180098,42,2018-01-01
16176440,42,2014-01-01
19661,42,2002-01-01
148639,42,1983-01-01
1330324,42,2008-01-01
8822,42,1980-01-01
3419808,42,2008-01-01
30688435,42,2017-01-01
14257,42,2000-01-01
82965,42,1992-01-01
286357,42,1985-01-01
5845,42,1979-01-01
123036,42,2001-01-01
304209,42,1990-01-01
12031532,42,2012-01-01
13258,42,2003-01-01
312029,42,1990-01-01
31549906,42,2016-01-01
28446947,42,2017-01-01
18723,42,2003-01-01
3659,42,1989-01-01
543873,42,2007-01-01
6820,42,2001-01-01
15852479,42,2013-01-01
28922,42,1986-01-01
167302,43,2002-01-01
10187223,43,2011-01-01
74462,43,2002-01-01
133937,43,1998-01-01
6065179,43,2009-01-01
11100788,43,2012-01-01
13073519,43,2012-01-01
6101138,43,2009-01-01
18651980,43,2014-01-01
4772110,43,2009-01-01
268016,43,2000-01-01
11782,43,2005-01-01
15762186,43,2013-01-01
33311863,43,2018-01-01
29780,43,2001-01-01
127630,43,2005-01-01
15803141,43,2013-01-01
2153793,43,2008-01-01
2187,43,2003-01-01
1618,43,2003-01-01
6867,43,2001-01-01
6334,43,2005-01-01
49628,43,2004-01-01
24800,43,2000-01-01
7826803,43,2009-01-01
18749,43,2006-01-01
40200,43,2003-01-01
7141642,43,2010-01-01
40961543,43,2007-01-01
25584847,43,2006-01-01
19661,43,2002-01-01
7274337,43,2010-01-01
413177,43,2005-01-01
6870,43,1997-01-01
3009435,43,2008-01-01
6820,43,2001-01-01
167302,44,2003-01-01
18218630,44,2014-01-01
2615008,44,2009-01-01
4026382,44,2006-01-01
30510,44,2007-01-01
163,44,1998-01-01
311308,45,1995-01-01
420733,45,1998-01-01
107779,45,1996-01-01
72623,45,1995-01-01
6646071,45,1996-01-01
82553,46,2000-01-01
71864,46,1998-01-01
71863,46,1999-01-01
82553,47,1998-01-01
71863,47,1995-01-01
47907,47,1995-01-01
29414640,47,2016-01-01
18169279,47,2013-01-01
28446169,47,2015-01-01
6889348,47,2009-01-01
22852698,48,2016-01-01
1215032,48,2012-01-01
7235533,48,2011-01-01
17332218,48,2015-01-01
6043781,48,2009-01-01
15985373,48,2014-01-01
30688013,48,2018-01-01
22852698,49,2016-01-01
30841984,49,2018-01-01
15750610,49,2013-01-01
17332218,49,2015-01-01
2315892,49,2010-01-01
15985373,49,2014-01-01
457762,50,1978-01-01
24384,50,1963-01-01
205821,50,1958-01-01
824204,50,1958-01-01
65959,50,1965-01-01
903,50,1970-01-01
598117,50,1970-01-01
296384,50,1971-01-01
325421,50,1958-01-01
489972,50,1979-01-01
333766,50,1966-01-01
11301,50,1958-01-01
11030772,50,1958-01-01
730596,50,1973-01-01
231821,50,1971-01-01
694997,50,1970-01-01
377889,50,1969-01-01
775597,50,1958-01-01
409320,50,1972-01-01
15746428,50,1958-01-01
7953155,50,1971-01-01
876034,50,1979-01-01
468116,50,1963-01-01
833228,50,1973-01-01
19844986,50,1971-01-01
1038268,50,1977-01-01
2998,50,1958-01-01
24583,50,1967-01-01
100915,50,1962-01-01
236093,50,1968-01-01
40940121,50,1978-01-01
144974,50,1971-01-01
5659,50,1958-01-01
41044096,50,1961-01-01
84981,50,1978-01-01
19302,50,1973-01-01
8337,50,1958-01-01
13642,50,1979-01-01
3980,50,1968-01-01
34053,50,1967-01-01
9822,50,1972-01-01
776407,50,1958-01-01
18553,50,1970-01-01
41667,50,1965-01-01
19321,50,1958-01-01
17162,50,1979-01-01
61549,50,1958-01-01
348573,50,1960-01-01
543086,50,1963-01-01
34898,50,1968-01-01
278958,50,1973-01-01
457762,51,1970-01-01
296384,51,1969-01-01
1369468,51,1974-01-01
1246273,51,1970-01-01
24335,51,1971-01-01
18580,51,1974-01-01
386286,51,1973-01-01
402,52,1992-01-01
128109,52,2004-01-01
40940157,52,2012-01-01
282675,52,1992-01-01
12881,52,1994-01-01
26931,52,1999-01-01
871284,52,1990-01-01
19794,52,2007-01-01
7123240,52,1982-01-01
2227528,52,2009-01-01
24914,52,2006-01-01
1136210,52,1995-01-01
7244,52,1999-01-01
133518,52,1991-01-01
3805,52,2002-01-01
60792,52,1986-01-01
11741,52,1982-01-01
11761,52,1998-01-01
271074,52,2008-01-01
33597976,52,2013-01-01
11437,52,1989-01-01
31093,52,1992-01-01
12991188,52,2012-01-01
11449,52,1984-01-01
592191,52,1980-01-01
11654,52,1996-01-01
15975,52,2001-01-01
36692478,52,2019-01-01
9443405,52,2012-01-01
14276,52,1981-01-01
16240761,52,2014-01-01
235773,52,2000-01-01
50696,52,1980-01-01
27999,52,2000-01-01
77699,52,1983-01-01
402,53,1992-01-01
50695,53,2007-01-01
2615008,53,2009-01-01
10464963,53,2012-01-01
12881,53,1994-01-01
871284,53,1990-01-01
2233479,53,2008-01-01
11659,53,2004-01-01
28000,53,1993-01-01
24914,53,2006-01-01
895295,53,1988-01-01
5826,53,2002-01-01
77142,53,1995-01-01
11899,53,1999-01-01
11734,53,2001-01-01
16176440,53,2014-01-01
235773,53,2000-01-01
12374,53,1996-01-01
35259724,53,2017-01-01
226425,54,1998-01-01
105999,54,1985-01-01
477990,54,1978-01-01
20701984,54,2016-01-01
500799,54,1997-01-01
816752,54,1987-01-01
994232,54,1958-01-01
29241321,54,2018-01-01
22509955,54,2017-01-01
244422,54,1966-01-01
267972,54,1988-01-01
231821,54,1963-01-01
967511,54,1965-01-01
23302416,54,2014-01-01
137491,54,1976-01-01
2767052,54,2010-01-01
38709,54,2000-01-01
24337,54,1999-01-01
47281,54,1991-01-01
11387515,54,2014-01-01
357664,54,2002-01-01
50,54,1989-01-01
37190,54,2005-01-01
389627,54,2009-01-01
6393631,54,2012-01-01
139463,54,1992-01-01
281235,54,1981-01-01
143555,54,1983-01-01
16054808,54,2015-01-01
207153,54,1993-01-01
4835838,54,2011-01-01
368468,54,2001-01-01
8354134,54,2013-01-01
222458,54,2008-01-01
53498,54,2003-01-01
439092,54,2006-01-01
13067,54,2007-01-01
87220,54,2004-01-01
226425,55,2015-01-01
15766776,55,2016-01-01
26030734,55,2018-01-01
1238684,55,2015-01-01
6277757,55,2015-01-01
17349203,55,2016-01-01
22064780,55,2018-01-01
35542217,55,2020-01-01
28107444,55,2020-01-01
15780279,55,2019-01-01
9639648,55,2016-01-01
440520,55,2015-01-01
25311520,55,2018-01-01
13262061,55,2015-01-01
28217808,55,2019-01-01
22509955,55,2018-01-01
7684993,55,2017-01-01
8514027,55,2017-01-01
23404,55,2016-01-01
20575434,55,2017-01-01
11982396,55,2016-01-01
25938399,55,2019-01-01
22402972,55,2019-01-01
33986447,55,2020-01-01
23285694,55,2020-01-01
12793708,55,2016-01-01
39988,55,2016-01-01
84981,55,2017-01-01
307791,55,2019-01-01
50,55,2016-01-01
227651,55,2018-01-01
9822,55,2017-01-01
262430,55,2015-01-01
10128428,55,2015-01-01
20912424,55,2017-01-01
16054808,55,2016-01-01
207153,55,2015-01-01
439173,55,2015-01-01
4835838,55,2018-01-01
5983694,55,2018-01-01
2884758,55,2016-01-01
13806,56,2007-01-01
2917367,56,2009-01-01
19580,56,1981-01-01
186445,56,1992-01-01
975885,56,1981-01-01
42141,56,2006-01-01
15808474,56,2014-01-01
12759057,56,2013-01-01
209693,56,1980-01-01
299758,56,1983-01-01
99461,56,1981-01-01
23601046,56,2016-01-01
23909755,56,2017-01-01
15670,56,1988-01-01
11515328,56,2013-01-01
29588,56,2006-01-01
2443516,56,2009-01-01
64105,56,1980-01-01
96977,56,1980-01-01
13990,56,1995-01-01
417656,56,1990-01-01
6582496,56,2010-01-01
35965482,56,2020-01-01
23463,56,1981-01-01
24860071,56,2013-01-01
96980,56,1983-01-01
61985,56,1982-01-01
85866,56,1980-01-01
3978,56,2003-01-01
4187533,56,1985-01-01
15750610,56,2013-01-01
7767021,56,2011-01-01
774416,56,1987-01-01
1148745,56,2008-01-01
12555973,56,1983-01-01
8970727,56,1994-01-01
101949,56,2005-01-01
13594352,56,2006-01-01
12854800,56,2013-01-01
23282249,56,2016-01-01
70581,56,2008-01-01
6671690,56,2001-01-01
438190,56,1988-01-01
3676719,56,1984-01-01
16148208,56,2015-01-01
22875,56,1983-01-01
228992,56,1984-01-01
404223,56,1981-01-01
13648,56,2005-01-01
102267,56,1978-01-01
1777371,56,2009-01-01
5356476,56,2010-01-01
6065889,56,2010-01-01
32063117,56,2018-01-01
7894642,56,2011-01-01
28692,56,2004-01-01
24997064,56,2017-01-01
4703553,56,2012-01-01
16173349,56,2013-01-01
61887,56,2006-01-01
6435253,56,2010-01-01
11588,56,1978-01-01
830502,56,1987-01-01
12067,56,1991-01-01
43814,56,1986-01-01
1215032,56,2012-01-01
301082,56,2002-01-01
16793,56,1999-01-01
7235533,56,2011-01-01
18122,56,2001-01-01
13497,56,2006-01-01
33124137,56,1984-01-01
59219,56,1985-01-01
17332218,56,2015-01-01
47989,56,2003-01-01
64222,56,2005-01-01
11573,56,1980-01-01
10603,56,1982-01-01
68494,56,2001-01-01
16130549,56,2014-01-01
44659,56,1983-01-01
15575,56,1978-01-01
25300956,56,1997-01-01
52640,56,1988-01-01
104089,56,1991-01-01
10629,56,1984-01-01
10566,56,2007-01-01
62530,56,2006-01-01
60931,56,1980-01-01
35231,56,1995-01-01
234184,56,1996-01-01
15729539,56,2014-01-01
6587879,56,2011-01-01
61886,56,2002-01-01
19161852,56,2016-01-01
2113260,56,2011-01-01
90619,56,1982-01-01
7141642,56,2011-01-01
13888,56,2006-01-01
5093,56,2005-01-01
179033,56,1978-01-01
76664,56,1978-01-01
2890090,56,2014-01-01
142296,56,1984-01-01
8694389,56,2012-01-01
60211,56,1981-01-01
8785374,56,2012-01-01
9300768,56,2012-01-01
395962,56,2003-01-01
10079321,56,2012-01-01
6736971,56,2011-01-01
20926278,56,2015-01-01
28691,56,1994-01-01
62571,56,1982-01-01
43263680,56,2020-01-01
382450,56,1983-01-01
26228034,56,2017-01-01
9688286,56,2011-01-01
19103097,56,2015-01-01
77364,56,1997-01-01
290628,56,1987-01-01
498214,56,1987-01-01
30072,56,2007-01-01
8706185,56,2012-01-01
67948,56,1984-01-01
43575115,56,2020-01-01
4717491,56,2009-01-01
20174424,56,2015-01-01
547448,56,2008-01-01
6250169,56,2010-01-01
28694,56,2005-01-01
60925,56,2006-01-01
12700306,57,2012-01-01
11746102,57,2012-01-01
12444166,57,2012-01-01
10331050,57,2013-01-01
13413589,57,2013-01-01
13091829,57,2012-01-01
16071748,57,2013-01-01
12114440,57,2012-01-01
7942786,57,2012-01-01
12958034,57,2013-01-01
11506205,57,2012-01-01
10184403,57,2013-01-01
8786358,57,2012-01-01
11557982,57,2012-01-01
15985348,57,2013-01-01
16130369,57,2013-01-01
12275680,57,2012-01-01
12348550,57,2012-01-01
8356487,57,2011-01-01
6587387,57,2010-01-01
6871617,57,2011-01-01
17199504,57,2013-01-01
6587879,57,2010-01-01
15711341,57,2013-01-01
15767586,57,2013-01-01
7060582,57,2010-01-01
6585201,57,2010-01-01
8087906,57,2011-01-01
9581001,57,2011-01-01
9533378,57,2011-01-01
6916963,57,2010-01-01
7802254,57,2011-01-01
9565045,57,2011-01-01
7108001,57,2010-01-01
6547188,57,2010-01-01
6611038,57,2010-01-01
8138071,57,2011-01-01
10836728,57,2012-01-01
15813668,57,2013-01-01
11544421,57,2013-01-01
10407279,57,2012-01-01
7121598,57,2010-01-01
6449378,57,2010-01-01
8935153,57,2011-01-01
7797032,57,2011-01-01
13241659,57,2013-01-01
10599805,57,2012-01-01
7719355,57,2010-01-01
10184345,57,2012-01-01
8926959,57,2011-01-01
10783217,57,2011-01-01
6782468,57,2010-01-01
13477883,57,2013-01-01
10222362,58,2016-01-01
615359,58,2010-01-01
459901,58,2010-01-01
4504870,58,2011-01-01
2696181,58,2011-01-01
17852690,58,2018-01-01
17408897,58,2018-01-01
13517617,58,2016-01-01
18490532,58,2017-01-01
22929578,58,2018-01-01
809372,58,2009-01-01
2842796,58,2011-01-01
170136,58,2010-01-01
554165,58,2009-01-01
22608738,58,2018-01-01
17566814,58,2017-01-01
18667753,58,2017-01-01
15829686,58,2016-01-01
3259967,58,2011-01-01
28899,58,2009-01-01
16101054,58,2016-01-01
22328546,58,2018-01-01
2536134,58,2011-01-01
13326831,58,2016-01-01
1902241,58,2011-01-01
187753,58,2009-01-01
22571275,58,2018-01-01
16059396,58,2016-01-01
6002005,58,2012-01-01
7027735,58,2012-01-01
11988046,58,2016-01-01
3032314,58,2011-01-01
196560,58,2009-01-01
1663664,58,2010-01-01
223182,58,2010-01-01
603515,58,2010-01-01
332624,58,2009-01-01
3002300,58,2011-01-01
22571259,58,2018-01-01
25242224,59,2016-01-01
18395080,59,2017-01-01
13142142,59,2016-01-01
6066864,59,2014-01-01
17465515,59,2014-01-01
7429046,59,2014-01-01
23156040,59,2015-01-01
25242224,60,2015-01-01
10291971,60,2011-01-01
25242224,61,2016-01-01
28256439,61,2017-01-01
33621427,61,2018-01-01
25394434,61,2016-01-01
18107677,61,2014-01-01
17333223,61,2014-01-01
22557272,61,2016-01-01
16115612,61,2014-01-01
31434883,61,2018-01-01
29056083,61,2017-01-01
17851885,61,2014-01-01
20910157,61,2015-01-01
29906980,61,2018-01-01
16176440,61,2015-01-01
34128219,61,2018-01-01
17733898,61,2014-01-01
25242224,62,2016-01-01
27403373,62,2017-01-01
42983724,62,2019-01-01
22028638,62,2018-01-01
24997390,62,2016-01-01
11750412,63,2012-01-01
102661,64,1974-01-01
13374,64,2004-01-01
322662,64,1968-01-01
409636,64,1991-01-01
147146,64,2006-01-01
22662902,64,2014-01-01
1077304,64,1957-01-01
12325994,64,1966-01-01
6427742,64,2009-01-01
31662,64,1978-01-01
1294493,64,1999-01-01
114496,64,1972-01-01
38447,64,1985-01-01
11713,64,1992-01-01
17333230,64,2013-01-01
77554,64,1993-01-01
9850443,64,2011-01-01
80063,64,2007-01-01
15815333,65,2013-01-01
13438524,65,2012-01-01
13325079,65,2012-01-01
6280379,65,2009-01-01
22875451,65,2015-01-01
44581535,65,2019-01-01
41081373,65,2019-01-01
25810500,65,2016-01-01
17349023,65,2013-01-01
25852870,65,2016-01-01
22716194,65,2015-01-01
3235139,65,2009-01-01
24612118,65,2015-01-01
25893709,65,2016-01-01
33621427,65,2017-01-01
36344555,65,2018-01-01
40940157,65,2011-01-01
21853633,65,2015-01-01
32920226,65,2017-01-01
9658159,65,2011-01-01
9545064,65,2011-01-01
22501028,65,2015-01-01
18507827,65,2014-01-01
15701217,65,2013-01-01
16130291,65,2013-01-01
23398625,65,2015-01-01
44564172,65,2018-01-01
17884042,65,2014-01-01
42201996,65,2019-01-01
4313522,65,2009-01-01
6944566,65,2010-01-01
6065179,65,2009-01-01
33828743,65,2017-01-01
32388712,65,2017-01-01
15823461,65,2013-01-01
18467818,65,2014-01-01
9996645,65,2010-01-01
33916024,65,2017-01-01
12872236,65,2012-01-01
36373463,65,2018-01-01
18493592,65,2014-01-01
25810398,65,2016-01-01
7334201,65,2010-01-01
11469379,65,2012-01-01
16071745,65,2013-01-01
26893819,65,2016-01-01
12987977,65,2012-01-01
32990975,65,2016-01-01
24452249,65,2015-01-01
43800180,65,2019-01-01
6251222,65,2009-01-01
28587957,65,2016-01-01
23754479,65,2015-01-01
9923372,65,2011-01-01
23398961,65,2015-01-01
22642472,65,2014-01-01
18114068,65,2014-01-01
37470,65,2009-01-01
17347634,65,2013-01-01
3591262,65,2009-01-01
7723542,65,2010-01-01
17333223,65,2013-01-01
22822858,65,2015-01-01
16181775,65,2013-01-01
31434883,65,2017-01-01
33516773,65,2014-01-01
10032672,65,2011-01-01
15753740,65,2013-01-01
15796700,65,2013-01-01
5941033,65,2009-01-01
20170404,65,2014-01-01
10746542,65,2011-01-01
12875258,65,2012-01-01
7331435,65,2010-01-01
17802724,65,2013-01-01
15811545,65,2013-01-01
30008702,65,2016-01-01
6948436,65,2009-01-01
41022133,65,2014-01-01
13538873,65,2012-01-01
15818107,65,2013-01-01
33413128,65,2017-01-01
3367956,65,2009-01-01
11529868,65,2012-01-01
3684856,65,2009-01-01
5960325,65,2009-01-01
18428067,65,2013-01-01
10996342,65,2011-01-01
6668467,65,2010-01-01
41021501,65,2016-01-01
5126859,65,2010-01-01
6224935,65,2009-01-01
12401556,65,2012-01-01
9279177,65,2011-01-01
6335026,65,2009-01-01
8366402,65,2011-01-01
18816603,65,2014-01-01
23604559,65,2015-01-01
4954833,65,2009-01-01
21965107,65,2014-01-01
27774596,65,2015-01-01
26114135,65,2016-01-01
8546358,65,2011-01-01
30821598,65,2017-01-01
13227454,65,2012-01-01
18693627,65,2013-01-01
13503109,65,2012-01-01
10964693,65,2011-01-01
17262100,65,2013-01-01
23359964,65,2014-01-01
4836308,65,2009-01-01
4929705,65,2009-01-01
40545956,65,2019-01-01
40180098,65,2018-01-01
8949352,65,2011-01-01
13538552,65,2012-01-01
13641208,65,2013-01-01
7048800,65,2010-01-01
39072210,65,2018-01-01
20819685,65,2014-01-01
6135237,65,2009-01-01
10059498,65,2011-01-01
18293427,65,2014-01-01
9443405,65,2011-01-01
33590210,65,2018-01-01
18090147,65,2014-01-01
11447921,65,2012-01-01
7146335,65,2010-01-01
30688435,65,2017-01-01
40409102,65,2017-01-01
3222979,65,2009-01-01
39280445,65,2018-01-01
29864343,65,2017-01-01
7468160,65,2010-01-01
44279110,65,2018-01-01
4601396,65,2009-01-01
5802140,65,2009-01-01
25781157,65,2016-01-01
41057294,65,2019-01-01
12022079,65,2012-01-01
13330761,65,2012-01-01
7907782,65,2010-01-01
41723475,65,2019-01-01
6224826,65,2009-01-01
127028,66,1919-01-01
11389,66,1926-01-01
1160780,66,1930-01-01
9810317,66,1937-01-01
543137,66,1923-01-01
4395,66,1940-01-01
18405,66,1937-01-01
1078,66,1932-01-01
53835,66,1921-01-01
18114322,66,1940-01-01
92508,66,1928-01-01
159582,66,1939-01-01
17735,67,2003-01-01
104344,67,1998-01-01
18505844,67,2015-01-01
63742,67,2000-01-01
40450,67,2005-01-01
840278,67,1987-01-01
278280,67,2005-01-01
96478,67,2003-01-01
337048,67,1997-01-01
2031004,67,1994-01-01
6993091,67,2011-01-01
4889214,67,2010-01-01
25829156,67,2016-01-01
968997,67,1990-01-01
22028638,67,2019-01-01
89186,67,2006-01-01
23281789,67,2016-01-01
17863,67,2006-01-01
29567845,67,2018-01-01
64773,67,2004-01-01
31451186,67,2018-01-01
6671690,67,2011-01-01
33311863,67,2018-01-01
64924,67,2004-01-01
77504,67,1997-01-01
9359818,67,2014-01-01
62992,67,1996-01-01
757038,67,1994-01-01
843565,67,1997-01-01
18619684,67,2005-01-01
6334,67,2006-01-01
49628,67,2005-01-01
40651883,67,1994-01-01
816,67,2000-01-01
77566,67,1992-01-01
827,67,1996-01-01
20758105,67,2011-01-01
24983,67,1993-01-01
2845024,67,2009-01-01
341735,67,1988-01-01
144800,67,2008-01-01
116257,67,2005-01-01
12007,67,1991-01-01
22320,67,2004-01-01
226004,67,2000-01-01
22733729,67,2016-01-01
89187,67,2001-01-01
68497,67,2003-01-01
239239,67,1996-01-01
29475447,67,2017-01-01
96063,67,2003-01-01
1126719,67,2009-01-01
45258,67,2002-01-01
6285903,67,2010-01-01
2723,67,2003-01-01
137443,67,1988-01-01
26118426,67,2017-01-01
17735,68,2002-01-01
28220826,68,2016-01-01
11515328,68,2012-01-01
174764,68,1997-01-01
102885,68,1995-01-01
396647,68,1991-01-01
206662,68,2005-01-01
21607,68,2004-01-01
20758104,68,2008-01-01
334176,68,1996-01-01
202769,68,2006-01-01
100485,68,2004-01-01
71847,68,2003-01-01
22693811,69,2015-01-01
18405537,69,2014-01-01
12384984,69,2012-01-01
15766776,69,2013-01-01
8485458,69,2011-01-01
16074748,69,2013-01-01
32324555,69,2017-01-01
26030734,69,2016-01-01
18263725,69,2014-01-01
44014779,69,2019-01-01
23310699,69,2015-01-01
25387393,69,2016-01-01
20701984,69,2014-01-01
11512688,69,2012-01-01
7355137,69,2011-01-01
36443315,69,2018-01-01
13642663,69,2013-01-01
12926132,69,2012-01-01
22098550,69,2016-01-01
13612962,69,2015-01-01
18689810,69,2014-01-01
20172134,69,2014-01-01
25937866,69,2016-01-01
10637959,69,2011-01-01
15756277,69,2013-01-01
15944406,69,2013-01-01
27833683,69,2016-01-01
17349203,69,2013-01-01
12822875,69,2012-01-01
35542217,69,2017-01-01
28107444,69,2018-01-01
36222611,69,2018-01-01
35297562,69,2018-01-01
36546966,69,2018-01-01
13563669,69,2012-01-01
13612965,69,2016-01-01
13262061,69,2012-01-01
39884337,69,2019-01-01
30123268,69,2016-01-01
18049017,69,2014-01-01
39352771,69,2019-01-01
11438693,69,2013-01-01
18114578,69,2015-01-01
33282947,69,2017-01-01
36959639,69,2018-01-01
18222556,69,2014-01-01
35403058,69,2018-01-01
11984131,69,2013-01-01
25814583,69,2015-01-01
33386034,69,2017-01-01
22453777,69,2016-01-01
41386643,69,2019-01-01
12107927,69,2013-01-01
20444068,69,2011-01-01
18498292,69,2018-01-01
23615709,69,2015-01-01
35464020,69,2018-01-01
22402972,69,2015-01-01
39217633,69,2018-01-01
42190572,69,2019-01-01
26800718,69,2017-01-01
39280558,69,2019-01-01
23302416,69,2012-01-01
31212082,69,2017-01-01
15768989,69,2013-01-01
36203664,69,2019-01-01
14059024,69,2014-01-01
25776664,69,2016-01-01
11387515,69,2012-01-01
25480342,69,2011-01-01
9067850,69,2011-01-01
12893742,69,2012-01-01
12432220,69,2012-01-01
11607446,69,2012-01-01
11594337,69,2012-01-01
17722973,69,2013-01-01
42080479,69,2013-01-01
20706320,69,2014-01-01
9591398,69,2011-01-01
9165406,69,2011-01-01
10128428,69,2011-01-01
27904311,69,2016-01-01
8306745,69,2011-01-01
10431447,69,2011-01-01
24968392,69,2015-01-01
15703770,69,2013-01-01
13555073,69,2013-01-01
9917879,69,2011-01-01
20912424,69,2015-01-01
15937108,69,2013-01-01
20578940,69,2014-01-01
9307674,69,2012-01-01
15801381,69,2013-01-01
11254250,69,2011-01-01
16054808,69,2013-01-01
18225810,69,2014-01-01
8619814,69,2011-01-01
23566909,69,2015-01-01
30145666,69,2017-01-01
13152282,69,2012-01-01
8435445,69,2011-01-01
17667561,69,2014-01-01
12969560,69,2012-01-01
32940857,69,2017-01-01
23611997,69,2016-01-01
25711360,69,2016-01-01
20821284,69,2014-01-01
41015844,69,2013-01-01
11254850,69,2012-01-01
9252036,69,2011-01-01
18004320,69,2015-01-01
9465845,69,2011-01-01
22749539,69,2015-01-01
28110143,69,2016-01-01
21535019,69,2014-01-01
13477819,69,2012-01-01
18172465,69,2014-01-01
24396876,69,2015-01-01
33865643,69,2017-01-01
44150974,69,2019-01-01
29550388,69,2017-01-01
40948486,69,2015-01-01
22571259,69,2015-01-01
22693811,70,2015-01-01
22091081,70,2014-01-01
79090,71,2000-01-01
349681,71,1998-01-01
4858915,71,2010-01-01
189096,71,1997-01-01
102916,71,2000-01-01
25992990,71,2016-01-01
13425592,71,2013-01-01
13154628,71,2013-01-01
141596,71,2007-01-01
102215,71,1976-01-01
171112,71,2007-01-01
96789,71,1997-01-01
3359595,71,2009-01-01
158141,71,1987-01-01
35068432,71,2019-01-01
1391817,71,1982-01-01
225383,71,1993-01-01
1747896,71,2009-01-01
225384,71,2005-01-01
117904,72,2002-01-01
118065,72,2007-01-01
117904,73,2002-01-01
117904,74,2001-01-01
13438524,75,2013-01-01
40940157,75,2012-01-01
248787,75,2008-01-01
10385704,75,2011-01-01
586732,75,2008-01-01
1627127,75,2009-01-01
24612266,75,2016-01-01
7624594,75,2011-01-01
22163,75,2008-01-01
3109,75,2007-01-01
18803640,75,2016-01-01
13438524,76,2013-01-01
36047860,76,2019-01-01
32920226,76,2018-01-01
22501028,76,2015-01-01
17884042,76,2014-01-01
37969723,76,2019-01-01
24044141,76,2016-01-01
17333223,76,2014-01-01
22822858,76,2016-01-01
15796700,76,2014-01-01
35959740,76,2019-01-01
15790842,76,2013-01-01
17333319,76,2014-01-01
13526165,76,2013-01-01
13507212,76,2013-01-01
17262100,76,2014-01-01
38819868,76,2019-01-01
31549906,76,2017-01-01
13438524,77,2013-01-01
13325079,77,2013-01-01
25893709,77,2017-01-01
32920226,77,2018-01-01
13562049,77,2013-01-01
22501028,77,2016-01-01
9592213,77,2012-01-01
11045709,77,2012-01-01
20663749,77,2015-01-01
15701217,77,2014-01-01
9271896,77,2012-01-01
11866694,77,2013-01-01
20505830,77,2015-01-01
27917957,77,2017-01-01
32388712,77,2018-01-01
13129612,77,2013-01-01
25328105,77,2015-01-01
18493592,77,2015-01-01
10306358,77,2012-01-01
23399010,77,2016-01-01
33311863,77,2018-01-01
13722902,77,2013-01-01
34128285,77,2018-01-01
24452249,77,2016-01-01
18107677,77,2014-01-01
23754479,77,2016-01-01
9639197,77,2012-01-01
11076123,77,2013-01-01
13586743,77,2013-01-01
13530981,77,2013-01-01
10357575,77,2012-01-01
16115612,77,2014-01-01
20170404,77,2015-01-01
10746542,77,2012-01-01
15811545,77,2014-01-01
15790842,77,2014-01-01
11529868,77,2013-01-01
18302455,77,2014-01-01
18428067,77,2014-01-01
10996342,77,2012-01-01
17465453,77,2014-01-01
30244626,77,2018-01-01
8366402,77,2012-01-01
27071490,77,2017-01-01
9850443,77,2012-01-01
21965107,77,2015-01-01
13507212,77,2013-01-01
13227454,77,2013-01-01
10964693,77,2012-01-01
17262100,77,2014-01-01
17905709,77,2015-01-01
29906980,77,2018-01-01
20819685,77,2015-01-01
36692478,77,2019-01-01
18090147,77,2015-01-01
11447921,77,2013-01-01
30688435,77,2018-01-01
39927096,77,2018-01-01
40718205,77,2014-01-01
20893314,77,2015-01-01
23156040,77,2015-01-01
30091914,77,2018-01-01
18339630,77,2015-01-01
12758317,77,2013-01-01
13330761,77,2013-01-01
20575411,77,2015-01-01
13152998,77,2013-01-01
3381581,77,2016-01-01
33253215,77,2018-01-01
31549906,77,2017-01-01
35259724,77,2017-01-01
13438524,78,2012-01-01
6595962,78,2010-01-01
9526,79,2007-01-01
472331,79,1992-01-01
40490167,79,1988-01-01
15197,79,1993-01-01
80834,79,2014-01-01
13325079,80,2012-01-01
43691,80,2004-01-01
77954,80,1980-01-01
827326,80,1994-01-01
2100173,80,1988-01-01
7123240,80,1982-01-01
77850,80,1995-01-01
18143974,80,2014-01-01
17608949,80,1997-01-01
38447,80,1986-01-01
9717,80,1984-01-01
9712,80,1988-01-01
6867,80,2002-01-01
375013,80,1983-01-01
5211,80,1996-01-01
7331435,80,2010-01-01
15811545,80,2013-01-01
15197,80,1992-01-01
240976,80,1984-01-01
434903,80,1998-01-01
760,80,2005-01-01
46087,80,1981-01-01
14250,80,1993-01-01
2924318,80,2008-01-01
91440,80,1985-01-01
95105,80,1991-01-01
30688435,80,2017-01-01
13325079,81,2013-01-01
10846336,81,2012-01-01
29983711,81,2018-01-01
2227528,81,2009-01-01
2051755,81,2009-01-01
2100810,81,2009-01-01
18143977,81,2015-01-01
3591262,81,2010-01-01
18428067,81,2014-01-01
34051011,81,2018-01-01
27071490,81,2017-01-01
13602426,81,2013-01-01
5587960,81,2010-01-01
2296567,81,2009-01-01
13366259,81,2013-01-01
13325079,82,2012-01-01
36047860,82,2018-01-01
12738,82,1980-01-01
871284,82,1989-01-01
6101138,82,2009-01-01
24914,82,2005-01-01
11666,82,1990-01-01
32534,82,1976-01-01
6867,82,2002-01-01
469571,82,1992-01-01
11334,82,1977-01-01
297673,82,2007-01-01
60792,82,1985-01-01
68210,82,2004-01-01
175675,82,1975-01-01
7826803,82,2009-01-01
15796700,82,2013-01-01
63032,82,2008-01-01
7331435,82,2010-01-01
41193,82,1991-01-01
67,82,2003-01-01
328854,82,1999-01-01
77554,82,1994-01-01
5197,82,1993-01-01
95186,82,2006-01-01
11686,82,1978-01-01
91440,82,1984-01-01
88442,82,2001-01-01
267243,82,1983-01-01
11655,82,1987-01-01
85391,82,1981-01-01
92559,82,2000-01-01
20575411,82,2014-01-01
13325079,83,2012-01-01
6557014,83,2008-01-01
18693616,83,2014-01-01
297673,83,2007-01-01
3483,83,2006-01-01
6411016,83,2010-01-01
23168277,83,2015-01-01
36692478,83,2018-01-01
13325079,84,2013-01-01
13425592,84,2013-01-01
11250317,84,2013-01-01
9938498,84,2012-01-01
9684523,84,2012-01-01
13325079,85,2012-01-01
774032,85,1969-01-01
36253,85,1959-01-01
128109,85,2003-01-01
12885,85,1969-01-01
33375622,85,2017-01-01
14504,85,1956-01-01
24612118,85,2015-01-01
11781,85,1972-01-01
6839917,85,2010-01-01
454095,85,1988-01-01
387348,85,1964-01-01
10464963,85,2011-01-01
56096,85,1984-01-01
25739,85,1973-01-01
46917,85,1972-01-01
180630,85,1952-01-01
154869,85,1970-01-01
871284,85,1989-01-01
54996,85,1973-01-01
4889214,85,2009-01-01
56961,85,1960-01-01
7896558,85,1973-01-01
250524,85,1952-01-01
129972,85,1960-01-01
6773503,85,2010-01-01
7084002,85,2010-01-01
29983711,85,2017-01-01
774726,85,2001-01-01
146219,85,1996-01-01
201901,85,1985-01-01
907432,85,1974-01-01
77092,85,1992-01-01
25810398,85,2016-01-01
411761,85,1972-01-01
323862,85,1996-01-01
101172,85,1993-01-01
350870,85,1957-01-01
131790,85,1968-01-01
24914,85,2005-01-01
13722902,85,2012-01-01
761156,85,1973-01-01
80989,85,1955-01-01
15803141,85,2013-01-01
15962,85,1990-01-01
202897,85,1984-01-01
60737,85,1987-01-01
1136210,85,1994-01-01
129387,85,2003-01-01
875730,85,1990-01-01
2657,85,1961-01-01
5107,85,1952-01-01
7604,85,1959-01-01
4981,85,1970-01-01
168668,85,1962-01-01
662,85,1958-01-01
2165,85,1953-01-01
7763,85,1989-01-01
7069,85,1979-01-01
6149,85,1987-01-01
5113,85,1962-01-01
5148,85,1961-01-01
4406,85,1953-01-01
187181,85,1968-01-01
18143977,85,2014-01-01
38311414,85,1999-01-01
89717,85,1960-01-01
13872,85,1989-01-01
48328,85,1962-01-01
7805,85,1963-01-01
22822858,85,2015-01-01
25354,85,1992-01-01
20170404,85,2014-01-01
5809,85,1964-01-01
8722,85,1974-01-01
11761,85,1997-01-01
592657,85,1971-01-01
40656712,85,1961-01-01
368772,85,1952-01-01
67,85,2003-01-01
577283,85,1968-01-01
34051011,85,2017-01-01
8366402,85,2011-01-01
77156,85,1999-01-01
11346,85,1975-01-01
600335,85,1955-01-01
13503109,85,2012-01-01
17262100,85,2013-01-01
218659,85,1966-01-01
113091,85,1958-01-01
13641208,85,2013-01-01
11686,85,1979-01-01
2924318,85,2008-01-01
30593,85,1958-01-01
24724,85,2003-01-01
15975,85,2000-01-01
52783,85,1960-01-01
63837,85,2001-01-01
48468,85,1961-01-01
60403,85,1972-01-01
127020,85,1959-01-01
400,85,1988-01-01
769729,85,1966-01-01
11446,85,1977-01-01
84903,85,1967-01-01
86172,85,1998-01-01
77239,85,1956-01-01
11655,85,1987-01-01
13366259,85,2012-01-01
56077,85,1955-01-01
156198,85,1978-01-01
39937,85,2000-01-01
294081,85,1989-01-01
18114449,85,2014-01-01
7907782,85,2010-01-01
10718,85,1975-01-01
52782,85,1957-01-01
20575411,85,2014-01-01
97782,85,2007-01-01
3068,85,1958-01-01
11494,85,1976-01-01
136216,85,1996-01-01
119290,85,2000-01-01
600404,85,1995-01-01
29737,85,1975-01-01
6340016,86,2009-01-01
50196744,86,2019-01-01
103525,86,2006-01-01
25733983,86,2016-01-01
53415345,86,2019-01-01
53011908,86,2019-01-01
50664,86,2007-01-01
141596,86,2006-01-01
29936927,86,2017-01-01
35133922,86,2018-01-01
341879,86,2010-01-01
26074156,86,2017-01-01
17286683,86,2013-01-01
18803640,86,2015-01-01
107792,87,1986-01-01
126507,88,2004-01-01
16045144,88,2013-01-01
7936809,88,2011-01-01
45119,88,2000-01-01
10081131,88,2012-01-01
43933,88,2002-01-01
16343,88,1997-01-01
18214414,88,2015-01-01
40611999,88,2016-01-01
126507,89,2006-01-01
69625,89,1983-01-01
164760,89,2011-01-01
24244,89,1995-01-01
296184,89,2007-01-01
162923,89,1992-01-01
132111,89,1987-01-01
12497,89,2008-01-01
206236,89,2010-01-01
23492741,90,2015-01-01
7057397,90,2010-01-01
23209927,90,2015-01-01
35068592,90,2018-01-01
22571629,90,2015-01-01
13540215,90,2012-01-01
7148256,90,2010-01-01
17383934,90,2013-01-01
11890816,90,2012-01-01
12326627,90,2013-01-01
36097619,90,2018-01-01
12002819,90,2012-01-01
12326644,90,2012-01-01
7352053,90,2010-01-01
13330603,90,2012-01-01
16138688,90,2013-01-01
16099189,90,2013-01-01
18730321,90,2013-01-01
18467802,90,2014-01-01
10158656,90,2011-01-01
16058610,90,2013-01-01
29430012,90,2016-01-01
34467031,90,2017-01-01
10518423,90,2011-01-01
18404427,90,2014-01-01
25817162,90,2016-01-01
23732637,90,2015-01-01
33160963,90,2017-01-01
27917957,90,2016-01-01
43925876,90,2019-01-01
17286747,90,2013-01-01
29983711,90,2017-01-01
12547098,90,2012-01-01
12160906,90,2012-01-01
42270835,90,2019-01-01
25813942,90,2019-01-01
10114213,90,2010-01-01
18295858,90,2014-01-01
18693929,90,2014-01-01
13056159,90,2012-01-01
25661187,90,2015-01-01
38530939,90,2018-01-01
17232261,90,2013-01-01
30653967,90,2017-01-01
7076074,90,2010-01-01
28449257,90,2016-01-01
9933894,90,2011-01-01
22544024,90,2015-01-01
13094197,90,2012-01-01
12266595,90,2012-01-01
40538657,90,2019-01-01
21104828,90,2015-01-01
11076123,90,2012-01-01
25817493,90,2016-01-01
15705011,90,2013-01-01
8143073,90,2010-01-01
8689913,90,2011-01-01
25150798,90,2017-01-01
16085517,90,2013-01-01
25663717,90,2016-01-01
32324273,90,2017-01-01
28363972,90,2016-01-01
20588642,90,2014-01-01
32487617,90,2017-01-01
32620332,90,2017-01-01
6718608,90,2010-01-01
36809135,90,2018-01-01
12959233,90,2012-01-01
34066798,90,2016-01-01
13508607,90,2010-01-01
17333319,90,2013-01-01
33597976,90,2012-01-01
6746018,90,2010-01-01
17333230,90,2013-01-01
18775356,90,2014-01-01
10950924,90,2011-01-01
18079776,90,2014-01-01
32051912,90,2017-01-01
40407141,90,2019-01-01
17465453,90,2013-01-01
34051011,90,2017-01-01
13623012,90,2012-01-01
27071490,90,2016-01-01
9850443,90,2011-01-01
13507212,90,2012-01-01
10054335,90,2011-01-01
49570871,90,2010-01-01
35889209,90,2018-01-01
10872085,90,2011-01-01
17905709,90,2014-01-01
18232495,90,2014-01-01
29906980,90,2017-01-01
23190986,90,2014-01-01
9500416,90,2011-01-01
30288282,90,2018-01-01
7274337,90,2010-01-01
18498569,90,2014-01-01
33571713,90,2017-01-01
29638166,90,2017-01-01
16240761,90,2013-01-01
35995489,90,2018-01-01
9542439,90,2011-01-01
11734251,90,2012-01-01
10437680,90,2011-01-01
3722183,90,2015-01-01
13642950,90,2013-01-01
9684523,90,2011-01-01
13127599,90,2012-01-01
33253215,90,2017-01-01
31549906,90,2016-01-01
18144053,90,2014-01-01
24963,91,2012-01-01
119832,91,2015-01-01
5982447,91,2016-01-01
170171,91,2009-01-01
436609,91,1994-01-01
477990,91,1992-01-01
39978,91,1990-01-01
159903,91,2006-01-01
510632,91,1992-01-01
11313,91,2012-01-01
119838,91,2015-01-01
242757,91,1990-01-01
153789,91,2013-01-01
33570,91,1988-01-01
13170021,91,2020-01-01
169762,91,2019-01-01
19062,91,2014-01-01
9817161,91,2009-01-01
1146093,91,1990-01-01
19065,91,2014-01-01
275842,91,2000-01-01
233330,91,1995-01-01
869907,91,1991-01-01
275841,91,2000-01-01
266666,91,2015-01-01
111011,91,2015-01-01
1155278,91,1990-01-01
266663,91,2015-01-01
20939738,91,2014-01-01
18812101,91,2007-01-01
19063,91,2014-01-01
375802,91,2008-01-01
33574273,91,1998-01-01
231804,91,1988-01-01
3636,91,2007-01-01
39280444,91,2009-01-01
51738,91,2017-01-01
51737,91,2017-01-01
13831,91,2013-01-01
13642,91,2004-01-01
18423,91,2004-01-01
9532,91,2008-01-01
34497,91,2011-01-01
19057,91,2014-01-01
386372,91,2011-01-01
22205,91,2017-01-01
5664985,91,2017-01-01
50,91,1997-01-01
64222,91,2011-01-01
64216,91,2011-01-01
34494,91,2011-01-01
61975,91,1999-01-01
4325,91,2017-01-01
34507,91,2011-01-01
11306,91,2012-01-01
153784,91,2013-01-01
781110,91,2009-01-01
77276,91,1998-01-01
210329,91,2012-01-01
34534,91,2011-01-01
13830,91,2013-01-01
13662,91,2004-01-01
33569,91,1988-01-01
23228,91,2016-01-01
104378,91,2017-01-01
13837,91,2013-01-01
153795,91,2013-01-01
8492856,91,2017-01-01
127586,91,1999-01-01
13835,91,2013-01-01
34501,91,2011-01-01
13667,91,2004-01-01
25373,91,2016-01-01
28541,91,1999-01-01
28547,91,1999-01-01
153800,91,2013-01-01
153785,91,2013-01-01
17162,91,1991-01-01
12125,91,1995-01-01
128092,91,2002-01-01
595375,91,2003-01-01
127584,91,1999-01-01
759960,91,1988-01-01
13661,91,2004-01-01
28553,91,1999-01-01
11831,91,1995-01-01
492490,91,2013-01-01
169756,91,2019-01-01
37743,91,1996-01-01
11312,91,2012-01-01
48974,91,1991-01-01
203288,91,1999-01-01
14358,91,1998-01-01
23232,91,2016-01-01
23231,91,2016-01-01
51740,91,2000-01-01
47763,91,1992-01-01
90420,91,2015-01-01
222576,91,2012-01-01
1724365,92,2007-01-01
8350864,92,2010-01-01
11515328,92,2012-01-01
40651862,92,2011-01-01
6277227,92,2009-01-01
15717850,92,2013-01-01
20737002,92,2013-01-01
5356476,92,2009-01-01
4309446,92,2009-01-01
19288043,92,2012-01-01
7094569,92,2010-01-01
18770398,92,2013-01-01
10108463,92,2011-01-01
3974,92,2007-01-01
6065182,92,2009-01-01
16248223,92,2013-01-01
8051458,92,2010-01-01
2662169,92,2008-01-01
7346,93,1985-01-01
537124,93,1971-01-01
59,93,1990-01-01
300932,93,1981-01-01
31357,93,1990-01-01
62012,93,1973-01-01
152328,93,1997-01-01
70582,93,1988-01-01
643992,93,1985-01-01
201901,93,1986-01-01
463376,93,1982-01-01
22875,93,1983-01-01
5968676,93,1986-01-01
404223,93,1981-01-01
618174,93,1985-01-01
184003,93,1991-01-01
76620,93,1975-01-01
676737,93,1972-01-01
104089,93,1991-01-01
77366,93,1985-01-01
210329,93,1974-01-01
13662,93,1972-01-01
13667,93,1973-01-01
92121,93,1971-01-01
1148721,93,1987-01-01
13661,93,1991-01-01
77364,93,1997-01-01
367158,93,1986-01-01
81069,93,1975-01-01
71840,93,1990-01-01
7968,93,1989-01-01
7347,93,1985-01-01
175828,94,1999-01-01
49488,94,2001-01-01
244102,94,2002-01-01
8582356,94,2012-01-01
184834,94,2005-01-01
545766,94,2000-01-01
344219,94,2004-01-01
1232,94,2005-01-01
78129,94,1998-01-01
2161733,94,2009-01-01
40605285,94,2010-01-01
2459785,94,2008-01-01
338691,94,2007-01-01
27824826,94,2018-01-01
113002,94,2003-01-01
175828,95,1999-01-01
185911,95,1986-01-01
244102,95,2002-01-01
12617758,95,2013-01-01
545766,95,2000-01-01
344219,95,2004-01-01
12406892,95,2009-01-01
2429135,95,2009-01-01
40024,95,1995-01-01
78129,95,1998-01-01
2459785,95,2008-01-01
6534,95,1991-01-01
338691,95,2007-01-01
113002,95,2003-01-01
31374,95,1989-01-01
175828,96,1999-01-01
129117,96,2008-01-01
267869,96,2008-01-01
6449551,96,2010-01-01
234232,96,1992-01-01
476575,96,1995-01-01
1943742,96,2009-01-01
272607,96,1997-01-01
13123877,96,2013-01-01
21681,96,1997-01-01
15769772,96,1994-01-01
109901,96,2006-01-01
12617758,96,2013-01-01
6388743,96,2010-01-01
383514,96,2008-01-01
2574912,96,2009-01-01
372385,96,1998-01-01
184834,96,2005-01-01
209461,96,1999-01-01
344219,96,2004-01-01
6811221,96,2011-01-01
511263,96,1995-01-01
123604,96,2000-01-01
86447,96,1999-01-01
1232,96,2005-01-01
5060378,96,2010-01-01
40440,96,2007-01-01
301082,96,2002-01-01
27003,96,2003-01-01
78129,96,1998-01-01
2161733,96,2009-01-01
32508,96,1993-01-01
49350,96,1995-01-01
206236,96,2006-01-01
231562,96,2005-01-01
6858,96,2001-01-01
231604,96,1998-01-01
15803059,96,2014-01-01
462033,96,2004-01-01
8008928,96,2011-01-01
26999,96,2005-01-01
2440137,96,2010-01-01
10680329,96,2012-01-01
180648,96,2007-01-01
21745,96,2003-01-01
175828,97,1999-01-01
44236,98,1959-01-01
27397,98,1995-01-01
7940589,98,2011-01-01
23202,98,2002-01-01
830364,98,1957-01-01
1206073,98,2004-01-01
25622782,98,2004-01-01
98685,98,1992-01-01
396931,98,1952-01-01
47731,98,1991-01-01
12590,98,1984-01-01
4477,98,2002-01-01
23194,98,2001-01-01
9813838,98,1997-01-01
41589,98,1959-01-01
40365093,98,2019-01-01
950143,98,1953-01-01
161056,98,1960-01-01
35026395,98,2015-01-01
12190368,98,2006-01-01
224379,98,2003-01-01
20665570,98,2014-01-01
101648,98,1957-01-01
20942,98,1998-01-01
27668,98,2005-01-01
20809,98,1992-01-01
132913,98,1988-01-01
8968323,98,2011-01-01
22121,98,2006-01-01
397483,98,2003-01-01
77295,98,1956-01-01
139069,98,1960-01-01
27333,98,1963-01-01
43369,98,2007-01-01
55403,98,1999-01-01
40779082,98,1963-01-01
40604846,98,2010-01-01
29496076,98,2017-01-01
2279,98,1992-01-01
177187,98,2005-01-01
2068,98,1995-01-01
13707734,98,2011-01-01
30833,98,1962-01-01
16142053,98,2013-01-01
64582,98,1987-01-01
762053,99,2004-01-01
1531433,99,2004-01-01
7512,99,2003-01-01
217436,99,2000-01-01
5841487,99,2010-01-01
89365,99,2004-01-01
73090,99,2000-01-01
62258,99,2007-01-01
903288,99,2008-01-01
7100200,99,2011-01-01
230003,99,1997-01-01
2449962,99,2009-01-01
10012188,99,2005-01-01
4716621,99,2010-01-01
46485,99,2007-01-01
401072,99,2008-01-01
6950451,99,2011-01-01
73084,99,1996-01-01
7074000,99,2011-01-01
93722,99,2003-01-01
114132,99,2002-01-01
127451,99,1996-01-01
59825,99,2000-01-01
287576,99,2008-01-01
114187,99,2003-01-01
613218,100,2003-01-01
638689,100,2008-01-01
159666,100,2000-01-01
7118768,100,2011-01-01
272752,100,1998-01-01
334442,100,2001-01-01
108077,100,1996-01-01
8537327,100,2012-01-01
613218,101,2004-01-01
24384,101,1962-01-01
26480,101,2003-01-01
18405537,101,2016-01-01
165856,101,2006-01-01
12384984,101,2014-01-01
89716,101,2006-01-01
26482,101,1998-01-01
1835150,101,2009-01-01
13664,101,1990-01-01
122126,101,2005-01-01
9327053,101,2013-01-01
1804074,101,2009-01-01
17643,101,2004-01-01
11288619,101,2014-01-01
353342,101,2004-01-01
26030734,101,2018-01-01
18263725,101,2016-01-01
8725909,101,2013-01-01
770614,101,1993-01-01
606250,101,1988-01-01
6760780,101,2012-01-01
181440,101,1984-01-01
5168689,101,2011-01-01
6760793,101,2012-01-01
6609764,101,2012-01-01
208909,101,1967-01-01
29358517,101,2018-01-01
14781201,101,2014-01-01
708694,101,2009-01-01
945276,101,1957-01-01
13586891,101,2014-01-01
22718705,101,2017-01-01
17408897,101,2017-01-01
23270216,101,2017-01-01
1038269,101,1985-01-01
42048,101,2007-01-01
606935,101,2003-01-01
24875,101,1976-01-01
18077836,101,2016-01-01
65959,101,1966-01-01
207798,101,2008-01-01
15944406,101,2015-01-01
903,101,1969-01-01
238460,101,2000-01-01
598117,101,1971-01-01
1381691,101,2009-01-01
626186,101,2000-01-01
334291,101,2001-01-01
33570,101,1981-01-01
24300,101,1997-01-01
638689,101,2009-01-01
49745,101,1997-01-01
776891,101,1974-01-01
428854,101,2000-01-01
7172060,101,2012-01-01
6005113,101,1991-01-01
65070,101,2004-01-01
6609563,101,2012-01-01
159666,101,2001-01-01
13170021,101,2014-01-01
18576,101,2003-01-01
966757,101,1988-01-01
204297,101,2007-01-01
809372,101,2008-01-01
8875715,101,2013-01-01
65955,101,1972-01-01
6261122,101,2011-01-01
1199553,101,1994-01-01
714807,101,1963-01-01
10893214,101,2014-01-01
16030663,101,2015-01-01
111626,101,1993-01-01
9817161,101,2001-01-01
250645,101,1970-01-01
702040,101,2004-01-01
17415480,101,2015-01-01
20307078,101,2016-01-01
554165,101,2008-01-01
3950400,101,1967-01-01
25311520,101,2018-01-01
23657454,101,2017-01-01
2808945,101,2004-01-01
120728,101,1988-01-01
7942534,101,2012-01-01
809428,101,2000-01-01
121457,101,1990-01-01
1146093,101,1979-01-01
303948,101,1997-01-01
13262061,101,2014-01-01
65151,101,1983-01-01
28954126,101,2018-01-01
28675749,101,2018-01-01
1128364,101,2010-01-01
24783,101,1983-01-01
633425,101,2004-01-01
15798672,101,2015-01-01
24899,101,1986-01-01
354475,101,1981-01-01
362199,101,1998-01-01
121490,101,1978-01-01
95914,101,1992-01-01
720533,101,1965-01-01
4228673,101,1979-01-01
11962848,101,2014-01-01
827985,101,1999-01-01
13623777,101,2014-01-01
10734210,101,2013-01-01
233330,101,1985-01-01
81010,101,1967-01-01
53492,101,2006-01-01
11824,101,1988-01-01
414103,101,2005-01-01
659577,101,1993-01-01
215693,101,1999-01-01
1369468,101,1975-01-01
137559,101,1985-01-01
24889,101,1977-01-01
100786,101,1996-01-01
47754,101,1971-01-01
26571,101,1984-01-01
263623,101,1993-01-01
260941,101,2000-01-01
6724779,101,2012-01-01
11737313,101,2014-01-01
6528512,101,2011-01-01
2264743,101,2010-01-01
18190201,101,2017-01-01
500660,101,2007-01-01
39518,101,2007-01-01
152643,101,2005-01-01
1155278,101,1987-01-01
3259967,101,2010-01-01
545586,101,1958-01-01
39980,101,2002-01-01
116722,101,2005-01-01
4296443,101,2011-01-01
20894026,101,2016-01-01
799150,101,2003-01-01
7118768,101,2012-01-01
463780,101,2003-01-01
10842675,101,2013-01-01
10059059,101,2013-01-01
20575434,101,2016-01-01
62151,101,2008-01-01
39963,101,2000-01-01
1354396,101,1962-01-01
8253491,101,2013-01-01
1103543,101,2002-01-01
17165924,101,2016-01-01
420427,101,1960-01-01
12681103,101,2014-01-01
23281891,101,2017-01-01
11982396,101,2014-01-01
5834917,101,2011-01-01
13648,101,2006-01-01
6693329,101,2012-01-01
2316,101,1973-01-01
12725,101,1972-01-01
12860772,101,2014-01-01
831842,101,1985-01-01
23615709,101,2017-01-01
309480,101,1998-01-01
924073,101,2009-01-01
849993,101,1998-01-01
1140838,101,1988-01-01
219557,101,1966-01-01
235127,101,2009-01-01
122482,101,1999-01-01
24703,101,1988-01-01
6242978,101,2011-01-01
344580,101,1966-01-01
876034,101,1977-01-01
22518404,101,2010-01-01
377254,101,2009-01-01
26813380,101,2018-01-01
661378,101,2000-01-01
25578408,101,2018-01-01
994608,101,2010-01-01
566890,101,1969-01-01
339341,101,2000-01-01
6681830,101,2011-01-01
82860,101,2007-01-01
219563,101,1991-01-01
12793708,101,2014-01-01
24876,101,1987-01-01
842130,101,1994-01-01
18885674,101,2016-01-01
8414756,101,2012-01-01
1025250,101,2009-01-01
163465,101,1980-01-01
1246273,101,1971-01-01
434420,101,2006-01-01
855118,101,1976-01-01
7971302,101,2012-01-01
1038268,101,1976-01-01
718473,101,1966-01-01
212023,101,2009-01-01
33574273,101,1964-01-01
40940121,101,1979-01-01
41044096,101,1962-01-01
39280444,101,2001-01-01
2213661,101,2010-01-01
84981,101,1977-01-01
22232,101,2002-01-01
17061,101,2004-01-01
902,101,1980-01-01
3980,101,1969-01-01
85990,101,2007-01-01
53496,101,1996-01-01
703292,101,1960-01-01
9673436,101,2009-01-01
307791,101,2005-01-01
10194157,101,2014-01-01
41424,101,1980-01-01
310459,101,1978-01-01
232576,101,1966-01-01
407813,101,1984-01-01
13376,101,2004-01-01
227651,101,2000-01-01
6609765,101,2012-01-01
12432220,101,2014-01-01
331920,101,2003-01-01
9822,101,1973-01-01
299344,101,2002-01-01
30119,101,1976-01-01
248484,101,2009-01-01
40159,101,2008-01-01
106264,101,1987-01-01
310146,101,1992-01-01
448873,101,1998-01-01
5310515,101,2011-01-01
34262,101,2006-01-01
18553,101,1971-01-01
262430,101,2005-01-01
77366,101,1986-01-01
1675216,101,2010-01-01
41667,101,1961-01-01
11594337,101,2014-01-01
108077,101,1997-01-01
25346,101,1999-01-01
295649,101,2004-01-01
2133795,101,2010-01-01
242956,101,2008-01-01
9165406,101,2013-01-01
266904,101,2007-01-01
10128428,101,2013-01-01
19351043,101,2017-01-01
12125,101,1983-01-01
4538,101,1998-01-01
12926804,101,2014-01-01
69499,101,2002-01-01
20912424,101,2017-01-01
385706,101,2007-01-01
15937108,101,2015-01-01
13083,101,2004-01-01
7128341,101,2012-01-01
89731,101,2006-01-01
213652,101,2004-01-01
181077,101,1979-01-01
63321,101,1978-01-01
8537327,101,2013-01-01
556136,101,2009-01-01
157055,101,2004-01-01
40095501,101,1985-01-01
6202556,101,2011-01-01
243229,101,2002-01-01
6596547,101,2012-01-01
10481268,101,2013-01-01
785453,101,2003-01-01
361487,101,2006-01-01
11831,101,1984-01-01
439173,101,1998-01-01
337058,101,1982-01-01
65954,101,1968-01-01
7150174,101,2012-01-01
924194,101,2002-01-01
5983694,101,2011-01-01
838768,101,1983-01-01
7027735,101,2012-01-01
61,101,1972-01-01
386286,101,1974-01-01
195381,101,1976-01-01
1194366,101,2009-01-01
1210754,101,2010-01-01
28110852,101,2018-01-01
522471,101,2002-01-01
130208,101,2003-01-01
7992862,101,2013-01-01
53495,101,1999-01-01
15595,101,1997-01-01
89755,101,1999-01-01
268917,101,2002-01-01
12931,101,2008-01-01
14358,101,1982-01-01
529474,101,1959-01-01
24137,101,1996-01-01
3032314,101,2010-01-01
128048,101,1957-01-01
116697,101,1959-01-01
282773,101,2005-01-01
22749539,101,2017-01-01
119247,101,1969-01-01
223182,101,2009-01-01
289681,101,1999-01-01
250924,101,1995-01-01
760848,101,1987-01-01
820910,101,1974-01-01
91253,101,1983-01-01
457557,101,2003-01-01
3276072,101,2011-01-01
24396876,101,2017-01-01
403722,101,1994-01-01
2626492,101,2010-01-01
2884758,101,2010-01-01
222576,101,1977-01-01
606928,101,2008-01-01
633270,101,1996-01-01
6871737,101,2012-01-01
27414384,101,2018-01-01
91836,101,1987-01-01
40948486,101,2017-01-01
2305862,102,2009-01-01
5659537,102,2010-01-01
838668,102,2006-01-01
19165476,102,2012-01-01
6290240,102,2011-01-01
2065091,102,2009-01-01
8853299,102,2012-01-01
7049405,102,2011-01-01
9415946,102,2012-01-01
264944,102,2004-01-01
10184855,102,2013-01-01
74274,102,2004-01-01
219811,102,2007-01-01
9359818,102,2012-01-01
81064,102,2005-01-01
5356476,102,2010-01-01
4703553,102,2012-01-01
48623,102,2004-01-01
3985,102,2001-01-01
1582996,102,2009-01-01
153008,102,2002-01-01
6472451,102,2010-01-01
1251032,102,2008-01-01
100485,102,2004-01-01
74273,102,2000-01-01
264946,102,2003-01-01
3973532,102,2010-01-01
8350864,103,2013-01-01
108051,103,2005-01-01
179734,103,2009-01-01
176332,103,2006-01-01
6065215,103,2010-01-01
15320,103,2000-01-01
182425,103,2002-01-01
15790833,104,2013-01-01
38225791,104,2019-01-01
44107480,104,2019-01-01
35297469,104,2018-01-01
18295852,104,2014-01-01
21853636,104,2015-01-01
10801027,104,2011-01-01
29589074,104,2018-01-01
39893545,104,2019-01-01
25756328,104,2016-01-01
17838528,104,2016-01-01
9893331,104,2011-01-01
22692740,104,2016-01-01
6589111,104,2010-01-01
43220998,104,2019-01-01
9403947,104,2012-01-01
24529123,104,2016-01-01
35380157,104,2019-01-01
17228280,104,2014-01-01
14813667,104,2013-01-01
30649795,104,2017-01-01
4071565,104,2009-01-01
18163646,104,2014-01-01
20726924,104,2014-01-01
41147279,104,2019-01-01
37539001,104,2019-01-01
34667795,104,2017-01-01
35297272,104,2018-01-01
41473872,104,2019-01-01
6270483,104,2010-01-01
22324898,104,2014-01-01
29958272,104,2018-01-01
28458598,104,2017-01-01
39847584,104,2019-01-01
35216509,104,2017-01-01
43924017,104,2019-01-01
9415966,104,2011-01-01
42245770,104,2019-01-01
36511805,104,2019-01-01
34325090,104,2018-01-01
43263520,104,2019-01-01
17285330,104,2015-01-01
9470371,104,2011-01-01
18284906,104,2013-01-01
31625039,104,2018-01-01
24500775,104,2015-01-01
16068905,104,2013-01-01
4374400,104,2009-01-01
6304335,104,2009-01-01
20820994,104,2014-01-01
16151178,104,2012-01-01
15749186,104,2014-01-01
6567017,104,2010-01-01
7824322,104,2011-01-01
7137775,104,2010-01-01
6604794,104,2010-01-01
5152478,104,2009-01-01
10194514,104,2012-01-01
13628209,104,2012-01-01
6950688,104,2010-01-01
35504431,104,2017-01-01
9961796,104,2011-01-01
11561469,104,2011-01-01
17623975,104,2013-01-01
11925514,104,2012-01-01
12294652,104,2012-01-01
8662836,104,2011-01-01
18189606,104,2014-01-01
6574102,104,2010-01-01
20698530,104,2015-01-01
5310515,104,2009-01-01
10560331,104,2012-01-01
10798416,104,2012-01-01
28763485,104,2016-01-01
29283884,104,2017-01-01
9627755,104,2014-01-01
33385229,104,2017-01-01
6512140,104,2009-01-01
15994590,104,2011-01-01
32571395,104,2017-01-01
8680278,104,2011-01-01
7741325,104,2010-01-01
3238153,104,2009-01-01
13580951,104,2013-01-01
28149981,104,2010-01-01
23305614,104,2015-01-01
7766027,104,2012-01-01
13561164,104,2013-01-01
15283043,104,2013-01-01
8492856,104,2011-01-01
17237214,104,2013-01-01
6584188,104,2010-01-01
5510384,104,2009-01-01
13454149,104,2012-01-01
18140047,104,2014-01-01
7171876,104,2010-01-01
28686840,104,2016-01-01
13522285,104,2013-01-01
31931941,104,2017-01-01
18296030,104,2014-01-01
18298225,104,2014-01-01
13477676,104,2013-01-01
40801157,104,2012-01-01
10327303,104,2011-01-01
17565845,104,2014-01-01
23341894,104,2015-01-01
15757434,104,2012-01-01
25014114,104,2017-01-01
13146214,104,2012-01-01
13580928,104,2013-01-01
6665671,104,2010-01-01
19542841,104,2015-01-01
30653853,104,2017-01-01
6609549,104,2010-01-01
13369678,104,2012-01-01
18660447,104,2015-01-01
28243032,104,2017-01-01
9917945,104,2011-01-01
18304322,104,2015-01-01
18879761,104,2015-01-01
3047851,104,2010-01-01
35247769,104,2017-01-01
18667779,104,2014-01-01
37880094,104,2018-01-01
9464733,104,2011-01-01
23009402,104,2015-01-01
15790873,104,2013-01-01
6624871,104,2010-01-01
6586512,104,2010-01-01
23447923,104,2017-01-01
23546634,104,2016-01-01
30724132,104,2017-01-01
34810320,104,2018-01-01
25486998,104,2016-01-01
26156987,104,2016-01-01
18079527,104,2014-01-01
11133791,104,2012-01-01
8354134,104,2011-01-01
22522202,104,2015-01-01
28919058,104,2017-01-01
22616635,104,2014-01-01
18718848,104,2015-01-01
13065327,104,2013-01-01
17262236,104,2013-01-01
38720939,104,2018-01-01
5303373,104,2009-01-01
9462775,104,2011-01-01
33163378,104,2017-01-01
25893582,104,2016-01-01
25812109,104,2016-01-01
8928054,104,2011-01-01
25613472,104,2017-01-01
25912358,104,2016-01-01
11178225,104,2013-01-01
16101126,104,2013-01-01
36341204,104,2018-01-01
38739562,104,2019-01-01
23272028,104,2016-01-01
21469068,104,2015-01-01
35887567,104,2019-01-01
18333898,104,2014-01-01
26721568,104,2016-01-01
35068742,104,2018-01-01
30256248,104,2017-01-01
13580846,104,2014-01-01
2535732,105,2009-01-01
10291971,105,2013-01-01
2535732,106,2008-01-01
16101018,106,2015-01-01
1795353,106,1971-01-01
304889,106,1990-01-01
489972,106,1979-01-01
28748,106,2003-01-01
6978327,106,1978-01-01
730250,106,1984-01-01
16172191,106,2013-01-01
7953155,106,1973-01-01
40940121,106,1983-01-01
27712,106,1983-01-01
28194,106,2006-01-01
6319,106,1984-01-01
113304,106,2004-01-01
37186,106,2007-01-01
19312,106,1975-01-01
31456,106,1982-01-01
6690,106,1977-01-01
301736,106,1995-01-01
19314,106,1983-01-01
472626,106,1973-01-01
6693,106,1972-01-01
244572,106,1981-01-01
22917,106,2006-01-01
6671,106,1979-01-01
65954,106,1972-01-01
386286,106,1975-01-01
24271,106,2000-01-01
53498,106,2007-01-01
12666682,106,2008-01-01
410009,106,1981-01-01
4806,107,1997-01-01
3869,107,1989-01-01
17977,107,2005-01-01
13912,107,1999-01-01
38412,107,1998-01-01
7058405,108,2008-01-01
6918862,108,1970-01-01
109514,108,1983-01-01
481372,108,1995-01-01
172134,108,2005-01-01
108315,108,2010-01-01
55019,108,1992-01-01
23807,108,1991-01-01
40024,108,1996-01-01
2247142,108,1957-01-01
67931,108,2004-01-01
10108463,108,2012-01-01
11031,108,1993-01-01
31374,108,1990-01-01
7058405,109,2008-01-01
2199587,109,2011-01-01
1611988,109,2009-01-01
703353,109,2006-01-01
216196,110,2007-01-01
140260,110,2006-01-01
18405537,110,2016-01-01
16067631,110,2020-01-01
44184,110,2001-01-01
170529,110,2004-01-01
12384984,110,2014-01-01
35297469,110,2020-01-01
7740772,110,2012-01-01
1835150,110,2009-01-01
97408,110,2007-01-01
18743370,110,2018-01-01
18263725,110,2017-01-01
6760780,110,2013-01-01
22692740,110,2018-01-01
170171,110,2004-01-01
8527904,110,2013-01-01
17228280,110,2016-01-01
26109391,110,2018-01-01
22552026,110,2019-01-01
11115434,110,2015-01-01
22718705,110,2017-01-01
17408897,110,2017-01-01
159903,110,2001-01-01
420849,110,2009-01-01
217008,110,2008-01-01
225741,110,2001-01-01
394856,110,2008-01-01
311840,110,2001-01-01
1427459,110,2004-01-01
13170021,110,2015-01-01
20922826,110,2017-01-01
34667795,110,2019-01-01
204297,110,2008-01-01
809372,110,2008-01-01
126059,110,2006-01-01
37506437,110,2020-01-01
313159,110,2009-01-01
40726583,110,2019-01-01
6270483,110,2012-01-01
393715,110,2006-01-01
9817161,110,2001-01-01
2213336,110,2010-01-01
1962363,110,2008-01-01
1118654,110,2008-01-01
11891486,110,2014-01-01
18311425,110,2016-01-01
35604686,110,2020-01-01
17453303,110,2016-01-01
29456569,110,2020-01-01
28458598,110,2019-01-01
16119664,110,2015-01-01
38355098,110,2020-01-01
2210839,110,2010-01-01
36260155,110,2020-01-01
11235712,110,2014-01-01
7661718,110,2012-01-01
2097938,110,2010-01-01
208159,110,2007-01-01
1003985,110,2009-01-01
105571,110,2008-01-01
111044,110,2001-01-01
18691014,110,2016-01-01
22521951,110,2018-01-01
16002011,110,2015-01-01
18667753,110,2016-01-01
35046241,110,2020-01-01
27426044,110,2020-01-01
7293595,110,2012-01-01
834019,110,2005-01-01
10757806,110,2014-01-01
790289,110,2001-01-01
1228406,110,2010-01-01
4296443,110,2011-01-01
24727094,110,2018-01-01
39963,110,2001-01-01
17185496,110,2017-01-01
22596008,110,2010-01-01
6057847,110,2004-01-01
3159138,110,2011-01-01
511532,110,2002-01-01
6693329,110,2012-01-01
37822650,110,2020-01-01
1037637,110,2010-01-01
9692846,110,2007-01-01
20939738,110,2008-01-01
60781,110,2004-01-01
2856645,110,2010-01-01
9266762,110,2013-01-01
1025250,110,2010-01-01
8885268,110,2006-01-01
640777,110,2006-01-01
28814866,110,2018-01-01
19063,110,2008-01-01
28187,110,2007-01-01
99561,110,2007-01-01
24770,110,2007-01-01
36381037,110,2014-01-01
39280444,110,2001-01-01
6442769,110,2010-01-01
9275658,110,2013-01-01
18460392,110,2017-01-01
8490112,110,2013-01-01
23437156,110,2018-01-01
249747,110,2002-01-01
51738,110,2009-01-01
764347,110,2010-01-01
16143347,110,2016-01-01
17675462,110,2015-01-01
25480342,110,2014-01-01
6482837,110,2012-01-01
307791,110,2005-01-01
10194157,110,2015-01-01
13262783,110,2014-01-01
8235178,110,2013-01-01
7824322,110,2013-01-01
27774758,110,2017-01-01
693208,110,2009-01-01
5152478,110,2011-01-01
23395680,110,2017-01-01
213753,110,2008-01-01
12432220,110,2014-01-01
34494,110,2006-01-01
12936,110,2001-01-01
8525590,110,2013-01-01
27883214,110,2020-01-01
11925514,110,2014-01-01
6050678,110,2011-01-01
7664334,110,2012-01-01
4325,110,2001-01-01
6574102,110,2012-01-01
19549841,110,2014-01-01
64481,110,2005-01-01
13929,110,2009-01-01
10798416,110,2014-01-01
18584855,110,2018-01-01
29283884,110,2019-01-01
32571395,110,2020-01-01
28149981,110,2012-01-01
13595639,110,2013-01-01
23305614,110,2017-01-01
34728667,110,2020-01-01
295649,110,2005-01-01
920607,110,2009-01-01
201114,110,2008-01-01
11861815,110,2016-01-01
1902241,110,2010-01-01
9165406,110,2013-01-01
10128428,110,2013-01-01
186103,110,2008-01-01
4373,110,2002-01-01
6609758,110,2012-01-01
19351043,110,2017-01-01
6472451,110,2011-01-01
6909544,110,2012-01-01
287861,110,2006-01-01
15937108,110,2015-01-01
22910900,110,2017-01-01
143727,110,2005-01-01
28243032,110,2019-01-01
18075234,110,2018-01-01
13083,110,2004-01-01
6373717,110,2011-01-01
213652,110,2005-01-01
542752,110,2004-01-01
428042,110,2006-01-01
41014903,110,2019-01-01
317282,110,2009-01-01
1629601,110,2010-01-01
11071466,110,2015-01-01
157055,110,2004-01-01
24807186,110,2018-01-01
7514925,110,2015-01-01
347639,110,2004-01-01
13354420,110,2014-01-01
17297487,110,2015-01-01
7095831,110,2012-01-01
1189878,110,2010-01-01
13069935,110,2014-01-01
45436,110,2006-01-01
924194,110,2002-01-01
13436373,110,2014-01-01
34810320,110,2020-01-01
16178,110,2009-01-01
34076952,110,2019-01-01
15793231,110,2015-01-01
1627267,110,2010-01-01
163919,110,2005-01-01
8354134,110,2013-01-01
49746,110,2002-01-01
566825,110,2009-01-01
29749085,110,2019-01-01
15777621,110,2015-01-01
33830437,110,2020-01-01
10836471,110,2016-01-01
316445,110,2006-01-01
5303373,110,2011-01-01
522471,110,2002-01-01
33163378,110,2019-01-01
803120,110,2002-01-01
11178225,110,2015-01-01
20821284,110,2016-01-01
402014,110,2002-01-01
18049084,110,2017-01-01
1924322,110,2010-01-01
100476,110,2006-01-01
36341204,110,2020-01-01
1663664,110,2009-01-01
22893,110,2008-01-01
34506912,110,2020-01-01
33294200,110,2020-01-01
18659623,110,2017-01-01
6760761,110,2013-01-01
603911,110,2007-01-01
253106,110,2005-01-01
389535,110,2002-01-01
3276072,110,2011-01-01
110535,110,2008-01-01
94072,110,2005-01-01
24396876,110,2017-01-01
332624,110,2009-01-01
3002300,110,2011-01-01
22752127,110,2018-01-01
18806240,110,2017-01-01
11836538,110,2014-01-01
216196,111,2005-01-01
216196,112,2007-01-01
26480,112,2004-01-01
170529,112,2004-01-01
123106,112,2010-01-01
50804,112,2007-01-01
13455542,112,2015-01-01
4418237,112,2012-01-01
65053,112,2007-01-01
577184,112,2005-01-01
18509683,112,2017-01-01
6763730,112,2013-01-01
6556855,112,2013-01-01
22692740,112,2018-01-01
2696181,112,2011-01-01
170171,112,2005-01-01
9403947,112,2015-01-01
2353037,112,2011-01-01
226113,112,2010-01-01
448114,112,2008-01-01
606935,112,2004-01-01
9711714,112,2014-01-01
18068100,112,2016-01-01
37347,112,2008-01-01
207798,112,2009-01-01
6482981,112,2013-01-01
3798707,112,2011-01-01
514771,112,2010-01-01
30107571,112,2018-01-01
841868,112,2005-01-01
126059,112,2007-01-01
15790870,112,2016-01-01
6270483,112,2013-01-01
404403,112,2007-01-01
1962363,112,2009-01-01
2020935,112,2011-01-01
11138172,112,2015-01-01
25988934,112,2018-01-01
266666,112,2010-01-01
2838820,112,2011-01-01
23309553,112,2017-01-01
13018503,112,2016-01-01
463780,112,2004-01-01
22596008,112,2011-01-01
240142,112,2005-01-01
1722423,112,2011-01-01
9415958,112,2014-01-01
28232073,112,2017-01-01
27414431,112,2018-01-01
6090411,112,2012-01-01
10917,112,2007-01-01
37435,112,2005-01-01
6068551,112,2012-01-01
24770,112,2008-01-01
11614718,112,2014-01-01
6442769,112,2011-01-01
3236307,112,2011-01-01
15745753,112,2016-01-01
4374400,112,2012-01-01
18460392,112,2017-01-01
8490112,112,2014-01-01
13152,112,2008-01-01
7735333,112,2013-01-01
23437156,112,2017-01-01
764347,112,2010-01-01
51737,112,2007-01-01
305234,112,2010-01-01
7723542,112,2013-01-01
6482837,112,2013-01-01
22205,112,2005-01-01
13262783,112,2015-01-01
544891,112,2010-01-01
1295102,112,2011-01-01
7824322,112,2014-01-01
7137775,112,2013-01-01
27774758,112,2017-01-01
18692431,112,2017-01-01
13376,112,2005-01-01
6604794,112,2013-01-01
213753,112,2009-01-01
7664334,112,2013-01-01
28954189,112,2018-01-01
1661957,112,2011-01-01
25614492,112,2018-01-01
9378297,112,2014-01-01
64481,112,2006-01-01
11861062,112,2015-01-01
28763485,112,2018-01-01
17182126,112,2016-01-01
18584855,112,2018-01-01
28149981,112,2013-01-01
11366397,112,2016-01-01
12425532,112,2015-01-01
13829,112,2009-01-01
201114,112,2009-01-01
11861815,112,2016-01-01
28686840,112,2018-01-01
13597723,112,2016-01-01
9975679,112,2014-01-01
28374007,112,2018-01-01
6373717,112,2012-01-01
10677277,112,2015-01-01
19448,112,2005-01-01
317282,112,2010-01-01
12681233,112,2015-01-01
1629601,112,2011-01-01
3304,112,2005-01-01
22840421,112,2018-01-01
347639,112,2005-01-01
17297487,112,2016-01-01
23149128,112,2017-01-01
16101023,112,2016-01-01
7095831,112,2013-01-01
6338619,112,2012-01-01
721003,112,2010-01-01
10710505,112,2014-01-01
49746,112,2004-01-01
7818683,112,2013-01-01
289601,112,2008-01-01
316445,112,2007-01-01
5303373,112,2012-01-01
130208,112,2004-01-01
25893582,112,2018-01-01
8928054,112,2014-01-01
13514612,112,2016-01-01
9415957,112,2014-01-01
11178225,112,2016-01-01
9644151,112,2014-01-01
275844,112,2010-01-01
1924322,112,2011-01-01
22501055,112,2017-01-01
17661416,112,2017-01-01
90420,112,2009-01-01
389535,112,2004-01-01
457557,112,2004-01-01
110535,112,2009-01-01
22752127,112,2018-01-01
9858517,112,2014-01-01
11836538,112,2015-01-01
6280379,113,2009-01-01
192954,113,1956-01-01
937106,113,1921-01-01
5136,113,1939-01-01
319964,113,1982-01-01
249043,113,1979-01-01
622052,113,1966-01-01
56961,113,1959-01-01
89915,113,1947-01-01
28363987,113,2016-01-01
105074,113,1967-01-01
5068,113,1996-01-01
6288,113,2006-01-01
14836,113,1981-01-01
18765,113,1934-01-01
3805,113,2002-01-01
45195,113,1924-01-01
3711,113,2000-01-01
56674,113,1984-01-01
3692,113,1948-01-01
5015,113,2005-01-01
6194,113,1980-01-01
653651,113,1984-01-01
239239,113,1995-01-01
3419808,113,2008-01-01
130520,113,1981-01-01
77829,113,1990-01-01
50695,114,2019-01-01
119512,114,2016-01-01
2189360,114,2017-01-01
1353409,114,2018-01-01
6731958,114,2018-01-01
6650487,114,2009-01-01
26014651,114,2019-01-01
76507,114,2011-01-01
2189373,114,2009-01-01
1288758,114,2009-01-01
12830430,114,2016-01-01
112343,114,2009-01-01
38447,114,2012-01-01
63033,114,2013-01-01
2517,114,2012-01-01
10746542,114,2013-01-01
15811545,114,2016-01-01
11691,114,2014-01-01
8366402,114,2012-01-01
98920,114,2010-01-01
17905709,114,2017-01-01
10955239,114,2015-01-01
94034,114,2016-01-01
148639,114,2010-01-01
1877062,114,2010-01-01
13165142,114,2010-01-01
40718205,114,2015-01-01
349164,114,2009-01-01
12882349,115,2013-01-01
12882349,116,2012-01-01
462685,116,2006-01-01
7826101,116,2010-01-01
3157877,117,2009-01-01
615359,117,2009-01-01
2696181,117,2010-01-01
2842796,117,2009-01-01
5986336,117,2010-01-01
5323360,117,2010-01-01
6068551,117,2010-01-01
3236307,117,2010-01-01
4374400,117,2010-01-01
764347,117,2009-01-01
693208,117,2009-01-01
4570768,117,2010-01-01
3238153,117,2010-01-01
954674,117,2009-01-01
1629601,117,2009-01-01
6338619,117,2010-01-01
6002005,117,2010-01-01
6065629,117,2010-01-01
1924322,117,2009-01-01
32957,118,2003-01-01
10187223,118,2012-01-01
348632,118,2008-01-01
35350,118,2000-01-01
40940157,118,2011-01-01
764073,118,2003-01-01
478071,118,1996-01-01
11773,118,2000-01-01
237120,118,2000-01-01
332768,118,2011-01-01
534274,118,2003-01-01
555048,118,2002-01-01
1265382,118,2007-01-01
295687,118,2005-01-01
1086194,118,2002-01-01
11326,118,2004-01-01
2154433,118,2009-01-01
101285,118,2008-01-01
9593705,118,2011-01-01
15764,118,2004-01-01
1503626,118,2012-01-01
9505561,118,2012-01-01
683006,118,2003-01-01
179574,118,2004-01-01
151926,118,1996-01-01
4667024,118,2010-01-01
18619684,118,2004-01-01
12232938,118,2003-01-01
37435,118,2002-01-01
9361589,118,2012-01-01
2865,118,2000-01-01
33917,118,2004-01-01
5174,118,1997-01-01
68210,118,2006-01-01
16181,118,2006-01-01
7742,118,2001-01-01
7331435,118,2011-01-01
12555,118,2001-01-01
9844,118,2006-01-01
15096,118,2002-01-01
93436,118,2008-01-01
16243,118,2005-01-01
125502,118,2003-01-01
15967,118,2005-01-01
6065182,118,2010-01-01
315340,118,2007-01-01
5157,118,1998-01-01
7274337,118,2011-01-01
3009435,118,2009-01-01
47076,118,2007-01-01
94669,118,1997-01-01
13258,118,2004-01-01
18723,118,2004-01-01
195733,118,1999-01-01
50653,118,2001-01-01
15056,118,1997-01-01
32957,119,2004-01-01
6460814,119,2011-01-01
137446,119,2000-01-01
6276276,119,2011-01-01
312881,119,2005-01-01
698,119,2008-01-01
13562049,119,2014-01-01
22501028,119,2017-01-01
10846336,119,2013-01-01
7093952,119,2012-01-01
5942,119,2002-01-01
15701217,119,2015-01-01
42718,119,2001-01-01
18169712,119,2015-01-01
29430012,119,2018-01-01
7140754,119,2012-01-01
7944987,119,2012-01-01
2763297,119,2009-01-01
29938354,119,2019-01-01
555048,119,2003-01-01
8678285,119,2011-01-01
63657,119,2008-01-01
29983711,119,2019-01-01
12872236,119,2014-01-01
6862,119,2000-01-01
11023952,119,2015-01-01
907797,119,2000-01-01
30653967,119,2019-01-01
44086,119,2006-01-01
8664368,119,2012-01-01
17449772,119,2016-01-01
35711376,119,2019-01-01
15803141,119,2015-01-01
20813238,119,2017-01-01
23460947,119,2017-01-01
92605,119,1997-01-01
6450817,119,2011-01-01
7552716,119,2013-01-01
3248297,119,2010-01-01
25150798,119,2019-01-01
6595144,119,2012-01-01
179574,119,2003-01-01
6288,119,2008-01-01
7244,119,2000-01-01
6867,119,2003-01-01
9361589,119,2013-01-01
9777,119,1999-01-01
40495148,119,1999-01-01
6334,119,2007-01-01
31685789,119,2012-01-01
18143977,119,2016-01-01
227571,119,2003-01-01
21853621,119,2017-01-01
6192,119,2001-01-01
6642715,119,2011-01-01
409,119,2008-01-01
1379961,119,2010-01-01
17803,119,2009-01-01
11650,119,1999-01-01
10746542,119,2013-01-01
690866,119,1997-01-01
50618,119,2004-01-01
34066798,119,2018-01-01
41022133,119,2016-01-01
271074,119,2009-01-01
53969,119,2003-01-01
12555,119,2003-01-01
815309,119,2009-01-01
17333230,119,2015-01-01
77866,119,2004-01-01
18079776,119,2016-01-01
7194,119,1998-01-01
434903,119,2000-01-01
6345193,119,2011-01-01
34051011,119,2019-01-01
8366402,119,2013-01-01
27071490,119,2018-01-01
77156,119,2001-01-01
4954833,119,2011-01-01
21965107,119,2016-01-01
30512,119,1996-01-01
95186,119,2008-01-01
6905012,119,2011-01-01
8407173,119,2011-01-01
71458,119,2003-01-01
6433752,119,2011-01-01
40470,119,2000-01-01
6282753,119,2011-01-01
9799,119,2005-01-01
22522805,119,2017-01-01
15811554,119,2014-01-01
11031,119,1996-01-01
470587,119,1998-01-01
20819685,119,2016-01-01
4957350,119,2011-01-01
18293427,119,2016-01-01
27406704,119,2018-01-01
63837,119,2003-01-01
18090147,119,2016-01-01
13165142,119,2014-01-01
13414716,119,2012-01-01
96200,119,2003-01-01
71847,119,2005-01-01
20697435,119,2016-01-01
533465,119,2003-01-01
28700,119,2009-01-01
33253215,119,2019-01-01
3136288,119,2010-01-01
212936,119,2004-01-01
238126,120,1997-01-01
238125,120,1999-01-01
238126,121,1996-01-01
238125,121,1998-01-01
12389310,122,2012-01-01
110396,123,2005-01-01
818096,123,2003-01-01
19528,124,1954-01-01
109830,124,1933-01-01
135158,124,1995-01-01
38330854,124,2016-01-01
48176,124,1916-01-01
1319521,124,1951-01-01
35056823,124,2017-01-01
192378,124,1978-01-01
212935,124,1993-01-01
52926,124,1970-01-01
8710484,124,2010-01-01
275,124,1984-01-01
3755250,124,2006-01-01
416775,124,1975-01-01
28385,124,1919-01-01
129117,125,2008-01-01
40605223,125,2017-01-01
3173125,125,2010-01-01
33572350,125,2018-01-01
341553,125,2007-01-01
456773,125,2006-01-01
682982,125,2007-01-01
6388743,125,2010-01-01
498082,125,2005-01-01
1044234,125,1999-01-01
583948,125,2002-01-01
18045891,125,2007-01-01
9736930,125,2012-01-01
17333319,125,2014-01-01
8686068,125,2012-01-01
21718,125,2002-01-01
462033,125,2004-01-01
129117,126,2008-01-01
2302650,126,2009-01-01
8582356,126,2012-01-01
6272048,126,2010-01-01
16109080,126,2009-01-01
682982,126,2007-01-01
6388743,126,2010-01-01
545766,126,2000-01-01
9639197,126,2012-01-01
9736930,126,2012-01-01
78129,126,1998-01-01
153025,126,2008-01-01
21718,126,2002-01-01
129117,127,2008-01-01
6428155,127,1989-01-01
104106,127,1987-01-01
1593855,127,1995-01-01
8582356,127,2012-01-01
476575,127,1995-01-01
456773,127,2006-01-01
20758175,127,2015-01-01
682982,127,2007-01-01
104739,127,1994-01-01
6388743,127,2010-01-01
18189462,127,2014-01-01
1044234,127,1999-01-01
77142,127,1995-01-01
9736930,127,2012-01-01
2161733,127,2009-01-01
40605285,127,2010-01-01
32508,127,1993-01-01
462033,127,2004-01-01
15776309,127,2014-01-01
68333,128,1994-01-01
23533039,128,2016-01-01
43521657,128,2020-01-01
88071,128,2008-01-01
49838,128,1980-01-01
92762,128,1980-01-01
31357,128,1990-01-01
154091,128,1989-01-01
22326,128,1994-01-01
278280,128,2005-01-01
81992,128,2004-01-01
968902,128,1973-01-01
100369,128,1976-01-01
845074,128,1961-01-01
760961,128,1999-01-01
8429687,128,2012-01-01
7841670,128,2011-01-01
25059,128,1996-01-01
35965482,128,2020-01-01
218571,128,1989-01-01
116413,128,2002-01-01
96478,128,2003-01-01
132694,128,1988-01-01
1269436,128,1962-01-01
6993091,128,2011-01-01
240617,128,1971-01-01
167845,128,1985-01-01
116356,128,1986-01-01
22037424,128,2000-01-01
834670,128,1994-01-01
61915,128,1989-01-01
17863,128,2006-01-01
337008,128,2004-01-01
410766,128,1991-01-01
2278387,128,2009-01-01
7195070,128,1977-01-01
340816,128,1994-01-01
27277475,128,1973-01-01
28143415,128,2000-01-01
463376,128,1982-01-01
1197129,128,1983-01-01
28962996,128,2018-01-01
463378,128,1983-01-01
77309,128,1984-01-01
10497651,128,1965-01-01
126496,128,1979-01-01
263111,128,1960-01-01
939284,128,1980-01-01
62992,128,1996-01-01
853258,128,1983-01-01
9726227,128,1988-01-01
1898794,128,1967-01-01
61181,128,1981-01-01
96284,128,1997-01-01
149059,128,1963-01-01
6250518,128,1969-01-01
25372801,128,2017-01-01
1038590,128,1959-01-01
2037559,128,1961-01-01
12998057,128,2013-01-01
5,128,2000-01-01
36576608,128,1967-01-01
62291,128,2001-01-01
135479,128,1964-01-01
13497,128,2006-01-01
10664113,128,2012-01-01
816,128,2000-01-01
4982,128,1960-01-01
68494,128,2002-01-01
36510196,128,2006-01-01
22544764,128,2016-01-01
509784,128,1956-01-01
17910048,128,2015-01-01
77565,128,1991-01-01
2845024,128,2009-01-01
218467,128,1977-01-01
61886,128,2002-01-01
7094569,128,2011-01-01
59924,128,1972-01-01
90619,128,1982-01-01
353,128,1974-01-01
28876,128,2007-01-01
100365,128,1975-01-01
112,128,1977-01-01
127586,128,1979-01-01
954674,128,2009-01-01
8855321,128,2012-01-01
6437061,128,2011-01-01
40290,128,1988-01-01
16948,128,1999-01-01
77507,128,1993-01-01
61958,128,1984-01-01
3973,128,2004-01-01
61899,128,2000-01-01
11289,128,1998-01-01
22816087,128,2016-01-01
104342,128,1990-01-01
22200,128,1987-01-01
50856,128,1964-01-01
68497,128,2003-01-01
19486421,128,2015-01-01
355,128,1985-01-01
61880,128,1997-01-01
29475447,128,2017-01-01
378639,128,1982-01-01
9265453,128,2012-01-01
41810,128,1984-01-01
25451264,128,2017-01-01
20417,128,1959-01-01
889284,128,1986-01-01
12009,128,2005-01-01
61986,128,1972-01-01
36896898,128,2019-01-01
48484,128,2007-01-01
317621,128,1967-01-01
1137215,128,2010-01-01
11806716,128,2013-01-01
1199688,128,1967-01-01
252838,128,1981-01-01
100344,128,1974-01-01
61926,128,1992-01-01
60215,128,1988-01-01
96471,128,1991-01-01
7968,128,1989-01-01
2723,128,2003-01-01
20706284,128,2015-01-01
3973532,128,2010-01-01
64923,128,2000-01-01
70539,128,1983-01-01
26118426,128,2017-01-01
340819,128,1986-01-01
68333,129,1993-01-01
975885,129,1981-01-01
23533039,129,2015-01-01
43521657,129,2019-01-01
61901,129,2003-01-01
299758,129,1983-01-01
24985,129,1997-01-01
49838,129,1979-01-01
18464362,129,2015-01-01
31357,129,1989-01-01
11515328,129,2012-01-01
154091,129,1988-01-01
321357,129,1998-01-01
23931,129,1965-01-01
18952341,129,2015-01-01
6582496,129,2009-01-01
25692886,129,2016-01-01
132694,129,1987-01-01
206662,129,2005-01-01
7767021,129,2010-01-01
189111,129,1999-01-01
77505,129,1994-01-01
60212,129,2004-01-01
57498,129,2003-01-01
337116,129,1991-01-01
337019,129,2005-01-01
12854800,129,2012-01-01
29587,129,2004-01-01
94702,129,2003-01-01
28962996,129,2017-01-01
463378,129,1982-01-01
6671690,129,2001-01-01
352781,129,2004-01-01
535315,129,1997-01-01
77309,129,1983-01-01
3676719,129,1984-01-01
126496,129,1978-01-01
9359818,129,2011-01-01
672961,129,1998-01-01
939284,129,1979-01-01
552285,129,1981-01-01
8698485,129,1965-01-01
9726227,129,1987-01-01
40295,129,1986-01-01
184003,129,1990-01-01
17332243,129,2013-01-01
1124895,129,1969-01-01
13496,129,1997-01-01
4981,129,1969-01-01
38447,129,1986-01-01
62291,129,2001-01-01
10572,129,1999-01-01
36402034,129,1968-01-01
49628,129,2004-01-01
14201,129,2005-01-01
16690,129,1966-01-01
15783514,129,2013-01-01
9809,129,1976-01-01
64222,129,2005-01-01
68494,129,2002-01-01
827,129,1996-01-01
139986,129,1980-01-01
17910048,129,2014-01-01
77773,129,1998-01-01
77565,129,1990-01-01
13821,129,1967-01-01
19161852,129,2015-01-01
52397,129,1994-01-01
59924,129,1971-01-01
4703581,129,2009-01-01
90619,129,1981-01-01
15819028,129,2013-01-01
353,129,1973-01-01
116296,129,2008-01-01
77711,129,1992-01-01
954674,129,2008-01-01
14185,129,1965-01-01
6437061,129,2010-01-01
226004,129,1999-01-01
60211,129,1980-01-01
20518872,129,2014-01-01
61899,129,2000-01-01
22200,129,1986-01-01
16176440,129,2013-01-01
26228034,129,2016-01-01
76683,129,1982-01-01
355,129,1985-01-01
61880,129,1997-01-01
77364,129,1996-01-01
378639,129,1981-01-01
9265453,129,2011-01-01
35068705,129,2018-01-01
889284,129,1985-01-01
41069,129,1968-01-01
13658,129,2002-01-01
202039,129,1997-01-01
36896898,129,2018-01-01
1137215,129,2009-01-01
776573,129,1982-01-01
4717491,129,2009-01-01
60215,129,1988-01-01
7968,129,1988-01-01
81153,129,1992-01-01
62005,129,1994-01-01
20706284,129,2014-01-01
234489,129,1987-01-01
61905,129,1991-01-01
26118426,129,2016-01-01
16718,129,1994-01-01
340819,129,1985-01-01
68333,130,1994-01-01
7955,130,2007-01-01
947965,130,1984-01-01
100933,130,2003-01-01
68333,131,1994-01-01
24611819,131,2015-01-01
23209924,131,2016-01-01
218573,131,2007-01-01
96478,131,2003-01-01
236202,131,1984-01-01
396647,131,1992-01-01
23208397,131,2017-01-01
25896387,131,2016-01-01
23281789,131,2016-01-01
2618807,131,1980-01-01
410766,131,1991-01-01
340816,131,1994-01-01
337116,131,1992-01-01
77504,131,1997-01-01
35018901,131,2015-01-01
26154389,131,2017-01-01
40295,131,1987-01-01
184003,131,1991-01-01
18619684,131,2005-01-01
18007564,131,2015-01-01
7967,131,1987-01-01
334176,131,1997-01-01
13651,131,1975-01-01
14817,131,1978-01-01
827,131,1996-01-01
20170404,131,2015-01-01
9593,131,1986-01-01
331256,131,1978-01-01
4703581,131,2010-01-01
16703,131,2008-01-01
20518872,131,2015-01-01
465904,131,1989-01-01
30555488,131,2017-01-01
22816087,131,2016-01-01
7562764,131,2011-01-01
9265453,131,2012-01-01
264946,131,2003-01-01
64923,131,2000-01-01
21418013,131,2015-01-01
340819,131,1986-01-01
842746,132,2006-01-01
280111,132,2007-01-01
355789,133,1962-01-01
136096,133,1982-01-01
36000347,133,1962-01-01
85935,133,1947-01-01
67140,133,1961-01-01
9804,133,1957-01-01
208631,133,1993-01-01
110428,133,2001-01-01
562212,133,1994-01-01
4789801,134,2010-01-01
16124145,134,2014-01-01
38485496,134,2019-01-01
14291950,134,2013-01-01
18764195,134,2015-01-01
34272565,135,2017-01-01
30971755,135,2017-01-01
27213168,135,2016-01-01
34466963,135,2017-01-01
34272565,136,2017-01-01
26150770,136,2016-01-01
31170723,136,2017-01-01
41165488,136,2018-01-01
31869108,136,2017-01-01
36613747,136,2018-01-01
41104077,136,2019-01-01
24386240,136,2015-01-01
22320456,136,2015-01-01
30971755,136,2017-01-01
22609341,136,2015-01-01
40672036,136,2019-01-01
31625636,136,2017-01-01
25563103,136,2015-01-01
35026395,136,2015-01-01
35604796,136,2018-01-01
33146881,136,2017-01-01
25938481,136,2016-01-01
53296528,136,2019-01-01
41817481,136,2019-01-01
31225682,136,2017-01-01
22822881,136,2015-01-01
27213168,136,2016-01-01
25541028,136,2015-01-01
22514020,136,2015-01-01
24384,137,1961-01-01
165856,137,2005-01-01
89716,137,2005-01-01
133775,137,1997-01-01
826852,137,1940-01-01
6609764,137,2011-01-01
29358517,137,2017-01-01
20701984,137,2015-01-01
945276,137,1956-01-01
22552026,137,2018-01-01
4580,137,1971-01-01
65959,137,1965-01-01
207798,137,2007-01-01
15944406,137,2014-01-01
903,137,1968-01-01
638689,137,2008-01-01
89377,137,2007-01-01
65070,137,2003-01-01
13170021,137,2013-01-01
18576,137,2002-01-01
966757,137,1987-01-01
1199553,137,1993-01-01
714807,137,1962-01-01
333766,137,1955-01-01
13531021,137,2013-01-01
720533,137,1964-01-01
233330,137,1984-01-01
11737313,137,2013-01-01
94803,137,1973-01-01
444330,137,1971-01-01
967511,137,1964-01-01
39963,137,1999-01-01
124245,137,1968-01-01
93598,137,2002-01-01
2316,137,1972-01-01
12725,137,1971-01-01
309480,137,1997-01-01
1758694,137,1955-01-01
7739968,137,2011-01-01
3201113,137,1952-01-01
849993,137,1997-01-01
1140838,137,1987-01-01
35464020,137,2019-01-01
876034,137,1976-01-01
438131,137,1972-01-01
1251838,137,1953-01-01
219563,137,1990-01-01
163465,137,1979-01-01
1649088,137,1934-01-01
855118,137,1975-01-01
24178,137,1953-01-01
24337,137,1998-01-01
85990,137,2006-01-01
357664,137,2001-01-01
50,137,1988-01-01
407813,137,1983-01-01
130580,137,1957-01-01
13376,137,2003-01-01
310146,137,1991-01-01
448873,137,1997-01-01
77770,137,1944-01-01
41667,137,1960-01-01
210329,137,1974-01-01
108077,137,1996-01-01
13662,137,1972-01-01
8282,137,1941-01-01
2133795,137,2009-01-01
7882,137,1938-01-01
61549,137,1939-01-01
8253,137,1942-01-01
69499,137,2001-01-01
20912424,137,2016-01-01
24784,137,1966-01-01
13083,137,2003-01-01
2768169,137,2009-01-01
8537327,137,2012-01-01
556136,137,2008-01-01
40095501,137,1984-01-01
6202556,137,2010-01-01
17461,137,1948-01-01
34898,137,1949-01-01
828084,137,2003-01-01
5983694,137,2010-01-01
195381,137,1975-01-01
222458,137,2007-01-01
522471,137,2001-01-01
14358,137,1981-01-01
20821284,137,2015-01-01
8248,137,1940-01-01
24137,137,1995-01-01
282773,137,2004-01-01
22749539,137,2016-01-01
289681,137,1998-01-01
760848,137,1986-01-01
820910,137,1973-01-01
91253,137,1982-01-01
91247,137,1978-01-01
633270,137,1995-01-01
6871737,137,2011-01-01
24384,138,1979-01-01
105999,138,1986-01-01
510632,138,1982-01-01
15673,138,1997-01-01
65149,138,1981-01-01
28757261,138,2000-01-01
9692846,138,2008-01-01
83369,138,2009-01-01
163465,138,1981-01-01
24178,138,1984-01-01
3,138,2000-01-01
28187,138,2008-01-01
39988,138,1992-01-01
10365,138,1987-01-01
38709,138,2001-01-01
249747,138,2003-01-01
357664,138,2002-01-01
50,138,1995-01-01
40605329,138,2009-01-01
37190,138,2007-01-01
113304,138,2005-01-01
9822,138,1978-01-01
310146,138,1996-01-01
1675216,138,2010-01-01
33569,138,1978-01-01
139463,138,1993-01-01
18580,138,1980-01-01
37741,138,1977-01-01
207153,138,1994-01-01
439173,138,1999-01-01
838768,138,1983-01-01
236056,138,1991-01-01
807968,138,2006-01-01
456,139,1993-01-01
10711,139,1985-01-01
7779571,139,2011-01-01
440638,139,1995-01-01
18589573,139,2015-01-01
98645,139,1975-01-01
112286,139,2007-01-01
5942,139,2000-01-01
118437,139,1987-01-01
1319778,139,1994-01-01
112801,139,1988-01-01
119073,139,1982-01-01
4952,139,2009-01-01
24100,139,1976-01-01
11691,139,2005-01-01
592657,139,1971-01-01
24731,139,1997-01-01
11734,139,2002-01-01
89055,139,1998-01-01
44559,139,1973-01-01
366787,140,2005-01-01
175246,140,2002-01-01
1408029,140,2002-01-01
2714797,140,2009-01-01
6145714,140,2010-01-01
82991,140,2006-01-01
1450056,140,2003-01-01
1640421,140,2004-01-01
452268,140,2006-01-01
7307795,140,2011-01-01
538611,140,2004-01-01
473710,140,2002-01-01
175242,140,2000-01-01
138684,140,2007-01-01
2440137,140,2008-01-01
774032,141,1969-01-01
8526694,141,2012-01-01
45211809,141,1999-01-01
27864391,141,2001-01-01
261601,141,1993-01-01
25810398,141,2017-01-01
23995336,141,2016-01-01
1294471,141,1998-01-01
18693616,141,2015-01-01
5148,141,1961-01-01
2794,141,1967-01-01
11741,141,1982-01-01
50667,141,1965-01-01
3068,141,1958-01-01
774032,142,1968-01-01
46506,142,1966-01-01
5148,142,1961-01-01
5809,142,1964-01-01
7897478,143,2011-01-01
773858,143,2009-01-01
10873,143,2001-01-01
15790837,143,2014-01-01
93453,143,2006-01-01
573142,143,2002-01-01
10867,143,2005-01-01
15902792,143,2014-01-01
181481,143,2004-01-01
2403024,143,2001-01-01
133729,143,2003-01-01
24728470,143,2017-01-01
29405093,143,2017-01-01
18490657,143,2015-01-01
25898106,143,2017-01-01
898839,143,2012-01-01
12143200,143,2013-01-01
4671,143,2003-01-01
70401,143,2001-01-01
1420,143,2012-01-01
29999,143,2010-01-01
9418327,143,2012-01-01
10176,143,2005-01-01
20910157,143,2016-01-01
32191710,143,2018-01-01
11230081,143,2013-01-01
1044355,143,2009-01-01
14318,143,2006-01-01
37813,143,2002-01-01
611298,143,2009-01-01
6404621,143,2011-01-01
4961048,143,2010-01-01
72676,144,1958-01-01
44230,144,1989-01-01
238463,144,2004-01-01
624641,144,1988-01-01
10277268,144,2012-01-01
782982,144,1955-01-01
195733,144,1998-01-01
19580,145,1981-01-01
975885,145,1981-01-01
209693,145,1980-01-01
299758,145,1983-01-01
92762,145,1980-01-01
96980,145,1982-01-01
12555973,145,1983-01-01
1036345,145,1980-01-01
463378,145,1983-01-01
939284,145,1981-01-01
149267,145,1979-01-01
11573,145,1980-01-01
10603,145,1982-01-01
139986,145,1981-01-01
233667,145,1981-01-01
90619,145,1982-01-01
127586,145,1979-01-01
179033,145,1979-01-01
60211,145,1981-01-01
62571,145,1982-01-01
653711,145,1983-01-01
252838,145,1981-01-01
4364,146,2005-01-01
11797368,146,2013-01-01
129911,146,1981-01-01
29658,146,2006-01-01
317278,146,1980-01-01
9778945,146,2011-01-01
13932,146,2002-01-01
696116,146,2000-01-01
8760281,146,2010-01-01
77538,146,1983-01-01
33883,146,1992-01-01
17262102,146,2014-01-01
10281923,146,2012-01-01
149709,146,1980-01-01
386187,146,1995-01-01
1898,146,1998-01-01
4953,146,2001-01-01
25489625,146,2016-01-01
7648269,146,2010-01-01
5752,146,2003-01-01
771,146,2000-01-01
2068,146,1996-01-01
835623,146,1998-01-01
239796,146,1989-01-01
64582,146,1988-01-01
36475,146,1990-01-01
4364,147,2005-01-01
25334576,147,2015-01-01
16085482,147,2013-01-01
6065179,147,2009-01-01
40411388,147,2005-01-01
555048,147,2001-01-01
1286711,147,2006-01-01
63657,147,2006-01-01
21086818,147,2014-01-01
2153793,147,2008-01-01
452777,147,2003-01-01
22121,147,2007-01-01
14201,147,2004-01-01
4953,147,2000-01-01
24800,147,2000-01-01
17333319,147,2013-01-01
1833852,147,2008-01-01
10996342,147,2012-01-01
11711,147,2003-01-01
24687,147,2002-01-01
6819,147,1999-01-01
226369,147,2003-01-01
647,147,2000-01-01
4599,147,2001-01-01
18723,147,2003-01-01
15852479,147,2013-01-01
4364,148,2011-01-01
30223075,148,2015-01-01
6943146,148,2012-01-01
189296,148,2012-01-01
3901371,148,2010-01-01
1045984,148,2014-01-01
12876771,148,2011-01-01
42108900,148,2018-01-01
2184798,148,2009-01-01
40604846,148,2011-01-01
4364,149,2005-01-01
6687247,149,2010-01-01
103525,149,2005-01-01
93996,149,1999-01-01
97401,149,2003-01-01
91017,149,2004-01-01
7776209,149,2011-01-01
29658,149,2006-01-01
13488875,149,2012-01-01
209176,149,1999-01-01
224379,149,2004-01-01
1148768,149,2002-01-01
486210,149,2001-01-01
6025160,149,2009-01-01
6448772,149,2009-01-01
2184798,149,2008-01-01
21,149,2004-01-01
11690,149,2005-01-01
4591,149,2000-01-01
3272165,149,2009-01-01
3398625,149,2009-01-01
4371507,149,2009-01-01
4364,150,2005-01-01
94053,150,2001-01-01
980468,150,2000-01-01
49436,150,2007-01-01
4364,151,2005-01-01
6047138,151,2008-01-01
1931915,152,2012-01-01
1931915,153,2011-01-01
18298890,153,2016-01-01
5711749,153,2010-01-01
8527904,153,2012-01-01
26109391,153,2017-01-01
17332968,153,2015-01-01
8041873,153,2012-01-01
7877549,153,2012-01-01
9711714,153,2013-01-01
6566558,153,2011-01-01
11891486,153,2013-01-01
7958702,153,2012-01-01
11138172,153,2013-01-01
6609626,153,2011-01-01
15721624,153,2014-01-01
10757806,153,2013-01-01
23615709,153,2016-01-01
6090411,153,2011-01-01
23551138,153,2013-01-01
2767052,153,2010-01-01
13335037,153,2012-01-01
6186357,153,2011-01-01
3236307,153,2010-01-01
16068905,153,2015-01-01
4374400,153,2010-01-01
9275658,153,2013-01-01
18460392,153,2016-01-01
8490112,153,2013-01-01
6936382,153,2012-01-01
23437156,153,2017-01-01
16101128,153,2014-01-01
16143347,153,2015-01-01
17675462,153,2014-01-01
6482837,153,2011-01-01
8492825,153,2012-01-01
20758104,153,2010-01-01
20820994,153,2016-01-01
32768522,153,2017-01-01
6137154,153,2011-01-01
5664985,153,2010-01-01
7824322,153,2012-01-01
27774758,153,2016-01-01
18692431,153,2017-01-01
6604794,153,2011-01-01
17347389,153,2015-01-01
10626594,153,2013-01-01
9917938,153,2012-01-01
11925514,153,2013-01-01
18798983,153,2016-01-01
21969786,153,2015-01-01
9565548,153,2013-01-01
332775,153,2011-01-01
25614492,153,2017-01-01
19549841,153,2013-01-01
6316171,153,2011-01-01
23677341,153,2017-01-01
13595639,153,2013-01-01
17237214,153,2014-01-01
11861815,153,2014-01-01
9165406,153,2012-01-01
13522285,153,2014-01-01
13477676,153,2014-01-01
12813630,153,2015-01-01
19351043,153,2016-01-01
6472451,153,2011-01-01
27190613,153,2017-01-01
9975679,153,2013-01-01
18075234,153,2016-01-01
6457229,153,2011-01-01
18304322,153,2017-01-01
9943270,153,2014-01-01
24807186,153,2017-01-01
9464733,153,2012-01-01
15790873,153,2014-01-01
13069935,153,2014-01-01
10710505,153,2013-01-01
9779094,153,2012-01-01
15793231,153,2014-01-01
26156987,153,2017-01-01
18079527,153,2015-01-01
15777621,153,2015-01-01
18718848,153,2016-01-01
17262236,153,2015-01-01
5303373,153,2010-01-01
9415957,153,2012-01-01
20575446,153,2016-01-01
18079719,153,2015-01-01
23272028,153,2017-01-01
18599754,153,2015-01-01
22752127,153,2017-01-01
1931915,154,2013-01-01
123106,154,2009-01-01
13450398,154,2016-01-01
28757261,154,2001-01-01
18812101,154,1997-01-01
2767052,154,2010-01-01
41865,154,2008-01-01
13335037,154,2014-01-01
3,154,2001-01-01
12232938,154,2005-01-01
3636,154,1997-01-01
113436,154,2006-01-01
24770,154,2007-01-01
18460392,154,2017-01-01
764347,154,2010-01-01
452306,154,2004-01-01
5168,154,2000-01-01
18692431,154,2018-01-01
12558285,154,2014-01-01
4325,154,2003-01-01
19412,154,1996-01-01
12620969,154,2015-01-01
1931915,155,2011-01-01
1189878,155,2009-01-01
10402992,156,2012-01-01
109367,156,2006-01-01
114128,156,1995-01-01
114179,156,1993-01-01
13547387,156,2013-01-01
20883450,156,2015-01-01
7302998,156,2011-01-01
32263,156,2002-01-01
116012,156,2001-01-01
10402992,157,2012-01-01
2342881,157,2011-01-01
83674,157,2015-01-01
17407748,157,2014-01-01
12716613,157,2013-01-01
10402992,158,2011-01-01
6777616,158,2010-01-01
13642963,158,2013-01-01
10169662,158,2011-01-01
10552338,158,2011-01-01
6455256,158,2010-01-01
26245853,158,2016-01-01
11889938,158,2012-01-01
31139037,158,2017-01-01
28374062,158,2016-01-01
9166559,158,2011-01-01
8437667,158,2011-01-01
13112023,158,2012-01-01
13359067,158,2012-01-01
18505832,158,2014-01-01
13007638,158,2012-01-01
7926569,158,2011-01-01
17934463,158,2014-01-01
52263433,158,2014-01-01
16045144,158,2012-01-01
7936809,158,2010-01-01
17262159,158,2013-01-01
17834904,158,2014-01-01
9440448,158,2011-01-01
7685763,158,2010-01-01
7093952,158,2010-01-01
21874813,158,2015-01-01
6571967,158,2010-01-01
13117308,158,2012-01-01
22571540,158,2015-01-01
23153154,158,2015-01-01
20454672,158,2014-01-01
33602101,158,2017-01-01
41716679,158,2019-01-01
35533431,158,2018-01-01
39796904,158,2019-01-01
27276324,158,2016-01-01
13123877,158,2013-01-01
32326398,158,2018-01-01
26109394,158,2016-01-01
28220985,158,2016-01-01
36448554,158,2018-01-01
18052066,158,2015-01-01
8701129,158,2011-01-01
19561922,158,2014-01-01
10024937,158,2011-01-01
18114060,158,2014-01-01
17167084,158,2013-01-01
24586590,158,2015-01-01
15811495,158,2013-01-01
8608083,158,2010-01-01
9685716,158,2010-01-01
16150996,158,2013-01-01
18209454,158,2014-01-01
7200466,158,2010-01-01
11737271,158,2012-01-01
31184479,158,2017-01-01
29543952,158,2016-01-01
27213121,158,2016-01-01
13390528,158,2012-01-01
23460947,158,2015-01-01
13330537,158,2012-01-01
17707605,158,2013-01-01
21936809,158,2015-01-01
32718401,158,2014-01-01
9736930,158,2011-01-01
16160797,158,2013-01-01
33128934,158,2017-01-01
32283133,158,2017-01-01
18144124,158,2014-01-01
28815474,158,2016-01-01
18770398,158,2013-01-01
7159515,158,2010-01-01
18214414,158,2014-01-01
6977769,158,2010-01-01
13596166,158,2013-01-01
12849385,158,2012-01-01
7912007,158,2010-01-01
16171291,158,2013-01-01
35297426,158,2018-01-01
23602561,158,2015-01-01
28187230,158,2016-01-01
6681454,158,2010-01-01
33230889,158,2017-01-01
25574782,158,2015-01-01
15811568,158,2013-01-01
15803059,158,2013-01-01
35097255,158,2018-01-01
42283287,158,2018-01-01
25074850,158,2015-01-01
23492589,158,2015-01-01
41837243,158,2019-01-01
28233082,158,2016-01-01
19101283,158,2014-01-01
9635495,158,2011-01-01
34189556,158,2018-01-01
16131077,158,2013-01-01
9578677,158,2011-01-01
40611999,158,2015-01-01
15776309,158,2013-01-01
25734248,158,2016-01-01
13256064,158,2012-01-01
25412978,158,2015-01-01
18142329,158,2013-01-01
8517008,158,2011-01-01
31125554,158,2017-01-01
29939148,158,2017-01-01
15755201,158,2013-01-01
28965131,158,2017-01-01
36373481,158,2018-01-01
36626748,158,2018-01-01
28016509,158,2017-01-01
42080142,158,2019-01-01
10680329,158,2011-01-01
10428708,158,2011-01-01
16071767,158,2013-01-01
7945049,158,2010-01-01
12922320,158,2012-01-01
13148921,158,2012-01-01
32758901,159,2018-01-01
36223860,159,2019-01-01
2808945,159,2003-01-01
13498,159,1975-01-01
102266,159,1971-01-01
17061,159,2003-01-01
25526296,159,2017-01-01
13578175,159,2013-01-01
25667918,159,2016-01-01
276767,159,1973-01-01
32758901,160,2017-01-01
43352954,160,2019-01-01
60146,160,1967-01-01
422134,160,1965-01-01
2808945,160,2003-01-01
186337,160,1978-01-01
102266,160,1970-01-01
218587,160,1992-01-01
17061,160,2003-01-01
25526296,160,2016-01-01
25667918,160,2015-01-01
32758901,161,2018-01-01
25526296,161,2017-01-01
32758901,162,2018-01-01
18505844,162,2015-01-01
10673576,162,2012-01-01
156784,162,1996-01-01
13642704,162,2014-01-01
8429687,162,2012-01-01
13505926,162,2013-01-01
7077917,162,2011-01-01
206662,162,2005-01-01
184786,162,2003-01-01
28962996,162,2018-01-01
466371,162,1996-01-01
20821288,162,2015-01-01
57504,162,1999-01-01
48623,162,2004-01-01
17333324,162,2014-01-01
6194,162,1983-01-01
8051458,162,2011-01-01
32758901,163,2019-01-01
12923588,163,2012-01-01
239399,163,2007-01-01
64380,163,2005-01-01
886066,163,2009-01-01
354,163,1989-01-01
38447,163,1987-01-01
40651883,163,1993-01-01
816,163,2000-01-01
827,163,1996-01-01
18966819,163,2016-01-01
20518872,163,2015-01-01
6422238,163,2010-01-01
234489,163,1988-01-01
34928122,163,2018-01-01
32758901,164,2017-01-01
13573419,164,2013-01-01
12591698,164,2012-01-01
6465063,164,2010-01-01
23533039,164,2015-01-01
16131032,164,2013-01-01
25877663,164,2017-01-01
41160292,164,2019-01-01
23209924,164,2015-01-01
15981711,164,2013-01-01
43352954,164,2019-01-01
28335696,164,2018-01-01
7438179,164,2010-01-01
12135086,164,2012-01-01
11045709,164,2011-01-01
7841670,164,2010-01-01
16059350,164,2013-01-01
36223860,164,2018-01-01
7077917,164,2010-01-01
4025200,164,2009-01-01
33395557,164,2017-01-01
44549137,164,2018-01-01
10256072,164,2009-01-01
36348525,164,2018-01-01
13085609,164,2012-01-01
43190272,164,2019-01-01
25790952,164,2016-01-01
33151799,164,2016-01-01
8853299,164,2011-01-01
30038654,164,2017-01-01
33257757,164,2018-01-01
18114057,164,2014-01-01
12605487,164,2011-01-01
23208397,164,2016-01-01
11069481,164,2011-01-01
12953520,164,2012-01-01
34386617,164,2018-01-01
21865587,164,2013-01-01
18586487,164,2014-01-01
7283762,164,2010-01-01
6504894,164,2010-01-01
23164927,164,2015-01-01
30134847,164,2017-01-01
32794590,164,2017-01-01
31451186,164,2017-01-01
20509356,164,2014-01-01
28335698,164,2019-01-01
28962996,164,2017-01-01
25131600,164,2015-01-01
12040447,164,2012-01-01
7937744,164,2010-01-01
35018901,164,2014-01-01
25430248,164,2016-01-01
9432902,164,2011-01-01
27245997,164,2016-01-01
9762449,164,2011-01-01
12998057,164,2012-01-01
27833670,164,2016-01-01
16130537,164,2013-01-01
35066358,164,2014-01-01
24388326,164,2015-01-01
8855321,164,2011-01-01
17333324,164,2013-01-01
6597651,164,2009-01-01
6506307,164,2010-01-01
7132363,164,2010-01-01
16158596,164,2013-01-01
11099729,164,2012-01-01
22816087,164,2015-01-01
23129410,164,2015-01-01
9634967,164,2011-01-01
25733990,164,2016-01-01
29475447,164,2016-01-01
9265453,164,2011-01-01
25451264,164,2016-01-01
17855756,164,2013-01-01
17934530,164,2014-01-01
23168817,164,2015-01-01
16278318,164,2015-01-01
13055592,164,2012-01-01
35820656,164,2018-01-01
6422238,164,2009-01-01
20706284,164,2014-01-01
12266560,164,2012-01-01
22886612,164,2015-01-01
26118426,164,2016-01-01
21418013,164,2014-01-01
18656030,164,2014-01-01
228534,165,1998-01-01
2054504,165,2008-01-01
74462,165,2003-01-01
698,165,2007-01-01
828387,165,2005-01-01
212615,165,2007-01-01
3710,165,2003-01-01
1022376,165,2004-01-01
301727,165,1998-01-01
6559778,165,2010-01-01
759175,165,2008-01-01
965343,165,2005-01-01
167216,165,2000-01-01
6101138,165,2010-01-01
7039826,165,2007-01-01
469959,165,2002-01-01
28001,165,1997-01-01
127630,165,2006-01-01
11076123,165,2012-01-01
7984373,165,2011-01-01
7244,165,1999-01-01
31685789,165,2011-01-01
137791,165,2000-01-01
3867,165,2006-01-01
78433,165,2001-01-01
46756,165,2004-01-01
8913370,165,2002-01-01
72579,165,1997-01-01
3711,165,2000-01-01
7826803,165,2010-01-01
690866,165,1996-01-01
14569052,165,2004-01-01
775346,165,2003-01-01
9118135,165,2012-01-01
95186,165,2007-01-01
25584847,165,2006-01-01
16055,165,1998-01-01
22207,165,2008-01-01
32226,165,2001-01-01
2012337,165,2008-01-01
202948,165,1996-01-01
123036,165,2001-01-01
4101648,165,2009-01-01
7907782,165,2011-01-01
5198,165,1999-01-01
228534,166,1998-01-01
122312,166,1993-01-01
10810,166,1977-01-01
273197,166,2000-01-01
107430,166,1989-01-01
6687247,167,2010-01-01
7936425,167,2010-01-01
414096,167,2005-01-01
1215358,167,2007-01-01
7935992,167,2010-01-01
26634594,167,2016-01-01
1202,167,2005-01-01
11084145,167,2012-01-01
242472,167,2007-01-01
26889576,167,2010-01-01
2054761,167,2008-01-01
18077903,167,2014-01-01
12158480,167,2012-01-01
16071764,167,2013-01-01
6687247,168,2010-01-01
27397,169,1995-01-01
86524,169,1982-01-01
30044,169,1992-01-01
2517439,169,2008-01-01
368731,169,2002-01-01
13547504,169,2012-01-01
26240132,169,2005-01-01
12609,169,1997-01-01
357486,169,2005-01-01
11472,169,1998-01-01
54218,169,1981-01-01
30852,169,1976-01-01
16884,169,1987-01-01
200883,169,1991-01-01
25852784,169,2016-01-01
8171378,169,2010-01-01
4371507,169,2009-01-01
27397,170,1996-01-01
280410,170,2008-01-01
179174,171,2019-01-01
427920,172,2000-01-01
18263725,172,2017-01-01
45432,172,2007-01-01
431178,172,1994-01-01
9817161,172,2002-01-01
259978,172,1999-01-01
12941351,172,2015-01-01
2767052,172,2011-01-01
41865,172,2008-01-01
11870085,172,2015-01-01
13335037,172,2014-01-01
113436,172,2006-01-01
38709,172,2001-01-01
6186357,172,2012-01-01
7736182,172,2013-01-01
39280444,172,2002-01-01
16101128,172,2016-01-01
764347,172,2010-01-01
452306,172,2004-01-01
5359,172,1996-01-01
18692431,172,2018-01-01
32499,172,1995-01-01
38980,172,2003-01-01
213753,172,2009-01-01
310146,172,1993-01-01
16213,172,1998-01-01
40290,172,1991-01-01
19448,172,2005-01-01
23438288,172,2019-01-01
427920,173,1999-01-01
22037424,173,2002-01-01
28143415,173,2002-01-01
12941351,173,2014-01-01
2767052,173,2009-01-01
11870085,173,2014-01-01
13335037,173,2012-01-01
5,173,2002-01-01
113436,173,2005-01-01
38709,173,2003-01-01
4556058,173,2010-01-01
40604658,173,1995-01-01
6148028,173,2011-01-01
45978,173,2006-01-01
60748,173,2000-01-01
8953,173,1998-01-01
270730,173,2008-01-01
9284655,173,2013-01-01
50,173,1997-01-01
18692431,173,2016-01-01
49041,173,2007-01-01
8962,173,2004-01-01
41128030,173,2005-01-01
543339,173,1992-01-01
171001,173,2001-01-01
80674,173,1989-01-01
105574,174,2007-01-01
353937,174,2000-01-01
500998,174,2001-01-01
114166,174,2007-01-01
110391,174,2001-01-01
161910,174,2002-01-01
827412,174,2006-01-01
146943,175,2002-01-01
3006702,175,2008-01-01
6731958,175,2009-01-01
192378,175,2005-01-01
12749,175,2003-01-01
43944,175,2006-01-01
28293,175,1988-01-01
80672,176,2005-01-01
10128428,176,2012-01-01
16054808,176,2014-01-01
80672,177,2004-01-01
105999,177,1989-01-01
6455548,177,2011-01-01
232109,177,1969-01-01
37737,177,1993-01-01
598117,177,1973-01-01
84060,177,1995-01-01
28757261,177,2000-01-01
11824,177,1992-01-01
244422,177,1968-01-01
9692846,177,2008-01-01
3,177,2000-01-01
28187,177,2008-01-01
113436,177,2006-01-01
38709,177,2001-01-01
71728,177,1974-01-01
41044096,177,1964-01-01
28194,177,2009-01-01
37732,177,1975-01-01
78411,177,2003-01-01
357664,177,2005-01-01
152380,177,1965-01-01
130580,177,1966-01-01
1675216,177,2010-01-01
139463,177,1996-01-01
281235,177,1983-01-01
207153,177,1994-01-01
6687,177,1978-01-01
368468,177,2002-01-01
78039,177,1971-01-01
236056,177,1991-01-01
91247,177,1979-01-01
80674,177,1982-01-01
80672,178,2005-01-01
6760793,178,2013-01-01
20701984,178,2016-01-01
362199,178,1999-01-01
6961797,178,2010-01-01
71023,178,2007-01-01
235127,178,2009-01-01
11594337,178,2014-01-01
439173,178,2000-01-01
80672,179,2004-01-01
22037424,179,2001-01-01
28143415,179,2001-01-01
5,179,2001-01-01
37190,179,2005-01-01
30119,179,1996-01-01
138683,180,2005-01-01
6690236,180,2009-01-01
538611,180,2003-01-01
8913370,180,2002-01-01
86643,180,2007-01-01
6090807,181,2010-01-01
3675828,181,2010-01-01
7936809,181,2011-01-01
6459365,181,2011-01-01
15799936,182,2012-01-01
8163722,182,2010-01-01
7743117,182,2012-01-01
30613790,182,2016-01-01
9452338,182,2011-01-01
15790837,182,2013-01-01
23705512,182,2015-01-01
7716140,182,2010-01-01
7700881,182,2010-01-01
18707788,182,2014-01-01
15902792,182,2013-01-01
24885622,182,2015-01-01
7775841,182,2010-01-01
21822422,182,2015-01-01
34947549,182,2017-01-01
16130105,182,2013-01-01
12166282,182,2012-01-01
13528506,182,2012-01-01
25716705,182,2015-01-01
12959743,182,2012-01-01
17262155,182,2013-01-01
22886110,182,2015-01-01
43885930,182,2019-01-01
41940280,182,2019-01-01
13425393,182,2012-01-01
18775203,182,2014-01-01
28696602,182,2016-01-01
33832831,182,2017-01-01
9972053,182,2011-01-01
22168240,182,2014-01-01
18007571,182,2014-01-01
15808835,182,2012-01-01
15791144,182,2013-01-01
17938417,182,2013-01-01
29868610,182,2016-01-01
23848559,182,2015-01-01
15858248,182,2013-01-01
10335308,182,2011-01-01
13526165,182,2012-01-01
25224799,182,2015-01-01
17910611,182,2013-01-01
10600242,182,2012-01-01
25507925,182,2015-01-01
11230081,182,2011-01-01
7381647,182,2010-01-01
12640991,182,2012-01-01
7415016,182,2010-01-01
20170296,182,2014-01-01
8044557,182,2010-01-01
39291659,182,2011-01-01
27274328,182,2016-01-01
20876097,182,2014-01-01
35519101,183,2019-01-01
5226180,183,2010-01-01
35519101,184,2019-01-01
85866,184,1982-01-01
48623,184,2004-01-01
35519109,184,2019-01-01
14707,185,2010-01-01
10978,186,1951-01-01
32920226,186,2017-01-01
10846336,186,2011-01-01
527513,186,1991-01-01
14084,186,1959-01-01
24910,186,1986-01-01
380364,186,1975-01-01
11773,186,1998-01-01
713055,186,1987-01-01
231113,186,1990-01-01
11910,186,1971-01-01
28440,186,1994-01-01
12398,186,2005-01-01
19794,186,2006-01-01
11779,186,1970-01-01
1094343,186,1969-01-01
85384,186,1964-01-01
4395,186,1939-01-01
11890,186,1958-01-01
9505561,186,2010-01-01
24042913,186,2015-01-01
18114068,186,2014-01-01
17899948,186,1938-01-01
16981,186,1953-01-01
10920,186,1997-01-01
7354,186,1993-01-01
18114322,186,1939-01-01
415,186,1974-01-01
3805,186,2001-01-01
469571,186,1992-01-01
40496,186,1940-01-01
28251250,186,1985-01-01
284996,186,1972-01-01
5941033,186,2009-01-01
271074,186,2007-01-01
10739,186,1962-01-01
3066,186,1967-01-01
3446,186,1979-01-01
116114,186,1952-01-01
28434,186,1976-01-01
30555488,186,2016-01-01
227593,186,2002-01-01
13602426,186,2012-01-01
11654,186,1995-01-01
29744,186,1960-01-01
11908,186,1954-01-01
6551,186,1965-01-01
383022,186,1950-01-01
2253484,186,2008-01-01
235773,186,1999-01-01
129671,186,1966-01-01
634747,186,1937-01-01
256280,187,1973-01-01
41081373,187,2019-01-01
36047860,187,2018-01-01
251665,187,1984-01-01
14431,187,1980-01-01
6101138,187,2009-01-01
6862,187,1998-01-01
366427,187,1986-01-01
8664368,187,2010-01-01
89208,187,1994-01-01
151926,187,1995-01-01
5068,187,1996-01-01
96337,187,1974-01-01
4214,187,2002-01-01
375013,187,1982-01-01
9777,187,1997-01-01
14836,187,1981-01-01
11713,187,1992-01-01
28921,187,1989-01-01
78433,187,2000-01-01
41219,187,1990-01-01
6192,187,1999-01-01
1768603,187,2008-01-01
7826803,187,2009-01-01
10746542,187,2011-01-01
130028,187,1987-01-01
460635,187,1985-01-01
17333230,187,2013-01-01
11711,187,2003-01-01
30512,187,1993-01-01
13507212,187,2012-01-01
95186,187,2006-01-01
11229,187,1978-01-01
3656,187,2005-01-01
17905709,187,2014-01-01
29906980,187,2017-01-01
139087,187,2004-01-01
101094,187,1991-01-01
110090,187,2001-01-01
20893314,187,2015-01-01
239592,187,1992-01-01
316496,187,1988-01-01
42975172,187,2019-01-01
256280,188,2008-01-01
151926,188,2008-01-01
96337,188,2008-01-01
6192,188,2008-01-01
316496,188,2008-01-01
518982,189,1996-01-01
7740311,189,1997-01-01
8715,189,1996-01-01
26480,190,2002-01-01
105687,190,2000-01-01
117997,190,2006-01-01
46660,190,2002-01-01
23316548,190,2009-01-01
128109,191,2003-01-01
776137,191,2004-01-01
22929586,191,2015-01-01
7084002,191,2010-01-01
12398,191,2005-01-01
7763,191,1989-01-01
3985,191,2000-01-01
21031,191,1992-01-01
42692,191,1961-01-01
11529868,191,2012-01-01
16703,191,2007-01-01
16176440,191,2013-01-01
57485,191,2006-01-01
18114449,191,2014-01-01
1928405,192,2009-01-01
23270216,192,2016-01-01
9668661,192,2012-01-01
147732,192,1978-01-01
36198100,192,2018-01-01
20759639,192,2015-01-01
13555073,192,2014-01-01
11750648,192,2013-01-01
6004798,192,2010-01-01
606928,192,2007-01-01
1928405,193,2013-01-01
15766776,193,2017-01-01
105999,193,1986-01-01
207802,193,2007-01-01
613866,193,2011-01-01
770614,193,1994-01-01
646195,193,1988-01-01
24300,193,1998-01-01
23404,193,2002-01-01
517344,193,2009-01-01
525995,193,1985-01-01
564858,193,1979-01-01
849993,193,1999-01-01
163465,193,1981-01-01
235128,193,2007-01-01
855118,193,1979-01-01
10599546,193,2015-01-01
9822,193,1975-01-01
10431447,193,2016-01-01
281235,193,1981-01-01
37741,193,1977-01-01
40095501,193,1987-01-01
439173,193,2000-01-01
5983694,193,2013-01-01
386286,193,1977-01-01
53498,193,2004-01-01
10508431,193,2015-01-01
91247,193,1981-01-01
91248,193,1979-01-01
6871737,193,2014-01-01
1928405,194,2011-01-01
1967633,194,2011-01-01
22098550,194,2019-01-01
500799,194,1998-01-01
217008,194,2009-01-01
232109,194,1968-01-01
966757,194,1989-01-01
11333985,194,2013-01-01
5562914,194,2012-01-01
20578927,194,2017-01-01
17332435,194,2016-01-01
28954126,194,2019-01-01
730250,194,1980-01-01
826576,194,2010-01-01
231821,194,1964-01-01
967511,194,1966-01-01
517344,194,2009-01-01
2316,194,1974-01-01
22402972,194,2018-01-01
18812101,194,1996-01-01
936570,194,1976-01-01
352179,194,2007-01-01
163465,194,1981-01-01
254262,194,1953-01-01
3636,194,1996-01-01
38709,194,2001-01-01
30118,194,1984-01-01
41044096,194,1963-01-01
3980,194,1970-01-01
357664,194,2003-01-01
307791,194,2006-01-01
50,194,1990-01-01
130580,194,1959-01-01
9822,194,1974-01-01
24335,194,1973-01-01
139463,194,1993-01-01
10372,194,1979-01-01
237320,194,2007-01-01
343718,194,2008-01-01
16054808,194,2016-01-01
207153,194,1994-01-01
439173,194,1999-01-01
4835838,194,2012-01-01
69092,194,1995-01-01
368468,194,2002-01-01
223182,194,2010-01-01
87220,194,2005-01-01
7057397,195,2011-01-01
7057397,196,2011-01-01
7057397,197,2010-01-01
6460814,198,2010-01-01
6967247,198,2009-01-01
11815113,198,2012-01-01
1379961,198,2009-01-01
6460814,199,2009-01-01
6460814,200,2009-01-01
3486235,200,1997-01-01
1254684,200,1989-01-01
5396496,200,2008-01-01
6460814,201,2010-01-01
12088102,201,2012-01-01
2132036,201,2007-01-01
18634859,201,2014-01-01
17788580,201,2014-01-01
20939738,201,2008-01-01
20621185,201,2015-01-01
25876358,201,2016-01-01
19063,201,2008-01-01
13529,201,2006-01-01
17905709,201,2014-01-01
9684523,201,2012-01-01
2176735,201,2009-01-01
6460814,202,2010-01-01
3486235,202,1997-01-01
875910,202,1934-01-01
12374500,202,1930-01-01
1254684,202,1989-01-01
5396496,202,2009-01-01
12072969,203,2012-01-01
12072969,204,2012-01-01
12072969,205,2012-01-01
12072969,206,2012-01-01
13248799,207,2012-01-01
13248799,208,2012-01-01
13248799,209,2012-01-01
13248799,210,2012-01-01
13248799,211,2012-01-01
13248799,212,2013-01-01
13248799,213,2012-01-01
12964250,213,2012-01-01
786699,214,1991-01-01
10080434,214,1963-01-01
253984,214,1978-01-01
411496,214,1959-01-01
416108,214,1992-01-01
14286,214,1995-01-01
38155,214,1997-01-01
306090,214,1988-01-01
6867,214,2002-01-01
56034,214,1970-01-01
50365,214,1994-01-01
25622780,214,1967-01-01
775346,214,2003-01-01
11734,214,2001-01-01
703,214,2005-01-01
23007,214,2004-01-01
292314,214,1960-01-01
17296121,215,2013-01-01
17296121,216,2015-01-01
17296121,217,2015-01-01
17296121,218,2015-01-01
17296121,219,2015-01-01
17296121,220,2015-01-01
17296121,221,2014-01-01
17296121,222,2013-01-01
17296121,223,2015-01-01
29661618,224,2020-01-01
12392681,224,2016-01-01
32671298,224,2020-01-01
35827220,224,2020-01-01
6050678,224,2011-01-01
40792913,224,2005-01-01
7095831,224,2013-01-01
25733990,224,2017-01-01
25451264,224,2020-01-01
29661618,225,2019-01-01
13239822,225,2014-01-01
8801543,225,2013-01-01
116413,225,2004-01-01
10235919,225,2014-01-01
7767021,225,2014-01-01
13330370,225,2016-01-01
15096204,225,2014-01-01
30165203,225,2003-01-01
10644930,225,2014-01-01
46756,225,2006-01-01
29588376,225,2008-01-01
2744,225,2007-01-01
77773,225,2001-01-01
40792913,225,2004-01-01
12007,225,1993-01-01
25499718,225,2019-01-01
12974372,225,2017-01-01
17586834,226,2013-01-01
40864841,226,2019-01-01
25903764,226,2016-01-01
9674335,226,2011-01-01
7202841,226,2010-01-01
23012877,226,2015-01-01
10537195,226,2011-01-01
43307358,226,2019-01-01
19138879,226,2014-01-01
16277248,226,2013-01-01
17131869,226,2013-01-01
15984353,226,2013-01-01
7469664,226,2010-01-01
32497573,226,2017-01-01
27163019,226,2016-01-01
10767466,226,2011-01-01
18339834,226,2014-01-01
16002136,226,2013-01-01
23532871,226,2017-01-01
29772863,226,2017-01-01
27245604,226,2016-01-01
17346698,226,2013-01-01
28862528,226,2016-01-01
25517477,226,2015-01-01
34506937,226,2018-01-01
7904429,226,2010-01-01
25667474,226,2016-01-01
19536001,226,2014-01-01
35989512,226,2018-01-01
38452813,226,2019-01-01
16164271,226,2014-01-01
36373825,226,2018-01-01
17261194,226,2013-01-01
7517343,226,2010-01-01
21535713,226,2015-01-01
6911529,226,2010-01-01
25898265,226,2015-01-01
9723976,226,2012-01-01
15752115,226,2013-01-01
20256612,226,2014-01-01
8601702,226,2011-01-01
6672183,226,2010-01-01
37822650,226,2018-01-01
29237211,226,2017-01-01
10822174,226,2011-01-01
13429614,226,2013-01-01
29936927,226,2017-01-01
36374390,226,2018-01-01
39296114,226,2019-01-01
30623067,226,2018-01-01
37534577,226,2018-01-01
23017947,226,2015-01-01
9532901,226,2011-01-01
7131445,226,2010-01-01
42527866,226,2019-01-01
34930815,226,2018-01-01
19351043,226,2015-01-01
8477057,226,2011-01-01
9615347,226,2011-01-01
10138607,226,2011-01-01
18465566,226,2014-01-01
11514260,226,2012-01-01
20898019,226,2014-01-01
19358975,226,2014-01-01
20575446,226,2014-01-01
29396738,226,2016-01-01
33161035,226,2017-01-01
34506912,226,2018-01-01
7095422,226,2010-01-01
13226217,226,2013-01-01
18659623,226,2014-01-01
18630542,226,2014-01-01
28204534,226,2016-01-01
11450360,226,2011-01-01
12413836,226,2012-01-01
1322303,227,1967-01-01
967511,227,1963-01-01
1071726,228,1967-01-01
26348,228,2001-01-01
164434,228,1982-01-01
12079,228,1991-01-01
214948,228,1957-01-01
224379,228,2003-01-01
306090,228,1987-01-01
40961621,228,1999-01-01
27268403,229,2016-01-01
2484198,230,2008-01-01
1451628,230,2004-01-01
2484198,231,2007-01-01
1451628,231,2004-01-01
2737076,231,2006-01-01
1812661,231,2006-01-01
4444949,231,2005-01-01
3339159,231,2004-01-01
1711690,231,2004-01-01
1128399,231,2004-01-01
2484198,232,2008-01-01
6177371,232,2006-01-01
1451628,232,2004-01-01
6043781,232,1995-01-01
1812595,232,2003-01-01
2484198,233,2008-01-01
2484198,234,2009-01-01
2484198,235,2008-01-01
2484198,236,2008-01-01
18405537,237,2015-01-01
34324484,237,2019-01-01
13042154,237,2013-01-01
23664726,237,2016-01-01
16059442,237,2015-01-01
9917938,237,2012-01-01
8843789,237,2012-01-01
18405537,238,2015-01-01
638689,238,2008-01-01
231826,238,1988-01-01
1191449,238,2000-01-01
259861,238,1958-01-01
7942534,238,2011-01-01
588625,238,2002-01-01
231821,238,1963-01-01
226759,238,1976-01-01
857920,238,1998-01-01
18405537,239,2015-01-01
22249695,239,2016-01-01
31850667,239,2018-01-01
15992356,239,2014-01-01
18405537,240,2015-01-01
25197374,240,2016-01-01
18405537,241,2015-01-01
18405537,242,2017-01-01
1967633,242,2011-01-01
615359,242,2010-01-01
12384984,242,2016-01-01
15766776,242,2016-01-01
7740772,242,2013-01-01
89716,242,2006-01-01
1835150,242,2010-01-01
491578,242,2010-01-01
207802,242,2007-01-01
1804074,242,2010-01-01
5168689,242,2013-01-01
6609764,242,2013-01-01
29358517,242,2019-01-01
17408897,242,2018-01-01
23270216,242,2020-01-01
42048,242,2008-01-01
16099325,242,2016-01-01
13642663,242,2015-01-01
428035,242,2007-01-01
217008,242,2011-01-01
207798,242,2009-01-01
22249695,242,2017-01-01
4419501,242,2012-01-01
444347,242,2007-01-01
797298,242,2008-01-01
89377,242,2009-01-01
22064780,242,2018-01-01
13170021,242,2015-01-01
809372,242,2009-01-01
18263530,242,2017-01-01
175395,242,2008-01-01
17346698,242,2019-01-01
1962363,242,2011-01-01
17415480,242,2018-01-01
554165,242,2009-01-01
23657454,242,2018-01-01
7192385,242,2013-01-01
876582,242,2006-01-01
28675749,242,2019-01-01
6668056,242,2007-01-01
32819894,242,2020-01-01
1128364,242,2010-01-01
2210839,242,2011-01-01
30123268,242,2018-01-01
11235712,242,2016-01-01
53494,242,2006-01-01
28217808,242,2019-01-01
13623777,242,2015-01-01
11699349,242,2014-01-01
53492,242,2007-01-01
20821303,242,2017-01-01
11737313,242,2016-01-01
22453777,242,2018-01-01
2973943,242,2014-01-01
152643,242,2006-01-01
116722,242,2006-01-01
4296443,242,2012-01-01
207888,242,2010-01-01
7118768,242,2013-01-01
20575434,242,2017-01-01
25226215,242,2020-01-01
105303,242,2008-01-01
28899,242,2009-01-01
23615709,242,2018-01-01
35464020,242,2020-01-01
22402972,242,2017-01-01
33986447,242,2020-01-01
999257,242,2008-01-01
1025250,242,2011-01-01
75641,242,2007-01-01
36381037,242,2016-01-01
2213661,242,2013-01-01
25480342,242,2016-01-01
85990,242,2008-01-01
9673436,242,2009-01-01
307791,242,2006-01-01
44652,242,2011-01-01
60400,242,2008-01-01
37190,242,2006-01-01
17402605,242,2011-01-01
213753,242,2009-01-01
6609765,242,2013-01-01
37186,242,2008-01-01
12432220,242,2015-01-01
6050678,242,2012-01-01
28954189,242,2020-01-01
34262,242,2007-01-01
262430,242,2007-01-01
1675216,242,2011-01-01
669570,242,2010-01-01
11594337,242,2015-01-01
295305,242,2009-01-01
161887,242,2008-01-01
2133795,242,2011-01-01
9165406,242,2014-01-01
266904,242,2008-01-01
10551947,242,2014-01-01
3223761,242,2012-01-01
13555073,242,2017-01-01
12926804,242,2015-01-01
20912424,242,2017-01-01
15937108,242,2016-01-01
20578940,242,2019-01-01
2164318,242,2014-01-01
7825557,242,2014-01-01
428042,242,2007-01-01
5982448,242,2013-01-01
8537327,242,2013-01-01
556136,242,2010-01-01
157055,242,2007-01-01
6202556,242,2012-01-01
22443261,242,2016-01-01
6596547,242,2014-01-01
10481268,242,2014-01-01
785453,242,2006-01-01
361487,242,2007-01-01
4835838,242,2011-01-01
7150174,242,2013-01-01
363851,242,2010-01-01
294442,242,2006-01-01
721003,242,2012-01-01
5983694,242,2012-01-01
7027735,242,2013-01-01
8354134,242,2014-01-01
222458,242,2009-01-01
7992862,242,2014-01-01
7981456,242,2015-01-01
12931,242,2009-01-01
7935687,242,2015-01-01
100476,242,2007-01-01
402141,242,2007-01-01
1328363,242,2010-01-01
22749539,242,2017-01-01
136189,242,2009-01-01
439092,242,2008-01-01
34506912,242,2020-01-01
10508431,242,2015-01-01
13505629,242,2015-01-01
1809175,242,2012-01-01
3276072,242,2011-01-01
3002300,242,2011-01-01
2884758,242,2012-01-01
6871737,242,2013-01-01
259068,242,2009-01-01
33118312,242,2020-01-01
31447045,243,2017-01-01
31447045,244,2014-01-01
32560066,245,2018-01-01
22819788,245,2016-01-01
31842429,245,2019-01-01
33621427,245,2019-01-01
8479681,245,2015-01-01
18375252,245,2015-01-01
119512,245,2017-01-01
7686395,245,2016-01-01
38330854,245,2018-01-01
7457379,245,2014-01-01
23929479,245,2016-01-01
28953118,245,2016-01-01
2189360,245,2018-01-01
18339155,245,2014-01-01
23315843,245,2015-01-01
22044623,245,2015-01-01
965343,245,2018-01-01
1014069,245,2014-01-01
26014651,245,2017-01-01
19102837,245,2016-01-01
11023952,245,2013-01-01
35056823,245,2019-01-01
24997390,245,2017-01-01
32187419,245,2018-01-01
35711376,245,2019-01-01
13244988,245,2011-01-01
25480342,245,2014-01-01
8710484,245,2012-01-01
35036409,245,2014-01-01
30008702,245,2017-01-01
15790842,245,2014-01-01
7141642,245,2011-01-01
21965107,245,2015-01-01
20819685,245,2015-01-01
6347824,245,2016-01-01
7429046,245,2013-01-01
28390369,245,2017-01-01
20697435,245,2016-01-01
32560066,246,2020-01-01
25682803,246,2016-01-01
18395080,246,2017-01-01
23498078,246,2018-01-01
29429682,246,2017-01-01
8225859,247,2011-01-01
9308103,247,2011-01-01
36372914,247,2018-01-01
41456850,247,2019-01-01
3252262,247,2003-01-01
9263730,247,2011-01-01
1086389,247,2006-01-01
744033,247,2005-01-01
3274998,247,2007-01-01
1466723,247,2005-01-01
88388,247,2001-01-01
6066864,247,2007-01-01
38714144,247,2017-01-01
34,247,2002-01-01
46544,247,2002-01-01
88389,247,2002-01-01
5360,247,2001-01-01
27879047,247,2016-01-01
1877062,247,2006-01-01
1816082,247,2004-01-01
8225859,248,2010-01-01
8225859,249,2012-01-01
12503306,249,2011-01-01
8225859,250,2010-01-01
23128464,250,2015-01-01
744033,250,2005-01-01
18395080,250,2014-01-01
8225859,251,2012-01-01
7482511,251,2010-01-01
18452,251,1966-01-01
7603,251,2004-01-01
434903,251,1999-01-01
8225859,252,2012-01-01
744033,252,2007-01-01
6066864,252,2008-01-01
8225859,253,2010-01-01
8225859,254,2013-01-01
6723439,254,2009-01-01
18669169,254,2014-01-01
8225859,255,2011-01-01
1466723,255,2006-01-01
8225859,256,2014-01-01
6572270,256,2011-01-01
13488875,256,2012-01-01
18669169,256,2013-01-01
23995249,256,2016-01-01
331260,257,2005-01-01
57498,257,2004-01-01
67,257,2004-01-01
2432061,258,2009-01-01
13540215,258,2013-01-01
71845,258,2008-01-01
6098855,258,2010-01-01
17332243,258,2014-01-01
6411016,258,2011-01-01
369439,259,2005-01-01
29588,259,2006-01-01
104080,259,2005-01-01
394027,259,2003-01-01
116413,259,2002-01-01
2369498,259,2009-01-01
292706,259,2001-01-01
46756,259,2004-01-01
428042,259,2005-01-01
910863,259,2006-01-01
48484,259,2007-01-01
104091,259,2001-01-01
6422238,259,2010-01-01
369439,260,2005-01-01
6276276,260,2010-01-01
57736,260,1983-01-01
507086,260,2001-01-01
37477,260,2002-01-01
952284,260,1982-01-01
467316,260,2008-01-01
5174,260,1997-01-01
823411,260,2006-01-01
9850443,260,2012-01-01
17650,260,1994-01-01
10955239,260,2000-01-01
3381,260,2004-01-01
19661,260,2003-01-01
17661831,260,2014-01-01
18339630,260,2015-01-01
6834410,260,2011-01-01
369439,261,2004-01-01
744224,261,2002-01-01
111126,261,2001-01-01
147146,261,2006-01-01
3874108,261,2008-01-01
33311863,261,2017-01-01
141473,261,2003-01-01
11076123,261,2011-01-01
7984373,261,2010-01-01
80966,261,1998-01-01
10955239,261,1999-01-01
196564,261,1997-01-01
2012337,261,2007-01-01
129783,261,2006-01-01
12878300,262,2013-01-01
11448077,262,2010-01-01
17611261,263,2013-01-01
17437203,263,2013-01-01
20976417,263,2014-01-01
16069470,263,2013-01-01
15757694,264,2013-01-01
15757694,265,2013-01-01
22324795,265,2013-01-01
16119167,265,2013-01-01
13420145,266,2014-01-01
18215028,266,2014-01-01
18849801,266,2014-01-01
13665100,266,2014-01-01
94351,267,1993-01-01
864554,267,2004-01-01
119620,267,1999-01-01
94351,268,1995-01-01
60030,268,1996-01-01
56636,269,2002-01-01
246849,269,1995-01-01
24568450,270,2015-01-01
20561916,270,2014-01-01
25035244,270,2015-01-01
18810929,270,2012-01-01
18871985,270,2014-01-01
10815662,270,2011-01-01
20880952,270,2015-01-01
21520185,270,2014-01-01
23456237,270,2015-01-01
22325661,270,2015-01-01
40605223,271,2016-01-01
27161821,271,2015-01-01
31944708,271,2017-01-01
19161835,271,2014-01-01
28449257,271,2016-01-01
18498558,271,2014-01-01
5263374,271,2009-01-01
31815310,272,2016-01-01
15818357,273,2014-01-01
35425827,274,2019-01-01
46004545,274,2019-01-01
38139409,274,2019-01-01
6390031,275,2010-01-01
147908,275,1987-01-01
1705697,275,2009-01-01
21349764,275,2013-01-01
16248246,275,2014-01-01
585576,275,1981-01-01
7171748,275,2011-01-01
552357,275,1980-01-01
1967633,276,2011-01-01
1804074,276,2011-01-01
2696181,276,2011-01-01
1962363,276,2011-01-01
1128364,276,2011-01-01
2210839,276,2011-01-01
17402605,276,2011-01-01
2049993,276,2011-01-01
1629601,276,2011-01-01
1809175,276,2011-01-01
3276072,276,2011-01-01
332624,276,2011-01-01
7023148,277,2011-01-01
51243,277,2007-01-01
7023148,278,2010-01-01
7268995,278,2010-01-01
9473008,278,2010-01-01
165856,279,2005-01-01
40864841,279,2020-01-01
22552026,279,2018-01-01
13642663,279,2014-01-01
311840,279,2001-01-01
476875,279,2007-01-01
169762,279,2007-01-01
9817161,279,2000-01-01
25255576,279,2017-01-01
36260155,279,2019-01-01
790289,279,2000-01-01
4583614,279,2010-01-01
22597784,279,2007-01-01
331711,279,2003-01-01
20939738,279,2007-01-01
497819,279,2006-01-01
19063,279,2007-01-01
39280444,279,2000-01-01
15745753,279,2016-01-01
12000020,279,2016-01-01
49750,279,2007-01-01
19057,279,2006-01-01
32075671,279,2018-01-01
6408862,279,2011-01-01
13376,279,2003-01-01
10626594,279,2012-01-01
11925514,279,2016-01-01
28954189,279,2017-01-01
64481,279,2004-01-01
28449207,279,2018-01-01
2855034,279,2009-01-01
28763485,279,2017-01-01
402013,279,2001-01-01
6665671,279,2011-01-01
8407173,279,2012-01-01
10798418,279,2012-01-01
6647312,279,2011-01-01
6457229,279,2010-01-01
428042,279,2005-01-01
1629601,279,2009-01-01
18465566,279,2015-01-01
24271,279,2000-01-01
18079719,279,2015-01-01
15798757,279,2016-01-01
2662169,279,2009-01-01
253106,279,2004-01-01
165856,280,2005-01-01
170529,280,2002-01-01
683406,280,2008-01-01
123106,280,2008-01-01
577184,280,2003-01-01
45432,280,2005-01-01
1427459,280,2002-01-01
393715,280,2004-01-01
41865,280,2006-01-01
99561,280,2006-01-01
2213661,280,2009-01-01
22232,280,2001-01-01
22205,280,2003-01-01
693208,280,2008-01-01
13376,280,2003-01-01
5152478,280,2010-01-01
816953,280,1999-01-01
13986,280,1988-01-01
104378,280,2000-01-01
161887,280,2004-01-01
186103,280,2006-01-01
6457229,280,2010-01-01
243229,280,2001-01-01
410615,280,2004-01-01
139418,280,1991-01-01
182332,280,2005-01-01
89755,280,1998-01-01
253106,280,2004-01-01
11680603,281,2005-01-01
27297,282,2015-01-01
53981,282,2010-01-01
235141,282,2005-01-01
21,282,2006-01-01
23692271,282,2017-01-01
14404,283,1988-01-01
6428155,283,1989-01-01
49488,283,2001-01-01
244102,283,2002-01-01
104106,283,1987-01-01
456773,283,2006-01-01
12406892,283,2009-01-01
2429135,283,2009-01-01
40605285,283,2010-01-01
2459785,283,2008-01-01
6534,283,1991-01-01
462033,283,2004-01-01
113002,283,2003-01-01
14404,284,1988-01-01
113255,284,1998-01-01
23264870,284,2016-01-01
301082,284,2002-01-01
43928,284,1996-01-01
14404,285,1988-01-01
910152,285,2008-01-01
372385,285,1998-01-01
14404,286,1988-01-01
167040,286,2007-01-01
38330854,286,2019-01-01
41701,286,1974-01-01
363397,286,1979-01-01
380558,286,1978-01-01
31287352,286,2018-01-01
29904287,286,2017-01-01
13596166,286,2014-01-01
43928,286,1996-01-01
13062235,287,2013-01-01
22447885,287,2015-01-01
6721437,287,2010-01-01
11758226,287,2012-01-01
8126204,287,2012-01-01
13562054,287,2009-01-01
15726780,287,2013-01-01
6034422,287,2009-01-01
9666241,287,2012-01-01
12165882,287,2012-01-01
18270646,287,2014-01-01
18480662,287,2014-01-01
6777771,287,2008-01-01
16031620,287,2014-01-01
6219415,287,2009-01-01
12351695,288,2011-01-01
13069261,288,2014-01-01
15874968,288,2012-01-01
6050822,288,2010-01-01
12351695,289,2012-01-01
70897,289,1994-01-01
18375774,289,2014-01-01
6731958,289,2008-01-01
184834,289,2005-01-01
40189,289,1995-01-01
77203,289,2006-01-01
6288,289,2009-01-01
1232,289,2005-01-01
4588,289,2007-01-01
29044,289,1994-01-01
10959,289,1996-01-01
101299,289,1997-01-01
21671,289,2003-01-01
61264,289,1998-01-01
9850443,289,2013-01-01
71458,289,2000-01-01
125502,289,2004-01-01
823134,289,2002-01-01
533465,289,2001-01-01
4329619,289,2010-01-01
12351695,290,2011-01-01
953560,290,2000-01-01
12351695,291,2012-01-01
867162,291,1998-01-01
13513136,291,1993-01-01
13404803,291,2013-01-01
4667024,291,2011-01-01
18144590,291,1995-01-01
58801,291,1988-01-01
12351695,292,2011-01-01
12351695,293,2012-01-01
14624906,294,2012-01-01
18719277,294,2011-01-01
15721334,294,2012-01-01
6688121,294,2010-01-01
6344897,295,2012-01-01
6344897,296,2012-01-01
108347,296,2002-01-01
15581,296,2001-01-01
9242236,297,2012-01-01
1320279,297,2007-01-01
270872,297,2012-01-01
3920295,297,2008-01-01
13356671,297,2012-01-01
13392817,297,2011-01-01
7486255,297,2010-01-01
10813139,297,2011-01-01
13543100,297,2011-01-01
7090627,297,2012-01-01
12384322,297,2012-01-01
12254379,297,2011-01-01
15811554,297,2012-01-01
9242236,298,2011-01-01
9242236,299,2014-01-01
15815364,299,2014-01-01
13392817,299,2013-01-01
11787752,299,2013-01-01
13543100,299,2013-01-01
12180248,300,2013-01-01
12180248,301,2015-01-01
37190,301,2006-01-01
16054808,301,2015-01-01
80674,301,1983-01-01
12180248,302,2012-01-01
30223025,302,2018-01-01
18298890,302,2015-01-01
12392681,302,2012-01-01
13056868,302,2012-01-01
6321845,302,2009-01-01
9711714,302,2011-01-01
8299165,302,2011-01-01
36222611,302,2018-01-01
229033,302,2007-01-01
170136,302,2007-01-01
7507944,302,2011-01-01
17453303,302,2014-01-01
8884616,302,2012-01-01
11544476,302,2013-01-01
23282249,302,2015-01-01
18068907,302,2015-01-01
13455485,302,2012-01-01
12154335,302,2012-01-01
3236307,302,2008-01-01
7260188,302,2010-01-01
8490112,302,2011-01-01
13262783,302,2012-01-01
213753,302,2006-01-01
7728889,302,2012-01-01
40159,302,2006-01-01
6050678,302,2009-01-01
19549841,302,2012-01-01
5310515,302,2009-01-01
18166936,302,2014-01-01
2133795,302,2008-01-01
1902241,302,2008-01-01
12813630,302,2013-01-01
186103,302,2006-01-01
10429092,302,2011-01-01
19351043,302,2015-01-01
6472451,302,2009-01-01
6087756,302,2010-01-01
24767,302,2006-01-01
7826116,302,2010-01-01
7095831,302,2010-01-01
3817859,302,2009-01-01
6527841,302,2010-01-01
1194366,302,2007-01-01
28110852,302,2016-01-01
8843789,302,2011-01-01
18309803,302,2014-01-01
18806240,302,2015-01-01
12180248,303,2012-01-01
44184,304,2000-01-01
987756,304,2003-01-01
11451112,304,2013-01-01
463780,304,2002-01-01
12162432,304,2012-01-01
99561,304,2006-01-01
20820994,304,2015-01-01
1162022,304,2009-01-01
6512140,304,2010-01-01
8563789,304,2012-01-01
161426,304,2005-01-01
118944,304,2007-01-01
28243032,304,2018-01-01
7095831,304,2011-01-01
10836471,304,2014-01-01
709054,304,2008-01-01
33294200,304,2019-01-01
18806240,304,2016-01-01
44184,305,2000-01-01
18263725,305,2015-01-01
17346698,305,2014-01-01
481912,305,2005-01-01
266666,305,2008-01-01
7118768,305,2011-01-01
266663,305,2004-01-01
93598,305,2002-01-01
13588082,305,2013-01-01
13214,305,1971-01-01
310459,305,1977-01-01
108077,305,1996-01-01
44184,306,1999-01-01
296384,306,1968-01-01
17261194,306,2014-01-01
2250457,306,1971-01-01
517344,306,2007-01-01
6111016,306,1973-01-01
23615709,306,2016-01-01
18812101,306,1993-01-01
876034,306,1976-01-01
10963,306,1977-01-01
2938387,306,1969-01-01
28251377,306,2017-01-01
1246273,306,1970-01-01
3636,306,1993-01-01
310459,306,1977-01-01
9822,306,1971-01-01
11925514,306,2012-01-01
128092,306,1969-01-01
169756,306,2003-01-01
91247,306,1978-01-01
44184,307,1999-01-01
133775,307,1996-01-01
6609764,307,2010-01-01
428035,307,2005-01-01
25937866,307,2016-01-01
8299165,307,2011-01-01
159666,307,1999-01-01
13170021,307,2012-01-01
16030663,307,2013-01-01
9817161,307,1999-01-01
764861,307,2007-01-01
28954126,307,2016-01-01
29010395,307,2017-01-01
17261194,307,2013-01-01
28449045,307,2016-01-01
260941,307,1998-01-01
152643,307,2003-01-01
463780,307,2001-01-01
39963,307,1998-01-01
93598,307,2001-01-01
37822650,307,2018-01-01
6407014,307,2009-01-01
39280444,307,1999-01-01
9673436,307,2007-01-01
28763485,307,2016-01-01
201114,307,2006-01-01
9165406,307,2011-01-01
118944,307,2006-01-01
2768169,307,2008-01-01
3798703,307,2008-01-01
1629601,307,2008-01-01
37187,307,2001-01-01
7095831,307,2010-01-01
169756,307,2002-01-01
316445,307,2004-01-01
18049084,307,2014-01-01
6369113,307,2009-01-01
110535,307,2006-01-01
3002300,307,2008-01-01
33906,307,2007-01-01
24767508,308,2017-01-01
34213608,308,2017-01-01
33016249,308,2017-01-01
21251323,308,2014-01-01
28789711,308,2015-01-01
13244988,308,2012-01-01
22557272,308,2015-01-01
22822858,308,2015-01-01
29056083,308,2016-01-01
25899336,308,2016-01-01
35036409,308,2015-01-01
15790842,308,2013-01-01
24817626,308,2015-01-01
13507212,308,2012-01-01
17905709,308,2014-01-01
25733573,308,2015-01-01
29906980,308,2017-01-01
18736925,308,2014-01-01
18803640,308,2014-01-01
18143905,308,2014-01-01
17350491,309,2017-01-01
3453791,309,2009-01-01
14432989,309,2013-01-01
17453303,309,2016-01-01
23302416,309,2012-01-01
99561,309,2014-01-01
16068905,309,2014-01-01
15745753,309,2013-01-01
11387515,309,2012-01-01
6482837,309,2010-01-01
20820994,309,2015-01-01
32768522,309,2016-01-01
13262783,309,2012-01-01
5152478,309,2010-01-01
714902,309,2009-01-01
248484,309,2010-01-01
28763485,309,2017-01-01
17237214,309,2016-01-01
954674,309,2011-01-01
18081809,309,2015-01-01
2049993,309,2009-01-01
10798418,309,2013-01-01
9415951,309,2011-01-01
22910900,309,2016-01-01
3798703,309,2014-01-01
18079527,309,2015-01-01
31194576,309,2017-01-01
30841984,310,2018-01-01
25030631,310,2016-01-01
15790883,310,2014-01-01
15750692,310,2013-01-01
30841984,311,2017-01-01
17910124,311,2014-01-01
25489134,311,2017-01-01
22864842,311,2014-01-01
30841984,312,2017-01-01
41952489,312,2019-01-01
17910124,312,2014-01-01
35068705,312,2018-01-01
15790883,312,2013-01-01
23444482,312,2015-01-01
26118426,312,2016-01-01
30841984,313,2017-01-01
43521657,313,2019-01-01
41961994,313,2019-01-01
34726469,313,2018-01-01
37522397,313,2017-01-01
33574161,313,2018-01-01
34219880,313,2018-01-01
25489134,313,2017-01-01
35068705,313,2018-01-01
44107480,314,2020-01-01
44107480,315,2020-01-01
108051,316,2002-01-01
147210,316,2003-01-01
3284192,316,2011-01-01
25003696,316,2001-01-01
55020,316,2004-01-01
54077,316,2000-01-01
153747,316,2006-01-01
6,316,2001-01-01
11650,316,1998-01-01
9531,316,2007-01-01
815234,317,1984-01-01
815234,318,1987-01-01
16101018,318,2016-01-01
20821299,318,2018-01-01
257070,318,1983-01-01
147732,318,1982-01-01
137045,318,2003-01-01
767680,318,1988-01-01
786256,318,1996-01-01
170529,319,2004-01-01
123106,319,2010-01-01
790319,319,2009-01-01
2011854,319,2011-01-01
1248692,319,2011-01-01
1962363,319,2009-01-01
4745993,319,2009-01-01
339339,319,2009-01-01
257800,319,2010-01-01
251991,319,2005-01-01
1722423,319,2010-01-01
2248164,319,2011-01-01
256683,319,2010-01-01
24770,319,2008-01-01
4374400,319,2011-01-01
22232,319,2003-01-01
452306,319,2004-01-01
22205,319,2005-01-01
693208,319,2010-01-01
187812,319,2009-01-01
1661957,319,2010-01-01
213647,319,2009-01-01
201114,319,2009-01-01
3697927,319,2011-01-01
1902241,319,2010-01-01
3374819,319,2011-01-01
82436,319,2002-01-01
317282,319,2010-01-01
1629601,319,2011-01-01
1189878,319,2011-01-01
16178,319,2009-01-01
3700085,319,2011-01-01
2153427,319,2011-01-01
2169506,319,2011-01-01
253106,319,2006-01-01
389535,319,2004-01-01
110535,319,2009-01-01
170529,320,2006-01-01
615359,320,2011-01-01
65053,320,2007-01-01
279642,320,2001-01-01
570633,320,1997-01-01
141372,320,1998-01-01
9692846,320,2009-01-01
28187,320,2009-01-01
113436,320,2008-01-01
40604658,320,1995-01-01
24337,320,2000-01-01
22232,320,2003-01-01
452306,320,2004-01-01
50,320,1990-01-01
136782,320,2005-01-01
121807,320,2002-01-01
143555,320,1985-01-01
19469,320,1993-01-01
1380834,321,1947-01-01
615359,322,2010-01-01
12384984,322,2013-01-01
15790886,322,2013-01-01
7719248,322,2011-01-01
10256072,322,2008-01-01
11503582,322,2012-01-01
7739858,322,2009-01-01
2418888,322,2009-01-01
7507889,322,2011-01-01
11544476,322,2014-01-01
18284906,322,2014-01-01
22596008,322,2009-01-01
6442769,322,2009-01-01
16068905,322,2015-01-01
4374400,322,2009-01-01
9275658,322,2012-01-01
8490112,322,2012-01-01
6936382,322,2011-01-01
16101128,322,2013-01-01
16143347,322,2015-01-01
25480342,322,2012-01-01
8492825,322,2011-01-01
6567017,322,2010-01-01
13262783,322,2013-01-01
693208,322,2009-01-01
493456,322,2008-01-01
10626594,322,2012-01-01
213753,322,2008-01-01
9961796,322,2012-01-01
7728889,322,2013-01-01
11925514,322,2013-01-01
6050678,322,2010-01-01
18189606,322,2015-01-01
6574102,322,2010-01-01
19549841,322,2014-01-01
12680907,322,2012-01-01
6512140,322,2010-01-01
18079804,322,2015-01-01
7741325,322,2011-01-01
17237214,322,2014-01-01
11861815,322,2014-01-01
13555073,322,2014-01-01
10798418,322,2012-01-01
317282,322,2008-01-01
5982448,322,2009-01-01
1821571,322,2008-01-01
13436373,322,2013-01-01
3700085,322,2011-01-01
28580871,322,2012-01-01
18079527,322,2015-01-01
1251032,322,2008-01-01
18079719,322,2015-01-01
18367581,322,2015-01-01
18049084,322,2015-01-01
4618801,322,2010-01-01
12043771,322,2013-01-01
733111,322,2008-01-01
6658659,323,2009-01-01
309780,323,2007-01-01
874413,323,2008-01-01
1239698,323,2006-01-01
1900124,323,2009-01-01
309773,323,2006-01-01
1527413,323,2006-01-01
803177,323,2007-01-01
2513007,323,2006-01-01
105571,323,2007-01-01
451152,323,2007-01-01
166794,323,2007-01-01
1228406,323,2008-01-01
96509,323,2007-01-01
824435,323,2007-01-01
11459303,323,2007-01-01
2856645,323,2009-01-01
181428,323,2006-01-01
3400813,323,2009-01-01
20758104,323,2009-01-01
107664,323,2007-01-01
723801,323,2006-01-01
6449920,323,2009-01-01
1840934,323,2008-01-01
603911,323,2006-01-01
411527,323,2009-01-01
1999660,323,2009-01-01
196119,323,2006-01-01
357160,323,2007-01-01
297842,323,2007-01-01
6658659,324,2008-01-01
32601841,324,2018-01-01
987756,324,2000-01-01
21936988,324,2015-01-01
388698,324,2001-01-01
6135488,324,2010-01-01
34640668,324,2017-01-01
1059184,324,2004-01-01
2097938,324,2009-01-01
6437016,324,2010-01-01
23346358,324,2015-01-01
8624532,324,2011-01-01
7519285,324,2003-01-01
6594367,324,2009-01-01
495242,324,2008-01-01
13358039,324,2004-01-01
1618,324,2004-01-01
41637836,324,1999-01-01
714902,324,2002-01-01
11925514,324,2012-01-01
24934065,324,2016-01-01
161426,324,2005-01-01
287861,324,2003-01-01
143727,324,2005-01-01
24271,324,1999-01-01
3224378,324,2007-01-01
803120,324,2002-01-01
17839197,324,2014-01-01
411527,324,2008-01-01
196119,324,2006-01-01
45709,324,2008-01-01
406422,325,2006-01-01
1832623,325,2008-01-01
305439,325,2005-01-01
6884938,325,2011-01-01
593152,325,2006-01-01
11106249,326,2011-01-01
11106249,327,2011-01-01
131304,328,2006-01-01
838130,329,2006-01-01
20525628,329,2015-01-01
3710,329,2003-01-01
12848580,329,2004-01-01
16241160,329,2012-01-01
17262155,329,2014-01-01
37477,329,2002-01-01
7334201,329,2011-01-01
4214,329,2003-01-01
6280118,329,2010-01-01
64222,329,2005-01-01
62530,329,2006-01-01
48002,329,2002-01-01
3679,329,2006-01-01
2473454,329,2008-01-01
7146335,329,2010-01-01
1096390,329,2008-01-01
23346757,329,2015-01-01
10710392,330,2013-01-01
12987986,330,2014-01-01
10814693,330,2013-01-01
17332968,330,2015-01-01
13360957,330,2016-01-01
25197374,330,2017-01-01
21822422,330,2016-01-01
11235712,330,2014-01-01
22608738,330,2017-01-01
18691014,330,2016-01-01
9266762,330,2013-01-01
36381037,330,2014-01-01
11614718,330,2013-01-01
18460392,330,2016-01-01
31685789,330,2013-01-01
6936382,330,2013-01-01
8664353,330,2014-01-01
23437156,330,2017-01-01
12000020,330,2015-01-01
16143347,330,2016-01-01
20820994,330,2016-01-01
15749186,330,2016-01-01
10194157,330,2014-01-01
19547856,330,2017-01-01
13262783,330,2014-01-01
27774758,330,2017-01-01
18692431,330,2017-01-01
20821111,330,2016-01-01
7137327,330,2013-01-01
16158542,330,2017-01-01
12813630,330,2015-01-01
10397655,330,2014-01-01
12291438,330,2015-01-01
15793231,330,2015-01-01
18079527,330,2015-01-01
11178225,330,2015-01-01
9644151,330,2014-01-01
18049084,330,2016-01-01
12021559,330,2014-01-01
22749788,330,2017-01-01
7779571,331,2010-01-01
210817,331,2002-01-01
42697,331,1959-01-01
29744,331,1960-01-01
25743,331,1963-01-01
27326,331,1950-01-01
3068,331,1958-01-01
7779571,332,2011-01-01
1699498,332,2011-01-01
11023952,332,2014-01-01
6597855,332,2011-01-01
75518,332,2011-01-01
7779571,333,2011-01-01
270872,333,2013-01-01
7457379,333,2015-01-01
7710236,333,2014-01-01
1243539,333,2010-01-01
6436361,333,2011-01-01
11455485,333,2013-01-01
2763297,333,2008-01-01
7516243,333,2011-01-01
10927555,333,2011-01-01
13513468,333,2012-01-01
10361904,333,2014-01-01
11023952,333,2014-01-01
1337973,333,2009-01-01
37820,333,2006-01-01
771941,333,2008-01-01
6777771,333,2013-01-01
13238290,333,2014-01-01
19161806,333,2009-01-01
13244988,333,2013-01-01
360461,333,2006-01-01
4929,333,2006-01-01
3755250,333,2010-01-01
8574333,333,2012-01-01
12254379,333,2012-01-01
7147831,333,2013-01-01
3240691,333,2010-01-01
432417,333,2007-01-01
47667,333,2007-01-01
3181564,333,2010-01-01
57485,333,2007-01-01
128711,333,2008-01-01
7779571,334,2010-01-01
135158,334,1997-01-01
8526694,334,2011-01-01
24612118,334,2015-01-01
454095,334,1988-01-01
4682558,334,2009-01-01
111126,334,2001-01-01
32920226,334,2017-01-01
56096,334,1983-01-01
77954,334,1980-01-01
58307,334,1991-01-01
527513,334,1991-01-01
29743,334,1977-01-01
18467802,334,2014-01-01
31177,334,1980-01-01
15972,334,2007-01-01
4605,334,1995-01-01
231113,334,1990-01-01
32388712,334,2017-01-01
63657,334,2007-01-01
28440,334,1994-01-01
12398,334,2005-01-01
39298122,334,2004-01-01
42270835,334,2019-01-01
11023952,334,2013-01-01
7123240,334,1981-01-01
948212,334,1978-01-01
76986,334,1984-01-01
409991,334,1990-01-01
895491,334,1999-01-01
13244988,334,2012-01-01
91439,334,1986-01-01
722367,334,1977-01-01
23995336,334,2015-01-01
202897,334,1984-01-01
32097,334,1987-01-01
60737,334,1986-01-01
45794,334,1992-01-01
23001,334,1995-01-01
145117,334,1996-01-01
7552716,334,2011-01-01
6288,334,2006-01-01
52892857,334,1982-01-01
256008,334,1985-01-01
7763,334,1989-01-01
7069,334,1978-01-01
6149,334,1987-01-01
133518,334,1990-01-01
228560,334,1979-01-01
6334,334,2005-01-01
5826,334,2001-01-01
10920,334,1997-01-01
3985,334,2000-01-01
49628,334,2004-01-01
7354,334,1993-01-01
11899,334,1998-01-01
17333223,334,2013-01-01
3805,334,2001-01-01
2666,334,1987-01-01
6192,334,1999-01-01
28251250,334,1985-01-01
3711,334,2000-01-01
4952,334,2006-01-01
7905092,334,2010-01-01
11650,334,1997-01-01
18749,334,2006-01-01
12468,334,1979-01-01
9820,334,1987-01-01
15811545,334,2013-01-01
11761,334,1997-01-01
1736739,334,2008-01-01
11529868,334,2012-01-01
35135343,334,2018-01-01
11206,334,1994-01-01
11437,334,1988-01-01
10964693,334,2011-01-01
11449,334,1983-01-01
139087,334,2004-01-01
2924318,334,2008-01-01
14276,334,1980-01-01
7146335,334,2010-01-01
30688435,334,2017-01-01
400,334,1988-01-01
20893314,334,2014-01-01
776573,334,1981-01-01
12374,334,1995-01-01
28390369,334,2016-01-01
50696,334,1979-01-01
294081,334,1989-01-01
19631,334,1998-01-01
18114449,334,2014-01-01
23012,334,1991-01-01
40090,334,2007-01-01
77699,334,1982-01-01
118345,334,1981-01-01
7779571,335,2011-01-01
12377445,335,2013-01-01
318335,335,2006-01-01
7779571,336,2012-01-01
10964693,336,2013-01-01
3173125,337,2009-01-01
18189462,337,2013-01-01
2161733,337,2008-01-01
8196732,337,2011-01-01
3173125,338,2011-01-01
1408029,338,2003-01-01
4328108,338,2010-01-01
320247,338,2004-01-01
77489,338,2003-01-01
101014,338,1990-01-01
124509,338,1995-01-01
23168277,338,2018-01-01
36064,338,1997-01-01
36058,338,1990-01-01
32502,338,2001-01-01
12384984,339,2013-01-01
12384984,340,2013-01-01
10256072,340,2008-01-01
7327301,340,2011-01-01
11503582,340,2012-01-01
2418888,340,2009-01-01
7507889,340,2011-01-01
22596008,340,2009-01-01
12941351,340,2012-01-01
2767052,340,2009-01-01
11870085,340,2012-01-01
7171637,340,2011-01-01
99561,340,2007-01-01
6068551,340,2010-01-01
6442769,340,2009-01-01
8490112,340,2012-01-01
17675462,340,2013-01-01
25480342,340,2012-01-01
8492825,340,2011-01-01
6567017,340,2010-01-01
693208,340,2009-01-01
6604794,340,2010-01-01
7728889,340,2013-01-01
1314332,340,2008-01-01
11925514,340,2013-01-01
6050678,340,2010-01-01
19549841,340,2014-01-01
6512140,340,2010-01-01
7741325,340,2011-01-01
25373,340,2007-01-01
13555073,340,2014-01-01
10798418,340,2012-01-01
266607,340,2007-01-01
17297487,340,2014-01-01
12043771,340,2013-01-01
733111,340,2008-01-01
9219901,341,2010-01-01
41824023,341,2019-01-01
35133922,341,2018-01-01
25899336,341,2016-01-01
12262741,341,2012-01-01
17851885,341,2013-01-01
22886113,341,2015-01-01
17675031,341,2014-01-01
34114362,341,2017-01-01
15766776,342,2014-01-01
89716,342,2005-01-01
1835150,342,2008-01-01
1804074,342,2008-01-01
26030734,342,2017-01-01
6609764,342,2011-01-01
13521501,342,2013-01-01
413432,342,1998-01-01
4570908,342,2010-01-01
966757,342,1987-01-01
18554,342,1994-01-01
111626,342,1992-01-01
120728,342,1987-01-01
121457,342,1989-01-01
1128364,342,2009-01-01
365257,342,1996-01-01
260941,342,1999-01-01
20894026,342,2015-01-01
7118768,342,2011-01-01
20575434,342,2015-01-01
13648,342,2005-01-01
8953,342,1994-01-01
357664,342,2001-01-01
307791,342,2004-01-01
331920,342,2002-01-01
248484,342,2008-01-01
106264,342,1986-01-01
2133795,342,2009-01-01
58889,342,1998-01-01
91357,342,1989-01-01
243229,342,2001-01-01
439173,342,1997-01-01
7992862,342,2012-01-01
1838166,342,2009-01-01
7935687,342,2011-01-01
87220,342,2003-01-01
15766776,343,2017-01-01
26030734,343,2018-01-01
23310699,343,2018-01-01
20708785,343,2016-01-01
30123268,343,2018-01-01
22509955,343,2017-01-01
18222556,343,2016-01-01
18655996,343,2016-01-01
119832,344,1998-01-01
6609764,344,2011-01-01
436609,344,1989-01-01
638689,344,2008-01-01
72441,344,2003-01-01
368468,344,2000-01-01
130208,344,2002-01-01
20821284,344,2015-01-01
90420,344,2007-01-01
25053346,345,2015-01-01
29546259,345,2016-01-01
17801134,346,2013-01-01
22841551,347,2015-01-01
25794796,347,2016-01-01
24611819,348,2015-01-01
76688,348,1986-01-01
776489,348,1978-01-01
154091,348,1989-01-01
22326,348,1994-01-01
76812,348,1997-01-01
57045,348,1982-01-01
7841670,348,2011-01-01
12923588,348,2012-01-01
6993091,348,2011-01-01
834670,348,1993-01-01
2278387,348,2009-01-01
340816,348,1994-01-01
7937744,348,2011-01-01
853258,348,1983-01-01
27003,348,2002-01-01
6320534,348,2010-01-01
8648,348,1992-01-01
823,348,2004-01-01
8855321,348,2012-01-01
22320,348,2004-01-01
20518872,348,2015-01-01
77507,348,1993-01-01
29582,348,1987-01-01
61899,348,2000-01-01
22200,348,1987-01-01
41810,348,1984-01-01
22322,348,2008-01-01
17934530,348,2015-01-01
96471,348,1991-01-01
64923,348,2000-01-01
21418013,348,2015-01-01
3972,348,2006-01-01
24611819,349,2015-01-01
15808474,349,2014-01-01
9688286,349,2011-01-01
24611819,350,2014-01-01
6309229,350,2012-01-01
6065179,350,2009-01-01
17707092,350,2012-01-01
6101718,350,2009-01-01
21969786,350,2013-01-01
19161852,350,2015-01-01
2315892,350,2009-01-01
5899779,350,2009-01-01
12666103,350,2012-01-01
9265453,350,2011-01-01
34213608,351,2018-01-01
8100267,351,2011-01-01
18505844,351,2015-01-01
18298890,351,2015-01-01
6764886,351,2011-01-01
12814594,351,2013-01-01
11544476,351,2014-01-01
13402805,351,2013-01-01
2767052,351,2009-01-01
6148028,351,2010-01-01
28194,351,2004-01-01
7260188,351,2011-01-01
13262783,351,2013-01-01
7728889,351,2013-01-01
26032887,351,2020-01-01
7992995,351,2012-01-01
954674,351,2009-01-01
186103,351,2006-01-01
19351043,351,2016-01-01
6087756,351,2011-01-01
428042,351,2005-01-01
7576115,351,2011-01-01
7826116,351,2011-01-01
36307634,351,2020-01-01
28110852,351,2017-01-01
18806240,351,2016-01-01
34213608,352,2018-01-01
30223025,352,2019-01-01
26032825,352,2019-01-01
26032887,352,2020-01-01
34128219,352,2018-01-01
31944679,352,2018-01-01
31144992,353,2020-01-01
35542217,353,2020-01-01
33158544,353,2020-01-01
32819894,353,2020-01-01
32204637,353,2020-01-01
13316309,353,2015-01-01
25226215,353,2020-01-01
33986447,353,2020-01-01
30653839,353,2020-01-01
10194157,353,2015-01-01
12926804,353,2015-01-01
18077875,354,2014-01-01
18668059,354,2014-01-01
20604826,354,2014-01-01
18594634,354,2014-01-01
22668729,354,2014-01-01
17934399,354,2014-01-01
18050143,354,2014-01-01
18736925,354,2014-01-01
18077903,354,2014-01-01
209690,355,1993-01-01
19577,355,1989-01-01
268437,355,1984-01-01
176332,355,2003-01-01
40893,355,1990-01-01
13239822,355,2013-01-01
781124,355,2003-01-01
379197,355,1994-01-01
152427,355,1991-01-01
382419,355,1979-01-01
7767021,355,2011-01-01
1148745,355,2008-01-01
3979,355,1986-01-01
46253235,355,1987-01-01
6671690,355,2001-01-01
23523012,355,2016-01-01
102267,355,1978-01-01
184003,355,1991-01-01
343,355,1987-01-01
4929,355,2006-01-01
14201,355,2005-01-01
11553,355,1992-01-01
341735,355,1988-01-01
4703581,355,2010-01-01
90619,355,1982-01-01
60211,355,1981-01-01
581126,355,1976-01-01
126192,355,1985-01-01
239239,355,1996-01-01
20819685,355,2015-01-01
15177,355,1985-01-01
13658,355,2002-01-01
81069,355,1975-01-01
2662169,355,2009-01-01
5269911,356,2011-01-01
317293,357,2003-01-01
972877,357,2008-01-01
3548256,357,2009-01-01
5711852,357,1983-01-01
23732637,357,2016-01-01
13006132,357,2013-01-01
10084830,357,2012-01-01
35529339,357,2004-01-01
21115,357,1978-01-01
37470,357,2002-01-01
190507,357,1991-01-01
10163292,357,2011-01-01
6878217,357,2010-01-01
60471,357,1996-01-01
6377319,358,2010-01-01
3107,359,1995-01-01
713055,359,1987-01-01
4035,359,1991-01-01
153197,359,2004-01-01
68210,359,2005-01-01
8683812,359,2012-01-01
77156,359,2000-01-01
11494,359,1976-01-01
205821,360,1936-01-01
105999,360,1984-01-01
353342,360,2003-01-01
833060,360,1927-01-01
18263725,360,2015-01-01
200362,360,1931-01-01
598117,360,1970-01-01
857528,360,1941-01-01
41457,360,1930-01-01
3950400,360,1966-01-01
11824,360,1987-01-01
39980,360,2001-01-01
62151,360,2007-01-01
325416,360,1923-01-01
18812101,360,1994-01-01
468116,360,1955-01-01
13422435,360,1947-01-01
9858488,360,2012-01-01
254262,360,1951-01-01
72543,360,1950-01-01
1665656,360,1971-01-01
33574273,360,1963-01-01
3636,360,1994-01-01
38709,360,1999-01-01
40940121,360,1978-01-01
41044096,360,1961-01-01
47281,360,1990-01-01
2213661,360,2009-01-01
902,360,1979-01-01
3980,360,1968-01-01
53496,360,1995-01-01
703292,360,1959-01-01
310459,360,1977-01-01
37190,360,2004-01-01
9822,360,1972-01-01
106264,360,1986-01-01
5310515,360,2010-01-01
77366,360,1985-01-01
11594337,360,2013-01-01
25346,360,1998-01-01
139463,360,1991-01-01
816870,360,1944-01-01
24408,360,1962-01-01
4538,360,1997-01-01
8293938,360,2011-01-01
89731,360,2005-01-01
24781,360,1969-01-01
207153,360,1992-01-01
785453,360,2002-01-01
11831,360,1983-01-01
337058,360,1981-01-01
65954,360,1967-01-01
423156,360,1949-01-01
368468,360,2000-01-01
386286,360,1973-01-01
28110852,360,2017-01-01
15595,360,1996-01-01
529474,360,1958-01-01
128048,360,1956-01-01
42447,360,1946-01-01
403722,360,1993-01-01
222576,360,1976-01-01
837501,360,1948-01-01
6309229,361,2009-01-01
683406,361,2009-01-01
10965813,361,2009-01-01
3287351,361,2009-01-01
3920295,361,2009-01-01
1271104,361,2009-01-01
9639774,361,2009-01-01
6387925,361,2009-01-01
6065179,361,2009-01-01
2179832,361,2009-01-01
2233479,361,2009-01-01
6794736,361,2009-01-01
5956378,361,2009-01-01
204097,361,2009-01-01
6401956,361,2009-01-01
2969587,361,2009-01-01
6783729,361,2009-01-01
2079538,361,2009-01-01
2153793,361,2009-01-01
2058505,361,2009-01-01
15131305,361,2009-01-01
43641,361,2009-01-01
77203,361,2009-01-01
37435,361,2009-01-01
4588,361,2009-01-01
39999,361,2009-01-01
40874325,361,2009-01-01
39832183,361,2009-01-01
3236307,361,2009-01-01
6759,361,2009-01-01
14866,361,2009-01-01
6280118,361,2009-01-01
2595138,361,2009-01-01
1162543,361,2009-01-01
1971304,361,2009-01-01
63032,361,2009-01-01
5941033,361,2009-01-01
3086160,361,2009-01-01
1609451,361,2009-01-01
6063187,361,2009-01-01
77866,361,2009-01-01
6202342,361,2009-01-01
1491117,361,2009-01-01
6186505,361,2009-01-01
6224826,361,2009-01-01
320200,362,2003-01-01
21720,362,2008-01-01
3274998,362,2008-01-01
9767511,362,2004-01-01
968,362,2004-01-01
8550813,363,2012-01-01
25826381,363,2015-01-01
6219415,363,2014-01-01
7740772,364,2011-01-01
10773376,364,2011-01-01
385250,364,1987-01-01
39988,364,1989-01-01
6319,364,1983-01-01
25480342,364,2012-01-01
7740772,365,2012-01-01
25480342,365,2014-01-01
9415957,365,2013-01-01
11088150,365,2015-01-01
24396876,365,2017-01-01
357160,365,2011-01-01
22571259,365,2016-01-01
7740772,366,2016-01-01
35187179,366,2017-01-01
22341,366,2018-01-01
640777,366,2017-01-01
6609765,366,2016-01-01
337058,366,2017-01-01
5444895,367,2009-01-01
6940642,367,2011-01-01
7105495,367,2011-01-01
8472655,367,2011-01-01
21278,368,2005-01-01
925,368,2003-01-01
21718,368,2002-01-01
113002,368,2003-01-01
12591698,369,2013-01-01
12998057,369,2013-01-01
33016249,370,2018-01-01
9047584,370,2012-01-01
10818853,370,2013-01-01
18143977,370,2015-01-01
17333230,370,2014-01-01
3629971,371,2010-01-01
6060130,371,2010-01-01
22571629,371,2015-01-01
22882816,371,2016-01-01
6182702,371,2010-01-01
10116927,371,2012-01-01
34467031,371,2018-01-01
18104734,371,2015-01-01
7027569,371,2011-01-01
2694539,371,2010-01-01
7845977,371,2011-01-01
11076123,371,2012-01-01
17829483,371,2015-01-01
7552716,371,2012-01-01
18342363,371,2014-01-01
15790842,371,2014-01-01
7141642,371,2011-01-01
17333230,371,2014-01-01
9850443,371,2012-01-01
13507212,371,2013-01-01
18498569,371,2015-01-01
683406,372,2007-01-01
683406,373,2008-01-01
2999495,373,2010-01-01
186668,374,2007-01-01
17305016,374,2014-01-01
209497,374,1996-01-01
231990,374,1996-01-01
13927,374,2000-01-01
13929,374,2006-01-01
26114463,374,2016-01-01
23264671,374,2017-01-01
13923,374,2005-01-01
11378659,375,2012-01-01
11328077,375,2011-01-01
6408862,375,2010-01-01
11378659,376,2012-01-01
31952703,376,2017-01-01
7507920,376,2011-01-01
7200982,376,2011-01-01
2106193,376,2010-01-01
23535031,376,2015-01-01
6971551,376,2010-01-01
47618,376,2006-01-01
17565517,376,2014-01-01
5659,376,2008-01-01
10551947,376,2012-01-01
6348045,376,2010-01-01
7863274,376,2011-01-01
2272641,376,2008-01-01
41015844,376,2014-01-01
20662728,376,2015-01-01
71111,377,2001-01-01
10335318,377,2012-01-01
55516,377,1991-01-01
306149,377,1980-01-01
17916506,377,1989-01-01
203795,377,2008-01-01
20663064,377,2015-01-01
348575,377,1979-01-01
119804,377,1976-01-01
168642,377,1966-01-01
397483,377,2004-01-01
105992,377,1975-01-01
5632446,377,2010-01-01
29496076,377,2018-01-01
146274,377,2007-01-01
18956,377,1992-01-01
1167033,378,2007-01-01
1167033,379,2004-01-01
24001,379,2001-01-01
25933717,379,2003-01-01
169437,379,2008-01-01
80176,379,2009-01-01
74406,379,2006-01-01
783505,379,2000-01-01
119290,379,2002-01-01
7171561,380,2009-01-01
776175,381,2008-01-01
34506937,381,2019-01-01
775864,381,2008-01-01
5967064,381,2010-01-01
65388,382,1950-01-01
422732,382,1960-01-01
6037675,382,1933-01-01
15757490,382,1954-01-01
245056,382,1945-01-01
10532409,382,1950-01-01
1865263,382,1983-01-01
24952504,382,1929-01-01
79552,382,1963-01-01
7761224,382,1957-01-01
15743146,382,1933-01-01
13505635,383,2015-01-01
12426366,383,2015-01-01
11737313,383,2015-01-01
23302416,383,2015-01-01
11387515,383,2015-01-01
8537327,383,2014-01-01
6596547,383,2014-01-01
440638,384,1999-01-01
40495148,384,1999-01-01
10959,384,1996-01-01
562212,384,1997-01-01
18589573,385,2015-01-01
11547633,386,2013-01-01
40864841,387,2020-01-01
33294200,387,2019-01-01
11284,388,1990-01-01
23019294,388,2015-01-01
11515328,388,2012-01-01
11785,388,1995-01-01
613605,388,2000-01-01
906491,388,1993-01-01
2972344,388,2007-01-01
19578,388,2003-01-01
30165203,388,2001-01-01
23807,388,1988-01-01
11566,388,1996-01-01
10614,388,1987-01-01
11557,388,1987-01-01
16130549,388,2013-01-01
11553,388,1991-01-01
10566,388,2006-01-01
10589,388,1998-01-01
472343,388,2008-01-01
5092,388,1996-01-01
11286,388,1989-01-01
15682,389,1973-01-01
837812,389,1983-01-01
1158380,389,1978-01-01
313973,389,1969-01-01
2488196,389,1982-01-01
2028,389,1968-01-01
29556103,389,1978-01-01
493005,389,1969-01-01
21464466,389,1968-01-01
18490595,389,1982-01-01
28862,389,1978-01-01
9809,389,1975-01-01
1519,389,1977-01-01
12857,389,1973-01-01
106096,389,1967-01-01
733473,389,1975-01-01
380994,389,1979-01-01
62793,389,1973-01-01
44559,389,1975-01-01
18194,389,1975-01-01
23887,389,1977-01-01
137446,390,1999-01-01
6559778,390,2010-01-01
1291989,390,1999-01-01
1523438,390,2009-01-01
174704,390,2002-01-01
11787752,390,2011-01-01
15983331,390,2013-01-01
17333230,390,2013-01-01
129783,390,2007-01-01
40090,390,2007-01-01
3250465,391,2009-01-01
38703,391,2007-01-01
542752,391,2004-01-01
3700085,391,2010-01-01
8354134,391,2012-01-01
7818683,391,2011-01-01
196560,391,2008-01-01
541920,392,2003-01-01
7940589,392,2012-01-01
1206073,392,2005-01-01
7493,392,2001-01-01
891922,392,1954-01-01
22477,392,1968-01-01
217329,392,1999-01-01
108422,392,2007-01-01
976112,392,1974-01-01
6025160,392,2010-01-01
35100,392,1989-01-01
18728,392,1995-01-01
541920,393,2003-01-01
541920,394,2003-01-01
60432,394,2007-01-01
302022,394,1995-01-01
35100,394,1989-01-01
89716,395,2005-01-01
517344,395,2007-01-01
16100972,395,2014-01-01
89716,396,2005-01-01
6177287,396,2010-01-01
6543764,396,2011-01-01
89716,397,2007-01-01
207798,397,2009-01-01
730250,397,1980-01-01
122904,397,1993-01-01
24337,397,2000-01-01
8953,397,1996-01-01
227651,397,2001-01-01
6609765,397,2013-01-01
12432220,397,2015-01-01
331920,397,2004-01-01
12842828,397,2017-01-01
108077,397,1998-01-01
10128428,397,2014-01-01
3223761,397,2012-01-01
542752,397,2005-01-01
198719,397,1986-01-01
41128030,397,2003-01-01
223182,397,2011-01-01
105999,398,1983-01-01
133775,398,1996-01-01
303948,398,1995-01-01
1660305,398,2003-01-01
128474,398,1983-01-01
344580,398,1964-01-01
339341,398,1998-01-01
18553,398,1969-01-01
24137,398,1994-01-01
105999,399,1986-01-01
1004183,399,1983-01-01
967511,399,1966-01-01
278620,399,1963-01-01
137491,399,1977-01-01
33574273,399,1965-01-01
232576,399,1967-01-01
130580,399,1959-01-01
24335,399,1973-01-01
10372,399,1979-01-01
281235,399,1982-01-01
37741,399,1975-01-01
20417,399,1961-01-01
78039,399,1971-01-01
7696504,400,2010-01-01
39298122,400,2004-01-01
1753685,400,2008-01-01
24042913,400,2015-01-01
13641208,400,2013-01-01
7696504,401,2012-01-01
43603,401,2012-01-01
18007564,401,2015-01-01
10644930,401,2014-01-01
3407877,401,2012-01-01
36578942,401,2015-01-01
63032,401,2013-01-01
16033842,401,2015-01-01
13538873,401,2015-01-01
13227454,401,2014-01-01
13254381,401,2013-01-01
765811,402,1983-01-01
592191,402,1980-01-01
11402993,403,2011-01-01
895886,404,1943-01-01
766917,404,1947-01-01
8518644,404,1988-01-01
15673,404,1998-01-01
232109,404,1968-01-01
267972,404,1989-01-01
231821,404,1964-01-01
37739,404,1977-01-01
967511,404,1966-01-01
244338,404,1957-01-01
576335,404,1967-01-01
119251,404,1978-01-01
119250,404,1976-01-01
256683,404,2010-01-01
310459,404,1979-01-01
130580,404,1959-01-01
9822,404,1974-01-01
125404,404,1984-01-01
272895,404,1944-01-01
139463,404,1993-01-01
61549,404,1941-01-01
281235,404,1982-01-01
37741,404,1975-01-01
439173,404,1999-01-01
423156,404,1951-01-01
78039,404,1971-01-01
236056,404,1990-01-01
8248,404,1942-01-01
91247,404,1980-01-01
80674,404,1983-01-01
6371720,405,2012-01-01
2114086,405,2011-01-01
4881647,405,2013-01-01
6760793,405,2013-01-01
7737902,405,2013-01-01
708549,405,2012-01-01
6455548,405,2012-01-01
164238,405,2011-01-01
1000171,405,2013-01-01
2930911,405,2011-01-01
3112733,405,2011-01-01
6620483,405,2013-01-01
54903,405,2011-01-01
826576,405,2011-01-01
3954298,405,2012-01-01
5834917,405,2013-01-01
22518404,405,2012-01-01
83369,405,2011-01-01
472392,405,2013-01-01
1025250,405,2012-01-01
40605329,405,2011-01-01
1099301,405,2011-01-01
1675216,405,2011-01-01
2133795,405,2012-01-01
2090640,405,2012-01-01
3223761,405,2011-01-01
541341,405,2011-01-01
6202556,405,2013-01-01
6596547,405,2013-01-01
5983694,405,2013-01-01
1194366,405,2011-01-01
1653655,405,2011-01-01
1661390,405,2012-01-01
8112318,405,2013-01-01
2884758,405,2012-01-01
6371720,406,2012-01-01
18263725,406,2017-01-01
500799,406,1998-01-01
2294984,406,2010-01-01
28757261,406,2001-01-01
28954126,406,2019-01-01
267972,406,1990-01-01
9692846,406,2009-01-01
18812101,406,1996-01-01
23302416,406,2014-01-01
2767052,406,2011-01-01
3,406,2001-01-01
28187,406,2009-01-01
3636,406,1996-01-01
39988,406,1991-01-01
113436,406,2006-01-01
38709,406,2002-01-01
24337,406,2000-01-01
47281,406,1992-01-01
9275658,406,2015-01-01
11387515,406,2014-01-01
136782,406,2004-01-01
125404,406,1988-01-01
781110,406,2003-01-01
6393631,406,2013-01-01
139463,406,1993-01-01
11337912,406,2016-01-01
237320,406,2007-01-01
13083,406,2005-01-01
318404,406,2008-01-01
207153,406,1994-01-01
439173,406,1999-01-01
384579,407,2007-01-01
384579,408,1977-01-01
3993839,409,2009-01-01
19523454,409,2014-01-01
8213686,409,2011-01-01
1424766,409,1988-01-01
11556,409,1988-01-01
10454232,409,2011-01-01
22826340,409,2012-01-01
411199,409,1987-01-01
30133993,409,2015-01-01
8970727,409,1993-01-01
32422,409,1993-01-01
32441,409,1990-01-01
9634,409,2002-01-01
43758,409,1988-01-01
15729539,409,2013-01-01
6587879,409,2010-01-01
7157310,409,2010-01-01
34466922,409,2017-01-01
3974,409,2007-01-01
11279,409,1991-01-01
32432,409,1999-01-01
6318413,410,2012-01-01
13335037,410,2014-01-01
7735333,410,2013-01-01
16101128,410,2016-01-01
22328546,410,2017-01-01
18692431,410,2018-01-01
11300302,410,2015-01-01
293101,410,1980-01-01
6318413,411,2009-01-01
2741766,411,2009-01-01
9711714,411,2011-01-01
8144079,411,2011-01-01
10757749,411,2011-01-01
9266779,411,2011-01-01
6936382,411,2011-01-01
7824322,411,2011-01-01
1162022,411,2008-01-01
6408862,411,2010-01-01
5152478,411,2009-01-01
3238153,411,2009-01-01
6624871,411,2010-01-01
2054504,412,2008-01-01
6047138,412,2010-01-01
6063110,412,2009-01-01
16051,412,2000-01-01
10746622,412,1999-01-01
268016,412,2000-01-01
12888599,412,2012-01-01
8753176,412,2010-01-01
126049,412,2006-01-01
6629359,412,2009-01-01
1727888,412,2002-01-01
7652728,412,2008-01-01
379343,412,2005-01-01
571239,412,2003-01-01
9361589,412,2011-01-01
8520610,412,2012-01-01
94034,412,2003-01-01
2296567,412,2008-01-01
33926,412,1999-01-01
97782,412,2007-01-01
251762,412,2001-01-01
2054504,413,2008-01-01
18635113,413,2014-01-01
12462627,413,2011-01-01
12190308,413,2012-01-01
31434883,413,2017-01-01
36337550,413,2018-01-01
315340,413,2006-01-01
16120760,413,2013-01-01
27550,414,1999-01-01
26931,414,1999-01-01
129215,414,1977-01-01
368731,414,2003-01-01
385255,414,2004-01-01
39298122,414,2005-01-01
2227528,414,2009-01-01
84557,414,1998-01-01
2599523,414,2009-01-01
293672,414,2005-01-01
51537,414,1996-01-01
111048,414,1988-01-01
6149,414,1988-01-01
297673,414,2008-01-01
29209,414,1997-01-01
42603,414,1962-01-01
81227,414,2008-01-01
67,414,2004-01-01
3679,414,2006-01-01
40961543,414,2008-01-01
129947,414,1973-01-01
30852,414,1978-01-01
4101648,414,2010-01-01
27550,415,1998-01-01
129215,415,1977-01-01
76822,415,1978-01-01
21118275,415,1984-01-01
546018,415,1977-01-01
10920,415,1997-01-01
394469,415,1980-01-01
85443,415,1981-01-01
33363,415,1989-01-01
25193,416,1967-01-01
10374,416,1985-01-01
25200,416,1966-01-01
18487180,417,2014-01-01
18310201,418,2015-01-01
281152,418,2002-01-01
8573020,418,2012-01-01
89884,418,2005-01-01
2731276,418,2009-01-01
30843,419,1990-01-01
70277,419,2001-01-01
287022,419,2003-01-01
1523438,419,2008-01-01
3398,419,1992-01-01
6867,419,2002-01-01
41219,419,1991-01-01
85301,419,2009-01-01
7141642,419,2011-01-01
3679,419,2006-01-01
9864,419,2000-01-01
76844,419,1988-01-01
293602,420,2006-01-01
60364,420,2002-01-01
1789758,420,2008-01-01
11365802,420,2012-01-01
996088,420,2005-01-01
23263813,420,2012-01-01
22596008,420,2010-01-01
20939738,420,2009-01-01
2767052,420,2010-01-01
19063,420,2009-01-01
6442769,420,2010-01-01
7735333,420,2011-01-01
19057,420,2007-01-01
827085,420,1999-01-01
118754,420,2002-01-01
18188319,421,2013-01-01
43691,422,2005-01-01
47633,422,2008-01-01
136531,422,2002-01-01
958851,422,1998-01-01
11899,422,1999-01-01
139569,422,1994-01-01
72929,422,2001-01-01
220754,422,1996-01-01
43691,423,2005-01-01
59503,423,1956-01-01
13037,423,1959-01-01
12890,423,1951-01-01
370523,423,1969-01-01
3234419,423,1969-01-01
10755183,423,1976-01-01
327281,423,1950-01-01
2375406,423,1955-01-01
3264623,423,2008-01-01
85384,423,1965-01-01
184834,423,2004-01-01
940167,423,1964-01-01
71582,423,1997-01-01
8653211,423,1969-01-01
244254,423,1999-01-01
193873,423,1996-01-01
7552716,423,2013-01-01
320,423,1969-01-01
1232,423,2004-01-01
133518,423,1990-01-01
33,423,1972-01-01
5527,423,1953-01-01
3867,423,2006-01-01
35743,423,1962-01-01
53639,423,1954-01-01
11650,423,2000-01-01
2517,423,2002-01-01
9998,423,1967-01-01
14028,423,1961-01-01
4831,423,1985-01-01
244261,423,1974-01-01
77298,423,1980-01-01
8822,423,1981-01-01
110090,423,2003-01-01
87580,423,1948-01-01
98969,423,1968-01-01
191940,423,1958-01-01
18803640,423,2016-01-01
43691,424,2006-01-01
3127736,424,2004-01-01
827326,424,1996-01-01
48577242,424,2012-01-01
4626738,424,2010-01-01
2517,424,2003-01-01
5941033,424,2011-01-01
58314,424,2002-01-01
67,424,2005-01-01
398323,424,2007-01-01
10955239,424,2001-01-01
529075,424,1997-01-01
10277268,424,2013-01-01
6276276,425,2010-01-01
6276276,426,2010-01-01
312881,426,2004-01-01
35350,426,2000-01-01
111126,426,2002-01-01
14280,426,2005-01-01
11713,426,1993-01-01
31685789,426,2011-01-01
17650,426,1994-01-01
196564,426,1998-01-01
10187223,427,2012-01-01
103525,427,2006-01-01
79909,427,1977-01-01
1139452,427,2008-01-01
14456,427,1974-01-01
26014651,427,2017-01-01
26136281,427,1927-01-01
69933,427,1975-01-01
1725399,427,1989-01-01
126866,427,1994-01-01
52106122,427,2019-01-01
233436,427,1960-01-01
18765,427,1935-01-01
3690,427,1941-01-01
39092290,427,1934-01-01
542389,427,1999-01-01
129877,428,1960-01-01
6727758,428,1964-01-01
20649195,429,2016-01-01
8041873,429,2011-01-01
1629727,429,2009-01-01
6371243,429,2010-01-01
35540804,429,2019-01-01
7325821,429,2011-01-01
20734002,429,2016-01-01
8079815,429,2013-01-01
9369717,429,2012-01-01
17185496,429,2016-01-01
2834214,429,2009-01-01
37534577,429,2019-01-01
3236307,429,2009-01-01
6304335,429,2010-01-01
7824322,429,2012-01-01
18166936,429,2015-01-01
34728667,429,2019-01-01
40801157,429,2013-01-01
10429092,429,2012-01-01
6472451,429,2010-01-01
6373717,429,2010-01-01
24974996,429,2018-01-01
2161966,430,2008-01-01
17910054,430,2014-01-01
123471,430,2007-01-01
6629359,430,2009-01-01
23995249,430,2015-01-01
1148768,430,2001-01-01
17349,430,1996-01-01
835623,430,1997-01-01
23533039,431,2016-01-01
49838,431,1980-01-01
139986,431,1981-01-01
23533039,432,2017-01-01
7937744,432,2012-01-01
18630,432,1994-01-01
48484,432,2009-01-01
20706284,432,2017-01-01
23533039,433,2016-01-01
28335696,433,2018-01-01
25896387,433,2016-01-01
28335698,433,2019-01-01
24382227,434,2019-01-01
159764,434,1996-01-01
240142,434,2003-01-01
28587957,434,2017-01-01
10917,434,2005-01-01
8908,434,2014-01-01
23395680,434,2016-01-01
5517,434,2012-01-01
41021501,434,2017-01-01
215631,434,2001-01-01
24382227,435,2020-01-01
18509683,435,2017-01-01
22552026,435,2020-01-01
22929578,435,2018-01-01
25197374,435,2018-01-01
40726583,435,2019-01-01
18460392,435,2017-01-01
28954189,435,2019-01-01
25614492,435,2019-01-01
28449207,435,2020-01-01
28763485,435,2019-01-01
17182126,435,2016-01-01
32571395,435,2020-01-01
23341894,435,2018-01-01
41014903,435,2020-01-01
24807186,435,2018-01-01
13354420,435,2015-01-01
34076952,435,2020-01-01
33830437,435,2020-01-01
20643052,435,2018-01-01
25613472,435,2020-01-01
11178225,435,2015-01-01
24974996,435,2020-01-01
90420,435,2009-01-01
11836538,435,2015-01-01
25334576,436,2016-01-01
2599523,436,2008-01-01
25334576,437,2016-01-01
202677,437,2007-01-01
839157,437,2004-01-01
3711,437,2001-01-01
72929,437,2000-01-01
25334576,438,2015-01-01
28363987,438,2016-01-01
22543699,438,2015-01-01
25334576,439,2017-01-01
22050353,439,2013-01-01
10746542,439,2012-01-01
34684622,440,2018-01-01
25733983,440,2017-01-01
10131648,440,2012-01-01
13331182,440,2013-01-01
21856367,440,2015-01-01
22320456,440,2016-01-01
9335839,440,2012-01-01
24728470,440,2016-01-01
9628743,440,2012-01-01
10335318,440,2012-01-01
12625589,440,2013-01-01
20897517,440,2015-01-01
28948581,440,2016-01-01
10383597,440,2012-01-01
18206751,440,2014-01-01
36301024,440,2018-01-01
18213403,440,2015-01-01
35265200,440,2018-01-01
21086818,440,2016-01-01
32872961,440,2018-01-01
6452798,440,2014-01-01
13153931,440,2013-01-01
8664353,440,2012-01-01
11468377,440,2012-01-01
7170627,440,2012-01-01
16158542,440,2014-01-01
29496076,440,2018-01-01
25953369,440,2017-01-01
11395597,440,2013-01-01
26074156,440,2018-01-01
13707734,440,2012-01-01
16142053,440,2014-01-01
50196744,441,2019-01-01
13448374,441,2012-01-01
25330544,441,2016-01-01
20736640,441,2014-01-01
16101121,441,2013-01-01
8483233,441,2011-01-01
22574709,441,2015-01-01
13513092,441,2012-01-01
25733983,441,2016-01-01
25189315,441,2014-01-01
27161156,441,2016-01-01
18039963,441,2013-01-01
22886112,441,2015-01-01
10391956,441,2011-01-01
10211494,441,2011-01-01
12453610,441,2012-01-01
22889766,441,2015-01-01
53415345,441,2019-01-01
39218044,441,2018-01-01
40364332,441,2019-01-01
15841863,441,2013-01-01
11500827,441,2011-01-01
29430746,441,2018-01-01
34504470,441,2016-01-01
22693211,441,2015-01-01
22875097,441,2015-01-01
24728470,441,2015-01-01
28217831,441,2016-01-01
36076501,441,2018-01-01
28116858,441,2016-01-01
25370574,441,2014-01-01
9428981,441,2011-01-01
8248617,441,2011-01-01
18667753,441,2014-01-01
9580315,441,2011-01-01
30038960,441,2017-01-01
43263491,441,2019-01-01
23462662,441,2015-01-01
16218778,441,2013-01-01
11922297,441,2012-01-01
9739365,441,2011-01-01
13096280,441,2012-01-01
13529055,441,2012-01-01
23341862,441,2015-01-01
34666763,441,2018-01-01
15798364,441,2013-01-01
18144064,441,2014-01-01
9476292,441,2011-01-01
17727276,441,2014-01-01
13586786,441,2012-01-01
37955748,441,2018-01-01
27220736,441,2016-01-01
38746485,441,2018-01-01
15814872,441,2012-01-01
13414676,441,2012-01-01
9214995,441,2011-01-01
9160695,441,2011-01-01
26074156,441,2017-01-01
16113737,441,2013-01-01
22232035,441,2015-01-01
25362017,441,2015-01-01
11330361,441,2011-01-01
22609522,441,2015-01-01
34964905,441,2018-01-01
15798797,441,2013-01-01
35108805,441,2018-01-01
32737127,441,2017-01-01
41081373,442,2020-01-01
42270835,442,2020-01-01
41081373,443,2020-01-01
43521657,444,2020-01-01
492069,444,2006-01-01
18464362,444,2016-01-01
43982054,444,2020-01-01
13239822,444,2013-01-01
96472,444,1981-01-01
25692886,444,2017-01-01
23374690,444,2015-01-01
32075842,444,2018-01-01
229033,444,2008-01-01
184786,444,2003-01-01
367334,444,1994-01-01
1341454,444,1995-01-01
968997,444,1989-01-01
1053783,444,1995-01-01
27405006,444,2018-01-01
793297,444,1990-01-01
891586,444,1989-01-01
9359818,444,2012-01-01
552285,444,1982-01-01
48623,444,2004-01-01
256683,444,2008-01-01
3236307,444,2009-01-01
9969571,444,2012-01-01
60510,444,2006-01-01
13928,444,2001-01-01
24800,444,2001-01-01
944073,444,2007-01-01
3428935,444,2009-01-01
6381205,444,2010-01-01
9917938,444,2012-01-01
17910124,444,2015-01-01
19549841,444,2013-01-01
25489134,444,2018-01-01
15819028,444,2014-01-01
40792913,444,2003-01-01
55399,444,2000-01-01
10429092,444,2012-01-01
3007704,444,2009-01-01
6472451,444,2010-01-01
61903,444,1987-01-01
47970,444,1993-01-01
7562764,444,2011-01-01
185289,444,1989-01-01
207410,444,2003-01-01
96278,444,1989-01-01
32718027,444,2018-01-01
365672,444,1996-01-01
23943137,444,2016-01-01
208,444,2007-01-01
43521657,445,2020-01-01
18505844,445,2015-01-01
10535458,445,2013-01-01
70582,445,1988-01-01
5750628,445,2010-01-01
36158,445,1988-01-01
621697,445,2008-01-01
474113,445,2008-01-01
367334,445,1994-01-01
23346643,445,2016-01-01
37522397,445,2018-01-01
618196,445,2001-01-01
153219,445,1992-01-01
27405006,445,2018-01-01
331010,445,1990-01-01
793297,445,1990-01-01
77309,445,1984-01-01
891586,445,1989-01-01
2414716,445,2009-01-01
6295913,445,2009-01-01
12084278,445,2014-01-01
159816,445,1985-01-01
186074,445,2008-01-01
301082,445,2002-01-01
29588376,445,2007-01-01
47212,445,2001-01-01
3227063,445,2009-01-01
944073,445,2008-01-01
6381205,445,2010-01-01
17333324,445,2014-01-01
61903,445,1987-01-01
47970,445,1993-01-01
25733990,445,2017-01-01
185289,445,1989-01-01
32718027,445,2019-01-01
365672,445,1996-01-01
26118426,445,2017-01-01
43521657,446,2020-01-01
43521657,447,2020-01-01
18505844,447,2014-01-01
8801543,447,2011-01-01
13073519,447,2012-01-01
23346643,447,2015-01-01
9361589,447,2011-01-01
9460487,447,2011-01-01
19549841,447,2012-01-01
13538873,447,2013-01-01
22733729,447,2014-01-01
16126596,447,2014-01-01
43521657,448,2019-01-01
25810500,449,2017-01-01
20613761,449,2015-01-01
423797,449,2005-01-01
18749,449,2007-01-01
2296567,449,2009-01-01
25810500,450,2017-01-01
18635113,450,2014-01-01
32990975,450,2017-01-01
35711376,450,2018-01-01
27071490,450,2017-01-01
41057294,450,2019-01-01
17557913,450,2014-01-01
16126596,450,2014-01-01
25810500,451,2017-01-01
31952703,452,2017-01-01
16119664,452,2014-01-01
18169279,452,2014-01-01
16120434,452,2014-01-01
31952703,453,2017-01-01
31952703,454,2017-01-01
31952703,455,2017-01-01
31952703,456,2017-01-01
18599572,456,2015-01-01
11328077,456,2011-01-01
11131963,456,2011-01-01
16119664,456,2013-01-01
6341739,456,2008-01-01
18169279,456,2014-01-01
2999495,456,2008-01-01
13643131,456,2013-01-01
23395680,456,2016-01-01
13138635,456,2014-01-01
920607,456,2007-01-01
7863274,456,2011-01-01
303073,457,2004-01-01
45432,457,2005-01-01
22064780,457,2016-01-01
6578822,457,2010-01-01
26482,458,1998-01-01
8560132,458,2006-01-01
235128,458,2005-01-01
357664,458,2003-01-01
281152,459,2002-01-01
74462,460,2002-01-01
13374,460,2004-01-01
15701217,460,2013-01-01
16089721,460,2018-01-01
614168,460,2004-01-01
29896,460,1995-01-01
507086,460,2000-01-01
25089757,460,2015-01-01
124982,460,2005-01-01
37514017,460,2018-01-01
31944708,460,2017-01-01
7872823,460,2010-01-01
6439984,460,2009-01-01
28449257,460,2016-01-01
18142312,460,2014-01-01
30257957,460,2017-01-01
292706,460,2000-01-01
6427742,460,2009-01-01
1503626,460,2008-01-01
446513,460,2007-01-01
295910,460,1996-01-01
4682252,460,2009-01-01
7984373,460,2010-01-01
467316,460,2007-01-01
6098570,460,2009-01-01
7090627,460,2012-01-01
80966,460,1998-01-01
21462154,460,2015-01-01
46756,460,2003-01-01
23316548,460,2007-01-01
5174,460,1996-01-01
6080337,460,2009-01-01
9850443,460,2011-01-01
15836,460,1996-01-01
2475251,460,2008-01-01
80063,460,2007-01-01
17661831,460,2013-01-01
221059,460,2006-01-01
18339630,460,2014-01-01
42975172,460,2019-01-01
6834410,460,2010-01-01
74462,461,2003-01-01
3874108,461,2009-01-01
292706,461,2001-01-01
446513,461,2008-01-01
11076123,461,2012-01-01
295910,461,1997-01-01
1720099,462,2003-01-01
76758,463,1983-01-01
162920,463,1994-01-01
40612032,463,2006-01-01
76758,464,1983-01-01
91487,464,2001-01-01
11890816,464,2013-01-01
138097,464,2005-01-01
297186,464,2000-01-01
84777,464,2003-01-01
18594594,464,2015-01-01
68768,464,1998-01-01
32504,464,1999-01-01
7093952,464,2011-01-01
14781507,464,2014-01-01
3830,464,1987-01-01
1590979,464,2009-01-01
31851019,464,2017-01-01
38030,464,2003-01-01
18467815,464,2015-01-01
1844874,464,1999-01-01
25868918,464,2017-01-01
67933,464,1996-01-01
6272048,464,2010-01-01
133008,464,1965-01-01
473313,464,1991-01-01
17167084,464,2014-01-01
333103,464,1981-01-01
425099,464,1979-01-01
83400,464,1979-01-01
110076,464,2007-01-01
83417,464,1986-01-01
8568,464,1967-01-01
32203290,464,2018-01-01
365307,464,1974-01-01
162921,464,1995-01-01
119073,464,1984-01-01
19288043,464,2013-01-01
124509,464,1994-01-01
43933,464,2002-01-01
2247142,464,1956-01-01
228296,464,1968-01-01
40612032,464,2006-01-01
25365,464,2004-01-01
16703,464,2008-01-01
16130537,464,2014-01-01
8686068,464,2012-01-01
32255,464,2006-01-01
6681454,464,2011-01-01
15102,464,2007-01-01
462033,464,2004-01-01
3522419,464,2010-01-01
432,464,1986-01-01
83136,464,2006-01-01
7948230,464,2011-01-01
180648,464,2007-01-01
50804,465,2006-01-01
514771,465,2008-01-01
841868,465,2005-01-01
256683,465,2009-01-01
29844228,465,2009-01-01
24770,465,2008-01-01
4374400,465,2010-01-01
6304335,465,2011-01-01
6936382,465,2012-01-01
16101128,465,2014-01-01
852470,465,2007-01-01
20820994,465,2015-01-01
7824322,465,2012-01-01
3432478,465,2010-01-01
9565548,465,2013-01-01
17182126,465,2014-01-01
359410,465,2006-01-01
7766027,465,2013-01-01
186103,465,2007-01-01
6420846,465,2011-01-01
20312462,465,2015-01-01
389535,465,2004-01-01
50804,466,2006-01-01
294817,466,2006-01-01
1220721,466,2010-01-01
1789758,466,2007-01-01
827985,466,2002-01-01
248704,466,2008-01-01
19057,466,2006-01-01
270730,466,2012-01-01
25403,466,2004-01-01
1099648,467,1979-01-01
6578507,468,2010-01-01
454950,468,2001-01-01
20939738,468,2007-01-01
12406892,468,2008-01-01
19063,468,2007-01-01
4667024,468,2009-01-01
18619684,468,2005-01-01
4214,468,2003-01-01
77203,468,2004-01-01
2429135,468,2008-01-01
252577,468,1997-01-01
7244,468,2000-01-01
1618,468,2004-01-01
6867,468,2002-01-01
10920,468,1998-01-01
386187,468,1995-01-01
101299,468,1999-01-01
6280118,468,2010-01-01
288644,468,2006-01-01
28940,468,1996-01-01
8874743,468,2011-01-01
108980,469,2011-01-01
6277757,469,2012-01-01
7824997,470,2010-01-01
6764787,470,2010-01-01
6698199,470,2010-01-01
75643,470,2007-01-01
495242,470,2007-01-01
154655,470,2006-01-01
994608,470,2008-01-01
472392,470,2007-01-01
7800188,470,2010-01-01
13083,470,2002-01-01
6004798,470,2009-01-01
7824997,471,2013-01-01
18263725,471,2017-01-01
17332435,471,2016-01-01
6620483,471,2012-01-01
730250,471,1980-01-01
11824,471,1989-01-01
2025150,471,2002-01-01
235127,471,2010-01-01
23302416,471,2015-01-01
352179,471,2007-01-01
47281,471,1992-01-01
11387515,471,2015-01-01
357664,471,2003-01-01
37190,471,2006-01-01
37186,471,2009-01-01
106264,471,1988-01-01
343718,471,2008-01-01
37741,471,1975-01-01
207153,471,1994-01-01
439173,471,1999-01-01
1653655,471,2011-01-01
236056,471,1990-01-01
91253,471,1984-01-01
87220,471,2005-01-01
9068791,472,2011-01-01
9068791,473,2011-01-01
9068791,474,2011-01-01
9471730,475,2007-01-01
3786877,475,2005-01-01
13635053,475,2011-01-01
1835150,476,2008-01-01
207802,476,2005-01-01
428035,476,2006-01-01
10734210,476,2012-01-01
517344,476,2007-01-01
23302416,476,2013-01-01
11387515,476,2013-01-01
179064,476,2004-01-01
357664,476,2001-01-01
6609765,476,2011-01-01
6202556,476,2010-01-01
5983694,476,2010-01-01
17262236,476,2014-01-01
1835150,477,2008-01-01
3268867,477,2009-01-01
9817161,477,1999-01-01
39280444,477,1999-01-01
7824322,477,2012-01-01
25614492,477,2016-01-01
5148758,478,2009-01-01
6066819,478,2009-01-01
6063187,478,2009-01-01
3975186,478,2009-01-01
5628393,478,2009-01-01
2437710,479,2008-01-01
8035987,479,2010-01-01
171201,479,1999-01-01
764270,479,2002-01-01
539282,479,1987-01-01
251446,479,1984-01-01
106123,479,1994-01-01
50544,479,1983-01-01
12137,479,1979-01-01
565978,479,1990-01-01
356712,479,1996-01-01
12898,479,1949-01-01
12220,479,1948-01-01
12083,479,1957-01-01
205476,479,1938-01-01
92250,479,1993-01-01
72159,479,1955-01-01
6559316,480,2010-01-01
29405093,480,2016-01-01
30268522,480,2015-01-01
12868761,480,2012-01-01
17571564,480,2013-01-01
20910157,480,2014-01-01
40411206,480,2017-01-01
8721183,481,2011-01-01
13171072,482,2012-01-01
23129923,482,2015-01-01
14280,482,2004-01-01
5942,482,2000-01-01
1677996,482,2007-01-01
2745692,482,1999-01-01
3479967,482,2008-01-01
11076123,482,2011-01-01
6713808,482,2009-01-01
5211,482,1995-01-01
72579,482,1996-01-01
196564,482,1997-01-01
31549906,482,2016-01-01
13171072,483,2013-01-01
13374,483,2005-01-01
1677996,483,2008-01-01
3479967,483,2009-01-01
8303402,483,2003-01-01
6713808,483,2010-01-01
31685789,483,2011-01-01
5174,483,1998-01-01
823411,483,2006-01-01
9850443,483,2012-01-01
10955239,483,2000-01-01
7199,483,2004-01-01
13171072,484,2013-01-01
20702025,484,2015-01-01
17349023,485,2014-01-01
11045709,485,2012-01-01
15797028,485,2014-01-01
12987986,486,2015-01-01
15756277,486,2016-01-01
22608738,486,2018-01-01
8414756,486,2013-01-01
1025250,486,2010-01-01
8354134,486,2014-01-01
12987986,487,2012-01-01
1804074,487,2007-01-01
5711714,487,2009-01-01
8490112,487,2011-01-01
12987986,488,2015-01-01
15756277,488,2016-01-01
20894023,488,2017-01-01
2767052,488,2011-01-01
6186357,488,2012-01-01
9275658,488,2014-01-01
213753,488,2009-01-01
530848,488,2010-01-01
7906105,488,2013-01-01
563362,489,2005-01-01
18218630,490,2014-01-01
16031091,490,2013-01-01
17333230,490,2014-01-01
18218630,491,2014-01-01
6063110,491,2010-01-01
6746349,491,2008-01-01
30001662,491,2016-01-01
22825631,491,2015-01-01
17406586,491,2012-01-01
18218630,492,2013-01-01
335140,492,1968-01-01
2176,492,1985-01-01
268016,492,2001-01-01
256279,492,1971-01-01
49628,492,2005-01-01
6194,492,1981-01-01
18218630,493,2014-01-01
33621427,493,2018-01-01
20439328,493,2015-01-01
30001662,493,2016-01-01
16170424,493,2013-01-01
29751398,493,2017-01-01
33590210,493,2019-01-01
18218630,494,2014-01-01
21094993,494,2014-01-01
17333319,494,2014-01-01
21535019,494,2014-01-01
18218630,495,2013-01-01
20439328,495,2014-01-01
26845691,495,2015-01-01
18218630,496,2014-01-01
36047860,496,2019-01-01
17402288,496,2015-01-01
20439328,496,2015-01-01
24396269,496,2015-01-01
15812211,496,2014-01-01
15762186,496,2014-01-01
32187419,496,2018-01-01
15803141,496,2014-01-01
36692478,496,2019-01-01
30688435,496,2018-01-01
18339630,496,2015-01-01
31549906,496,2017-01-01
123667,497,2016-01-01
31202835,498,2017-01-01
23453112,498,2015-01-01
8520610,498,2012-01-01
5632446,498,2009-01-01
26200563,498,2016-01-01
35068432,498,2018-01-01
18143905,498,2014-01-01
15704486,499,2016-01-01
30223025,499,2018-01-01
30025336,499,2017-01-01
35820633,499,2018-01-01
42505366,499,2019-01-01
30809786,499,2018-01-01
25740412,499,2017-01-01
42121526,499,2019-01-01
2964700,499,2011-01-01
15704459,499,2015-01-01
25446343,499,2018-01-01
40367270,499,2019-01-01
29456569,499,2018-01-01
31373184,499,2019-01-01
31451267,499,2017-01-01
39863277,499,2019-01-01
7896527,499,2012-01-01
18335634,499,2013-01-01
10507293,499,2012-01-01
10576365,499,2013-01-01
23437156,499,2015-01-01
17167166,499,2013-01-01
18635016,499,2014-01-01
16096824,499,2015-01-01
20613470,499,2014-01-01
16248068,499,2013-01-01
13188676,499,2014-01-01
17675462,499,2012-01-01
13206828,499,2014-01-01
13414446,499,2013-01-01
13104080,499,2013-01-01
32768522,499,2015-01-01
22299763,499,2016-01-01
12751687,499,2012-01-01
7488244,499,2011-01-01
28260587,499,2016-01-01
13362536,499,2013-01-01
10194157,499,2012-01-01
25494343,499,2016-01-01
13206900,499,2015-01-01
11594257,499,2012-01-01
10215349,499,2012-01-01
11808950,499,2012-01-01
17347389,499,2013-01-01
23395680,499,2015-01-01
23164983,499,2014-01-01
9659607,499,2011-01-01
22918050,499,2015-01-01
23174274,499,2016-01-01
7728889,499,2012-01-01
18126198,499,2014-01-01
26032825,499,2018-01-01
8525590,499,2011-01-01
22544764,499,2015-01-01
9593913,499,2013-01-01
20821111,499,2014-01-01
13644055,499,2014-01-01
16069030,499,2014-01-01
12971616,499,2012-01-01
16429619,499,2014-01-01
18798983,499,2015-01-01
17378527,499,2016-01-01
28954189,499,2017-01-01
19549841,499,2012-01-01
12680907,499,2012-01-01
28449207,499,2017-01-01
13618440,499,2014-01-01
17378508,499,2014-01-01
14061955,499,2013-01-01
8709524,499,2014-01-01
42246377,499,2014-01-01
18584855,499,2016-01-01
13253276,499,2013-01-01
18166936,499,2014-01-01
16131484,499,2014-01-01
23677341,499,2016-01-01
41044147,499,2015-01-01
18500665,499,2015-01-01
30226723,499,2017-01-01
8811139,499,2013-01-01
31450852,499,2017-01-01
13138635,499,2014-01-01
20443207,499,2015-01-01
14061957,499,2014-01-01
13595639,499,2011-01-01
15861491,499,2013-01-01
30312891,499,2017-01-01
31076583,499,2018-01-01
8709528,499,2015-01-01
7879278,499,2011-01-01
26074181,499,2016-01-01
33555224,499,2018-01-01
36329818,499,2018-01-01
11563110,499,2012-01-01
27190613,499,2016-01-01
20958632,499,2015-01-01
34275232,499,2018-01-01
25558608,499,2016-01-01
20443235,499,2016-01-01
28588345,499,2016-01-01
10874177,499,2013-01-01
29236299,499,2016-01-01
36642458,499,2018-01-01
13541056,499,2019-01-01
41014903,499,2017-01-01
23308084,499,2016-01-01
22840421,499,2016-01-01
32075662,499,2017-01-01
34992929,499,2018-01-01
42771754,499,2019-01-01
27188596,499,2018-01-01
22443261,499,2013-01-01
40381392,499,2019-01-01
21569527,499,2015-01-01
23308087,499,2017-01-01
23367261,499,2017-01-01
42201395,499,2019-01-01
36307634,499,2019-01-01
30117284,499,2017-01-01
34128219,499,2017-01-01
34076952,499,2017-01-01
6368611,499,2011-01-01
9918083,499,2011-01-01
30075662,499,2019-01-01
43204703,499,2019-01-01
34992959,499,2019-01-01
24763621,499,2017-01-01
31944679,499,2017-01-01
44017627,499,2019-01-01
27161189,499,2016-01-01
43822024,499,2019-01-01
29386918,499,2018-01-01
17342700,499,2015-01-01
18746546,499,2015-01-01
29739361,499,2017-01-01
33375622,500,2015-01-01
858859,500,1988-01-01
33375622,501,2018-01-01
33375622,502,2018-01-01
28815371,502,2017-01-01
18114068,502,2015-01-01
18428067,502,2014-01-01
27071490,502,2017-01-01
23168277,502,2016-01-01
16126596,502,2014-01-01
33375622,503,2017-01-01
23512999,503,2015-01-01
33375622,504,2017-01-01
33572350,504,2017-01-01
190372,504,2001-01-01
33375622,505,2018-01-01
115009,505,2001-01-01
8913370,505,2003-01-01
15054,505,1994-01-01
25104465,505,2000-01-01
33375622,506,2018-01-01
33572350,506,2018-01-01
32187419,506,2018-01-01
33375622,507,2017-01-01
18114068,507,2014-01-01
18428067,507,2013-01-01
27071490,507,2016-01-01
36692478,507,2018-01-01
33375622,508,2018-01-01
25893709,508,2016-01-01
2138727,508,2008-01-01
5941033,508,2010-01-01
20170404,508,2015-01-01
8366402,508,2011-01-01
10054335,508,2012-01-01
13503109,508,2013-01-01
17262100,508,2014-01-01
4929705,508,2009-01-01
30555488,508,2017-01-01
33375622,509,2017-01-01
32920226,509,2017-01-01
25056959,509,2016-01-01
29430012,509,2016-01-01
30001662,509,2016-01-01
25111119,509,2016-01-01
34066798,509,2016-01-01
30555488,509,2016-01-01
30688435,509,2017-01-01
41880609,509,2019-01-01
33375622,510,2018-01-01
25903764,511,2017-01-01
169651,512,2003-01-01
500799,512,1998-01-01
238127,512,1997-01-01
28757261,512,2001-01-01
263623,512,1994-01-01
9692846,512,2008-01-01
267035,512,1993-01-01
3,512,2001-01-01
28187,512,2008-01-01
13376,512,2006-01-01
331920,512,2004-01-01
136782,512,2005-01-01
237320,512,2007-01-01
89755,512,2000-01-01
223182,512,2009-01-01
6177371,513,2005-01-01
1812654,513,2004-01-01
7147249,513,2009-01-01
56083,514,1936-01-01
4395,514,1939-01-01
18114322,514,1939-01-01
8100267,515,2015-01-01
23209924,515,2016-01-01
18952341,515,2017-01-01
25059,515,2002-01-01
6993091,515,2015-01-01
30134847,515,2019-01-01
28962996,515,2019-01-01
77504,515,2018-01-01
9969571,515,2015-01-01
31360,515,2002-01-01
35066358,515,2017-01-01
22816087,515,2019-01-01
32109569,515,2019-01-01
13055592,515,2015-01-01
8706185,515,2015-01-01
34928122,515,2019-01-01
9722219,516,2012-01-01
13223523,516,2013-01-01
59830,516,2002-01-01
846616,516,2008-01-01
18301663,516,2015-01-01
268604,516,2004-01-01
350678,516,1997-01-01
13517402,516,2013-01-01
24035668,516,2016-01-01
17981276,516,2015-01-01
17131604,516,2005-01-01
9612470,516,2012-01-01
17332556,516,2014-01-01
1293450,516,2009-01-01
17901769,516,2015-01-01
17938354,516,2015-01-01
6290444,516,2010-01-01
25965222,516,2017-01-01
8025911,516,2012-01-01
3430269,516,2010-01-01
120049,516,2006-01-01
93481,516,2007-01-01
398135,516,2004-01-01
6344424,516,2010-01-01
129523,516,2005-01-01
13526010,516,2013-01-01
93478,516,2007-01-01
352724,516,2008-01-01
238142,516,2005-01-01
42899,516,2006-01-01
476543,516,2009-01-01
46202,516,2007-01-01
6289920,516,2010-01-01
15781026,516,2014-01-01
16070143,516,2014-01-01
10790516,516,2013-01-01
112752,516,2005-01-01
59829,516,2002-01-01
10802904,516,2012-01-01
8074967,516,2012-01-01
1830755,516,2009-01-01
9542259,516,2012-01-01
300674,517,1949-01-01
20696430,517,2014-01-01
158277,517,2006-01-01
475,517,2005-01-01
22514020,517,2015-01-01
200883,517,1991-01-01
28212,517,1987-01-01
291583,518,2004-01-01
22552026,518,2017-01-01
8428139,518,2011-01-01
18691014,518,2014-01-01
17261194,518,2013-01-01
708526,518,2005-01-01
64481,518,2003-01-01
2855034,518,2008-01-01
13069935,518,2012-01-01
169756,518,2002-01-01
6527841,518,2010-01-01
130208,518,2001-01-01
33294200,518,2018-01-01
219110,518,2007-01-01
291583,519,2005-01-01
309780,519,2007-01-01
25893,519,2006-01-01
7807446,519,2012-01-01
7892578,519,2012-01-01
23299427,519,2005-01-01
6065179,519,2010-01-01
12818399,519,2012-01-01
1909590,519,2010-01-01
6057847,519,2006-01-01
1158123,519,2004-01-01
99561,519,2008-01-01
38709,519,2001-01-01
15745753,519,2016-01-01
12000020,519,2015-01-01
270730,519,2011-01-01
334123,519,2005-01-01
139463,519,2001-01-01
201114,519,2009-01-01
1902241,519,2010-01-01
8407173,519,2013-01-01
161426,519,2006-01-01
291583,520,2003-01-01
294817,520,2003-01-01
803177,520,2006-01-01
7187640,521,2011-01-01
9182478,521,2012-01-01
2623267,522,1970-01-01
7249522,523,2011-01-01
6270483,523,2011-01-01
11889938,524,2013-01-01
275600,525,1982-01-01
646195,525,1984-01-01
1128670,525,2001-01-01
348537,525,2002-01-01
12510143,525,1971-01-01
13262061,525,2013-01-01
11664488,525,1994-01-01
17948895,525,1988-01-01
2085302,525,2005-01-01
83829,525,1968-01-01
436077,525,1992-01-01
20736850,525,2014-01-01
473067,525,1999-01-01
2938387,525,1970-01-01
76620,525,1973-01-01
119322,525,1996-01-01
1618,525,2003-01-01
20758104,525,2008-01-01
824508,525,1997-01-01
161099,525,1982-01-01
244572,525,1978-01-01
161426,525,2004-01-01
4326206,525,2010-01-01
511684,525,2000-01-01
219110,525,2006-01-01
15773979,526,2013-01-01
10852343,526,2012-01-01
10841115,526,2014-01-01
19615422,526,2013-01-01
17657649,526,2014-01-01
8909152,526,2014-01-01
42435,527,2017-01-01
17334495,527,2015-01-01
896458,527,2016-01-01
62535,528,2009-01-01
17838172,528,2014-01-01
4025275,528,2011-01-01
41538,529,2002-01-01
13540215,529,2013-01-01
196714,529,2000-01-01
105687,529,2000-01-01
769712,529,1996-01-01
341992,529,1999-01-01
11773,529,1999-01-01
595304,529,1984-01-01
9701,529,2004-01-01
122312,529,1993-01-01
37564,529,1994-01-01
1042174,529,1988-01-01
7084002,529,2011-01-01
9813838,529,1998-01-01
6488057,529,2010-01-01
313110,529,1986-01-01
13093195,529,2014-01-01
43706,529,1991-01-01
20980665,529,2015-01-01
54754,529,2005-01-01
952284,529,1983-01-01
156182,529,1996-01-01
23308935,529,2016-01-01
780823,529,1991-01-01
75416,529,1988-01-01
20588662,529,2015-01-01
829313,529,1990-01-01
341946,529,1980-01-01
10429440,529,2012-01-01
875730,529,1991-01-01
21913812,529,2015-01-01
6149,529,1988-01-01
15195,529,1992-01-01
149196,529,1989-01-01
139253,529,1985-01-01
11761,529,1998-01-01
296662,529,1996-01-01
27071490,529,2017-01-01
588234,529,1980-01-01
6512154,529,2010-01-01
13602426,529,2013-01-01
91440,529,1985-01-01
6159,529,1996-01-01
34072,529,2001-01-01
62268,529,1988-01-01
20893314,529,2015-01-01
264891,529,1989-01-01
31115,529,1999-01-01
4371507,529,2009-01-01
182587,530,1992-01-01
17841,530,1998-01-01
374233,530,2010-01-01
182587,531,1991-01-01
23494599,532,2015-01-01
18505844,533,2012-01-01
6050822,533,2008-01-01
18505844,534,2014-01-01
25692886,534,2016-01-01
57504,534,1998-01-01
17333324,534,2013-01-01
18505844,535,2013-01-01
12889342,535,2012-01-01
2650685,535,1999-01-01
18505844,536,2013-01-01
12889342,536,2012-01-01
28747,536,2017-01-01
12016,536,2005-01-01
60146,536,2010-01-01
463378,536,2016-01-01
531509,536,2010-01-01
7937744,536,2013-01-01
6436659,536,2014-01-01
9969571,536,2013-01-01
49628,536,2009-01-01
415,536,2015-01-01
6080337,536,2011-01-01
13453029,536,2014-01-01
144800,536,2008-01-01
17235026,536,2017-01-01
4703581,536,2012-01-01
703,536,2006-01-01
263985,536,2007-01-01
20819685,536,2018-01-01
16131077,536,2014-01-01
17934530,536,2016-01-01
18505844,537,2015-01-01
20890479,538,2014-01-01
20439328,538,2014-01-01
859887,539,1993-01-01
76336,539,2007-01-01
6411016,539,2011-01-01
898885,539,2009-01-01
703,539,2005-01-01
3447,539,1995-01-01
20640467,540,2015-01-01
22819788,541,2014-01-01
22366806,541,1944-01-01
22050353,541,2011-01-01
30351390,541,1984-01-01
540864,541,2000-01-01
2058505,541,2007-01-01
12395,541,1932-01-01
43944,541,2004-01-01
22819788,542,2014-01-01
135158,542,1995-01-01
6814059,542,2009-01-01
18375774,542,2013-01-01
6731958,542,2007-01-01
540864,542,2000-01-01
16033842,542,2012-01-01
22819788,543,2014-01-01
38330854,543,2016-01-01
11154133,543,2013-01-01
16033842,543,2012-01-01
1542100,544,1996-01-01
38155,544,1997-01-01
1848,544,1992-01-01
18600,544,1989-01-01
1542100,545,1996-01-01
21086818,545,2015-01-01
647492,546,1994-01-01
10433091,547,2010-01-01
89231,548,1973-01-01
24840,548,1973-01-01
23019294,549,2015-01-01
15773951,549,2012-01-01
13506310,549,2012-01-01
31554413,549,2017-01-01
12924261,549,2012-01-01
23267873,549,2017-01-01
40651862,549,2011-01-01
32905343,549,2017-01-01
32828538,549,2017-01-01
8429687,549,2011-01-01
19485109,549,2014-01-01
24156733,549,2015-01-01
41888678,549,2019-01-01
17571466,549,2014-01-01
13129925,549,2014-01-01
30133993,549,2015-01-01
17169024,549,2012-01-01
19433029,549,2014-01-01
18007670,549,2014-01-01
18453110,549,2014-01-01
13528381,549,2012-01-01
26891429,549,2016-01-01
21465145,549,2013-01-01
14781178,549,2013-01-01
18626540,549,2014-01-01
23946416,549,2015-01-01
37460118,549,2018-01-01
10209997,549,2011-01-01
17262197,549,2013-01-01
20454635,549,2015-01-01
24499258,549,2015-01-01
20423680,549,2014-01-01
44034616,549,2019-01-01
32738765,549,2017-01-01
26030697,549,2016-01-01
23553419,549,2015-01-01
50741384,549,2019-01-01
20737002,549,2013-01-01
32063117,549,2017-01-01
9466865,549,2011-01-01
24997064,549,2016-01-01
18211295,549,2014-01-01
9640626,549,2011-01-01
15729539,549,2013-01-01
18498558,549,2014-01-01
17235026,549,2014-01-01
10108463,549,2011-01-01
29981261,549,2016-01-01
35410511,549,2018-01-01
17457124,549,2013-01-01
11806716,549,2012-01-01
24833801,549,2015-01-01
23398606,549,2015-01-01
23019294,550,2015-01-01
16130549,550,2013-01-01
18498558,550,2014-01-01
36840397,551,2018-01-01
34262106,551,2018-01-01
15781725,551,2013-01-01
6617928,551,2010-01-01
6905012,551,2010-01-01
7362158,551,2010-01-01
36692478,551,2018-01-01
6643090,551,2010-01-01
24233708,551,2018-01-01
6834410,551,2010-01-01
36840397,552,2018-01-01
28815371,552,2016-01-01
32920226,552,2017-01-01
30201327,552,2017-01-01
30223025,553,2018-01-01
17412895,553,2015-01-01
22639535,553,2016-01-01
17675462,553,2012-01-01
25480342,553,2011-01-01
7728889,553,2012-01-01
7766027,553,2012-01-01
9779094,553,2011-01-01
12371862,553,2013-01-01
30223025,554,2019-01-01
2590136,555,2019-01-01
2590136,556,2019-01-01
35265200,556,2018-01-01
34964905,556,2019-01-01
1286453,557,2008-01-01
18226784,557,2015-01-01
88071,558,2008-01-01
25877663,558,2017-01-01
156784,558,1995-01-01
149049,558,1980-01-01
323172,558,1981-01-01
359581,558,1979-01-01
31352,558,1981-01-01
28335696,558,2018-01-01
104080,558,2005-01-01
89195,558,2008-01-01
117842,558,1987-01-01
81075,558,2005-01-01
12016,558,2001-01-01
278280,558,2005-01-01
968902,558,1973-01-01
57043,558,1995-01-01
8429687,558,2012-01-01
101893,558,1985-01-01
25059,558,1996-01-01
394027,558,2003-01-01
239399,558,2007-01-01
116413,558,2002-01-01
10235919,558,2012-01-01
8853299,558,2012-01-01
132694,558,1988-01-01
206662,558,2005-01-01
382419,558,1979-01-01
12074927,558,2013-01-01
240617,558,1971-01-01
21607,558,2005-01-01
886066,558,2009-01-01
25896387,558,2016-01-01
89186,558,2006-01-01
13330370,558,2013-01-01
89190,558,2010-01-01
27277475,558,1973-01-01
453960,558,1978-01-01
94702,558,2003-01-01
17707092,558,2013-01-01
35018901,558,2015-01-01
939284,558,1980-01-01
62992,558,1996-01-01
116249,558,1989-01-01
60934,558,1990-01-01
6436659,558,2010-01-01
274005,558,1989-01-01
38447,558,1987-01-01
149267,558,1979-01-01
6288,558,2007-01-01
6334,558,2006-01-01
49628,558,2005-01-01
10644930,558,2012-01-01
9532,558,2000-01-01
6690798,558,2011-01-01
14817,558,1978-01-01
409,558,2007-01-01
20170404,558,2015-01-01
7094569,558,2011-01-01
52397,558,1995-01-01
233667,558,1981-01-01
44439415,558,1982-01-01
77711,558,1993-01-01
127586,558,1979-01-01
226004,558,2000-01-01
703,558,2005-01-01
17262203,558,2014-01-01
8647,558,2006-01-01
30555488,558,2017-01-01
910863,558,2006-01-01
22816087,558,2016-01-01
28553,558,1980-01-01
89185,558,2002-01-01
653711,558,1983-01-01
60929,558,1988-01-01
61880,558,1997-01-01
112517,558,1995-01-01
3977,558,1997-01-01
12009,558,2005-01-01
48484,558,2007-01-01
81069,558,1975-01-01
42975172,558,2020-01-01
12266560,558,2013-01-01
18656030,558,2015-01-01
88071,559,2010-01-01
263466,559,1983-01-01
7081,559,2013-01-01
776489,559,1981-01-01
116356,559,1989-01-01
1003311,559,1988-01-01
44767458,559,1974-01-01
18007564,559,2015-01-01
77566,559,1995-01-01
4982,559,1973-01-01
112537,559,1980-01-01
61179,559,1979-01-01
77565,559,1996-01-01
7670,559,1971-01-01
17333324,559,2016-01-01
77507,559,1999-01-01
70255,559,1970-01-01
28920,560,1982-01-01
211264,560,1989-01-01
324175,560,1997-01-01
1226459,560,1977-01-01
5211,560,1996-01-01
24687,560,2002-01-01
148639,560,1983-01-01
65053,561,2006-01-01
12941351,561,2014-01-01
2767052,561,2010-01-01
41865,561,2007-01-01
11870085,561,2014-01-01
13335037,561,2013-01-01
113436,561,2005-01-01
3236307,561,2011-01-01
15745753,561,2015-01-01
7735333,561,2012-01-01
452306,561,2002-01-01
32075671,561,2019-01-01
18692431,561,2017-01-01
17402605,561,2009-01-01
13376,561,2004-01-01
28954189,561,2018-01-01
17182126,561,2015-01-01
3280113,562,2009-01-01
231826,562,1988-01-01
936503,562,1997-01-01
19549841,562,2013-01-01
19405297,562,2016-01-01
826564,563,2007-01-01
103525,563,2005-01-01
7940589,563,2011-01-01
26198496,563,2016-01-01
16158542,563,2013-01-01
826564,564,2007-01-01
7821828,564,2010-01-01
6629359,564,2009-01-01
23995249,564,2015-01-01
18803640,564,2014-01-01
826564,565,2007-01-01
884536,565,1992-01-01
118824,565,2006-01-01
40923,565,2001-01-01
252577,565,1996-01-01
8664353,565,2010-01-01
11466,565,1989-01-01
86525,565,2002-01-01
39799,566,2001-01-01
288962,566,1999-01-01
71678,566,1997-01-01
32504,566,2000-01-01
867099,566,1995-01-01
7307795,566,2012-01-01
21671,566,2003-01-01
10108463,566,2013-01-01
1735330,566,1994-01-01
19001,566,1987-01-01
425123,566,2001-01-01
36061,566,1998-01-01
39799,567,2001-01-01
71679,567,2003-01-01
1430980,567,2005-01-01
2153793,567,2009-01-01
18144590,567,2002-01-01
6334,567,2006-01-01
68146,567,2004-01-01
15916,568,1951-01-01
47731,568,1991-01-01
13153693,568,2015-01-01
115998,568,1944-01-01
27668,568,2005-01-01
6452798,568,2013-01-01
3109,568,2006-01-01
1842,568,1997-01-01
40961621,568,1998-01-01
461104,568,1974-01-01
263466,569,1981-01-01
91989,569,2007-01-01
14069,569,2007-01-01
18952341,569,2016-01-01
29587,569,2004-01-01
57504,569,1999-01-01
9361589,569,2012-01-01
153008,569,2002-01-01
61666,569,1986-01-01
153025,569,2008-01-01
28876,569,2007-01-01
17333324,569,2014-01-01
6437061,569,2011-01-01
6597651,569,2010-01-01
26118426,569,2017-01-01
16718,569,1995-01-01
10673576,570,2012-01-01
8853299,570,2012-01-01
17235026,570,2015-01-01
35066358,570,2015-01-01
9265453,570,2012-01-01
85861,570,1987-01-01
20697435,570,2015-01-01
13330761,570,2013-01-01
12266560,570,2013-01-01
3282557,571,1994-01-01
11700333,572,2013-01-01
7821828,572,2011-01-01
1738972,572,2009-01-01
2694539,572,2010-01-01
6723439,572,2010-01-01
8664368,572,2011-01-01
43944,572,2007-01-01
18144009,573,2015-01-01
22374443,574,2014-01-01
6688121,574,2010-01-01
23252584,574,2015-01-01
748164,575,2013-01-01
18509683,576,2015-01-01
6556855,576,2011-01-01
6609552,576,2011-01-01
7664735,576,2012-01-01
24524971,576,2016-01-01
23014767,576,2016-01-01
7171637,576,2011-01-01
7137775,576,2011-01-01
9565548,576,2013-01-01
544424,576,2008-01-01
9439989,576,2012-01-01
30038855,576,2018-01-01
18509683,577,2015-01-01
34513573,578,2017-01-01
28815371,578,2016-01-01
18635113,578,2014-01-01
17978160,578,2014-01-01
25064648,578,2016-01-01
23354073,578,2015-01-01
18982011,578,2014-01-01
27015399,578,2016-01-01
22749796,578,2015-01-01
19383432,578,2014-01-01
30820805,578,2017-01-01
22859573,578,2015-01-01
22857396,578,2014-01-01
18053060,578,2014-01-01
18079804,578,2014-01-01
18693763,578,2014-01-01
15839984,578,2014-01-01
26892110,578,2015-01-01
49894219,578,2015-01-01
17926775,578,2014-01-01
35259724,578,2016-01-01
16068341,578,2014-01-01
34390820,579,2018-01-01
22571629,580,2015-01-01
8526694,580,2012-01-01
1139452,580,2008-01-01
7199961,580,2011-01-01
18104734,580,2015-01-01
2074104,580,2009-01-01
16131032,581,2014-01-01
17863,581,2006-01-01
77505,581,1994-01-01
64725,581,1977-01-01
77504,581,1997-01-01
816,581,2000-01-01
7967,581,1987-01-01
77566,581,1990-01-01
827,581,1996-01-01
24983,581,1993-01-01
77773,581,1999-01-01
77565,581,1991-01-01
2845024,581,2009-01-01
116257,581,2005-01-01
16703,581,2008-01-01
6506307,581,2011-01-01
3973,581,2004-01-01
218427,581,1978-01-01
7519231,581,2011-01-01
11289,581,1998-01-01
234501,581,1984-01-01
76683,581,1983-01-01
378639,581,1982-01-01
9265453,581,2012-01-01
25451264,581,2017-01-01
889284,581,1986-01-01
834518,581,1989-01-01
61909,581,1995-01-01
1137215,581,2010-01-01
13055592,581,2013-01-01
2723,581,2003-01-01
20706284,581,2015-01-01
234489,581,1988-01-01
61905,581,1992-01-01
337132,582,2000-01-01
154091,582,1989-01-01
174764,582,1998-01-01
22326,582,1995-01-01
760961,582,1999-01-01
104089,582,1991-01-01
6216433,583,2010-01-01
23719469,583,2015-01-01
13037601,583,2013-01-01
13628605,583,2014-01-01
13063098,583,2013-01-01
7896345,583,2012-01-01
11765920,583,2013-01-01
9779094,583,2012-01-01
6216433,584,2009-01-01
823411,584,2005-01-01
8646,584,2002-01-01
80064,584,1976-01-01
6216433,585,2010-01-01
10196362,585,2012-01-01
31685789,585,2011-01-01
23316548,585,2008-01-01
823411,585,2006-01-01
8646,585,2005-01-01
2475251,585,2009-01-01
171102,585,2007-01-01
508098,586,1989-01-01
5586327,587,2010-01-01
16094280,587,2013-01-01
86524,588,1983-01-01
88612,588,1983-01-01
1002539,589,2008-01-01
6670514,589,2011-01-01
6420652,589,2010-01-01
24875394,589,2016-01-01
8696128,589,2012-01-01
2114086,590,2009-01-01
3284192,590,2009-01-01
1809175,590,2009-01-01
2114086,591,2009-01-01
1151519,591,2005-01-01
14999720,591,2014-01-01
517344,591,2007-01-01
3188580,591,2009-01-01
1258121,591,2008-01-01
207802,592,2004-01-01
389627,592,2007-01-01
64481,592,2003-01-01
359410,592,2005-01-01
768878,592,2002-01-01
16178,592,2006-01-01
3239511,592,2008-01-01
207802,593,2005-01-01
23310699,593,2017-01-01
23215464,593,2017-01-01
20172134,593,2017-01-01
25785761,593,2018-01-01
444347,593,2005-01-01
35542217,593,2020-01-01
28107444,593,2020-01-01
22509955,593,2017-01-01
30623090,593,2020-01-01
25578408,593,2018-01-01
28695534,593,2019-01-01
23302416,593,2013-01-01
28251377,593,2018-01-01
421069,593,2005-01-01
11387515,593,2013-01-01
262430,593,2005-01-01
28110852,593,2018-01-01
282773,593,2005-01-01
22749539,593,2017-01-01
16235,593,2005-01-01
33118312,593,2019-01-01
207802,594,2005-01-01
29010395,594,2018-01-01
556136,594,2008-01-01
684509,595,1989-01-01
9674335,596,2011-01-01
16164271,596,2014-01-01
9615347,596,2011-01-01
18659623,596,2014-01-01
9674335,597,2012-01-01
15704307,597,2013-01-01
29396738,597,2017-01-01
18659623,597,2015-01-01
15808474,598,2014-01-01
17571466,598,2015-01-01
15717850,598,2014-01-01
13096218,598,2013-01-01
33311863,598,2018-01-01
30257957,598,2018-01-01
20170404,598,2015-01-01
25733990,598,2017-01-01
15808474,599,2017-01-01
73574,599,2016-01-01
1215032,599,2013-01-01
68428,599,2010-01-01
4703581,599,2012-01-01
6437061,599,2011-01-01
8694389,599,2014-01-01
26892110,599,2018-01-01
9688286,599,2015-01-01
15808474,600,2014-01-01
22662902,600,2015-01-01
30257957,600,2018-01-01
8706185,600,2012-01-01
10000191,601,2015-01-01
10776592,601,2013-01-01
97898,601,2005-01-01
37415,601,2001-01-01
227443,601,2000-01-01
3392089,601,2012-01-01
6931246,602,2010-01-01
17643,603,2002-01-01
1660305,603,2003-01-01
334442,603,2000-01-01
23447923,603,2004-01-01
22749539,603,2016-01-01
17643,604,2004-01-01
12000020,604,2013-01-01
89763,604,2002-01-01
8163722,605,2011-01-01
49195,605,2005-01-01
37976138,605,2019-01-01
13528506,605,2014-01-01
28585313,605,2018-01-01
91563,605,2001-01-01
9972053,605,2012-01-01
11071275,605,2004-01-01
8714,605,2009-01-01
9742,605,2008-01-01
88061,605,2006-01-01
42547,605,2000-01-01
18298890,606,2014-01-01
156784,606,1994-01-01
89195,606,2007-01-01
2356574,606,1998-01-01
337116,606,1990-01-01
9359818,606,2013-01-01
939284,606,1979-01-01
30165203,606,2001-01-01
6088007,606,1984-01-01
77566,606,1992-01-01
68494,606,2000-01-01
2845024,606,2008-01-01
90619,606,1982-01-01
12007,606,1990-01-01
35066358,606,2014-01-01
22320,606,2004-01-01
142296,606,1985-01-01
22200,606,1986-01-01
9265453,606,2011-01-01
340819,606,1986-01-01
18298890,607,2015-01-01
18298890,608,2015-01-01
18498558,608,2015-01-01
17235026,608,2015-01-01
18298890,609,2017-01-01
15745753,609,2015-01-01
16143347,609,2016-01-01
508988,610,2001-01-01
2784363,610,1984-01-01
508988,611,2004-01-01
67938,612,2005-01-01
1153501,612,2008-01-01
138097,612,2005-01-01
297186,612,2000-01-01
52263433,612,2015-01-01
7093952,612,2011-01-01
60279,612,2007-01-01
76703,612,2001-01-01
66504,612,1988-01-01
25059564,612,1995-01-01
15769772,612,1994-01-01
19561922,612,2015-01-01
11082037,612,2012-01-01
3785646,612,2018-01-01
2277378,612,2009-01-01
351653,612,2006-01-01
24586590,612,2016-01-01
120218,612,2005-01-01
24244,612,1994-01-01
6811221,612,2011-01-01
162923,612,1991-01-01
132111,612,1987-01-01
86447,612,1999-01-01
5060378,612,2010-01-01
19288043,612,2013-01-01
6853,612,1995-01-01
21686,612,2004-01-01
43933,612,2002-01-01
40612032,612,2006-01-01
9596460,612,2012-01-01
12982393,612,2013-01-01
7194,612,1998-01-01
49350,612,1995-01-01
6423,612,2000-01-01
108942,612,2008-01-01
34091380,612,2018-01-01
55018,612,2008-01-01
49353,612,1996-01-01
15755201,612,2014-01-01
102113,612,2001-01-01
425123,612,1999-01-01
83136,612,2006-01-01
5556466,612,2010-01-01
7948230,612,2011-01-01
180648,612,2007-01-01
67938,613,2004-01-01
297186,613,1999-01-01
13239822,613,2012-01-01
58962,613,1997-01-01
22571540,613,2015-01-01
240726,613,1995-01-01
120218,613,2004-01-01
24244,613,1993-01-01
867101,613,1999-01-01
10081131,613,2011-01-01
12497,613,2005-01-01
21671,613,2001-01-01
21686,613,2003-01-01
11367726,613,2012-01-01
18775356,613,2014-01-01
16703,613,2007-01-01
206236,613,2005-01-01
32506,613,1996-01-01
49353,613,1995-01-01
102113,613,2000-01-01
7948230,613,2010-01-01
715995,614,2017-01-01
9783200,615,2012-01-01
383512,615,2002-01-01
6696296,615,2011-01-01
14864,615,2001-01-01
25526965,616,2016-01-01
17212231,616,2013-01-01
22557272,616,2015-01-01
18775247,616,2014-01-01
36124936,616,2018-01-01
33151805,616,2017-01-01
33099588,617,2018-01-01
43352954,617,2020-01-01
43190272,617,2020-01-01
34386617,617,2019-01-01
186337,617,1978-01-01
38232344,617,2020-01-01
27366528,617,2019-01-01
13501217,617,2012-01-01
5226180,617,2010-01-01
31450908,617,2018-01-01
33099588,618,2017-01-01
36223860,618,2018-01-01
13501217,618,2011-01-01
5226180,618,2009-01-01
91357,618,1988-01-01
276767,618,1972-01-01
677877,618,1971-01-01
33099588,619,2018-01-01
13578175,619,2013-01-01
33643994,620,2020-01-01
22552026,620,2020-01-01
27426036,620,2020-01-01
33986447,620,2020-01-01
22283878,621,2016-01-01
2138127,621,2008-01-01
126005,621,1998-01-01
25003696,621,2001-01-01
9470575,621,2004-01-01
1057293,621,1994-01-01
5505098,621,1993-01-01
6,621,2001-01-01
587887,621,2006-01-01
40718205,621,2009-01-01
25756328,622,2018-01-01
25614492,622,2018-01-01
28763485,622,2018-01-01
1652357,623,1994-01-01
294817,623,2005-01-01
60364,623,2001-01-01
254103,623,1995-01-01
71863,623,1999-01-01
888947,623,1971-01-01
11367737,623,2007-01-01
178143,623,2002-01-01
12941351,623,2012-01-01
20939738,623,2008-01-01
2767052,623,2009-01-01
41865,623,2006-01-01
19063,623,2008-01-01
11870085,623,2012-01-01
27712,623,1979-01-01
11614718,623,2011-01-01
10959,623,1996-01-01
22328546,623,2015-01-01
310459,623,1984-01-01
13376,623,2003-01-01
213753,623,2010-01-01
23341894,623,2016-01-01
827085,623,1998-01-01
820910,623,1975-01-01
25877663,624,2017-01-01
34928122,624,2018-01-01
50843,625,1996-01-01
7613,625,2011-01-01
25410471,625,2007-01-01
5470,625,1984-01-01
61915,625,2014-01-01
1955398,625,1989-01-01
170448,625,2011-01-01
13079982,625,1984-01-01
41817486,625,2008-01-01
40961427,625,1984-01-01
662,625,1983-01-01
350,625,1987-01-01
5805,625,2006-01-01
33,625,2009-01-01
816,625,2013-01-01
667,625,1987-01-01
16690,625,1983-01-01
13651,625,1993-01-01
57913,625,1986-01-01
333867,625,1988-01-01
139390,625,1992-01-01
4711854,625,2012-01-01
90629,625,2015-01-01
11371,625,2007-01-01
96334,626,2001-01-01
25893709,626,2016-01-01
33621427,626,2017-01-01
2615008,626,2008-01-01
828387,626,2005-01-01
287022,626,2002-01-01
3710,626,2002-01-01
1317696,626,2008-01-01
20663749,626,2014-01-01
2132036,626,2006-01-01
5853,626,2001-01-01
6746349,626,2007-01-01
32388712,626,2017-01-01
876234,626,2004-01-01
9780676,626,2011-01-01
25328105,626,2014-01-01
18143974,626,2014-01-01
7456085,626,2010-01-01
44086,626,2004-01-01
24452249,626,2015-01-01
23523012,626,2015-01-01
2153793,626,2008-01-01
112343,626,2005-01-01
65285,626,2001-01-01
10266875,626,2011-01-01
6450817,626,2009-01-01
7552716,626,2011-01-01
16085517,626,2013-01-01
1618,626,2003-01-01
18122,626,2001-01-01
14201,626,2004-01-01
2161733,626,2008-01-01
7141642,626,2010-01-01
77866,626,2002-01-01
14569052,626,2004-01-01
4954833,626,2009-01-01
14316,626,2006-01-01
13227454,626,2012-01-01
5015,626,2005-01-01
30555488,626,2017-01-01
142050,626,2005-01-01
20819685,626,2014-01-01
4268,626,2001-01-01
38819868,626,2019-01-01
103345,626,2002-01-01
7146335,626,2010-01-01
5396496,626,2010-01-01
129783,626,2006-01-01
41057294,626,2018-01-01
28390369,626,2017-01-01
1219949,626,2007-01-01
20575411,626,2015-01-01
4830,626,2005-01-01
96334,627,2002-01-01
6201,627,1995-01-01
158674,627,1989-01-01
15803037,628,2014-01-01
1333320,628,2007-01-01
144789,628,2005-01-01
93802,628,2005-01-01
7096123,628,2011-01-01
9335564,628,2007-01-01
136989,628,2005-01-01
24611449,628,2017-01-01
234331,628,2008-01-01
92147,628,2006-01-01
1225261,628,2008-01-01
144791,628,2006-01-01
7959473,628,2011-01-01
154424,628,2006-01-01
15803037,629,2014-01-01
2161733,629,2009-01-01
153025,629,2008-01-01
7159515,629,2011-01-01
145444,629,2006-01-01
15803037,630,2014-01-01
185911,630,1986-01-01
417501,630,1982-01-01
49488,630,2001-01-01
129216,630,1997-01-01
12617758,630,2013-01-01
104739,630,1994-01-01
484531,630,1975-01-01
1044234,630,1999-01-01
298357,630,1965-01-01
402762,630,1980-01-01
6534,630,1991-01-01
32508,630,1993-01-01
23168277,630,2016-01-01
12770,630,1954-01-01
7686654,631,2010-01-01
9640591,631,2011-01-01
42899,631,2005-01-01
7046495,631,2010-01-01
10993282,631,2012-01-01
8150317,631,2011-01-01
8087823,631,2011-01-01
153612,632,2004-01-01
10762662,632,2012-01-01
17788580,632,2014-01-01
8407173,632,2010-01-01
17905709,632,2014-01-01
144006,633,1993-01-01
10569,633,2001-01-01
46559,633,1990-01-01
28256439,634,2017-01-01
103525,635,2005-01-01
32351,635,2004-01-01
839157,635,2003-01-01
256566,635,2002-01-01
3711,635,2000-01-01
7170627,635,2011-01-01
11472,635,1999-01-01
34072,635,2001-01-01
13366259,635,2012-01-01
6681523,636,2010-01-01
60279,636,2006-01-01
29456,636,1994-01-01
383514,636,2007-01-01
2191114,636,2008-01-01
7432,636,2005-01-01
6606456,636,2010-01-01
140091,636,1990-01-01
301082,636,2001-01-01
91661,636,1994-01-01
10680329,636,2011-01-01
106125,637,1996-01-01
11290708,638,2012-01-01
13425592,638,2013-01-01
27668,638,2006-01-01
11797365,638,2013-01-01
8171378,638,2011-01-01
3788053,638,2007-01-01
987756,639,1999-01-01
149418,639,1959-01-01
17210598,639,2014-01-01
209390,639,2007-01-01
309773,639,2004-01-01
351461,639,1984-01-01
2224739,639,1991-01-01
83829,639,1967-01-01
207331,639,1936-01-01
291838,639,1993-01-01
15746428,639,1955-01-01
10963,639,1975-01-01
2856645,639,2009-01-01
377895,639,1961-01-01
76620,639,1972-01-01
119322,639,1995-01-01
2213661,639,2010-01-01
84369,639,1956-01-01
25480342,639,2012-01-01
824508,639,1996-01-01
20758105,639,2011-01-01
25614492,639,2017-01-01
64481,639,2003-01-01
34534,639,2001-01-01
348573,639,1952-01-01
420180,639,1946-01-01
543086,639,1958-01-01
24271,639,1998-01-01
712807,639,2002-01-01
33294200,639,2019-01-01
15798757,639,2013-01-01
357160,639,2005-01-01
156784,640,1996-01-01
77711,640,1996-01-01
156784,641,1995-01-01
299758,641,1984-01-01
116413,641,2002-01-01
382419,641,1979-01-01
939284,641,1980-01-01
62992,641,1996-01-01
954674,641,2009-01-01
156784,642,1995-01-01
156784,643,1999-01-01
62992,643,1997-01-01
77711,643,1995-01-01
17333324,643,2016-01-01
12648447,644,2011-01-01
6763730,645,2011-01-01
926733,645,1999-01-01
204297,645,2006-01-01
257800,645,2008-01-01
275841,645,1992-01-01
790289,645,2000-01-01
6057847,645,2003-01-01
2767052,645,2009-01-01
15745753,645,2014-01-01
6316171,645,2010-01-01
143727,645,2004-01-01
428042,645,2005-01-01
522471,645,2001-01-01
250924,645,1994-01-01
457557,645,2002-01-01
6763730,646,2011-01-01
22552026,646,2018-01-01
15717298,646,2014-01-01
28096541,646,2018-01-01
7661718,646,2011-01-01
6693329,646,2011-01-01
9266762,646,2012-01-01
3236307,646,2009-01-01
2213661,646,2009-01-01
18460392,646,2016-01-01
12000020,646,2013-01-01
7824322,646,2012-01-01
9917938,646,2012-01-01
25614492,646,2017-01-01
28763485,646,2017-01-01
3238153,646,2010-01-01
11861815,646,2014-01-01
18075234,646,2016-01-01
6457229,646,2010-01-01
16100972,646,2014-01-01
24807186,646,2016-01-01
13069935,646,2013-01-01
3700085,646,2010-01-01
18079527,646,2015-01-01
24974996,646,2018-01-01
22752127,646,2017-01-01
6763730,647,2010-01-01
11138172,647,2012-01-01
7315439,647,2010-01-01
13455553,647,2012-01-01
6909544,647,2010-01-01
1408083,648,2007-01-01
25480342,648,2013-01-01
1408083,649,2007-01-01
17611937,649,2014-01-01
624352,649,2007-01-01
6324903,649,2010-01-01
9054588,649,2011-01-01
21104828,649,2016-01-01
617526,649,2008-01-01
33516773,649,2015-01-01
6389257,649,2010-01-01
17802724,649,2014-01-01
26247008,649,2017-01-01
144791,649,2006-01-01
23492671,649,2015-01-01
11587338,650,2011-01-01
11587338,651,2012-01-01
12392681,652,2013-01-01
37586799,652,2015-01-01
6050678,652,2010-01-01
9591398,652,2012-01-01
7095831,652,2011-01-01
12392681,653,2013-01-01
13239822,653,2013-01-01
71845,653,2008-01-01
206662,653,2005-01-01
12074927,653,2013-01-01
17332243,653,2014-01-01
9969571,653,2012-01-01
6088007,653,1985-01-01
18302455,653,2014-01-01
77711,653,1993-01-01
17333324,653,2014-01-01
60211,653,1981-01-01
16158596,653,2014-01-01
910863,653,2006-01-01
16176440,653,2014-01-01
207410,653,2003-01-01
48484,653,2007-01-01
6422238,653,2010-01-01
12392681,654,2017-01-01
186074,654,2010-01-01
9265453,654,2016-01-01
12392681,655,2013-01-01
157551,656,1979-01-01
11233988,656,2013-01-01
2999495,656,2009-01-01
1005587,656,1977-01-01
157551,657,2010-01-01
1111741,657,2010-01-01
8541234,657,2010-01-01
16101018,657,2015-01-01
770051,657,2009-01-01
22098550,657,2019-01-01
15673,657,2009-01-01
23268552,657,2014-01-01
30621224,657,2018-01-01
932902,657,2009-01-01
18812101,657,2010-01-01
26204674,657,2014-01-01
23302416,657,2014-01-01
3636,657,2010-01-01
11387515,657,2014-01-01
389627,657,2011-01-01
37186,657,2019-01-01
9591398,657,2019-01-01
37187,657,2009-01-01
2544359,657,2010-01-01
6345760,657,2012-01-01
24396876,657,2017-01-01
1320279,658,2006-01-01
3920295,658,2006-01-01
313277,659,1998-01-01
313277,660,1998-01-01
13330670,660,2012-01-01
313277,661,1998-01-01
20613761,661,2015-01-01
27411345,662,2017-01-01
27154427,662,2017-01-01
23524878,662,2016-01-01
15750610,662,2013-01-01
7701720,662,2011-01-01
18693743,662,2015-01-01
37586799,662,2015-01-01
2767793,662,2009-01-01
1166599,662,2010-01-01
1268479,662,2010-01-01
34002132,662,2018-01-01
8253920,662,2011-01-01
7743175,662,2014-01-01
7165300,662,2011-01-01
26114463,662,2017-01-01
10803121,662,2012-01-01
2315892,662,2010-01-01
944076,662,2009-01-01
2890090,662,2014-01-01
9300768,662,2012-01-01
2917816,662,2009-01-01
6736971,662,2011-01-01
18739426,662,2017-01-01
12891107,662,2013-01-01
25895524,662,2018-01-01
9268487,662,2014-01-01
40651803,662,2015-01-01
8396337,662,2012-01-01
12652457,662,2015-01-01
27411345,663,2017-01-01
8801543,663,2012-01-01
27154427,663,2017-01-01
23524878,663,2016-01-01
18693743,663,2015-01-01
37586799,663,2015-01-01
6137154,663,2010-01-01
34002132,663,2018-01-01
26114463,663,2017-01-01
21535271,663,2015-01-01
12499290,663,2013-01-01
6437061,663,2011-01-01
2890090,663,2014-01-01
9300768,663,2012-01-01
23264671,663,2018-01-01
18739426,663,2017-01-01
15790883,663,2014-01-01
30688013,663,2018-01-01
41021196,663,2015-01-01
4703450,663,2010-01-01
27411345,664,2017-01-01
41945163,665,2019-01-01
294817,666,2006-01-01
1789758,666,2008-01-01
25015110,666,2016-01-01
12941351,666,2013-01-01
20939738,666,2009-01-01
23302416,666,2014-01-01
2767052,666,2010-01-01
19063,666,2009-01-01
11870085,666,2013-01-01
11387515,666,2014-01-01
19057,666,2007-01-01
19547856,666,2017-01-01
32075671,666,2018-01-01
13262783,666,2015-01-01
77160,666,2004-01-01
7748743,666,2011-01-01
294817,667,2004-01-01
803177,667,2006-01-01
28757261,667,1999-01-01
18621200,667,2014-01-01
3,667,1999-01-01
12743472,667,2012-01-01
23058402,667,2016-01-01
2149388,667,2009-01-01
8529230,668,2010-01-01
11044367,668,2013-01-01
16127238,668,2013-01-01
20803953,668,2013-01-01
12558285,668,2013-01-01
12291438,668,2013-01-01
34499221,668,2018-01-01
6580510,668,2010-01-01
17166702,668,2013-01-01
11988046,668,2013-01-01
10859509,668,2013-01-01
20877902,668,2013-01-01
6788533,669,2010-01-01
28815371,670,2017-01-01
8526694,670,2012-01-01
4135863,670,2010-01-01
10846336,670,2012-01-01
27864391,670,2001-01-01
347964,670,2002-01-01
123534,670,2001-01-01
24396269,670,2015-01-01
11100788,670,2012-01-01
8109709,670,2012-01-01
17883918,670,2015-01-01
66657,670,2006-01-01
18428067,670,2014-01-01
30072,670,2007-01-01
13366259,670,2013-01-01
251762,670,2001-01-01
353342,671,2003-01-01
420415,671,2001-01-01
316445,671,2005-01-01
347698,672,2006-01-01
347698,673,2006-01-01
409636,673,1992-01-01
5211,673,1996-01-01
3388,673,1995-01-01
23316548,673,2008-01-01
6192,673,2000-01-01
50365,673,1994-01-01
44001,673,2005-01-01
110090,673,2001-01-01
5396496,673,2009-01-01
312029,673,1990-01-01
543873,673,2007-01-01
347698,674,2006-01-01
11815113,674,2012-01-01
1379961,674,2008-01-01
8407173,674,2010-01-01
5396496,674,2009-01-01
347698,675,2006-01-01
1585765,675,2006-01-01
2888577,675,2000-01-01
1797166,676,2006-01-01
1784390,676,2001-01-01
100485,676,2000-01-01
1797166,677,2007-01-01
213206,678,2006-01-01
7327301,678,2008-01-01
38896653,678,2007-01-01
33515682,678,2009-01-01
2967752,678,2007-01-01
466405,678,1969-01-01
213206,679,2006-01-01
213206,680,2007-01-01
213206,681,2006-01-01
7507920,682,2010-01-01
7507920,683,2011-01-01
34605,684,1987-01-01
68498,684,1999-01-01
230853,684,2003-01-01
34065268,684,2017-01-01
20757532,684,2015-01-01
363245,684,1995-01-01
12567576,684,2008-01-01
24800,684,2000-01-01
18498558,684,2014-01-01
34605,685,1988-01-01
68498,685,2000-01-01
1658265,685,2008-01-01
13540215,686,2014-01-01
5762055,686,2012-01-01
18651980,686,2015-01-01
18189462,686,2014-01-01
36236123,686,1999-01-01
19534,686,1993-01-01
78269,686,1992-01-01
13540215,687,2013-01-01
18080500,688,2013-01-01
16064811,688,2013-01-01
343662,689,1988-01-01
343662,690,2013-01-01
8050771,691,2000-01-01
30051627,691,2018-01-01
17733898,691,2015-01-01
16074748,692,2015-01-01
13085313,692,2014-01-01
18635113,693,2015-01-01
13073519,693,2013-01-01
31434883,693,2018-01-01
13227454,693,2012-01-01
15984268,693,2013-01-01
18635113,694,2015-01-01
25893709,694,2016-01-01
13239822,694,2013-01-01
28588073,694,2017-01-01
34467031,694,2018-01-01
25111119,694,2017-01-01
32388712,694,2018-01-01
15823461,694,2014-01-01
12190308,694,2013-01-01
28363987,694,2017-01-01
17669036,694,2014-01-01
35711376,694,2018-01-01
15803141,694,2014-01-01
15983331,694,2013-01-01
19288043,694,2013-01-01
31434883,694,2018-01-01
13158800,694,2013-01-01
20170404,694,2015-01-01
17333230,694,2014-01-01
17465453,694,2014-01-01
22733729,694,2016-01-01
17262203,694,2014-01-01
15811554,694,2013-01-01
3722183,694,2016-01-01
30201327,694,2017-01-01
41057294,694,2019-01-01
18635113,695,2015-01-01
51077,695,2004-01-01
440777,695,2001-01-01
648165,695,1998-01-01
555048,695,2002-01-01
12190308,695,2013-01-01
1585299,695,2002-01-01
238463,695,2005-01-01
536062,695,2000-01-01
129264,695,2000-01-01
295910,695,1998-01-01
3711,695,2001-01-01
607639,695,1997-01-01
25104465,695,1999-01-01
103345,695,2003-01-01
194006,695,1985-01-01
22929563,695,2016-01-01
675323,695,2001-01-01
109335,695,1998-01-01
9429895,695,2012-01-01
15852479,695,2014-01-01
18635113,696,2014-01-01
20613624,697,2014-01-01
22882816,697,2015-01-01
24502526,697,2015-01-01
16170424,697,2013-01-01
41818,698,1986-01-01
11753829,698,1991-01-01
1961314,699,2005-01-01
26842622,700,2017-01-01
31554413,700,2018-01-01
15729539,700,2014-01-01
26842622,701,2017-01-01
28600081,701,2017-01-01
34299826,701,2018-01-01
33961524,701,2018-01-01
28572095,701,2017-01-01
26030734,702,2018-01-01
26030734,703,2016-01-01
26030734,704,2017-01-01
18263725,704,2015-01-01
20701984,704,2015-01-01
28110852,704,2017-01-01
33118312,704,2018-01-01
135158,705,1995-01-01
28293,705,1978-01-01
135158,706,1998-01-01
5841908,707,2011-01-01
5323360,707,2011-01-01
6407014,707,2011-01-01
6186357,707,2011-01-01
6068551,707,2011-01-01
4374400,707,2011-01-01
6050678,707,2011-01-01
3389671,707,2011-01-01
6338619,707,2011-01-01
5303373,707,2011-01-01
176755,708,1996-01-01
830364,708,1957-01-01
88612,708,1983-01-01
18693910,708,2016-01-01
1336275,708,1935-01-01
5294,708,1989-01-01
952515,708,1984-01-01
3147367,708,2009-01-01
252577,708,1997-01-01
2203,708,2002-01-01
1111,708,1975-01-01
2279,708,1993-01-01
40929,708,1980-01-01
86525,708,2003-01-01
82896,708,1919-01-01
1659305,708,1987-01-01
130363,708,1981-01-01
123557,709,2008-01-01
1092572,709,1991-01-01
6558237,709,2010-01-01
11367737,709,2013-01-01
6603203,709,1970-01-01
8275915,709,1994-01-01
2887211,709,2009-01-01
113304,709,2003-01-01
19314,709,1984-01-01
1975322,710,2008-01-01
119512,710,2008-01-01
5111318,710,2007-01-01
36885304,710,2008-01-01
17881472,710,2006-01-01
797635,710,2007-01-01
1975322,711,2008-01-01
6650487,711,2009-01-01
7389741,712,2011-01-01
7417780,712,2011-01-01
7389741,713,2010-01-01
7389741,714,2011-01-01
15757486,714,2014-01-01
18599572,714,2015-01-01
11131963,714,2011-01-01
16119664,714,2013-01-01
13402805,714,2012-01-01
6341739,714,2008-01-01
8079815,714,2011-01-01
18169279,714,2014-01-01
19488665,714,2016-01-01
2999495,714,2008-01-01
23395680,714,2016-01-01
2986865,714,2009-01-01
13138635,714,2014-01-01
10551947,714,2012-01-01
16120434,714,2014-01-01
20662728,714,2015-01-01
715428,715,1997-01-01
9308103,715,2011-01-01
6951263,715,2010-01-01
1086389,715,2005-01-01
17453021,715,2013-01-01
88388,715,2001-01-01
7046916,715,2006-01-01
6066864,715,2007-01-01
5505098,715,1993-01-01
88389,715,1993-01-01
1078784,715,2006-01-01
715428,716,1998-01-01
2185736,717,2019-01-01
8526694,718,2012-01-01
5187,718,1989-01-01
6383944,718,2010-01-01
7356329,718,2011-01-01
88385,718,2004-01-01
1534750,718,1980-01-01
5439,718,2000-01-01
11741,718,1982-01-01
36692478,718,2019-01-01
13366259,718,2013-01-01
97782,718,2008-01-01
15852479,718,2014-01-01
8526694,719,2013-01-01
8526694,720,2011-01-01
3985,720,2000-01-01
613866,721,2011-01-01
5896014,721,2012-01-01
6345760,721,2011-01-01
7981456,721,2012-01-01
7940589,722,2011-01-01
7332753,722,2010-01-01
10497786,722,2011-01-01
126049,722,2006-01-01
1337933,722,2004-01-01
2199,722,2005-01-01
16130,722,2004-01-01
14318,722,2004-01-01
7940589,723,2012-01-01
17910054,723,2015-01-01
23995249,723,2016-01-01
8520610,723,2015-01-01
18803640,723,2016-01-01
5762055,724,2012-01-01
16670,724,2007-01-01
65285,724,2002-01-01
256566,724,2004-01-01
4957350,724,2010-01-01
240162,725,1997-01-01
169762,725,2006-01-01
38709,725,1998-01-01
693208,725,2007-01-01
13376,725,2002-01-01
266904,725,2005-01-01
18075234,725,2015-01-01
8537327,725,2011-01-01
243229,725,2000-01-01
6596547,725,2010-01-01
33830437,725,2017-01-01
20821284,725,2014-01-01
4052117,725,2008-01-01
33294200,725,2018-01-01
11333934,726,2011-01-01
91487,727,2000-01-01
6690236,727,2010-01-01
46614,727,2004-01-01
175244,727,2003-01-01
91487,728,2001-01-01
10305,728,2002-01-01
32504,728,1999-01-01
3830,728,1987-01-01
15769772,728,1994-01-01
351648,728,2008-01-01
40612032,728,2006-01-01
7945049,728,2011-01-01
180648,728,2007-01-01
91487,729,2001-01-01
84777,729,2003-01-01
16045144,729,2013-01-01
6449551,729,2010-01-01
32504,729,1999-01-01
2761626,729,2009-01-01
28220985,729,2017-01-01
351648,729,2008-01-01
23807,729,1989-01-01
21671,729,2002-01-01
89656,729,1987-01-01
32506,729,1997-01-01
15803059,729,2014-01-01
10680329,729,2012-01-01
7945049,729,2011-01-01
91487,730,2001-01-01
1153501,730,2008-01-01
13065,730,1992-01-01
297186,730,2000-01-01
10817086,730,2013-01-01
6853,730,1995-01-01
21671,730,2002-01-01
124509,730,1994-01-01
40605285,730,2010-01-01
17231,730,2005-01-01
6854,730,1998-01-01
338691,730,2007-01-01
27000,730,2004-01-01
32506,730,1997-01-01
49353,730,1996-01-01
425123,730,1999-01-01
113002,730,2003-01-01
7945049,730,2011-01-01
91487,731,2000-01-01
280352,731,2007-01-01
13123877,731,2012-01-01
6388743,731,2009-01-01
1093095,731,2006-01-01
16160797,731,2013-01-01
23602561,731,2015-01-01
38819868,731,2018-01-01
7948230,731,2010-01-01
149049,732,1980-01-01
190999,732,1964-01-01
57045,732,1982-01-01
13827,732,1966-01-01
25003696,732,2001-01-01
263021,732,1979-01-01
77505,732,1994-01-01
77504,732,1997-01-01
175324,732,1956-01-01
123673,732,1959-01-01
375802,732,1986-01-01
44767458,732,1966-01-01
6,732,2001-01-01
30165203,732,2002-01-01
350,732,1962-01-01
2213661,732,2009-01-01
14201,732,2005-01-01
6088007,732,1985-01-01
7967,732,1987-01-01
77566,732,1990-01-01
18423,732,1970-01-01
164154,732,1961-01-01
16690,732,1967-01-01
17214,732,1960-01-01
216363,732,1963-01-01
13651,732,1975-01-01
827,732,1996-01-01
21611,732,1976-01-01
112537,732,1974-01-01
139986,732,1981-01-01
24983,732,1993-01-01
61179,732,1971-01-01
77773,732,1999-01-01
13821,732,1968-01-01
19161852,732,2016-01-01
4703581,732,2010-01-01
41821,732,1973-01-01
16703,732,2008-01-01
77711,732,1993-01-01
76740,732,1953-01-01
17333324,732,2014-01-01
6597651,732,2010-01-01
226004,732,2000-01-01
6506307,732,2011-01-01
189147,732,1972-01-01
20518872,732,2015-01-01
68483,732,1991-01-01
218427,732,1978-01-01
910863,732,2006-01-01
7519231,732,2011-01-01
61904,732,2004-01-01
31817749,732,2018-01-01
26228034,732,2017-01-01
234501,732,1984-01-01
76683,732,1983-01-01
41069,732,1969-01-01
834518,732,1989-01-01
61909,732,1995-01-01
13055592,732,2013-01-01
8706185,732,2012-01-01
264946,732,2003-01-01
234489,732,1988-01-01
61905,732,1992-01-01
149049,733,1979-01-01
270259,733,1996-01-01
263021,733,1978-01-01
21607,733,2005-01-01
61915,733,1988-01-01
340816,733,1994-01-01
463376,733,1981-01-01
6250518,733,1968-01-01
25372801,733,2016-01-01
375802,733,1985-01-01
44767458,733,1965-01-01
30165203,733,2002-01-01
6088007,733,1984-01-01
7967,733,1986-01-01
18423,733,1969-01-01
13651,733,1974-01-01
21611,733,1975-01-01
112537,733,1973-01-01
24983,733,1992-01-01
22544764,733,2015-01-01
61179,733,1970-01-01
41821,733,1972-01-01
16703,733,2007-01-01
17333324,733,2013-01-01
6597651,733,2009-01-01
6506307,733,2010-01-01
77507,733,1993-01-01
218427,733,1977-01-01
13661,733,1990-01-01
7519231,733,2010-01-01
61904,733,2004-01-01
31817749,733,2017-01-01
234501,733,1983-01-01
96063,733,2003-01-01
17934530,733,2014-01-01
8706185,733,2011-01-01
60932,733,1999-01-01
64923,733,2000-01-01
17566144,734,2013-01-01
17448137,735,2014-01-01
18263725,736,2016-01-01
15937108,736,2015-01-01
18263725,737,2020-01-01
9962040,738,2011-01-01
7776251,739,2012-01-01
3786877,739,2007-01-01
5055737,740,1994-01-01
20403158,740,2001-01-01
7997149,740,1958-01-01
3401640,741,2010-01-01
452177,741,2008-01-01
172691,741,2000-01-01
13007638,741,2013-01-01
107773,741,2002-01-01
238137,741,2003-01-01
7685763,741,2011-01-01
59805,741,2000-01-01
213975,741,2001-01-01
762064,741,2002-01-01
22674054,741,2015-01-01
496303,741,1994-01-01
261911,741,2003-01-01
8185871,741,2009-01-01
10974365,741,2012-01-01
343549,741,2007-01-01
12362225,741,2013-01-01
6321546,741,1999-01-01
13548107,741,2013-01-01
194941,741,2001-01-01
10841289,741,2012-01-01
3492020,741,2010-01-01
238140,741,2003-01-01
130881,741,2006-01-01
33149088,741,2018-01-01
39182872,741,2019-01-01
238125,741,1999-01-01
114144,741,1997-01-01
6634409,741,2011-01-01
102857,741,2007-01-01
8483147,741,2012-01-01
3401640,742,2009-01-01
1061557,743,2000-01-01
500799,743,1997-01-01
37186,743,2008-01-01
34262,743,2006-01-01
100464,743,2007-01-01
227658,743,1998-01-01
541341,743,2009-01-01
207153,743,1994-01-01
1653655,743,2010-01-01
807968,743,2007-01-01
1061557,744,2001-01-01
20701984,744,2017-01-01
3112733,744,2011-01-01
39980,744,2003-01-01
307791,744,2006-01-01
11594337,744,2015-01-01
139463,744,1993-01-01
37187,744,2004-01-01
6596547,744,2013-01-01
1061557,745,2000-01-01
22098550,745,2018-01-01
428035,745,2008-01-01
816752,745,1989-01-01
37737,745,1993-01-01
3284192,745,2011-01-01
297676,745,2009-01-01
3105541,745,2012-01-01
235117,745,2004-01-01
235127,745,2010-01-01
23302416,745,2015-01-01
11387515,745,2015-01-01
357664,745,2003-01-01
125404,745,1985-01-01
6690,745,1979-01-01
10372,745,1981-01-01
9917879,745,2014-01-01
16054808,745,2017-01-01
712807,745,2005-01-01
80674,745,1983-01-01
2741766,746,2009-01-01
7797874,746,2010-01-01
25793186,747,2016-01-01
25793186,748,2015-01-01
13254159,748,2011-01-01
13006791,748,2009-01-01
23355220,748,2009-01-01
18137087,748,2013-01-01
11777020,748,2008-01-01
13256064,748,2011-01-01
25793186,749,2016-01-01
25793186,750,2016-01-01
25793186,751,2016-01-01
18137087,751,2015-01-01
18667945,752,2014-01-01
28220826,753,2016-01-01
22552026,753,2017-01-01
22098550,753,2016-01-01
17978481,753,2014-01-01
35540804,753,2018-01-01
28814866,753,2015-01-01
19547856,753,2015-01-01
32075671,753,2017-01-01
19351043,753,2015-01-01
18079527,753,2014-01-01
38720939,753,2018-01-01
24396876,753,2015-01-01
18806240,753,2015-01-01
28220826,754,2017-01-01
4883204,754,2011-01-01
20820994,754,2015-01-01
6567017,754,2011-01-01
770614,755,1994-01-01
37737,755,1993-01-01
8560132,755,2006-01-01
357664,755,2002-01-01
439173,755,1999-01-01
29567,756,2015-01-01
22822858,756,2017-01-01
35036409,756,2016-01-01
601390,757,2009-01-01
209390,757,2008-01-01
595405,757,1997-01-01
589995,757,2001-01-01
12510143,757,1976-01-01
942240,757,1988-01-01
75745,757,2000-01-01
664239,757,2005-01-01
41044096,757,1963-01-01
10959,757,1994-01-01
68811,757,1974-01-01
472626,757,1972-01-01
386286,757,1975-01-01
9397145,757,2011-01-01
5598819,758,2010-01-01
1035021,758,2009-01-01
6567017,758,2010-01-01
5152478,758,2009-01-01
6931356,758,2010-01-01
16982,759,1994-01-01
16982,760,1994-01-01
768950,761,2010-01-01
24466484,761,2016-01-01
1686820,761,2006-01-01
4532622,761,2010-01-01
38485496,761,2019-01-01
172734,761,2005-01-01
21795840,761,2015-01-01
3818665,762,1998-01-01
3755301,762,2009-01-01
2452102,762,2001-01-01
74257,762,2008-01-01
8088579,762,2015-01-01
13773346,762,2013-01-01
6647312,762,2011-01-01
74256,762,2006-01-01
65659,762,2007-01-01
3818665,763,1997-01-01
20821299,763,2016-01-01
30118,763,1985-01-01
6327239,764,1970-01-01
15773951,765,2013-01-01
23860372,765,2015-01-01
62805,766,1954-01-01
644009,767,1985-01-01
1095194,767,1997-01-01
3609537,768,2009-01-01
6320534,768,2009-01-01
6048530,768,2009-01-01
6760780,769,2011-01-01
37811512,769,2019-01-01
6892626,769,2011-01-01
332775,769,2011-01-01
7576115,769,2011-01-01
4499214,769,2011-01-01
1561628,770,1997-01-01
396836,770,1997-01-01
19185094,770,2000-01-01
15757486,771,2012-01-01
6971551,771,2008-01-01
15757486,772,2015-01-01
17210598,772,2015-01-01
1146743,773,2001-01-01
1146742,773,1998-01-01
11249785,773,1979-01-01
6900824,774,2007-01-01
16158844,774,2016-01-01
13083008,775,2013-01-01
670906,775,1999-01-01
297186,775,2000-01-01
455925,775,2001-01-01
32504,775,1999-01-01
7187391,775,2011-01-01
29154543,775,2017-01-01
10196362,775,2012-01-01
3785646,775,2018-01-01
13542982,775,2013-01-01
10024937,775,2012-01-01
6411440,775,2010-01-01
785420,775,2001-01-01
2277378,775,2009-01-01
60281,775,2004-01-01
20821019,775,2015-01-01
19288043,775,2013-01-01
21686,775,2004-01-01
43933,775,2002-01-01
11367726,775,2013-01-01
17231,775,2005-01-01
206236,775,2006-01-01
6423,775,2000-01-01
34091380,775,2018-01-01
227729,775,1999-01-01
8008928,775,2011-01-01
7948230,775,2011-01-01
7945049,775,2011-01-01
32502,775,2000-01-01
7145565,775,2014-01-01
21745,775,2003-01-01
13083008,776,2013-01-01
15790878,776,2014-01-01
7432,776,2006-01-01
1272835,776,2009-01-01
13083008,777,2013-01-01
904488,777,2004-01-01
23398925,777,2016-01-01
15769772,777,1994-01-01
26245850,777,2017-01-01
492050,777,2007-01-01
120218,777,2005-01-01
288989,777,1984-01-01
55019,777,1990-01-01
31476,777,1992-01-01
6811221,777,2011-01-01
425173,777,1977-01-01
19494,777,1965-01-01
540020,777,1972-01-01
92364,777,1979-01-01
18775247,777,2015-01-01
15803059,777,2014-01-01
102113,777,2001-01-01
40670008,777,2017-01-01
5556466,777,2010-01-01
8574,777,1981-01-01
7663,777,1969-01-01
1395807,777,2009-01-01
13083008,778,2012-01-01
18079776,778,2014-01-01
19256975,779,1999-01-01
26759,779,1996-01-01
25365,779,1997-01-01
36047860,780,2019-01-01
60030,781,1995-01-01
311643,781,1982-01-01
370523,781,1972-01-01
3234419,781,1972-01-01
189400,781,1997-01-01
8653211,781,1972-01-01
320,781,1972-01-01
63033,781,1999-01-01
59415,781,1977-01-01
53972,781,1967-01-01
60030,782,1996-01-01
10464963,782,2012-01-01
1761266,782,1995-01-01
6650487,782,2008-01-01
12872236,782,2013-01-01
158856,782,1988-01-01
6869,782,1993-01-01
15967,782,2005-01-01
6050822,782,2010-01-01
18114449,782,2016-01-01
497499,782,2003-01-01
60030,783,1994-01-01
62779,783,1948-01-01
17402288,784,2015-01-01
32920226,784,2018-01-01
77954,784,1981-01-01
12738,784,1981-01-01
227751,784,1990-01-01
261601,784,1993-01-01
26931,784,1999-01-01
1862313,784,2009-01-01
6940642,784,2011-01-01
167216,784,2000-01-01
11982625,784,2013-01-01
39298122,784,2005-01-01
1504693,784,1995-01-01
7123240,784,1982-01-01
18757,784,2006-01-01
69722,784,1984-01-01
323862,784,1997-01-01
76986,784,1985-01-01
6759304,784,2011-01-01
156182,784,1996-01-01
9505561,784,2011-01-01
40722,784,1987-01-01
65285,784,2002-01-01
7244,784,1999-01-01
256008,784,1986-01-01
310612,784,1981-01-01
3985,784,2001-01-01
3805,784,2002-01-01
77163,784,1995-01-01
68210,784,2005-01-01
20170404,784,2015-01-01
11741,784,1982-01-01
7331435,784,2011-01-01
6433752,784,2010-01-01
40180098,784,2019-01-01
267243,784,1984-01-01
33299,784,2007-01-01
19490,784,1991-01-01
2815590,784,2009-01-01
11464,784,2004-01-01
77699,784,1983-01-01
320730,784,1984-01-01
118345,784,1982-01-01
17402288,785,2016-01-01
25893709,785,2018-01-01
11653,785,2000-01-01
33621427,785,2019-01-01
2615008,785,2010-01-01
40940157,785,2013-01-01
10464963,785,2013-01-01
10116927,785,2013-01-01
1738972,785,2010-01-01
15762766,785,1998-01-01
368405,785,2002-01-01
25061,785,2000-01-01
11773,785,2000-01-01
9271896,785,2013-01-01
4026382,785,2007-01-01
76022,785,2001-01-01
43702,785,2001-01-01
28363987,785,2018-01-01
21912673,785,2016-01-01
24997390,785,2017-01-01
32187419,785,2019-01-01
2016758,785,1999-01-01
190372,785,2002-01-01
38896653,785,2010-01-01
45369,785,2007-01-01
16085517,785,2015-01-01
5068,785,1998-01-01
11275,785,1999-01-01
5826,785,2003-01-01
5211,785,1997-01-01
101299,785,1999-01-01
11899,785,2000-01-01
12497,785,2007-01-01
78433,785,2002-01-01
10357575,785,2013-01-01
2967752,785,2010-01-01
3805,785,2003-01-01
22822858,785,2017-01-01
72579,785,1998-01-01
15796700,785,2015-01-01
7331435,785,2012-01-01
11761,785,1999-01-01
17333319,785,2015-01-01
28859,785,1996-01-01
6411016,785,2012-01-01
23168277,785,2017-01-01
17905709,785,2015-01-01
7147831,785,2014-01-01
29906980,785,2019-01-01
2924318,785,2010-01-01
6159,785,1997-01-01
30688435,785,2019-01-01
110090,785,2002-01-01
6870,785,1999-01-01
20893314,785,2016-01-01
30091914,785,2018-01-01
12031532,785,2014-01-01
20575411,785,2016-01-01
5198,785,2000-01-01
562212,785,1997-01-01
195733,785,2000-01-01
4830,785,2007-01-01
24612118,786,2015-01-01
22929586,786,2015-01-01
23492504,786,2015-01-01
19145369,786,2014-01-01
18143974,786,2014-01-01
1525997,787,2003-01-01
1525997,788,2004-01-01
11550,788,1985-01-01
77954,788,1981-01-01
410389,788,1993-01-01
232965,788,1964-01-01
214340,788,2006-01-01
2657,788,1961-01-01
9375,788,1989-01-01
7742,788,2001-01-01
27071490,788,2017-01-01
7948230,788,2011-01-01
550821,788,1994-01-01
22195,789,2006-01-01
210250,790,2006-01-01
1162185,790,2003-01-01
348537,790,2000-01-01
47912,790,1997-01-01
11736973,790,1998-01-01
6050678,790,2009-01-01
4932435,790,2008-01-01
24766,790,2004-01-01
359581,791,1979-01-01
102267,791,1978-01-01
149267,791,1979-01-01
11588,791,1978-01-01
219205,791,1978-01-01
76664,791,1978-01-01
363499,792,1999-01-01
110397,792,2000-01-01
348823,793,1999-01-01
9893331,794,2012-01-01
10025305,794,2012-01-01
20758105,794,2012-01-01
9917938,794,2012-01-01
4703427,795,2017-01-01
459064,795,2017-01-01
175983,795,2017-01-01
55399,795,2017-01-01
55401,795,2017-01-01
478951,795,2017-01-01
8447255,795,2017-01-01
345299,795,2017-01-01
55398,795,2017-01-01
938544,795,2017-01-01
539904,796,1974-01-01
3559,796,1989-01-01
2517439,796,2008-01-01
414062,796,1969-01-01
13147885,796,2012-01-01
2741017,796,1985-01-01
419083,796,2001-01-01
79929,796,1970-01-01
748784,796,1975-01-01
71984,796,2004-01-01
22121,796,2006-01-01
767171,796,1960-01-01
11472,796,1998-01-01
6633912,796,2009-01-01
161156,796,1959-01-01
2372,796,1977-01-01
112525,797,2011-01-01
4667024,797,2010-01-01
38447,797,2013-01-01
18143977,797,2015-01-01
21853621,797,2016-01-01
16130549,797,2014-01-01
31434883,797,2018-01-01
38169,797,2012-01-01
38359036,797,2019-01-01
472343,797,2009-01-01
484670,798,2002-01-01
309434,798,1974-01-01
394015,798,1981-01-01
613229,798,1976-01-01
598535,798,1993-01-01
8826,798,2003-01-01
10817086,798,2012-01-01
288989,798,1985-01-01
883995,798,1997-01-01
77142,798,1996-01-01
7061,798,2004-01-01
540020,798,1972-01-01
15888,798,1999-01-01
21727,798,1995-01-01
425029,798,1988-01-01
19001,798,1986-01-01
83136,798,2007-01-01
12160934,799,2012-01-01
13239822,799,2012-01-01
2731276,799,2008-01-01
33597976,799,2012-01-01
7274337,799,2010-01-01
4957350,799,2009-01-01
13366259,799,2012-01-01
13330761,799,2012-01-01
13056868,800,2013-01-01
29358517,800,2017-01-01
15944406,800,2014-01-01
16705,800,2003-01-01
28757261,800,2008-01-01
25003696,800,2008-01-01
22037424,800,2008-01-01
18222556,800,2015-01-01
33123322,800,2018-01-01
28143415,800,2008-01-01
47587,800,1999-01-01
22504710,800,2016-01-01
332756,800,2007-01-01
2,800,2008-01-01
3,800,2008-01-01
5,800,2008-01-01
6,800,2008-01-01
15881,800,2008-01-01
3236307,800,2009-01-01
862041,800,2008-01-01
334123,800,2006-01-01
59264,800,2006-01-01
4835,800,1992-01-01
59263,800,2006-01-01
34501,800,2005-01-01
142776,800,2004-01-01
5983694,800,2010-01-01
13056868,801,2012-01-01
13574710,801,2012-01-01
12814594,801,2012-01-01
8288246,801,2011-01-01
10805989,801,2011-01-01
15863832,801,2011-01-01
13262783,801,2012-01-01
9378297,801,2011-01-01
10429092,801,2011-01-01
15805442,802,2014-01-01
15805442,803,2013-01-01
6440051,804,2010-01-01
6440051,805,2010-01-01
6440051,806,2010-01-01
6440051,807,2009-01-01
19165476,808,2012-01-01
19165476,809,2011-01-01
23202,810,2002-01-01
107966,810,1993-01-01
47731,810,1991-01-01
122312,810,1992-01-01
12590,810,1984-01-01
11482,810,1992-01-01
12528,810,1987-01-01
1325761,810,1999-01-01
116826,810,1998-01-01
40490167,810,1986-01-01
15197,810,1991-01-01
11466,810,1989-01-01
2279,810,1992-01-01
14241,810,1995-01-01
96642,810,1998-01-01
41014989,811,1998-01-01
184815,811,1999-01-01
17861,811,2006-01-01
843565,811,1996-01-01
17899407,811,2012-01-01
16703,811,2007-01-01
703,811,2004-01-01
15161,812,2007-01-01
20819208,812,2010-01-01
817168,812,1985-01-01
102143,812,1994-01-01
499415,812,2006-01-01
16716,812,1997-01-01
373915,812,2006-01-01
22323,812,1987-01-01
15161,813,2007-01-01
218574,813,1997-01-01
596687,813,1975-01-01
182543,813,2002-01-01
2999495,813,2009-01-01
219376,813,1976-01-01
1109741,813,1988-01-01
754333,813,2007-01-01
102247,813,1978-01-01
11602,813,2000-01-01
10628,813,1979-01-01
373915,813,2006-01-01
103035,813,1989-01-01
230852,813,2003-01-01
967294,814,2001-01-01
56627,815,2007-01-01
41104077,815,2019-01-01
23995249,815,2016-01-01
4371507,815,2009-01-01
2696181,816,2011-01-01
2696181,817,2011-01-01
52373,818,2003-01-01
11431000,818,2011-01-01
37756667,818,2016-01-01
9796196,818,2011-01-01
10810,818,1976-01-01
2067,818,2006-01-01
88868,818,1993-01-01
20942,818,1998-01-01
737957,818,2003-01-01
149709,818,1979-01-01
25489625,818,2015-01-01
355190,818,1978-01-01
52373,819,2004-01-01
11431000,819,2013-01-01
7306310,820,2010-01-01
321578,820,2000-01-01
9468462,820,2010-01-01
3711,820,2000-01-01
1768603,820,2008-01-01
14569052,820,2004-01-01
5587960,820,2009-01-01
766955,821,2001-01-01
191113,821,2004-01-01
95144,821,1971-01-01
770051,821,2001-01-01
122967,821,2000-01-01
193093,821,1948-01-01
1062516,821,1999-01-01
1913599,821,1999-01-01
6961797,821,2008-01-01
576565,821,1954-01-01
1537221,821,1984-01-01
581409,821,1976-01-01
28645670,821,2017-01-01
730596,821,1973-01-01
160943,821,2002-01-01
858152,821,1991-01-01
835202,821,1983-01-01
10574666,821,2012-01-01
803982,821,1990-01-01
133526,821,1949-01-01
280240,821,1987-01-01
601598,821,2003-01-01
138068,821,1989-01-01
833228,821,1973-01-01
111027,821,1992-01-01
867378,821,1953-01-01
407429,821,1993-01-01
18465566,821,2015-01-01
475339,821,1940-01-01
490867,821,2005-01-01
766955,822,2001-01-01
766955,823,2001-01-01
624744,823,2006-01-01
867248,823,2003-01-01
766955,824,2002-01-01
191113,824,2005-01-01
16101018,824,2015-01-01
595586,824,2001-01-01
773915,824,2000-01-01
490867,824,2006-01-01
766955,825,2002-01-01
436609,825,1992-01-01
500799,825,1998-01-01
304889,825,1990-01-01
28757261,825,2000-01-01
100786,825,1996-01-01
716944,825,1996-01-01
28899,825,2008-01-01
2767052,825,2010-01-01
3,825,2000-01-01
6186357,825,2012-01-01
47281,825,1992-01-01
22232,825,2004-01-01
8953,825,1998-01-01
357664,825,2002-01-01
64481,825,2006-01-01
139463,825,1992-01-01
7825557,825,2012-01-01
766955,826,2002-01-01
100480,826,1994-01-01
125507,826,1992-01-01
474858,826,2000-01-01
766955,827,2003-01-01
174329,827,1999-01-01
443633,827,1992-01-01
334818,827,1987-01-01
784633,827,1983-01-01
225542,827,1976-01-01
94803,827,1976-01-01
220068,827,1999-01-01
75996,827,1986-01-01
142214,827,2006-01-01
818534,827,1988-01-01
4948,827,1976-01-01
7784,827,1976-01-01
46677,827,1976-01-01
8073,827,1982-01-01
125507,827,1992-01-01
825081,827,1999-01-01
474858,827,2001-01-01
766955,828,2001-01-01
825377,828,2004-01-01
865850,828,2003-01-01
11233988,828,2012-01-01
969566,829,2008-01-01
7832957,829,2011-01-01
6399294,829,2016-01-01
7826101,829,2011-01-01
1611657,829,2009-01-01
1829655,830,2009-01-01
3755301,830,2009-01-01
7824057,830,2010-01-01
3873328,830,2009-01-01
9503573,830,2010-01-01
3236307,830,2008-01-01
332775,830,2007-01-01
1661957,830,2008-01-01
7095831,830,2010-01-01
6065629,830,2009-01-01
6369113,830,2009-01-01
545981,831,2003-01-01
96719,831,2004-01-01
5168689,832,2010-01-01
2210839,832,2009-01-01
6693329,832,2011-01-01
171020,832,2004-01-01
10128428,832,2012-01-01
361487,832,2005-01-01
222458,832,2007-01-01
7992862,832,2012-01-01
5168689,833,2009-01-01
10803806,833,2011-01-01
4296443,833,2009-01-01
8887365,833,2011-01-01
299758,834,1984-01-01
299758,835,1984-01-01
17863,835,2005-01-01
463378,835,1982-01-01
40651883,835,1993-01-01
299758,836,1996-01-01
116413,836,2003-01-01
939284,836,2004-01-01
186074,836,2010-01-01
8908,836,2009-01-01
24800,836,2014-01-01
12013,836,2005-01-01
910863,836,2009-01-01
7562764,836,2014-01-01
48484,836,2010-01-01
8706185,836,2013-01-01
299758,837,1985-01-01
42143,837,1989-01-01
186337,837,1980-01-01
1124895,837,1972-01-01
142296,837,1987-01-01
218427,837,1979-01-01
340819,837,1986-01-01
299758,838,1983-01-01
62992,838,1996-01-01
38447,838,1987-01-01
234501,838,1983-01-01
889284,838,1986-01-01
299758,839,1984-01-01
7123240,839,1982-01-01
876034,839,1979-01-01
149267,839,1980-01-01
39988,839,1990-01-01
34494,839,2016-01-01
28954189,839,2019-01-01
19161852,839,2019-01-01
34492,839,2016-01-01
19351043,839,2016-01-01
100933,839,2008-01-01
12974372,839,2019-01-01
6839917,840,2010-01-01
7703038,840,2011-01-01
11787752,840,2012-01-01
3591262,840,2009-01-01
7170627,840,2011-01-01
17465453,840,2014-01-01
9118135,840,2011-01-01
44279110,840,2019-01-01
4135863,841,2009-01-01
1292495,841,2004-01-01
523793,841,1993-01-01
288957,841,1991-01-01
227920,841,2003-01-01
571942,841,1994-01-01
78433,841,2000-01-01
18775247,841,2014-01-01
40806,841,1992-01-01
4135863,842,2010-01-01
174764,842,1997-01-01
111646,842,1988-01-01
944555,842,2004-01-01
285746,842,1991-01-01
1386012,842,2005-01-01
1526804,842,1990-01-01
618174,842,1985-01-01
25372801,842,2017-01-01
27003,842,2002-01-01
47956,842,2000-01-01
97961,842,1996-01-01
373915,842,2006-01-01
94669,842,1998-01-01
16718,842,1995-01-01
6760793,843,2012-01-01
15818254,843,2016-01-01
6760793,844,2013-01-01
7027735,844,2012-01-01
6760793,845,2013-01-01
10965813,846,2008-01-01
37820,846,2003-01-01
15312202,846,1995-01-01
15874968,846,2012-01-01
711232,846,1905-01-01
953560,846,2000-01-01
953435,846,1968-01-01
2012337,846,2006-01-01
8842,846,1931-01-01
270872,847,1984-01-01
270872,848,2001-01-01
835458,848,2006-01-01
347964,848,2002-01-01
1790021,848,2003-01-01
52745490,848,2007-01-01
29738,848,2004-01-01
184834,848,2002-01-01
1030650,848,2004-01-01
1232,848,2002-01-01
6867,848,2003-01-01
2865,848,2001-01-01
3867,848,2006-01-01
27208,848,2007-01-01
9820,848,2009-01-01
77287,848,2005-01-01
125502,848,2004-01-01
230514,848,2007-01-01
19661,848,2003-01-01
50366,848,2000-01-01
15052,848,2005-01-01
533465,848,2001-01-01
114437,848,2001-01-01
1162185,849,2004-01-01
1157924,849,2000-01-01
1327836,849,2005-01-01
116473,849,1994-01-01
1162185,850,2006-01-01
2272641,850,2008-01-01
1162185,851,2004-01-01
1559509,852,1994-01-01
2922121,852,1988-01-01
12348550,852,2013-01-01
8356487,852,2013-01-01
14497,852,1999-01-01
44659,852,1991-01-01
567704,852,1997-01-01
6381205,852,2013-01-01
2113260,852,2012-01-01
22733729,852,2017-01-01
6933876,852,2013-01-01
177250,852,1990-01-01
7719355,852,2013-01-01
1559509,853,1994-01-01
1397743,853,2006-01-01
10314376,854,2012-01-01
18339155,854,2015-01-01
16156006,854,2014-01-01
41022133,854,2015-01-01
6282753,854,2011-01-01
7429046,854,2014-01-01
10314376,855,2011-01-01
64881,855,2001-01-01
28634,855,1993-01-01
373593,856,1964-01-01
582067,856,1964-01-01
206954,856,1976-01-01
464260,856,1964-01-01
373593,857,1963-01-01
874419,857,1974-01-01
101648,857,1956-01-01
17399338,858,2010-01-01
7743532,858,1990-01-01
1035124,858,1975-01-01
10265010,858,2010-01-01
62779,858,1944-01-01
200363,858,1947-01-01
41160292,859,2020-01-01
41160292,860,2019-01-01
41160292,861,2020-01-01
41160292,862,2020-01-01
43352954,862,2020-01-01
41888678,862,2020-01-01
35960060,863,2019-01-01
35960060,864,2018-01-01
33843362,864,2017-01-01
35604686,864,2018-01-01
37822650,864,2018-01-01
25480342,864,2011-01-01
32075671,864,2017-01-01
10626594,864,2011-01-01
9464733,864,2011-01-01
23447923,864,2005-01-01
4318,865,2004-01-01
190999,866,1987-01-01
175324,866,1987-01-01
250024,866,1987-01-01
96123,867,1975-01-01
414062,867,1973-01-01
119804,867,1976-01-01
1111,867,1975-01-01
997897,868,1982-01-01
4025200,868,2010-01-01
18114057,868,2015-01-01
853258,868,1983-01-01
9969571,868,2012-01-01
47989,868,2003-01-01
116257,868,2005-01-01
954674,868,2009-01-01
226004,868,2000-01-01
22816087,868,2016-01-01
537107,869,1977-01-01
176332,869,2003-01-01
1433355,869,2008-01-01
3555477,869,1999-01-01
32639,869,1997-01-01
3676719,869,1985-01-01
2574912,869,2009-01-01
102267,869,1978-01-01
2520921,869,2007-01-01
6323514,869,2010-01-01
43763,869,1977-01-01
2213661,869,2009-01-01
10644930,869,2012-01-01
14201,869,2005-01-01
10664113,869,2012-01-01
77197,869,1997-01-01
29588376,869,2007-01-01
6320534,869,2010-01-01
34532,869,1997-01-01
153025,869,2008-01-01
2315892,869,2010-01-01
9300768,869,2012-01-01
15676,869,1987-01-01
3974,869,2008-01-01
653651,869,1985-01-01
11279,869,1992-01-01
66655,869,1987-01-01
186427,869,1999-01-01
18884,869,1998-01-01
67956,869,1979-01-01
94673,870,2006-01-01
339187,870,2006-01-01
127810,870,1994-01-01
397483,870,2004-01-01
71847,870,2004-01-01
90334,871,2005-01-01
1470232,872,2007-01-01
10290243,872,2012-01-01
8870923,872,2012-01-01
13148060,872,2013-01-01
6916800,872,2011-01-01
6791619,872,2011-01-01
9933894,872,2012-01-01
11741287,872,2012-01-01
6216499,872,2008-01-01
7076706,872,2011-01-01
3392089,872,2009-01-01
306364,872,2008-01-01
114133,872,2008-01-01
9792287,872,2012-01-01
114184,872,2006-01-01
9794942,873,2011-01-01
10221138,874,2000-01-01
13115556,875,2013-01-01
6605685,875,2011-01-01
3568996,875,2010-01-01
4546386,875,2010-01-01
5589775,875,2010-01-01
22383696,875,2016-01-01
157387,876,1999-01-01
10785670,876,2012-01-01
190372,876,2001-01-01
157387,877,2001-01-01
157387,878,1999-01-01
8437667,879,2010-01-01
6690236,879,2009-01-01
23602561,879,2015-01-01
670906,880,2003-01-01
6609764,881,2011-01-01
638689,881,2008-01-01
124248,881,1987-01-01
263623,881,1992-01-01
152643,881,2004-01-01
9858488,881,2012-01-01
106264,881,1986-01-01
25346,881,1998-01-01
40095501,881,1984-01-01
130208,881,2002-01-01
3002300,881,2009-01-01
6609764,882,2014-01-01
15944406,882,2016-01-01
33570,882,1982-01-01
638689,882,2011-01-01
966757,882,1991-01-01
331883,882,2006-01-01
42157,882,2001-01-01
121457,882,1992-01-01
1146093,882,1982-01-01
1421759,882,2002-01-01
2210839,882,2012-01-01
354475,882,1984-01-01
10734210,882,2015-01-01
233330,882,1986-01-01
5834917,882,2014-01-01
28899,882,2009-01-01
131843,882,1982-01-01
40940121,882,1980-01-01
310459,882,1980-01-01
50,882,1990-01-01
284440,882,2011-01-01
781110,882,2004-01-01
28541,882,1980-01-01
89763,882,2003-01-01
150739,882,1993-01-01
227658,882,1998-01-01
556136,882,2010-01-01
361487,882,2007-01-01
828084,882,2006-01-01
11831,882,1985-01-01
222458,882,2009-01-01
6609764,883,2010-01-01
7737900,883,2010-01-01
6657648,883,2010-01-01
7952209,883,2010-01-01
6609748,883,2010-01-01
7192385,883,2010-01-01
26044593,883,2015-01-01
13297069,883,2011-01-01
7118768,883,2010-01-01
36578942,883,2012-01-01
6393631,883,2010-01-01
7825557,883,2010-01-01
6596547,883,2010-01-01
6393047,883,2010-01-01
7150174,883,2010-01-01
7327327,883,2010-01-01
6757893,883,2010-01-01
18103807,884,2014-01-01
35226779,884,2018-01-01
18758780,884,2014-01-01
26008840,885,2016-01-01
736392,886,2006-01-01
7882217,886,2011-01-01
6320247,886,2010-01-01
736391,886,2005-01-01
2909013,886,2009-01-01
14291950,886,2013-01-01
17287069,887,2015-01-01
6321815,887,2017-01-01
34594982,888,2017-01-01
20613761,888,2014-01-01
25330489,888,2015-01-01
22552026,888,2017-01-01
18585282,888,2013-01-01
15873076,888,2013-01-01
17729031,888,2013-01-01
17333426,888,2013-01-01
23678552,888,2015-01-01
33208115,888,2017-01-01
35540804,888,2018-01-01
36100966,888,2018-01-01
34828719,888,2017-01-01
22618173,888,2014-01-01
20821097,888,2014-01-01
25384853,888,2015-01-01
22523971,888,2014-01-01
34594981,888,2018-01-01
25144676,888,2015-01-01
5974575,888,2010-01-01
18003300,888,2013-01-01
13508406,888,2012-01-01
33294200,888,2018-01-01
29431081,888,2016-01-01
19230408,888,2014-01-01
36199084,889,2018-01-01
24985,890,1997-01-01
36223860,890,2019-01-01
40450,891,2005-01-01
580196,891,2006-01-01
218571,891,1989-01-01
10235919,891,2012-01-01
6993091,891,2011-01-01
352781,891,2004-01-01
17707092,891,2013-01-01
112537,891,1974-01-01
35066358,891,2015-01-01
22584,891,1975-01-01
6597651,891,2010-01-01
226004,891,2000-01-01
218427,891,1978-01-01
889284,891,1986-01-01
1768257,891,1974-01-01
776573,891,1982-01-01
208324,892,1990-01-01
5294,892,1988-01-01
93959,892,2000-01-01
29738,892,1991-01-01
252577,892,1996-01-01
13912,892,1998-01-01
7081,893,2010-01-01
106924,893,1988-01-01
7967,893,1989-01-01
567678,893,1992-01-01
334176,893,2001-01-01
24983,893,1994-01-01
216377,893,1985-01-01
226004,893,2004-01-01
1391817,893,1986-01-01
249606,893,1991-01-01
45000,894,2005-01-01
26920,894,2005-01-01
932634,894,2003-01-01
91563,894,2001-01-01
5162,894,2000-01-01
29358,894,2004-01-01
2187,894,2003-01-01
11566,894,1997-01-01
227711,894,2000-01-01
59219,894,2002-01-01
4659,894,1999-01-01
8680,894,2001-01-01
4912,894,2000-01-01
45000,895,2004-01-01
217329,895,1998-01-01
4682558,896,2010-01-01
2454475,896,2009-01-01
297673,896,2008-01-01
11529868,896,2013-01-01
23168277,896,2016-01-01
4682558,897,2010-01-01
2227528,897,2009-01-01
52528,897,2006-01-01
13602426,897,2013-01-01
63837,897,2002-01-01
20893314,897,2015-01-01
761023,898,1985-01-01
2252204,898,2008-01-01
92544,898,1989-01-01
32462,898,1994-01-01
16716,898,1997-01-01
32626,898,1985-01-01
13187824,899,2012-01-01
26114127,899,2017-01-01
20604826,899,2014-01-01
10453085,899,2008-01-01
16158498,899,2013-01-01
21856367,899,2014-01-01
19049001,899,2013-01-01
7776209,899,2010-01-01
3450744,899,2008-01-01
2760915,899,2008-01-01
13132620,899,2012-01-01
25563103,899,2015-01-01
18579774,899,2014-01-01
8760281,899,2010-01-01
15811560,899,2013-01-01
12609433,899,2012-01-01
25541028,899,2015-01-01
34890015,899,2018-01-01
97782,899,2007-01-01
18889246,900,2014-01-01
4893543,900,2007-01-01
18889246,901,2014-01-01
18889290,901,2014-01-01
20613761,902,2016-01-01
20613761,903,2015-01-01
131036,903,2002-01-01
93280,903,2012-01-01
22892956,903,2014-01-01
20613761,904,2014-01-01
805453,904,2003-01-01
20613761,905,2014-01-01
385120,905,1984-01-01
15645,905,1995-01-01
20613761,906,2014-01-01
162900,906,1984-01-01
150222,906,1975-01-01
20613761,907,2014-01-01
618164,907,1959-01-01
76546,907,1992-01-01
76548,907,2006-01-01
237900,907,1959-01-01
90664,907,1963-01-01
574901,907,1958-01-01
60525,907,1974-01-01
682327,907,1983-01-01
20613761,908,2015-01-01
31842429,909,2016-01-01
69681,909,1975-01-01
119537,909,2004-01-01
2931286,909,2000-01-01
60142,909,1964-01-01
529075,909,1992-01-01
53972,909,1967-01-01
31842429,910,2018-01-01
31842429,911,2016-01-01
31842429,912,2018-01-01
31842429,913,2017-01-01
119537,913,2005-01-01
2931286,913,2001-01-01
11023952,913,2012-01-01
420260,913,1978-01-01
402456,914,2008-01-01
9238826,914,2010-01-01
6698199,915,2011-01-01
6698199,916,2011-01-01
6747545,917,2011-01-01
7130616,917,2011-01-01
9402429,917,2011-01-01
9637479,917,2012-01-01
6648020,917,2011-01-01
802151,918,1992-01-01
129619,918,1990-01-01
7311907,919,2010-01-01
6957731,919,2009-01-01
6065179,919,2009-01-01
17876863,919,2006-01-01
6452538,919,2009-01-01
27245484,919,2016-01-01
49436,919,2006-01-01
7311907,920,2010-01-01
7247854,920,2010-01-01
7968243,920,2010-01-01
7494887,920,2010-01-01
7286910,920,2010-01-01
6899530,920,2010-01-01
8664353,920,2010-01-01
7648269,920,2010-01-01
7507825,920,2010-01-01
7054123,920,2010-01-01
8171378,920,2010-01-01
6947702,920,2010-01-01
169354,921,1992-01-01
2761,921,1974-01-01
17910054,921,2015-01-01
368731,921,2003-01-01
62555,921,1979-01-01
8038695,921,2010-01-01
116581,921,1990-01-01
306399,921,1985-01-01
13425592,921,2013-01-01
78,921,1999-01-01
93959,921,2001-01-01
12190368,921,2007-01-01
2741017,921,1986-01-01
224379,921,2004-01-01
15798109,921,2014-01-01
273197,921,2000-01-01
582067,921,1964-01-01
25241317,921,2016-01-01
79929,921,1971-01-01
20809,921,1993-01-01
197287,921,1981-01-01
71984,921,2005-01-01
24113,921,1980-01-01
1842,921,1998-01-01
40779082,921,1963-01-01
7170627,921,2011-01-01
12527,921,1975-01-01
417640,921,1989-01-01
16884,921,1988-01-01
32276,921,1978-01-01
25852784,921,2017-01-01
13707734,921,2012-01-01
780889,922,1994-01-01
11693,922,1990-01-01
24001,922,2004-01-01
1742699,922,2008-01-01
6731958,922,2010-01-01
58384,922,2005-01-01
90601,922,2011-01-01
28634,922,1991-01-01
398323,922,2006-01-01
88442,922,2002-01-01
2536,922,1993-01-01
780889,923,2011-01-01
780889,924,2011-01-01
780889,925,1991-01-01
6652169,925,2007-01-01
12088102,926,2012-01-01
37558445,926,2019-01-01
12088102,927,2012-01-01
23261332,928,2015-01-01
18043539,928,2014-01-01
12969593,929,2013-01-01
22718705,929,2016-01-01
18691014,929,2015-01-01
20518842,929,2015-01-01
20256612,929,2015-01-01
37822650,929,2019-01-01
20821284,929,2015-01-01
22882816,930,2015-01-01
33621427,930,2017-01-01
4701,930,2006-01-01
1271104,930,2007-01-01
37969723,930,2018-01-01
6101138,930,2009-01-01
31117613,930,2017-01-01
2409556,930,2007-01-01
7826803,930,2009-01-01
10746542,930,2011-01-01
6948436,930,2008-01-01
14316,930,2006-01-01
13409664,931,2015-01-01
10194494,931,2013-01-01
13514612,931,2014-01-01
13409664,932,2015-01-01
21936988,932,2016-01-01
35068650,932,2019-01-01
16030663,932,2014-01-01
9817161,932,2000-01-01
15715844,932,2014-01-01
6277972,932,2010-01-01
25944786,932,2017-01-01
2856645,932,2009-01-01
39280444,932,2000-01-01
32075671,932,2018-01-01
13595639,932,2012-01-01
6665671,932,2011-01-01
17297487,932,2014-01-01
23129923,933,2017-01-01
13374,933,2006-01-01
4441294,933,2011-01-01
9329761,933,2003-01-01
8303402,933,2004-01-01
7090627,933,2015-01-01
23316548,933,2009-01-01
5946,933,2002-01-01
22207,933,2007-01-01
17661831,933,2014-01-01
23129923,934,2015-01-01
22642472,934,2015-01-01
20170404,934,2015-01-01
23129923,935,2015-01-01
14280,935,2004-01-01
31685789,935,2010-01-01
23316548,935,2007-01-01
823411,935,2005-01-01
9850443,935,2011-01-01
18339630,935,2014-01-01
27834600,936,2016-01-01
13359067,936,2014-01-01
10808013,936,2012-01-01
14781507,936,2014-01-01
18804857,936,2015-01-01
11837482,936,2012-01-01
30001662,936,2016-01-01
23746004,936,2016-01-01
11448085,936,2013-01-01
6499681,936,2011-01-01
28077464,936,2017-01-01
6388743,936,2011-01-01
35356382,936,2019-01-01
13153950,936,2013-01-01
6464110,936,2011-01-01
11865209,936,2012-01-01
5547840,936,2010-01-01
2573867,936,2010-01-01
36337550,936,2019-01-01
9317452,936,2012-01-01
28187230,936,2017-01-01
8196732,936,2011-01-01
16131077,936,2014-01-01
17557913,936,2015-01-01
10428708,936,2013-01-01
23398806,936,2015-01-01
23310699,937,2017-01-01
18222556,937,2016-01-01
22402972,937,2017-01-01
23310699,938,2016-01-01
29358517,938,2017-01-01
35542217,938,2018-01-01
18383325,938,2015-01-01
18222556,938,2015-01-01
24727081,938,2016-01-01
20894026,938,2015-01-01
40948486,938,2016-01-01
29358517,939,2017-01-01
37811512,939,2019-01-01
827985,939,1998-01-01
842130,939,1992-01-01
47281,939,1989-01-01
91357,939,1988-01-01
191113,940,2005-01-01
490867,940,2006-01-01
191113,941,2004-01-01
191113,942,2006-01-01
191113,943,2005-01-01
500799,943,1997-01-01
37737,943,1993-01-01
595586,943,2002-01-01
966757,943,1989-01-01
1062516,943,2000-01-01
362199,943,1999-01-01
54903,943,2008-01-01
865850,943,2004-01-01
538166,943,2007-01-01
2915,943,1995-01-01
38709,943,2000-01-01
28194,943,2006-01-01
9673436,943,2009-01-01
50,943,1990-01-01
407429,943,1994-01-01
139463,943,1992-01-01
444304,943,2005-01-01
207153,943,1994-01-01
41128030,943,2002-01-01
439173,943,2001-01-01
80674,943,1987-01-01
191113,944,2005-01-01
525995,944,1996-01-01
191113,945,2004-01-01
1062516,945,2001-01-01
191113,946,2009-01-01
19543,946,2009-01-01
773951,946,2010-01-01
46677,946,2010-01-01
29291,946,2009-01-01
475339,946,2010-01-01
191113,947,2013-01-01
595586,947,2013-01-01
58854,948,2004-01-01
6973771,948,2011-01-01
11942639,948,2013-01-01
10593071,948,2012-01-01
2288200,948,2009-01-01
990165,948,2008-01-01
2243610,948,1996-01-01
2288045,948,2009-01-01
285011,948,2001-01-01
6335685,948,2011-01-01
10329439,948,2012-01-01
2180781,948,2009-01-01
946899,948,2007-01-01
947020,948,1997-01-01
97862,948,2004-01-01
9551700,948,2012-01-01
169836,948,2002-01-01
5187,949,1989-01-01
322662,949,1974-01-01
5118462,949,2010-01-01
91440,949,1985-01-01
106931,949,1974-01-01
6287072,950,2009-01-01
6287072,951,2010-01-01
5957313,952,2011-01-01
5957313,953,2011-01-01
38355410,953,2018-01-01
15722284,953,2015-01-01
16130549,953,2013-01-01
34466922,953,2017-01-01
13281368,953,2012-01-01
21412673,953,2014-01-01
43798285,953,2019-01-01
29875363,953,2016-01-01
6782412,954,2009-01-01
201111,955,2007-01-01
8171378,955,2011-01-01
10814693,956,2012-01-01
20821284,956,2015-01-01
7737902,957,2013-01-01
20701984,957,2017-01-01
2294984,957,2011-01-01
17265217,957,2016-01-01
23302416,957,2014-01-01
11387515,957,2014-01-01
4835838,957,2012-01-01
1653655,957,2010-01-01
11653,958,1999-01-01
1136210,958,1995-01-01
1966979,958,1986-01-01
2187,958,2003-01-01
2666,958,1988-01-01
187020,958,2002-01-01
60792,958,1986-01-01
68210,958,2005-01-01
5941033,958,2010-01-01
11761,958,1998-01-01
41193,958,1992-01-01
11437,958,1989-01-01
40961543,958,2008-01-01
95105,958,1990-01-01
33299,958,2007-01-01
248623,958,1991-01-01
23007,958,2004-01-01
27999,958,2000-01-01
452177,959,2007-01-01
452177,960,2008-01-01
452177,961,2008-01-01
1487623,962,2012-01-01
11023952,962,2014-01-01
25740412,963,2020-01-01
27426044,963,2020-01-01
32075671,963,2020-01-01
32571395,963,2020-01-01
31931941,963,2020-01-01
41014903,963,2020-01-01
33830437,963,2020-01-01
33163378,963,2020-01-01
239830,964,1994-01-01
239840,964,1996-01-01
18956,964,1992-01-01
655601,965,2009-01-01
15791085,965,2014-01-01
6096231,965,2010-01-01
7894237,965,2010-01-01
17928198,965,2015-01-01
11235712,965,2012-01-01
13335037,965,2011-01-01
4556058,965,2010-01-01
2802316,965,2011-01-01
561456,965,2009-01-01
6148028,965,2010-01-01
36381037,965,2012-01-01
8490112,965,2012-01-01
8755785,965,2014-01-01
1582996,965,2009-01-01
16101128,965,2013-01-01
17675462,965,2013-01-01
7664041,965,2011-01-01
13206760,965,2013-01-01
27774758,965,2015-01-01
11594257,965,2012-01-01
23395680,965,2016-01-01
28954189,965,2017-01-01
6919272,965,2011-01-01
19549841,965,2015-01-01
12680907,965,2012-01-01
28449207,965,2017-01-01
13618440,965,2014-01-01
16131484,965,2014-01-01
2179276,965,2009-01-01
7640705,965,2011-01-01
30117284,965,2017-01-01
623976,965,2016-01-01
7823592,965,2010-01-01
1035847,966,2009-01-01
69935,967,1988-01-01
103123,967,1989-01-01
25933717,967,1990-01-01
77850,967,1993-01-01
101921,967,1992-01-01
95144,968,1982-01-01
75996,968,1983-01-01
6328,968,1983-01-01
410009,968,1981-01-01
174329,969,1997-01-01
16101018,969,2015-01-01
1004183,969,1983-01-01
267972,969,1989-01-01
357664,969,2002-01-01
407429,969,1995-01-01
207153,969,1994-01-01
7150174,969,2012-01-01
236056,969,1990-01-01
91247,969,1981-01-01
80674,969,1982-01-01
12408149,970,2012-01-01
6987349,970,2010-01-01
18651980,970,2015-01-01
104739,970,1995-01-01
19377118,970,1994-01-01
6853,970,1995-01-01
18045891,970,2007-01-01
9736930,970,2011-01-01
6534,970,1990-01-01
338691,970,2006-01-01
12408149,971,2013-01-01
11100788,971,2012-01-01
1768603,971,2009-01-01
97782,971,2008-01-01
12408149,972,2013-01-01
199636,972,2007-01-01
10920,972,1997-01-01
646195,973,1997-01-01
119322,973,2000-01-01
289681,973,1999-01-01
26348,974,2003-01-01
3024831,974,2009-01-01
26348,975,2003-01-01
15797509,975,2013-01-01
1237300,975,2008-01-01
215758,975,2004-01-01
26348,976,2002-01-01
8862,976,2006-01-01
22121,976,2007-01-01
40604846,976,2010-01-01
542389,976,1999-01-01
226369,976,2004-01-01
22514020,976,2015-01-01
1747896,976,2008-01-01
18803640,976,2014-01-01
26348,977,2002-01-01
91017,977,2004-01-01
13167112,977,2013-01-01
6201,978,1995-01-01
527513,978,1992-01-01
5942,978,2001-01-01
7354,978,1993-01-01
41219,978,1990-01-01
400,978,1989-01-01
19631,978,1999-01-01
823810,979,1961-01-01
8765,980,2007-01-01
148821,980,2001-01-01
9530,980,2005-01-01
1202,980,2006-01-01
110737,980,2002-01-01
25460,980,2008-01-01
7603,980,2004-01-01
24687,980,2003-01-01
2136,981,2006-01-01
16158528,981,2014-01-01
25661187,981,2016-01-01
883235,981,2003-01-01
11326,981,2004-01-01
18143977,981,2015-01-01
8683812,981,2012-01-01
5198,981,1999-01-01
3686,982,2004-01-01
9813838,982,1997-01-01
35059670,982,2010-01-01
10497786,982,2012-01-01
298924,982,2005-01-01
6493208,982,2010-01-01
8171378,982,2011-01-01
17286683,982,2014-01-01
214091,983,2006-01-01
124718,983,1999-01-01
428287,984,1924-01-01
436609,985,1991-01-01
311840,985,2003-01-01
9817161,985,2002-01-01
570633,985,1997-01-01
303948,985,1998-01-01
41865,985,2008-01-01
12232938,985,2005-01-01
39280444,985,2002-01-01
51737,985,2007-01-01
49041,985,2009-01-01
816953,985,2001-01-01
30324,985,2000-01-01
838768,985,1984-01-01
645149,985,2004-01-01
436609,986,1994-01-01
363973,986,1988-01-01
411830,986,1993-01-01
786256,986,1995-01-01
1270615,987,2008-01-01
3197145,987,2008-01-01
15544715,988,2014-01-01
15544715,989,2014-01-01
1756703,989,2009-01-01
8419428,989,2012-01-01
114133,989,2008-01-01
5082599,989,2010-01-01
11235783,989,2013-01-01
73089,989,2006-01-01
18505832,990,2015-01-01
84777,990,2003-01-01
58962,990,1998-01-01
76703,990,2001-01-01
28220985,990,2017-01-01
351648,990,2008-01-01
10305247,990,2013-01-01
498406,990,2009-01-01
6811221,990,2011-01-01
21671,990,2002-01-01
231562,990,2005-01-01
15803059,990,2014-01-01
425123,990,1999-01-01
83136,990,2006-01-01
5556466,990,2010-01-01
10822858,990,2012-01-01
18505832,991,2015-01-01
17349153,992,2013-01-01
15937108,992,2013-01-01
20525628,993,2014-01-01
21530082,993,2014-01-01
477990,994,1983-01-01
8518644,994,1989-01-01
24300,994,1999-01-01
18812101,994,1997-01-01
3636,994,1997-01-01
139463,994,1993-01-01
281235,994,1982-01-01
207153,994,1994-01-01
10065,994,1992-01-01
236056,994,1990-01-01
91247,994,1981-01-01
80674,994,1984-01-01
477990,995,1983-01-01
222525,995,2003-01-01
869906,995,1994-01-01
841868,995,2007-01-01
65149,995,1981-01-01
437993,995,1996-01-01
11235712,995,2016-01-01
24899,995,1988-01-01
962767,995,2004-01-01
12941351,995,2015-01-01
543880,995,2002-01-01
2767052,995,2011-01-01
11870085,995,2015-01-01
13335037,995,2014-01-01
76620,995,1977-01-01
36381037,995,2016-01-01
3236307,995,2012-01-01
7735333,995,2013-01-01
22328546,995,2017-01-01
693208,995,2010-01-01
136782,995,2005-01-01
25614492,995,2018-01-01
201114,995,2009-01-01
1048645,995,2008-01-01
139418,995,1993-01-01
92717,995,1986-01-01
838768,995,1984-01-01
51740,995,1997-01-01
71784,996,2000-01-01
21539471,996,2015-01-01
49838,997,1980-01-01
15670,997,1989-01-01
968902,997,1973-01-01
100369,997,1976-01-01
263021,997,1979-01-01
882885,997,1976-01-01
22875,997,1983-01-01
404223,997,1981-01-01
102267,997,1978-01-01
13651,997,1975-01-01
139986,997,1981-01-01
59924,997,1972-01-01
218427,997,1978-01-01
28553,997,1980-01-01
60929,997,1989-01-01
49838,998,1979-01-01
10329434,999,2012-01-01
593038,999,2007-01-01
6973771,999,2011-01-01
4437054,999,2009-01-01
417807,999,2002-01-01
359759,999,2005-01-01
593039,999,2008-01-01
23411536,999,2016-01-01
6687173,999,2011-01-01
289645,999,2002-01-01
2180781,999,2009-01-01
8125734,999,2012-01-01
11115191,999,2012-01-01
6609581,999,2010-01-01
359463,999,2000-01-01
216213,1000,2003-01-01
125965,1000,2006-01-01
301727,1000,1997-01-01
331010,1000,1989-01-01
12232938,1000,2002-01-01
153025,1000,2007-01-01
656836,1001,2007-01-01
35368,1001,2002-01-01
1208792,1001,1998-01-01
1032696,1001,2004-01-01
132606,1001,2006-01-01
226197,1001,2000-01-01
264339,1001,1998-01-01
16457571,1001,2001-01-01
213026,1001,2006-01-01
816663,1001,1999-01-01
861326,1001,2001-01-01
110384,1001,2003-01-01
9741685,1002,2012-01-01
17305016,1003,2015-01-01
22567184,1003,2017-01-01
1057502,1003,2005-01-01
8058609,1003,2011-01-01
13923,1003,2006-01-01
13542560,1004,2012-01-01
13928,1004,1999-01-01
746255,1005,1992-01-01
2615008,1006,2009-01-01
19102837,1006,2015-01-01
13392817,1006,2013-01-01
7855,1006,2009-01-01
7905092,1006,2013-01-01
10746542,1006,2013-01-01
2113260,1006,2011-01-01
20342617,1006,2015-01-01
17934530,1006,2015-01-01
2124206,1007,2008-01-01
17165924,1007,2014-01-01
1743390,1007,2008-01-01
830364,1008,1964-01-01
296384,1008,1969-01-01
18553,1008,1970-01-01
27298,1009,2003-01-01
899856,1009,1984-01-01
96702,1009,2005-01-01
165422,1009,1985-01-01
101172,1009,1994-01-01
400148,1009,1993-01-01
962767,1009,2000-01-01
409014,1009,1993-01-01
576379,1009,1979-01-01
122311,1009,1988-01-01
905474,1009,1982-01-01
1845,1009,1997-01-01
397483,1009,2004-01-01
40651883,1009,1993-01-01
77163,1009,1995-01-01
7572,1009,1977-01-01
9570,1009,1972-01-01
112,1009,1977-01-01
87985,1009,1992-01-01
11449,1009,1984-01-01
15654,1009,1981-01-01
52873,1009,1994-01-01
49746,1009,2002-01-01
7066544,1009,1994-01-01
7695,1009,1978-01-01
71847,1009,2004-01-01
8860297,1010,2011-01-01
51029,1010,2007-01-01
101648,1010,1957-01-01
7096,1010,1962-01-01
6572270,1011,2011-01-01
6572270,1012,2012-01-01
308060,1012,1999-01-01
9470575,1012,2008-01-01
59659,1012,1994-01-01
244254,1012,1995-01-01
26240132,1012,1998-01-01
357486,1012,1998-01-01
318335,1012,1997-01-01
6572270,1013,2012-01-01
6905480,1013,2011-01-01
19161806,1013,2011-01-01
982310,1014,1975-01-01
6523443,1015,2010-01-01
4374400,1015,2009-01-01
9673436,1015,2007-01-01
481743,1016,1984-01-01
1092572,1016,1987-01-01
27712,1016,1980-01-01
244572,1016,1979-01-01
27719,1016,1989-01-01
6468870,1017,2014-01-01
7613,1017,1996-01-01
70720,1017,2019-01-01
191292,1017,2019-01-01
170448,1017,1996-01-01
157993,1017,2019-01-01
64394,1018,2011-01-01
129131,1019,2011-01-01
13501217,1019,2017-01-01
223380,1019,2007-01-01
13065,1020,1994-01-01
1700436,1020,2005-01-01
6238661,1020,2015-01-01
106808,1020,2001-01-01
176378,1020,2008-01-01
57727,1020,1992-01-01
206236,1020,2011-01-01
21704,1020,1989-01-01
368250,1020,2003-01-01
13065,1021,1992-01-01
209390,1022,2006-01-01
23019029,1022,2014-01-01
24012054,1022,2015-01-01
11548898,1022,2011-01-01
96509,1022,2006-01-01
15997131,1022,2011-01-01
23783156,1022,2015-01-01
297842,1022,2006-01-01
734191,1023,2008-01-01
143730,1023,1999-01-01
1215919,1023,2008-01-01
23282635,1023,2015-01-01
12352225,1023,1996-01-01
462685,1023,2007-01-01
7826101,1023,2011-01-01
156565,1024,2008-01-01
693016,1024,2008-01-01
8563824,1024,2012-01-01
11725779,1024,2013-01-01
5554803,1024,2011-01-01
1814637,1024,1995-01-01
3275890,1024,2009-01-01
97781,1024,2008-01-01
17290655,1024,2014-01-01
2948832,1024,2009-01-01
6957682,1024,2011-01-01
20701984,1025,2016-01-01
22037424,1025,2001-01-01
28143415,1025,2001-01-01
5,1025,2001-01-01
37190,1025,2005-01-01
16054808,1025,2015-01-01
20701984,1026,2015-01-01
20701984,1027,2015-01-01
22098550,1027,2017-01-01
215693,1027,1998-01-01
23302416,1027,2013-01-01
11387515,1027,2013-01-01
310146,1027,1991-01-01
89763,1027,2001-01-01
20912424,1027,2016-01-01
556136,1027,2008-01-01
6202556,1027,2010-01-01
100476,1027,2005-01-01
20701984,1028,2017-01-01
12823835,1028,2016-01-01
23302416,1028,2014-01-01
11387515,1028,2014-01-01
6609765,1028,2013-01-01
11594337,1028,2015-01-01
27414384,1028,2019-01-01
20701984,1029,2014-01-01
20701984,1030,2016-01-01
23302416,1030,2014-01-01
11387515,1030,2014-01-01
16054808,1030,2015-01-01
839077,1031,1995-01-01
659759,1031,2008-01-01
285740,1031,1999-01-01
595586,1031,2002-01-01
1703186,1031,2010-01-01
839077,1032,1996-01-01
1703186,1032,2011-01-01
1062516,1032,2001-01-01
744786,1032,2004-01-01
857445,1032,1997-01-01
474858,1032,2002-01-01
15774784,1033,2007-01-01
6320247,1034,2010-01-01
38485496,1034,2019-01-01
60364,1035,2001-01-01
1663,1035,2000-01-01
60364,1036,2004-01-01
3710,1036,2003-01-01
76507,1036,1997-01-01
15836,1036,1998-01-01
88442,1036,2002-01-01
22822928,1037,2016-01-01
2043100,1037,2008-01-01
27558677,1037,2016-01-01
69416,1037,2011-01-01
6375048,1037,2010-01-01
13153963,1037,2013-01-01
92625,1038,1974-01-01
216185,1038,1969-01-01
415459,1038,1968-01-01
22567184,1039,2016-01-01
10852343,1039,2012-01-01
6765788,1039,2009-01-01
6690630,1039,2009-01-01
7094635,1039,2010-01-01
22567177,1039,2015-01-01
15993203,1039,2015-01-01
2917816,1039,2008-01-01
6278019,1039,2010-01-01
186669,1039,2004-01-01
17412749,1040,2014-01-01
22552026,1041,2018-01-01
638689,1041,2009-01-01
28954126,1041,2017-01-01
18222556,1041,2015-01-01
18885674,1041,2015-01-01
17720974,1041,2015-01-01
39988,1041,2014-01-01
136251,1041,2008-01-01
295,1041,2008-01-01
15745753,1041,2014-01-01
20758104,1041,2011-01-01
6567017,1041,2011-01-01
10626594,1041,2012-01-01
284440,1041,2008-01-01
2855034,1041,2009-01-01
28149981,1041,2011-01-01
295649,1041,2008-01-01
9165406,1041,2012-01-01
19351043,1041,2017-01-01
9307674,1041,2013-01-01
34128219,1041,2018-01-01
295650,1041,2010-01-01
295654,1041,2009-01-01
22749539,1041,2016-01-01
33294200,1041,2019-01-01
22552026,1042,2018-01-01
40726583,1042,2017-01-01
393715,1042,2004-01-01
22596008,1042,2009-01-01
5323360,1042,2010-01-01
75641,1042,2006-01-01
6442769,1042,2009-01-01
11925514,1042,2013-01-01
34810320,1042,2019-01-01
11088150,1042,2014-01-01
22552026,1043,2019-01-01
22552026,1044,2018-01-01
28814866,1044,2016-01-01
32075671,1044,2018-01-01
22552026,1045,2018-01-01
32075671,1045,2018-01-01
38720939,1045,2019-01-01
25733983,1046,2017-01-01
17910054,1046,2015-01-01
31170723,1046,2018-01-01
26195972,1046,2017-01-01
22822881,1046,2016-01-01
25733983,1047,2017-01-01
9256545,1047,2010-01-01
35059670,1047,2011-01-01
22163,1047,2008-01-01
6493208,1047,2011-01-01
13586891,1048,2014-01-01
172691,1049,1999-01-01
238127,1049,2001-01-01
213975,1049,2000-01-01
238140,1049,2002-01-01
238125,1049,1998-01-01
172691,1050,1999-01-01
148780,1051,2005-01-01
267869,1052,2008-01-01
267869,1053,2007-01-01
6428155,1053,1988-01-01
923993,1053,2007-01-01
105490,1053,1994-01-01
229132,1053,2005-01-01
6853,1053,1994-01-01
954303,1054,2006-01-01
1881621,1054,2008-01-01
4580,1055,1990-01-01
149403,1055,1985-01-01
16204601,1055,2006-01-01
885349,1055,1993-01-01
876034,1055,1995-01-01
842130,1055,2012-01-01
6294,1055,2006-01-01
84981,1055,1995-01-01
439173,1055,2016-01-01
48974,1055,1997-01-01
10105459,1056,2011-01-01
11115434,1057,2015-01-01
2498668,1057,2010-01-01
6376527,1057,2011-01-01
17346698,1057,2016-01-01
554165,1057,2008-01-01
22597784,1057,2007-01-01
12941351,1057,2013-01-01
11870085,1057,2013-01-01
99561,1057,2006-01-01
49750,1057,2007-01-01
35504431,1057,2020-01-01
26836910,1057,2018-01-01
176332,1058,2007-01-01
278280,1058,2011-01-01
781124,1058,2006-01-01
45110,1058,2007-01-01
23208397,1058,2019-01-01
24860071,1058,2015-01-01
40651883,1058,1997-01-01
40604556,1058,2008-01-01
910863,1058,2008-01-01
6347824,1058,2014-01-01
13490570,1059,2013-01-01
2202230,1059,2009-01-01
17131869,1059,2014-01-01
2637138,1059,2009-01-01
29237221,1059,2019-01-01
38812872,1059,2019-01-01
19536001,1059,2015-01-01
35989512,1059,2019-01-01
133765,1059,2009-01-01
19358975,1059,2015-01-01
13490570,1060,2013-01-01
13490570,1061,2012-01-01
11389398,1061,2012-01-01
12033364,1061,2012-01-01
13227874,1061,2012-01-01
13513205,1061,2012-01-01
15704307,1061,2012-01-01
13223349,1061,2012-01-01
13226173,1061,2012-01-01
13490570,1062,2012-01-01
144758,1063,2004-01-01
7798222,1063,2011-01-01
25154582,1063,2016-01-01
1793400,1063,2008-01-01
105687,1064,2000-01-01
4989,1064,1998-01-01
532069,1065,1996-01-01
532069,1066,1997-01-01
532069,1067,1995-01-01
532069,1068,1995-01-01
217008,1068,2006-01-01
169762,1068,2006-01-01
9817161,1068,2000-01-01
16204601,1068,1987-01-01
201126,1068,1990-01-01
76620,1068,1975-01-01
6294,1068,1987-01-01
39280444,1068,2000-01-01
6604794,1068,2010-01-01
8282,1068,1940-01-01
8248,1068,1939-01-01
532069,1069,1995-01-01
138069,1069,2002-01-01
1214442,1069,1977-01-01
803982,1069,1990-01-01
285672,1069,1988-01-01
48481,1069,1993-01-01
490867,1069,2005-01-01
92762,1070,1980-01-01
382419,1070,1979-01-01
404223,1070,1981-01-01
30165203,1070,2002-01-01
233667,1070,1981-01-01
12013,1070,1997-01-01
923404,1071,2015-01-01
3134981,1072,2008-01-01
105703,1072,2006-01-01
10138607,1072,2011-01-01
18659623,1072,2014-01-01
165818,1073,2001-01-01
423797,1073,2005-01-01
542953,1074,1983-01-01
124918,1074,1968-01-01
252669,1074,1991-01-01
20663749,1074,2014-01-01
647683,1074,1992-01-01
33626292,1074,1968-01-01
551932,1074,1964-01-01
764061,1074,1971-01-01
33300,1074,1985-01-01
76986,1074,1984-01-01
6759304,1074,2010-01-01
45916638,1074,2007-01-01
895295,1074,1987-01-01
45632,1074,2000-01-01
13079982,1074,1953-01-01
128029,1074,2007-01-01
40873273,1074,2005-01-01
321552,1074,1961-01-01
163977,1074,1935-01-01
58438,1074,1964-01-01
7682,1074,1975-01-01
2479730,1074,1951-01-01
11464,1074,2003-01-01
31352,1075,1981-01-01
2468062,1076,2016-01-01
5932370,1077,2006-01-01
950018,1078,2008-01-01
5024334,1078,2010-01-01
7863423,1078,2011-01-01
87424,1079,1986-01-01
17846011,1080,2014-01-01
16101018,1080,2013-01-01
40864492,1080,2019-01-01
23310161,1080,2015-01-01
13546400,1080,2012-01-01
17679520,1080,2010-01-01
69006,1081,1996-01-01
16101018,1082,2016-01-01
16101018,1083,2015-01-01
16101018,1084,2015-01-01
595586,1084,2001-01-01
216048,1084,2000-01-01
16101018,1085,2014-01-01
16101018,1086,2015-01-01
16101018,1087,2015-01-01
20821299,1087,2017-01-01
16101018,1088,2014-01-01
20561916,1089,2015-01-01
21795840,1089,2015-01-01
24694092,1090,2013-01-01
24694092,1091,2016-01-01
24694092,1092,2013-01-01
43352954,1093,2020-01-01
43190272,1093,2020-01-01
30038654,1093,2018-01-01
25667918,1093,2016-01-01
276767,1093,1973-01-01
43352954,1094,2019-01-01
43352954,1095,2020-01-01
43352954,1096,2019-01-01
297186,1097,2000-01-01
84777,1097,2003-01-01
207984,1097,2006-01-01
6449551,1097,2010-01-01
11093329,1097,2012-01-01
58962,1097,1998-01-01
7093952,1097,2011-01-01
1590979,1097,2009-01-01
60279,1097,2007-01-01
38030,1097,2003-01-01
492050,1097,2007-01-01
2277378,1097,2009-01-01
120218,1097,2005-01-01
7200466,1097,2011-01-01
498406,1097,2009-01-01
6606456,1097,2011-01-01
246279,1097,2002-01-01
86447,1097,1999-01-01
21671,1097,2002-01-01
43933,1097,2002-01-01
17231,1097,2005-01-01
7194,1097,1998-01-01
206236,1097,2006-01-01
220968,1097,2006-01-01
32255,1097,2006-01-01
102113,1097,2001-01-01
3522419,1097,2010-01-01
10680329,1097,2012-01-01
297186,1098,2000-01-01
5704478,1098,2010-01-01
6690236,1098,2011-01-01
425123,1098,1999-01-01
825377,1099,2003-01-01
490867,1099,2004-01-01
57981,1100,1992-01-01
546170,1100,1995-01-01
26539950,1100,2016-01-01
77959,1100,1983-01-01
2741017,1100,1986-01-01
77538,1100,1982-01-01
669859,1100,1981-01-01
1869,1100,2001-01-01
11468377,1100,2011-01-01
12609,1100,1997-01-01
117047,1100,1987-01-01
26889576,1100,2010-01-01
11472,1100,1998-01-01
6512154,1100,2009-01-01
543103,1100,2004-01-01
4950,1101,2006-01-01
52877,1101,2000-01-01
478246,1101,2006-01-01
7793671,1101,2002-01-01
65285,1101,2001-01-01
95186,1101,2007-01-01
35306,1101,2002-01-01
18723,1101,2004-01-01
4950,1102,2004-01-01
50366,1102,1999-01-01
1330324,1102,2008-01-01
40090,1102,2006-01-01
4830,1102,2005-01-01
1567544,1103,2007-01-01
12449486,1103,2011-01-01
13409405,1104,2013-01-01
1240662,1104,2009-01-01
9637479,1104,2012-01-01
10790516,1104,2013-01-01
13409405,1105,2012-01-01
1112404,1106,2008-01-01
10337453,1107,2012-01-01
6973755,1107,2011-01-01
3546298,1107,2009-01-01
968296,1107,2006-01-01
12970296,1107,2013-01-01
10337453,1108,2012-01-01
26214866,1108,2017-01-01
437627,1108,2008-01-01
4201106,1109,2009-01-01
2277378,1109,2008-01-01
18007532,1110,2014-01-01
18594594,1110,2015-01-01
18189462,1110,2013-01-01
6811221,1110,2011-01-01
18045891,1110,2007-01-01
2161733,1110,2008-01-01
23602561,1110,2016-01-01
5556466,1110,2009-01-01
18007532,1111,2014-01-01
6101138,1111,2010-01-01
10266875,1111,2012-01-01
7826803,1111,2010-01-01
12031532,1111,2013-01-01
226113,1112,2008-01-01
226113,1113,2008-01-01
51741,1113,2006-01-01
280352,1114,2000-01-01
1531433,1115,2004-01-01
16878,1116,1986-01-01
3559,1116,1989-01-01
164434,1116,1960-01-01
891922,1116,1954-01-01
13932,1116,2001-01-01
88868,1116,1993-01-01
298924,1116,2004-01-01
767171,1116,1961-01-01
341879,1116,2010-01-01
25489625,1116,2015-01-01
7815,1116,2005-01-01
17780,1116,2000-01-01
72223,1116,2006-01-01
86525,1116,2002-01-01
417640,1116,1988-01-01
16884,1116,1987-01-01
16878,1117,1987-01-01
16878,1118,1986-01-01
56140,1118,1986-01-01
17910054,1118,2014-01-01
151740,1118,2006-01-01
248787,1118,2007-01-01
784848,1118,1996-01-01
129911,1118,1980-01-01
52142,1118,2005-01-01
20696430,1118,2014-01-01
129215,1118,1976-01-01
385255,1118,2003-01-01
6713108,1118,1984-01-01
27502,1118,2002-01-01
242383,1118,1992-01-01
13153693,1118,2015-01-01
28789711,1118,2015-01-01
440417,1118,1993-01-01
170505,1118,2002-01-01
224379,1118,2003-01-01
161121,1118,1994-01-01
273197,1118,1999-01-01
835589,1118,1995-01-01
2004115,1118,1985-01-01
484028,1118,1990-01-01
25078,1118,1991-01-01
77538,1118,1982-01-01
132913,1118,1988-01-01
17675,1118,2005-01-01
546018,1118,1976-01-01
1898,1118,1997-01-01
110737,1118,2001-01-01
3109,1118,2006-01-01
24113,1118,1979-01-01
568236,1118,1978-01-01
586472,1118,1979-01-01
7170627,1118,2010-01-01
40604846,1118,2010-01-01
4339,1118,1977-01-01
40961621,1118,1998-01-01
7648269,1118,2010-01-01
25019,1118,1998-01-01
35100,1118,1988-01-01
18736925,1118,2014-01-01
417640,1118,1988-01-01
32276,1118,1977-01-01
421,1118,1979-01-01
79,1118,1977-01-01
764165,1118,1978-01-01
835623,1118,1997-01-01
28212,1118,1987-01-01
2372,1118,1977-01-01
6282334,1118,2009-01-01
15791085,1119,2016-01-01
28686887,1119,2016-01-01
9264113,1119,2015-01-01
11958033,1119,2015-01-01
18079501,1119,2016-01-01
15791459,1119,2016-01-01
13221769,1119,2015-01-01
9969571,1119,2015-01-01
15745753,1119,2015-01-01
18007564,1119,2016-01-01
16101128,1119,2015-01-01
13262783,1119,2015-01-01
9565548,1119,2015-01-01
17182126,1119,2016-01-01
16158542,1119,2016-01-01
11861815,1119,2016-01-01
12813630,1119,2015-01-01
10836728,1119,2016-01-01
17297487,1119,2016-01-01
15793231,1119,2016-01-01
11797365,1119,2015-01-01
49741,1120,1961-01-01
335140,1120,1968-01-01
321578,1120,2001-01-01
6277227,1120,2010-01-01
77837,1120,1982-01-01
1357658,1120,2006-01-01
16057621,1120,2014-01-01
67724,1120,1984-01-01
839157,1120,2004-01-01
3526,1120,1976-01-01
7652728,1120,2009-01-01
18828,1120,1974-01-01
19494,1120,1964-01-01
144800,1120,2008-01-01
3679,1120,2006-01-01
395182,1120,1955-01-01
72929,1120,2000-01-01
103345,1120,2003-01-01
828387,1121,2005-01-01
287022,1121,2002-01-01
7140754,1121,2010-01-01
11711,1121,2003-01-01
8785374,1121,2012-01-01
27001,1121,2004-01-01
41038,1121,2001-01-01
828387,1122,2005-01-01
770051,1123,2001-01-01
96128,1123,2005-01-01
770051,1124,2000-01-01
37190,1124,2003-01-01
5582295,1125,2009-01-01
6493321,1125,2009-01-01
4070095,1125,2009-01-01
6939939,1126,2010-01-01
20439328,1126,2014-01-01
10116927,1126,2011-01-01
15790842,1126,2013-01-01
4954833,1126,2009-01-01
13507212,1126,2012-01-01
3419808,1126,2008-01-01
3722183,1126,2015-01-01
41057294,1126,2018-01-01
60930,1127,1985-01-01
60930,1128,1984-01-01
455947,1128,1974-01-01
6533485,1128,2002-01-01
60930,1129,1985-01-01
60930,1130,1985-01-01
1333320,1131,2008-01-01
1197929,1131,2009-01-01
1700436,1131,2005-01-01
2714797,1131,2009-01-01
37040,1131,2006-01-01
205650,1131,2006-01-01
989584,1131,2009-01-01
221679,1131,2008-01-01
28184,1131,2008-01-01
964750,1131,2009-01-01
1640421,1131,2005-01-01
538611,1131,2005-01-01
46614,1131,2005-01-01
46465,1131,2008-01-01
108942,1131,2009-01-01
138684,1131,2008-01-01
10082035,1132,2012-01-01
372490,1133,2001-01-01
18169712,1133,2014-01-01
30257957,1133,2018-01-01
173233,1133,2005-01-01
2475251,1133,2009-01-01
40940157,1134,2012-01-01
776137,1134,2005-01-01
25810398,1134,2017-01-01
883235,1134,2003-01-01
4291946,1134,2010-01-01
256566,1134,2003-01-01
24800,1134,2001-01-01
1155314,1134,2008-01-01
413177,1134,2006-01-01
8380409,1134,2011-01-01
40940157,1135,2012-01-01
22822858,1135,2016-01-01
15796700,1135,2014-01-01
13503109,1135,2013-01-01
13602426,1135,2013-01-01
28390369,1135,2017-01-01
23719469,1136,2016-01-01
34649348,1136,2018-01-01
19549841,1136,2013-01-01
23719469,1137,2016-01-01
23719469,1138,2015-01-01
23719469,1139,2016-01-01
20980680,1140,2015-01-01
23601046,1141,2015-01-01
10235919,1141,2011-01-01
30748899,1141,2018-01-01
206662,1141,2005-01-01
6993091,1141,2010-01-01
17707092,1141,2012-01-01
62992,1141,1995-01-01
334176,1141,1997-01-01
4703581,1141,2009-01-01
17333324,1141,2013-01-01
60211,1141,1981-01-01
12013,1141,1996-01-01
89185,1141,2001-01-01
41069,1141,1969-01-01
20706284,1141,2014-01-01
18464362,1142,2016-01-01
32075842,1142,2018-01-01
60510,1142,2006-01-01
77197,1142,1996-01-01
28876,1142,2007-01-01
6597651,1142,2010-01-01
35068705,1142,2019-01-01
96278,1142,1989-01-01
18464362,1143,2015-01-01
136251,1143,2007-01-01
34728667,1143,2018-01-01
9591398,1143,2009-01-01
266607,1143,2005-01-01
7576115,1143,2010-01-01
18464362,1144,2016-01-01
23346335,1145,2016-01-01
17562900,1145,2015-01-01
12678461,1145,2013-01-01
81075,1145,2005-01-01
7894642,1145,2011-01-01
126487,1145,2006-01-01
878037,1145,2008-01-01
6587387,1145,2011-01-01
45100,1145,1999-01-01
9378297,1145,2012-01-01
2845024,1145,2009-01-01
7165300,1145,2011-01-01
45101,1145,2000-01-01
5292853,1145,2010-01-01
12499290,1145,2013-01-01
8087906,1145,2012-01-01
9634967,1145,2012-01-01
60925,1145,2006-01-01
22447885,1146,2014-01-01
22447885,1147,2015-01-01
22447885,1148,2014-01-01
18480662,1148,2013-01-01
3526951,1148,2003-01-01
2501458,1148,1998-01-01
3243517,1148,1997-01-01
4676249,1148,1996-01-01
35724645,1149,2015-01-01
35724645,1150,2015-01-01
22718705,1151,2016-01-01
71241,1151,2007-01-01
18691014,1151,2015-01-01
20821284,1151,2015-01-01
22718705,1152,2015-01-01
6393631,1152,2010-01-01
20821284,1152,2015-01-01
35575184,1153,2018-01-01
6925670,1153,2009-01-01
68093,1154,2000-01-01
150447,1154,2001-01-01
6854,1154,1997-01-01
7877549,1155,2012-01-01
5231173,1155,2012-01-01
291112,1156,2003-01-01
4277998,1157,1994-01-01
1900124,1158,2011-01-01
8526585,1158,2012-01-01
3284192,1158,2013-01-01
28748,1158,2005-01-01
554165,1158,2009-01-01
47778,1158,2005-01-01
8088579,1158,2008-01-01
20575434,1158,2016-01-01
9673436,1158,2009-01-01
37190,1158,2005-01-01
6690,1158,1978-01-01
23267873,1159,2017-01-01
40651862,1159,2012-01-01
1004096,1159,1997-01-01
331010,1159,1990-01-01
8970727,1159,1993-01-01
30236962,1159,2006-01-01
110494,1159,2003-01-01
15729539,1159,2014-01-01
6065215,1159,2010-01-01
34541,1159,2000-01-01
17253180,1160,2014-01-01
22555161,1160,2015-01-01
19246471,1161,2014-01-01
19246471,1162,2015-01-01
16128925,1162,2015-01-01
30731416,1163,2017-01-01
36443315,1164,2019-01-01
448873,1164,2011-01-01
40158,1164,2011-01-01
6527841,1164,2011-01-01
6063110,1165,2009-01-01
177076,1165,2006-01-01
13069261,1165,2012-01-01
10277268,1165,2011-01-01
13759,1166,2006-01-01
2828595,1166,2009-01-01
6657648,1166,2011-01-01
20980648,1166,2015-01-01
21066604,1166,2016-01-01
764861,1166,2008-01-01
7507944,1166,2012-01-01
8884616,1166,2013-01-01
47618,1166,2007-01-01
136251,1166,2008-01-01
1,1166,2006-01-01
8490112,1166,2012-01-01
28195,1166,2006-01-01
17347389,1166,2014-01-01
20758103,1166,2010-01-01
248484,1166,2008-01-01
59264,1166,2006-01-01
2986865,1166,2009-01-01
17378508,1166,2015-01-01
2855034,1166,2009-01-01
40642172,1166,2017-01-01
21414439,1166,2017-01-01
24767,1166,2006-01-01
266607,1166,2006-01-01
283494,1166,2008-01-01
34128219,1166,2018-01-01
9918083,1166,2012-01-01
428036,1166,2006-01-01
31944679,1166,2018-01-01
20662728,1166,2015-01-01
295107,1166,2006-01-01
219110,1166,2007-01-01
593031,1167,2007-01-01
17204568,1167,2013-01-01
221432,1167,2001-01-01
528468,1167,2008-01-01
825828,1167,2004-01-01
60510,1167,2006-01-01
12294652,1167,2013-01-01
12104686,1167,2013-01-01
6973772,1167,2011-01-01
329957,1168,2009-01-01
112286,1168,2011-01-01
409,1168,2010-01-01
15817031,1169,2014-01-01
15817031,1170,2015-01-01
15817031,1171,2015-01-01
4417012,1171,2010-01-01
10806008,1171,2013-01-01
1653655,1171,2009-01-01
6692041,1172,2010-01-01
28637,1172,2013-01-01
6642715,1172,2017-01-01
46201,1173,1984-01-01
167425,1173,2001-01-01
53111,1173,2001-01-01
1715,1173,2004-01-01
3049,1173,2003-01-01
46201,1174,2013-01-01
22609391,1175,2016-01-01
31409135,1176,2017-01-01
12722468,1176,2012-01-01
11084145,1176,2011-01-01
22551730,1176,2015-01-01
2498668,1177,2008-01-01
84777,1178,2003-01-01
234336,1178,2002-01-01
455941,1178,2004-01-01
6973755,1179,2011-01-01
20706852,1179,2015-01-01
588066,1180,1999-01-01
763426,1180,1950-01-01
139864,1180,1972-01-01
71642,1180,1992-01-01
385580,1180,1960-01-01
150222,1180,1976-01-01
37966527,1180,1956-01-01
130810,1180,1974-01-01
75504,1180,1955-01-01
287022,1181,2002-01-01
2016758,1181,1997-01-01
127630,1181,2005-01-01
12781,1181,1988-01-01
9865,1181,1995-01-01
13538702,1182,2013-01-01
551094,1182,2013-01-01
7336615,1183,2009-01-01
25314522,1183,2015-01-01
6856867,1183,2009-01-01
7914611,1184,1979-01-01
1428609,1184,1986-01-01
6065266,1184,1985-01-01
22020598,1185,2018-01-01
2202230,1186,2008-01-01
156532,1186,2008-01-01
593038,1187,2007-01-01
417807,1187,2002-01-01
4546386,1187,2010-01-01
13511369,1187,2013-01-01
46601,1187,1995-01-01
95621,1187,1996-01-01
73297,1187,1997-01-01
359463,1187,2000-01-01
7090193,1188,2010-01-01
404857,1188,2007-01-01
10464963,1189,2011-01-01
8258519,1189,2009-01-01
3181953,1189,2008-01-01
15781726,1190,2014-01-01
21795840,1190,2015-01-01
335140,1191,1967-01-01
335140,1192,1966-01-01
15730340,1193,2014-01-01
18950867,1193,2014-01-01
15730340,1194,2014-01-01
15730340,1195,2013-01-01
9792287,1195,2011-01-01
136760,1196,2001-01-01
17131869,1197,2014-01-01
19358975,1197,2014-01-01
17131869,1198,2014-01-01
2099048,1199,2011-01-01
17910054,1200,2015-01-01
17910054,1201,2014-01-01
23995249,1201,2015-01-01
20342617,1201,2014-01-01
18736925,1201,2014-01-01
18803640,1201,2015-01-01
43982054,1202,2020-01-01
35074096,1202,2020-01-01
43982054,1203,2019-01-01
4143,1204,1995-01-01
6420553,1205,2010-01-01
5139218,1206,2012-01-01
5139218,1207,2009-01-01
6908412,1208,2011-01-01
7200982,1208,2011-01-01
10131648,1209,2011-01-01
56912,1209,2006-01-01
3359595,1209,2008-01-01
11515328,1210,2013-01-01
15729392,1211,2013-01-01
15729392,1212,2013-01-01
25091498,1212,2015-01-01
12554628,1212,2011-01-01
1720440,1213,1987-01-01
23270216,1214,2017-01-01
23615684,1214,2017-01-01
24885878,1214,2017-01-01
16158542,1214,2017-01-01
24396876,1214,2017-01-01
32920226,1215,2018-01-01
25810398,1215,2017-01-01
6150,1215,1949-01-01
18749,1215,2007-01-01
18428067,1215,2014-01-01
36692478,1215,2019-01-01
27326,1215,1951-01-01
20893314,1215,2015-01-01
13366259,1215,2013-01-01
7907782,1215,2011-01-01
32920226,1216,2017-01-01
24042913,1216,2015-01-01
7763,1216,1989-01-01
7905092,1216,2010-01-01
33590210,1216,2018-01-01
28390369,1216,2016-01-01
32920226,1217,2018-01-01
10846336,1217,2012-01-01
13320466,1217,2013-01-01
6751356,1217,2011-01-01
39298122,1217,2005-01-01
6488057,1217,2010-01-01
84553,1217,2005-01-01
23316548,1217,2008-01-01
18749,1217,2007-01-01
57485,1217,2007-01-01
28390369,1217,2017-01-01
15852479,1217,2014-01-01
32920226,1218,2018-01-01
34273236,1218,2018-01-01
51704136,1218,2018-01-01
33590210,1218,2019-01-01
32920226,1219,2017-01-01
29430012,1219,2016-01-01
33160963,1219,2017-01-01
33574161,1219,2017-01-01
34273236,1219,2017-01-01
32620332,1219,2017-01-01
25899336,1219,2016-01-01
27833670,1219,2016-01-01
34066798,1219,2016-01-01
51704136,1219,2017-01-01
28187230,1219,2016-01-01
32920226,1220,2018-01-01
38330854,1221,2018-01-01
26893819,1221,2016-01-01
34091380,1221,2017-01-01
29569206,1221,2018-01-01
38330854,1222,2017-01-01
38330854,1223,2017-01-01
8144743,1224,2010-01-01
6218007,1225,2008-01-01
1102322,1226,2002-01-01
10697608,1226,2003-01-01
34649348,1226,2018-01-01
15797509,1226,2015-01-01
33311863,1226,2018-01-01
11076123,1226,2014-01-01
7984373,1226,2014-01-01
4214,1226,2003-01-01
38447,1226,2002-01-01
5211,1226,2002-01-01
6080337,1226,2014-01-01
9308103,1227,2011-01-01
36372914,1227,2018-01-01
41456850,1227,2019-01-01
6951263,1227,2010-01-01
4626738,1227,2007-01-01
1086389,1227,2006-01-01
744033,1227,2006-01-01
88388,1227,2002-01-01
7046916,1227,2006-01-01
9308103,1228,2012-01-01
9308103,1229,2011-01-01
15811505,1230,2014-01-01
18467818,1230,2015-01-01
2320230,1230,2015-01-01
18114449,1230,2015-01-01
768496,1231,1986-01-01
8518644,1232,1987-01-01
37737,1232,1992-01-01
122904,1232,1991-01-01
310146,1232,1993-01-01
281235,1232,1983-01-01
80674,1232,1984-01-01
47619,1233,2006-01-01
9433912,1233,2012-01-01
13101761,1233,2013-01-01
7094635,1233,2011-01-01
24770,1233,2006-01-01
493456,1233,2008-01-01
28251,1233,2004-01-01
334643,1233,2004-01-01
6050678,1233,2010-01-01
186103,1233,2006-01-01
24767,1233,2006-01-01
24885636,1233,2016-01-01
20662728,1233,2015-01-01
47619,1234,2005-01-01
595405,1235,1999-01-01
11664488,1235,1997-01-01
742772,1235,2008-01-01
20939738,1235,2008-01-01
19063,1235,2008-01-01
1618,1235,2004-01-01
38709,1235,2000-01-01
6240223,1236,2010-01-01
6514476,1236,2009-01-01
9503573,1236,2011-01-01
6681830,1236,2010-01-01
2800905,1236,2009-01-01
3064985,1236,2010-01-01
18301663,1237,2014-01-01
13642663,1238,2014-01-01
8293938,1238,2011-01-01
1328363,1238,2008-01-01
90420,1238,2007-01-01
7607918,1239,1974-01-01
12288333,1239,1976-01-01
34403860,1240,2017-01-01
34403860,1241,2017-01-01
40502274,1241,2019-01-01
23699996,1241,2014-01-01
34403860,1242,2017-01-01
27161156,1243,2017-01-01
35059670,1243,2011-01-01
6519311,1243,2010-01-01
546018,1243,2008-01-01
2203,1243,2002-01-01
6493208,1243,2011-01-01
15751404,1243,2014-01-01
27161156,1244,2017-01-01
27161156,1245,2016-01-01
40163119,1245,2019-01-01
29430746,1245,2018-01-01
25658482,1245,2016-01-01
43835469,1245,2019-01-01
25852784,1245,2016-01-01
33606119,1246,2018-01-01
29751398,1246,2017-01-01
33606119,1247,2017-01-01
33606119,1248,2018-01-01
6617037,1248,2012-01-01
33606119,1249,2017-01-01
159903,1250,2002-01-01
292868,1250,2000-01-01
41865,1250,2008-01-01
452306,1250,2003-01-01
816953,1250,2001-01-01
163919,1250,2006-01-01
389535,1250,2004-01-01
159903,1251,2001-01-01
510632,1251,1981-01-01
242757,1251,1979-01-01
626186,1251,2001-01-01
9817161,1251,2003-01-01
72441,1251,2005-01-01
192799,1251,2000-01-01
1155278,1251,1988-01-01
7507905,1251,2013-01-01
39280444,1251,2003-01-01
15745753,1251,2016-01-01
4374400,1251,2012-01-01
9275658,1251,2015-01-01
6304335,1251,2013-01-01
8490112,1251,2015-01-01
9460487,1251,2016-01-01
764347,1251,2011-01-01
544891,1251,2012-01-01
213753,1251,2009-01-01
38743,1251,1977-01-01
359410,1251,2008-01-01
28149981,1251,2014-01-01
1902241,1251,2011-01-01
759960,1251,1979-01-01
19469,1251,1993-01-01
18079527,1251,2017-01-01
8354134,1251,2014-01-01
49746,1251,2004-01-01
522471,1251,2003-01-01
48974,1251,1981-01-01
14358,1251,1983-01-01
106931,1251,1979-01-01
33906,1251,2010-01-01
92325,1252,2002-01-01
130511,1252,1989-01-01
24579996,1252,1980-01-01
92325,1253,2001-01-01
290376,1253,2001-01-01
93959,1253,2000-01-01
1560407,1253,2005-01-01
273197,1253,1999-01-01
1504572,1253,2006-01-01
124432,1253,2004-01-01
356824,1253,2008-01-01
88335,1253,2006-01-01
178796,1253,2002-01-01
16069783,1254,2014-01-01
8533018,1255,2011-01-01
16180,1255,2006-01-01
13628812,1256,2014-01-01
15795628,1256,2014-01-01
7821828,1257,2011-01-01
7821828,1258,2011-01-01
63657,1258,2007-01-01
112343,1258,2006-01-01
7821828,1259,2011-01-01
6943146,1259,2010-01-01
13547504,1259,2013-01-01
21086818,1259,2014-01-01
11468377,1259,2012-01-01
20696006,1259,2014-01-01
6721437,1260,2010-01-01
3559,1261,1990-01-01
51539,1261,1989-01-01
546018,1261,1978-01-01
568236,1261,1980-01-01
28212,1261,1988-01-01
3559,1262,1990-01-01
13153693,1262,2016-01-01
12190368,1262,2007-01-01
15798109,1262,2014-01-01
11472,1262,1999-01-01
6633912,1262,2010-01-01
41918,1262,1992-01-01
659759,1263,2006-01-01
539282,1264,1987-01-01
537657,1264,1967-01-01
173890,1264,1983-01-01
18545,1264,1968-01-01
384597,1264,1995-01-01
14940,1264,1963-01-01
11797368,1265,2012-01-01
41817481,1265,2019-01-01
11797368,1266,2013-01-01
10385704,1266,2011-01-01
23472563,1266,2014-01-01
22098550,1267,2018-01-01
22098550,1268,2018-01-01
25937866,1268,2018-01-01
25027372,1268,2018-01-01
15798672,1268,2016-01-01
22453777,1268,2018-01-01
27163019,1269,2017-01-01
80642,1270,2006-01-01
273737,1270,2013-01-01
133729,1270,2003-01-01
40611510,1270,2009-01-01
10884,1270,2008-01-01
6375561,1270,2014-01-01
14318,1270,2005-01-01
4909,1270,2007-01-01
5509,1270,2010-01-01
6532610,1271,2010-01-01
11924352,1272,2012-01-01
16060716,1273,2016-01-01
25614492,1273,2017-01-01
34810320,1273,2019-01-01
30649795,1274,2017-01-01
766319,1275,2003-01-01
1037637,1275,2007-01-01
785453,1275,2003-01-01
116054,1276,2001-01-01
23488149,1276,2005-01-01
10965,1276,2006-01-01
147865,1276,2005-01-01
5062,1276,2003-01-01
5711912,1277,2011-01-01
272607,1277,1997-01-01
28587698,1277,2017-01-01
905887,1277,2000-01-01
113255,1277,1998-01-01
2461765,1277,2009-01-01
6335026,1277,2010-01-01
17707634,1278,2006-01-01
2978918,1278,1983-01-01
980397,1278,2004-01-01
11537035,1278,1992-01-01
142395,1278,1988-01-01
155238,1279,2002-01-01
28757261,1279,2000-01-01
25003696,1279,2001-01-01
1190042,1279,2006-01-01
5523844,1279,2007-01-01
12823835,1279,2012-01-01
23302416,1279,2013-01-01
3,1279,2000-01-01
39988,1279,1989-01-01
6,1279,2001-01-01
6327,1279,1986-01-01
11387515,1279,2013-01-01
6319,1279,1985-01-01
389627,1279,2009-01-01
7823678,1279,2011-01-01
74532,1279,1984-01-01
37741,1279,1980-01-01
181077,1279,1981-01-01
80674,1279,1982-01-01
15790837,1280,2014-01-01
52263433,1281,2014-01-01
2761626,1281,2008-01-01
18656036,1281,2014-01-01
229491,1282,1995-01-01
164434,1283,1982-01-01
10079,1283,1969-01-01
77954,1284,1981-01-01
40722,1284,1987-01-01
77954,1285,1981-01-01
12738,1285,1982-01-01
743817,1285,1980-01-01
11768,1285,1982-01-01
12468,1285,1980-01-01
14276,1285,1981-01-01
130520,1285,1983-01-01
50696,1285,1980-01-01
77699,1285,1983-01-01
12577,1285,1981-01-01
77954,1286,1982-01-01
12738,1286,1982-01-01
134225,1286,1982-01-01
12468,1286,1981-01-01
337058,1286,1982-01-01
130363,1286,1982-01-01
321578,1287,2005-01-01
7869294,1287,2008-01-01
1099301,1287,2010-01-01
253106,1287,2005-01-01
4637888,1288,2009-01-01
5900527,1288,2008-01-01
7132429,1288,2008-01-01
5928535,1288,2006-01-01
3240691,1288,2010-01-01
17254035,1289,2014-01-01
22611920,1289,2015-01-01
114170,1290,1994-01-01
696513,1290,1993-01-01
1019541,1290,1994-01-01
428035,1291,2006-01-01
554165,1291,2007-01-01
83369,1291,2008-01-01
40605329,1291,2008-01-01
2884758,1291,2009-01-01
428035,1292,2008-01-01
3399370,1292,1990-01-01
7192385,1292,2012-01-01
7779696,1293,2010-01-01
7332753,1293,2010-01-01
6422680,1293,2010-01-01
7284508,1293,2010-01-01
341879,1293,2010-01-01
7099273,1293,2010-01-01
8099187,1293,2010-01-01
7770554,1293,2010-01-01
8649656,1293,2010-01-01
18068100,1294,2014-01-01
20420053,1294,2016-01-01
22608738,1294,2016-01-01
25639296,1294,2017-01-01
13018503,1294,2014-01-01
22639535,1294,2017-01-01
18966806,1294,2017-01-01
16006945,1294,2014-01-01
89526,1295,1986-01-01
20172134,1296,2016-01-01
15944406,1296,2015-01-01
12426366,1296,2014-01-01
22509955,1296,2017-01-01
11438693,1296,2016-01-01
18222556,1296,2017-01-01
22718759,1296,2017-01-01
11737313,1296,2014-01-01
10284324,1296,2014-01-01
22571253,1296,2017-01-01
15818029,1296,2016-01-01
20575434,1296,2016-01-01
18222557,1296,2016-01-01
24612600,1296,2017-01-01
11982396,1296,2014-01-01
13259034,1296,2017-01-01
7783920,1296,2013-01-01
13228487,1296,2015-01-01
8619814,1296,2013-01-01
12969560,1296,2014-01-01
10508431,1296,2013-01-01
16045144,1297,2013-01-01
16045144,1298,2012-01-01
6449551,1298,2009-01-01
352921,1298,2007-01-01
2277378,1298,2008-01-01
383512,1298,2001-01-01
7945049,1298,2010-01-01
180648,1298,2006-01-01
7844543,1299,2016-01-01
33832945,1300,2019-01-01
33832945,1301,2019-01-01
17214302,1301,2017-01-01
13374,1302,2005-01-01
7942534,1302,2011-01-01
588326,1302,2007-01-01
149336,1302,1984-01-01
3064985,1302,2010-01-01
13374,1303,2004-01-01
77554,1303,1993-01-01
88880,1304,1978-01-01
908311,1304,1975-01-01
968902,1304,1972-01-01
100369,1304,1976-01-01
85894,1304,1976-01-01
453960,1304,1977-01-01
472778,1304,1975-01-01
415,1304,1973-01-01
175675,1304,1976-01-01
100365,1304,1975-01-01
40963358,1304,1975-01-01
63109,1305,2001-01-01
48318,1305,1996-01-01
24137,1305,1999-01-01
38333,1306,2006-01-01
34072,1306,2001-01-01
38333,1307,2006-01-01
38333,1308,2007-01-01
1823114,1308,2008-01-01
38333,1309,2006-01-01
15197,1309,1992-01-01
34072,1309,2001-01-01
20821299,1310,2014-01-01
15790852,1310,2013-01-01
15727792,1310,2013-01-01
15814439,1310,2013-01-01
22249668,1310,2015-01-01
23612011,1310,2017-01-01
28645670,1310,2016-01-01
11233988,1310,2011-01-01
20708773,1310,2014-01-01
10574666,1310,2011-01-01
17333265,1310,2013-01-01
13083239,1310,2012-01-01
20821299,1311,2015-01-01
25785993,1312,2016-01-01
105648,1313,2006-01-01
491230,1313,1992-01-01
13138734,1314,2014-01-01
6455548,1315,2012-01-01
28757261,1315,2000-01-01
8560132,1315,2007-01-01
3,1315,2000-01-01
357664,1315,2003-01-01
307791,1315,2006-01-01
6609765,1315,2013-01-01
1675216,1315,2011-01-01
541341,1315,2010-01-01
439173,1315,1999-01-01
87220,1315,2005-01-01
35368,1316,2002-01-01
110384,1316,2003-01-01
1812654,1317,2005-01-01
2737076,1317,2007-01-01
1812661,1317,2007-01-01
3339159,1317,2005-01-01
1711690,1317,2004-01-01
18714223,1317,2014-01-01
116343,1318,1974-01-01
152427,1318,1991-01-01
417656,1318,1990-01-01
503156,1318,1975-01-01
474740,1318,1987-01-01
82192,1318,1971-01-01
90619,1318,1982-01-01
40290,1318,1988-01-01
15177,1318,1986-01-01
7329,1318,1981-01-01
7512,1319,2003-01-01
307753,1319,2000-01-01
680231,1319,2004-01-01
9798470,1320,2011-01-01
6676768,1320,2010-01-01
268604,1321,2004-01-01
268604,1322,2003-01-01
213975,1322,2000-01-01
8025911,1322,2011-01-01
132778,1322,1997-01-01
500799,1323,1998-01-01
91249,1323,1987-01-01
37737,1323,1993-01-01
668026,1323,2009-01-01
8560132,1323,2007-01-01
6567050,1323,2013-01-01
267972,1323,1990-01-01
163465,1323,1981-01-01
235128,1323,2005-01-01
9673436,1323,2010-01-01
6393631,1323,2012-01-01
281235,1323,1982-01-01
236056,1323,1991-01-01
439092,1323,2008-01-01
80674,1323,1983-01-01
420733,1324,1999-01-01
420737,1324,1998-01-01
28766,1325,1988-01-01
77507,1325,1993-01-01
8727466,1326,2011-01-01
9833965,1326,2011-01-01
95609,1327,2001-01-01
11595072,1328,2010-01-01
92644,1328,2007-01-01
41865,1328,2007-01-01
6482837,1328,2011-01-01
5152478,1328,2011-01-01
11284898,1328,2012-01-01
11595072,1329,2009-01-01
23219490,1329,2009-01-01
2767052,1329,2009-01-01
3777732,1329,2009-01-01
1206073,1330,2005-01-01
87371,1330,1987-01-01
35059670,1330,2011-01-01
256906,1330,2004-01-01
20809,1330,1993-01-01
808926,1330,1998-01-01
6493208,1330,2011-01-01
45546,1330,1997-01-01
17780,1330,2001-01-01
72223,1330,2007-01-01
417640,1330,1989-01-01
1206073,1331,2005-01-01
2383159,1331,2001-01-01
55227,1331,2007-01-01
17568753,1331,2014-01-01
17780,1331,2001-01-01
254103,1332,1971-01-01
12818399,1332,2009-01-01
65959,1333,1964-01-01
65955,1333,1971-01-01
7926,1333,1951-01-01
65959,1334,1965-01-01
1354396,1334,1961-01-01
743484,1334,1963-01-01
908311,1335,1995-01-01
18423,1335,1995-01-01
12016,1336,2004-01-01
68498,1336,2004-01-01
116413,1336,2006-01-01
12953520,1336,2014-01-01
25896387,1336,2017-01-01
2356574,1336,2001-01-01
33311863,1336,2018-01-01
7937744,1336,2012-01-01
20170404,1336,2016-01-01
954674,1336,2011-01-01
9265453,1336,2013-01-01
48484,1336,2009-01-01
13055592,1336,2013-01-01
33729,1337,2003-01-01
293045,1337,2002-01-01
73093,1337,2004-01-01
33729,1338,2002-01-01
33727,1338,2000-01-01
33729,1339,2003-01-01
818096,1339,2003-01-01
84136,1339,2003-01-01
112755,1339,2003-01-01
110384,1339,2003-01-01
7936809,1340,2010-01-01
1862313,1340,2008-01-01
351648,1340,2007-01-01
11367726,1340,2012-01-01
16131077,1340,2013-01-01
9924,1341,1952-01-01
20663749,1341,2014-01-01
103171,1341,1937-01-01
20575425,1341,2014-01-01
34467031,1341,2017-01-01
42270835,1341,2019-01-01
24452249,1341,2015-01-01
3134687,1341,1965-01-01
25817493,1341,2016-01-01
23358216,1341,2015-01-01
18428067,1341,2013-01-01
36692478,1341,2018-01-01
33590210,1341,2018-01-01
41880609,1341,2019-01-01
16248196,1342,2014-01-01
15713049,1343,2014-01-01
3568996,1343,2011-01-01
19074829,1344,2014-01-01
20439328,1345,2014-01-01
490471,1346,2006-01-01
1391316,1346,2002-01-01
110388,1346,2007-01-01
614715,1346,1995-01-01
210773,1346,2000-01-01
271295,1347,1993-01-01
498744,1347,1985-01-01
6465693,1347,2011-01-01
52408,1347,2008-01-01
13330370,1347,2013-01-01
13056809,1347,2014-01-01
1101711,1347,1989-01-01
471512,1347,1988-01-01
23264870,1347,2016-01-01
114203,1348,2004-01-01
156563,1348,2001-01-01
818096,1348,2003-01-01
293045,1348,2002-01-01
854757,1348,2005-01-01
2294984,1349,2009-01-01
18635086,1349,2015-01-01
13316309,1349,2014-01-01
105303,1349,2009-01-01
669570,1349,2009-01-01
2294984,1350,2011-01-01
9639648,1350,2014-01-01
8560132,1350,2007-01-01
517344,1350,2009-01-01
357664,1350,2003-01-01
11594337,1350,2015-01-01
207153,1350,1994-01-01
7150174,1350,2013-01-01
6150990,1351,2012-01-01
37186,1351,2010-01-01
217008,1352,2009-01-01
119838,1353,1995-01-01
28763485,1353,2017-01-01
6321815,1354,2008-01-01
6321815,1355,2007-01-01
6321815,1356,2008-01-01
6321815,1357,2008-01-01
6791785,1358,2011-01-01
18507827,1359,2014-01-01
18507827,1360,2014-01-01
40873273,1360,2005-01-01
5960325,1360,2009-01-01
9503,1360,2005-01-01
2906039,1361,2008-01-01
133266,1361,1990-01-01
216175,1361,1987-01-01
32462,1361,1993-01-01
7912007,1361,2010-01-01
373915,1361,2005-01-01
2906039,1362,2008-01-01
219813,1362,2007-01-01
2906039,1363,2009-01-01
6993091,1363,2010-01-01
186420,1363,2000-01-01
102087,1363,2003-01-01
11602,1363,2000-01-01
10579,1363,2003-01-01
13659,1363,2003-01-01
27403373,1364,2015-01-01
69515,1365,2005-01-01
11154133,1365,2014-01-01
23498078,1365,2016-01-01
136096,1366,1982-01-01
25779667,1366,2011-01-01
6925661,1366,2010-01-01
528530,1366,1990-01-01
10725494,1366,2009-01-01
562212,1366,1994-01-01
89352,1367,2005-01-01
13148060,1367,2013-01-01
7640126,1367,2011-01-01
10012188,1367,2005-01-01
5841508,1367,2010-01-01
2205321,1367,2009-01-01
6642402,1367,2011-01-01
9519678,1367,2012-01-01
16136176,1368,2013-01-01
16050736,1368,2013-01-01
33876808,1368,2013-01-01
22812333,1368,2015-01-01
20488175,1368,2013-01-01
15992857,1368,2013-01-01
18635086,1369,2018-01-01
18635086,1370,2016-01-01
33113683,1371,2018-01-01
33113683,1372,2017-01-01
28204534,1372,2016-01-01
776212,1373,1982-01-01
776212,1374,1982-01-01
776212,1375,1981-01-01
13588394,1376,2013-01-01
1662160,1376,2008-01-01
36475,1376,1990-01-01
21936988,1377,2016-01-01
23592235,1377,2016-01-01
18621200,1377,2015-01-01
25255576,1377,2016-01-01
18138917,1377,2015-01-01
18079804,1377,2015-01-01
23058402,1377,2016-01-01
22910900,1377,2016-01-01
207798,1378,2006-01-01
18651980,1378,2014-01-01
17318621,1378,2013-01-01
3367956,1378,2009-01-01
40801157,1378,2012-01-01
69139,1379,2001-01-01
300946,1379,2002-01-01
69139,1380,2000-01-01
278280,1381,2004-01-01
236202,1381,1983-01-01
12015,1381,1994-01-01
2618807,1381,1979-01-01
14817,1381,1978-01-01
112537,1381,1973-01-01
77565,1381,1991-01-01
64217,1381,1989-01-01
77507,1381,1992-01-01
126192,1381,1984-01-01
280716,1381,1988-01-01
278280,1382,2011-01-01
62992,1382,1999-01-01
30165203,1382,2003-01-01
77773,1382,2001-01-01
6597651,1382,2013-01-01
278280,1383,2009-01-01
6288,1383,2008-01-01
14201,1383,2007-01-01
6597651,1383,2011-01-01
3973,1383,2005-01-01
68497,1383,2004-01-01
2176,1384,1988-01-01
1299072,1384,1986-01-01
111050,1384,1985-01-01
540864,1384,2003-01-01
6871,1384,1992-01-01
101299,1384,1997-01-01
77163,1384,2000-01-01
1140942,1384,2006-01-01
2536,1384,1987-01-01
101094,1384,1994-01-01
87819,1384,1988-01-01
9598,1384,1985-01-01
128711,1384,2007-01-01
80064,1384,1996-01-01
212936,1384,2001-01-01
2176,1385,2011-01-01
11529868,1385,2014-01-01
17191029,1385,2016-01-01
11690,1385,2009-01-01
25912206,1385,2017-01-01
2594251,1386,2017-01-01
29235330,1386,2017-01-01
10290243,1387,2011-01-01
12119529,1387,2014-01-01
6277757,1388,2010-01-01
334818,1389,1983-01-01
7938070,1390,2012-01-01
11455485,1390,2013-01-01
1865263,1390,2011-01-01
7938070,1391,2012-01-01
3302568,1392,2009-01-01
13556706,1392,1999-01-01
6918862,1393,1966-01-01
8428139,1394,2012-01-01
388698,1395,2003-01-01
39988,1395,2014-01-01
18122,1395,2002-01-01
41637836,1395,2001-01-01
34262,1395,2005-01-01
11093329,1396,2012-01-01
789812,1396,2008-01-01
7853137,1396,2011-01-01
7202831,1396,2011-01-01
9578677,1396,2012-01-01
20549446,1397,2015-01-01
15756277,1398,2015-01-01
9692846,1398,2008-01-01
28187,1398,2008-01-01
113436,1398,2005-01-01
38709,1398,2000-01-01
7090447,1398,2012-01-01
227651,1398,2002-01-01
6609765,1398,2013-01-01
34262,1398,2007-01-01
1099301,1398,2011-01-01
262430,1398,2006-01-01
1675216,1398,2010-01-01
183656,1398,2003-01-01
139463,1398,1992-01-01
13083,1398,2004-01-01
318404,1398,2009-01-01
207153,1398,1993-01-01
368468,1398,2001-01-01
432556,1399,1973-01-01
56961,1399,1959-01-01
486210,1399,2001-01-01
25622780,1399,1966-01-01
258392,1399,1951-01-01
117047,1399,1986-01-01
258079,1399,1954-01-01
183586,1399,1952-01-01
7531478,1400,2010-01-01
7531478,1401,2000-01-01
8449698,1402,2012-01-01
8449698,1403,2012-01-01
21370980,1403,2010-01-01
2881565,1403,2009-01-01
9265891,1404,2011-01-01
108067,1405,2002-01-01
30347616,1405,2019-01-01
22875097,1405,2016-01-01
31493,1405,2003-01-01
88667,1405,2005-01-01
179780,1405,2000-01-01
24731,1405,2007-01-01
144977,1405,2006-01-01
11346,1405,1998-01-01
1044355,1405,2009-01-01
9464733,1405,2012-01-01
64895,1406,1998-01-01
133266,1407,1991-01-01
92377,1407,1997-01-01
21491731,1408,2015-01-01
27525,1409,2004-01-01
276491,1409,2004-01-01
85957,1409,2000-01-01
50930,1409,2001-01-01
27526,1409,2002-01-01
79705,1409,2000-01-01
25893,1410,2006-01-01
118769,1410,2005-01-01
2112260,1410,2008-01-01
640777,1410,2005-01-01
78411,1410,2000-01-01
33290383,1410,2011-01-01
121807,1410,2001-01-01
7748743,1410,2010-01-01
196119,1410,2006-01-01
68768,1411,1997-01-01
8830,1411,1996-01-01
71704,1411,2002-01-01
39796,1411,2001-01-01
209461,1411,1998-01-01
459386,1411,1995-01-01
328854,1411,2000-01-01
368250,1411,1999-01-01
68768,1412,2000-01-01
3830,1412,1987-01-01
164760,1412,2008-01-01
7435535,1412,2010-01-01
77514,1412,2005-01-01
40024,1412,1997-01-01
124509,1412,1992-01-01
7194,1412,1994-01-01
48323,1412,1999-01-01
17262159,1413,2014-01-01
17159011,1413,2014-01-01
23208397,1413,2017-01-01
22675858,1413,2016-01-01
15811495,1413,2014-01-01
22557272,1413,2016-01-01
16130549,1413,2014-01-01
25251757,1413,2017-01-01
25574782,1413,2016-01-01
25131061,1414,2018-01-01
41741010,1414,2019-01-01
903,1415,1973-01-01
64316,1415,1977-01-01
94803,1415,1978-01-01
438131,1415,1975-01-01
24178,1415,1970-01-01
30118,1415,1984-01-01
310459,1415,1991-01-01
46677,1415,1988-01-01
30119,1415,1984-01-01
139253,1415,1994-01-01
41667,1415,1969-01-01
817982,1415,1987-01-01
16130759,1416,2016-01-01
6957731,1417,2010-01-01
8125737,1418,2011-01-01
24605318,1418,2016-01-01
2310220,1418,2009-01-01
6335685,1418,2011-01-01
13511369,1418,2013-01-01
11701627,1418,2012-01-01
6624391,1418,2010-01-01
21720,1419,2009-01-01
2653622,1419,2009-01-01
6411961,1419,2009-01-01
35120549,1419,2009-01-01
184794,1419,2009-01-01
7493,1420,2001-01-01
7375,1420,2003-01-01
146984,1420,1996-01-01
2203,1420,2002-01-01
132376,1421,2003-01-01
267667,1422,2004-01-01
73064,1423,2008-01-01
3711152,1424,2011-01-01
9314304,1424,2012-01-01
2067180,1424,2009-01-01
114133,1424,2008-01-01
12716613,1424,2013-01-01
319964,1425,1982-01-01
969310,1425,1994-01-01
77837,1425,1981-01-01
238463,1425,2004-01-01
3711,1425,2000-01-01
15055,1425,1985-01-01
11711,1425,2003-01-01
302998,1425,1990-01-01
418285,1426,1999-01-01
323980,1426,1999-01-01
8563824,1427,2011-01-01
8563824,1428,2011-01-01
1013383,1429,2000-01-01
177246,1429,2003-01-01
1013383,1430,1999-01-01
301141,1430,2005-01-01
10203,1431,1996-01-01
40483,1432,1955-01-01
65484,1433,1983-01-01
24605318,1433,2016-01-01
592073,1433,1982-01-01
125963,1433,2004-01-01
241387,1433,2007-01-01
419916,1434,2002-01-01
1296353,1435,2009-01-01
1296353,1436,2008-01-01
11725779,1437,2013-01-01
82443,1438,2008-01-01
3407877,1438,2009-01-01
13508607,1438,2013-01-01
6746018,1438,2011-01-01
93802,1439,2005-01-01
16435,1439,2005-01-01
7963189,1440,2011-01-01
7963189,1441,2010-01-01
68498,1442,1999-01-01
238460,1443,2003-01-01
28757261,1443,1999-01-01
11664488,1443,2000-01-01
3,1443,1999-01-01
113436,1443,2005-01-01
18116,1443,2002-01-01
28194,1443,2004-01-01
113304,1443,2001-01-01
59268,1443,2007-01-01
112286,1444,2006-01-01
6417058,1444,2008-01-01
112286,1445,2007-01-01
7352053,1446,2011-01-01
1664298,1446,1997-01-01
24914,1446,2006-01-01
7352053,1447,2010-01-01
9684523,1447,2011-01-01
3127736,1448,2006-01-01
1430980,1448,2007-01-01
7105495,1448,2008-01-01
2931286,1448,2004-01-01
6359825,1448,2010-01-01
2101872,1448,2009-01-01
71704,1448,2003-01-01
41805470,1448,2010-01-01
2100810,1448,2009-01-01
528530,1448,1992-01-01
665158,1448,2005-01-01
2358849,1448,2008-01-01
11691,1448,2005-01-01
53969,1448,2003-01-01
2531,1448,2003-01-01
1062375,1448,2003-01-01
94034,1448,2004-01-01
318335,1448,2006-01-01
642231,1448,2008-01-01
533465,1448,2002-01-01
497499,1448,2006-01-01
2302650,1449,2008-01-01
92488,1449,2002-01-01
555048,1449,2001-01-01
167216,1449,1999-01-01
1618,1449,2003-01-01
28251002,1449,2016-01-01
413177,1449,2005-01-01
2302650,1450,2010-01-01
2097938,1450,2010-01-01
3236307,1450,2010-01-01
2731276,1450,2010-01-01
4932435,1450,2010-01-01
954674,1450,2010-01-01
3700085,1450,2010-01-01
2475251,1450,2010-01-01
2662169,1450,2010-01-01
1096390,1450,2010-01-01
12334,1451,1971-01-01
275474,1451,1974-01-01
52374,1451,1967-01-01
103638,1451,1968-01-01
3015764,1452,2010-01-01
8571916,1452,2011-01-01
40881621,1452,2008-01-01
88432,1452,2014-01-01
88076,1452,2005-01-01
37737,1453,1993-01-01
28757261,1453,2000-01-01
3,1453,2000-01-01
37737,1454,1993-01-01
84060,1454,1992-01-01
222525,1455,2003-01-01
263623,1455,1994-01-01
18812101,1455,1995-01-01
3636,1455,1995-01-01
38709,1455,2001-01-01
24337,1455,2000-01-01
307791,1455,2006-01-01
213652,1455,2005-01-01
224500,1455,2004-01-01
227658,1455,1998-01-01
139418,1455,1993-01-01
222525,1456,2003-01-01
9817161,1456,2002-01-01
6668056,1456,2007-01-01
9692846,1456,2008-01-01
292868,1456,1999-01-01
18812101,1456,1996-01-01
28187,1456,2008-01-01
3636,1456,1996-01-01
113436,1456,2006-01-01
39280444,1456,2002-01-01
452306,1456,2004-01-01
53496,1456,1997-01-01
50,1456,1990-01-01
13376,1456,2005-01-01
227658,1456,1998-01-01
139418,1456,1993-01-01
332624,1456,2009-01-01
48834,1456,2000-01-01
6963764,1457,2010-01-01
2334538,1457,2011-01-01
6963764,1458,2009-01-01
3766428,1458,2008-01-01
1156439,1459,2004-01-01
17886138,1459,2001-01-01
1085376,1459,1998-01-01
125523,1459,2001-01-01
2011854,1460,2009-01-01
169762,1460,2007-01-01
9673436,1460,2008-01-01
161426,1460,2005-01-01
70582,1461,1988-01-01
77309,1461,1984-01-01
14201,1461,2005-01-01
242757,1462,1977-01-01
444347,1462,2005-01-01
776891,1462,1973-01-01
1239219,1462,2008-01-01
7727548,1462,1989-01-01
278620,1462,1961-01-01
6242978,1462,2010-01-01
69477,1462,1976-01-01
64552,1463,2005-01-01
1700436,1463,2005-01-01
184834,1463,2005-01-01
1232,1463,2005-01-01
372713,1463,2005-01-01
12530,1464,1990-01-01
210783,1464,1993-01-01
102885,1465,1996-01-01
781124,1465,2003-01-01
11933,1465,2000-01-01
396647,1465,1992-01-01
64359,1465,2013-01-01
8691338,1465,1997-01-01
16793,1465,1999-01-01
14201,1465,2005-01-01
2744,1465,2006-01-01
22544764,1465,2016-01-01
8088,1465,2004-01-01
61886,1465,2002-01-01
15819028,1465,2014-01-01
202769,1465,2008-01-01
36896898,1465,2019-01-01
81153,1465,1993-01-01
547448,1465,2008-01-01
9306975,1466,2010-01-01
49488,1467,2001-01-01
56405,1468,2005-01-01
13042154,1469,2013-01-01
11737310,1469,2013-01-01
10806008,1469,2012-01-01
6740756,1469,2012-01-01
13042154,1470,2014-01-01
12941351,1470,2014-01-01
23302416,1470,2014-01-01
11870085,1470,2014-01-01
11387515,1470,2014-01-01
11088150,1470,2014-01-01
23093367,1471,2015-01-01
23093367,1472,2015-01-01
23093367,1473,2015-01-01
30754980,1473,2017-01-01
35924705,1473,2018-01-01
8643220,1473,2011-01-01
15789361,1473,2013-01-01
21532236,1473,2014-01-01
13581999,1473,2012-01-01
7619292,1473,2010-01-01
25855506,1473,2016-01-01
30279,1474,2006-01-01
112507,1475,1998-01-01
135484,1475,2000-01-01
2265,1475,2001-01-01
1474628,1476,2008-01-01
2895061,1476,2009-01-01
1286711,1476,2007-01-01
87992,1476,2005-01-01
161426,1476,2005-01-01
8299165,1477,2012-01-01
9165406,1477,2012-01-01
17349203,1478,2014-01-01
5755,1479,1994-01-01
359194,1479,2008-01-01
5752,1479,2003-01-01
835623,1479,1999-01-01
347964,1480,2002-01-01
22859522,1480,1988-01-01
744244,1480,2005-01-01
1063298,1480,2001-01-01
54807,1480,1998-01-01
7710236,1481,2015-01-01
16130537,1481,2015-01-01
1381691,1482,2008-01-01
22217702,1483,2015-01-01
37774,1484,1965-01-01
65714,1485,2016-01-01
951749,1485,2001-01-01
688770,1485,2016-01-01
525285,1485,2004-01-01
41820,1485,2001-01-01
29243363,1485,1996-01-01
100915,1485,2001-01-01
414999,1485,2004-01-01
16634,1485,2019-01-01
100924,1485,2019-01-01
41811,1485,2004-01-01
100933,1485,1996-01-01
25350,1485,2014-01-01
541024,1485,2004-01-01
897461,1485,2018-01-01
386887,1486,2000-01-01
386887,1487,2000-01-01
6318238,1488,2010-01-01
304889,1489,1989-01-01
1126503,1489,1997-01-01
304889,1490,1990-01-01
22917,1490,2006-01-01
304889,1491,1989-01-01
4419501,1492,2009-01-01
16030663,1492,2013-01-01
7507905,1492,2010-01-01
28763485,1492,2016-01-01
18075234,1492,2015-01-01
11071466,1492,2012-01-01
10481268,1492,2011-01-01
7339,1493,2003-01-01
23617,1493,2000-01-01
30617,1493,1991-01-01
23526522,1493,2017-01-01
5907,1493,1990-01-01
296384,1494,1968-01-01
33727,1495,2001-01-01
33727,1496,2001-01-01
485812,1497,1981-01-01
390786,1497,1982-01-01
106164,1497,1983-01-01
6973771,1498,2010-01-01
593039,1498,2008-01-01
8125734,1498,2011-01-01
359463,1498,1999-01-01
9738582,1499,2010-01-01
40163119,1500,2019-01-01
21856367,1500,2014-01-01
40365093,1500,2019-01-01
22822881,1500,2015-01-01
40163119,1501,2019-01-01
40163119,1502,2019-01-01
16241144,1502,2013-01-01
16142053,1502,2013-01-01
261601,1503,1993-01-01
274746,1503,1959-01-01
159346,1503,1960-01-01
42270835,1503,2020-01-01
146219,1503,1997-01-01
115468,1503,1951-01-01
110996,1503,1969-01-01
11666,1503,1991-01-01
202897,1503,1985-01-01
60737,1503,1987-01-01
2657,1503,1961-01-01
6288,1503,2007-01-01
52892857,1503,1983-01-01
2165,1503,1953-01-01
2187,1503,2003-01-01
256008,1503,1986-01-01
310612,1503,1981-01-01
6149,1503,1988-01-01
3985,1503,2001-01-01
7354,1503,1994-01-01
18143977,1503,2015-01-01
11899,1503,1999-01-01
5527,1503,1947-01-01
5439,1503,2000-01-01
17333223,1503,2014-01-01
682804,1503,1975-01-01
292408,1503,1972-01-01
297673,1503,2008-01-01
187020,1503,2002-01-01
68210,1503,2005-01-01
11650,1503,1998-01-01
12468,1503,1980-01-01
7331435,1503,2011-01-01
41193,1503,1992-01-01
1736739,1503,2009-01-01
368772,1503,1952-01-01
13529,1503,2006-01-01
67,1503,2004-01-01
11529868,1503,2013-01-01
31181,1503,1989-01-01
577283,1503,1968-01-01
77554,1503,1995-01-01
23168277,1503,2016-01-01
3066,1503,1967-01-01
30555488,1503,2017-01-01
40180098,1503,2019-01-01
113091,1503,1958-01-01
210825,1503,1963-01-01
11686,1503,1979-01-01
4957350,1503,2010-01-01
267243,1503,1984-01-01
39927096,1503,2018-01-01
133488,1503,1948-01-01
77239,1503,1956-01-01
129671,1503,1966-01-01
85391,1503,1982-01-01
12374,1503,1996-01-01
294081,1503,1990-01-01
267478,1503,1934-01-01
11494,1503,1976-01-01
2980972,1504,2005-01-01
7988467,1504,2007-01-01
14280,1505,2006-01-01
834450,1506,1993-01-01
834450,1507,1993-01-01
15704285,1508,2014-01-01
45106,1509,2007-01-01
13659,1509,2002-01-01
64923,1509,2000-01-01
69625,1510,1982-01-01
31476,1510,1992-01-01
162923,1510,1991-01-01
162921,1510,1995-01-01
76765,1510,1982-01-01
69647,1510,1984-01-01
132111,1510,1987-01-01
89656,1510,1987-01-01
64863,1510,1983-01-01
69625,1511,1982-01-01
164760,1511,2010-01-01
21928,1511,1999-01-01
93808,1511,2007-01-01
8531,1511,1986-01-01
95381,1511,2002-01-01
32423,1511,1993-01-01
7869,1511,1984-01-01
11557,1511,1994-01-01
11553,1511,1995-01-01
78129,1511,2000-01-01
2161733,1511,2008-01-01
206236,1511,2009-01-01
41716,1511,1992-01-01
16174176,1512,2013-01-01
29546259,1512,2016-01-01
3492825,1512,2008-01-01
16174176,1513,2013-01-01
16099159,1514,2014-01-01
25376011,1514,2016-01-01
16117368,1514,2015-01-01
1967070,1515,2009-01-01
202677,1516,2006-01-01
478246,1516,2007-01-01
202677,1517,2007-01-01
11100788,1517,2013-01-01
7274337,1517,2010-01-01
2108205,1518,1983-01-01
32504,1519,1999-01-01
45432,1520,2007-01-01
9692846,1520,2008-01-01
28187,1520,2008-01-01
113436,1520,2006-01-01
39999,1520,2009-01-01
249747,1520,2004-01-01
6327801,1521,2010-01-01
10508431,1521,2011-01-01
12119529,1522,2015-01-01
142181,1523,1975-01-01
4981,1523,1970-01-01
142181,1524,1975-01-01
167845,1524,1985-01-01
116982,1524,1977-01-01
882885,1524,1976-01-01
7195070,1524,1977-01-01
1117637,1524,1983-01-01
126496,1524,1979-01-01
61181,1524,1981-01-01
353,1524,1974-01-01
100365,1524,1975-01-01
112,1524,1977-01-01
22584,1524,1975-01-01
189147,1524,1972-01-01
40963358,1524,1976-01-01
127584,1524,1972-01-01
61986,1524,1972-01-01
100344,1524,1974-01-01
142181,1525,1974-01-01
105703,1526,2007-01-01
112277,1527,1991-01-01
4667024,1527,2010-01-01
52892857,1527,1984-01-01
1030285,1528,2009-01-01
6054449,1528,2010-01-01
206856,1529,1998-01-01
6944032,1529,2003-01-01
6567284,1529,2004-01-01
30187,1529,2002-01-01
444347,1530,2005-01-01
20939738,1530,2007-01-01
19063,1530,2007-01-01
113436,1530,2004-01-01
452306,1530,2002-01-01
357664,1530,2001-01-01
9673436,1530,2008-01-01
28195,1530,2006-01-01
113304,1530,2003-01-01
444347,1531,2004-01-01
82860,1531,2005-01-01
13067,1531,2005-01-01
15815364,1532,2014-01-01
13513468,1532,2012-01-01
13142142,1532,2014-01-01
17449772,1532,2012-01-01
8366402,1532,2012-01-01
15852479,1532,2015-01-01
5578319,1533,2008-01-01
10806851,1533,2011-01-01
60142,1533,1962-01-01
5578319,1534,2008-01-01
1181999,1534,1994-01-01
129911,1535,1981-01-01
586472,1535,1980-01-01
15760,1536,1995-01-01
110387,1537,2008-01-01
5500109,1537,2010-01-01
6308141,1538,2010-01-01
9939976,1538,2012-01-01
1540890,1538,2009-01-01
7997987,1538,2012-01-01
6545740,1538,2011-01-01
7685237,1538,2011-01-01
12092105,1538,2012-01-01
42899,1538,2006-01-01
30194,1538,2005-01-01
2669405,1538,2009-01-01
263179,1538,2006-01-01
1271104,1539,2008-01-01
408888,1539,1996-01-01
226868,1539,1999-01-01
356768,1539,1998-01-01
5826,1539,2002-01-01
80660,1539,2005-01-01
11250317,1539,2012-01-01
18749,1539,2007-01-01
3679,1539,2006-01-01
8366402,1539,2011-01-01
44001,1539,2004-01-01
6433752,1539,2010-01-01
15836,1539,1997-01-01
2924318,1539,2009-01-01
89281,1540,2009-01-01
1214499,1540,1997-01-01
639076,1540,2007-01-01
6117055,1540,2010-01-01
222637,1540,2002-01-01
101893,1541,1985-01-01
22875,1541,1983-01-01
404223,1541,1981-01-01
28553,1541,1980-01-01
67948,1541,1984-01-01
98685,1542,1993-01-01
16219224,1542,1989-01-01
210805,1542,1980-01-01
107430,1542,1990-01-01
25899336,1542,2017-01-01
13912,1542,1999-01-01
109367,1543,2006-01-01
7023554,1544,2010-01-01
11970096,1545,2010-01-01
15825932,1546,2012-01-01
238127,1547,2002-01-01
762064,1547,2002-01-01
238127,1548,1998-01-01
28757261,1548,2000-01-01
18812101,1548,1995-01-01
41865,1548,2008-01-01
3,1548,2000-01-01
3636,1548,1995-01-01
113436,1548,2006-01-01
38709,1548,2001-01-01
24337,1548,1999-01-01
22232,1548,2003-01-01
13376,1548,2005-01-01
113304,1548,2004-01-01
368468,1548,2002-01-01
1243539,1549,2000-01-01
4455573,1550,2009-01-01
88442,1550,2002-01-01
22135,1551,1994-01-01
132913,1551,1989-01-01
771,1551,2000-01-01
28425,1552,2000-01-01
61690,1553,1994-01-01
12787,1553,1979-01-01
476575,1553,1995-01-01
1801487,1553,1978-01-01
39796904,1553,2020-01-01
234559,1553,1997-01-01
40700317,1553,2020-01-01
40121959,1553,2020-01-01
456773,1553,2006-01-01
20758175,1553,2015-01-01
682982,1553,2007-01-01
18189462,1553,2014-01-01
893731,1553,2000-01-01
2834713,1553,1970-01-01
226868,1553,1998-01-01
6853,1553,1995-01-01
18045891,1553,2007-01-01
300226,1553,1971-01-01
15776309,1553,2014-01-01
15677,1553,1951-01-01
31374,1553,1989-01-01
529701,1554,1978-01-01
12286,1555,1964-01-01
10116927,1556,2011-01-01
13507212,1556,2012-01-01
315340,1556,2006-01-01
16120760,1556,2013-01-01
3419808,1556,2008-01-01
18803640,1556,2014-01-01
6933138,1557,2012-01-01
9468234,1557,2012-01-01
10194514,1557,2013-01-01
977817,1558,1984-01-01
6978327,1558,1979-01-01
82783,1558,2001-01-01
6341739,1558,2009-01-01
19057,1558,2003-01-01
7863274,1558,2011-01-01
977817,1559,1984-01-01
977817,1560,1994-01-01
26931,1561,1999-01-01
59285,1561,2006-01-01
19286663,1561,1996-01-01
252577,1561,1997-01-01
3805,1561,2002-01-01
13912,1561,2003-01-01
136637,1561,2005-01-01
5062,1561,2003-01-01
25019,1561,1999-01-01
537375,1561,2000-01-01
18723,1561,2004-01-01
33570,1562,1981-01-01
902,1562,1981-01-01
1215919,1563,2007-01-01
6423124,1563,2009-01-01
135917,1564,1997-01-01
162900,1564,1983-01-01
220063,1564,1990-01-01
13592828,1565,2013-01-01
12287,1566,1958-01-01
107456,1567,1982-01-01
1534750,1567,1980-01-01
40611463,1567,1981-01-01
3830,1568,1988-01-01
77661,1568,1969-01-01
3830,1569,1986-01-01
3833,1569,1975-01-01
83417,1569,1984-01-01
124509,1569,1994-01-01
425029,1569,1987-01-01
1606730,1570,2003-01-01
9334058,1570,2010-01-01
12825649,1570,2011-01-01
2244182,1570,2006-01-01
1606730,1571,2003-01-01
4569952,1571,2006-01-01
106540,1572,1997-01-01
133772,1573,2007-01-01
954674,1573,2008-01-01
595586,1574,2003-01-01
385250,1574,1989-01-01
595586,1575,2000-01-01
1062516,1575,1999-01-01
595586,1576,2000-01-01
7268995,1576,2011-01-01
490867,1576,2005-01-01
595586,1577,2001-01-01
900068,1577,1982-01-01
420282,1577,1991-01-01
407429,1577,1995-01-01
595586,1578,2011-01-01
895479,1579,1996-01-01
151926,1579,1995-01-01
5068,1579,1996-01-01
70253,1579,1996-01-01
380017,1579,1995-01-01
40117,1579,1995-01-01
16075147,1580,2013-01-01
25784766,1580,2015-01-01
35924698,1580,2018-01-01
13588404,1580,2012-01-01
35606560,1580,2017-01-01
30075802,1580,2016-01-01
22151696,1580,2014-01-01
638689,1581,2008-01-01
6313736,1581,2010-01-01
638689,1582,2008-01-01
9503573,1582,2011-01-01
6681830,1582,2010-01-01
458003,1583,1996-01-01
682150,1583,1996-01-01
662323,1584,1990-01-01
1703186,1585,2009-01-01
525995,1585,1984-01-01
1703186,1586,2009-01-01
18339834,1587,2014-01-01
18467802,1588,2015-01-01
6101138,1588,2010-01-01
538611,1588,2005-01-01
17333223,1588,2014-01-01
7826803,1588,2010-01-01
9118135,1588,2012-01-01
13507212,1588,2013-01-01
11378,1588,2009-01-01
18467802,1589,2014-01-01
36348525,1589,2018-01-01
42270835,1589,2019-01-01
22822858,1589,2015-01-01
1358541,1590,1963-01-01
8678285,1590,2007-01-01
6650487,1590,2006-01-01
216019,1590,1958-01-01
11299997,1590,1960-01-01
30526987,1590,2008-01-01
36134310,1590,2018-01-01
528493,1590,1957-01-01
119073,1590,1981-01-01
6613956,1590,2008-01-01
5942,1591,2000-01-01
44086,1591,2005-01-01
9833,1591,2007-01-01
19661,1591,2002-01-01
91289,1591,2006-01-01
543873,1591,2008-01-01
133937,1592,1998-01-01
3755250,1592,2009-01-01
231,1592,2004-01-01
7841686,1593,2011-01-01
7841686,1594,2011-01-01
218574,1595,1988-01-01
102458,1596,1995-01-01
60279,1597,2007-01-01
181481,1597,2004-01-01
15790878,1597,2014-01-01
48119,1597,1991-01-01
2373,1597,1999-01-01
231562,1597,2005-01-01
32255,1597,2006-01-01
32506,1597,1997-01-01
104737,1597,1996-01-01
7945049,1597,2011-01-01
13990,1598,1995-01-01
15701217,1599,2014-01-01
18490532,1600,2014-01-01
7362638,1600,2011-01-01
16059396,1600,2013-01-01
8113512,1600,2013-01-01
7741856,1601,2010-01-01
13050840,1601,2012-01-01
8559047,1601,2011-01-01
12043770,1601,2012-01-01
7352840,1601,2010-01-01
8058301,1601,2011-01-01
6933876,1601,2010-01-01
244102,1602,2002-01-01
244102,1603,2002-01-01
210946,1604,2001-01-01
827326,1605,1993-01-01
2132036,1605,2007-01-01
6240,1605,1979-01-01
1832010,1605,2005-01-01
35306,1605,2002-01-01
827326,1606,1994-01-01
2010530,1606,2000-01-01
105299,1606,2005-01-01
2506666,1606,1988-01-01
52879,1607,2005-01-01
423245,1608,2019-01-01
31177,1609,1980-01-01
1265382,1609,2006-01-01
201901,1609,1985-01-01
43706,1609,1990-01-01
199371,1609,2005-01-01
11334,1609,1977-01-01
160251,1609,1976-01-01
31177,1610,1982-01-01
42986,1610,1981-01-01
11741,1610,1983-01-01
4593274,1611,2009-01-01
2880674,1612,2008-01-01
2201019,1613,2002-01-01
2201019,1614,2002-01-01
2201019,1615,2002-01-01
394015,1616,1978-01-01
3772126,1616,1997-01-01
1191449,1617,2000-01-01
936503,1617,1997-01-01
7942534,1617,2011-01-01
834019,1617,2003-01-01
398479,1617,1994-01-01
6313736,1617,2010-01-01
428036,1617,2006-01-01
19405297,1617,2016-01-01
1191449,1618,2001-01-01
936503,1618,1999-01-01
310986,1618,1996-01-01
828015,1618,2002-01-01
3159138,1618,2010-01-01
857920,1618,2000-01-01
1191449,1619,2001-01-01
828015,1619,2003-01-01
1328370,1620,2009-01-01
12146528,1620,2009-01-01
4859743,1621,2010-01-01
7069751,1621,2011-01-01
4859743,1622,2007-01-01
4859743,1623,2011-01-01
290369,1624,2002-01-01
7501962,1624,2011-01-01
95622,1624,1999-01-01
282778,1624,2005-01-01
763215,1625,2003-01-01
6436602,1626,2010-01-01
8801543,1626,2012-01-01
27161816,1626,2017-01-01
24396857,1626,2016-01-01
34219880,1626,2018-01-01
27774758,1626,2016-01-01
9579634,1626,2012-01-01
6437061,1626,2011-01-01
23444482,1626,2016-01-01
13616278,1626,2013-01-01
1585765,1627,2006-01-01
6272048,1627,2009-01-01
3277674,1627,2008-01-01
7607153,1627,2011-01-01
33516773,1627,2015-01-01
76546,1628,1993-01-01
131036,1628,2003-01-01
13330670,1628,2013-01-01
1703611,1628,1929-01-01
13162096,1628,1990-01-01
26196150,1628,2017-01-01
40795,1628,1975-01-01
90664,1628,1963-01-01
61204,1628,1994-01-01
150222,1628,1976-01-01
5974575,1628,2011-01-01
95819,1628,1931-01-01
31426,1628,1982-01-01
75504,1628,1955-01-01
76546,1629,1992-01-01
7100173,1630,2010-01-01
1149607,1631,2007-01-01
3159138,1631,2010-01-01
1025250,1631,2008-01-01
7700881,1632,2010-01-01
7740311,1633,1997-01-01
212087,1633,2000-01-01
29501,1633,2005-01-01
11472,1633,1999-01-01
14241,1633,1996-01-01
2454475,1634,2009-01-01
12160826,1634,2013-01-01
26175,1634,2005-01-01
6411016,1634,2011-01-01
29925,1634,1997-01-01
4926564,1635,1972-01-01
88389,1635,1993-01-01
4926564,1636,1972-01-01
11868298,1636,1933-01-01
2132036,1637,2006-01-01
476875,1637,2005-01-01
572105,1637,1988-01-01
110090,1637,2001-01-01
286357,1637,1986-01-01
5396496,1637,2009-01-01
275651,1638,1982-01-01
72662,1639,1995-01-01
10046509,1640,2012-01-01
10046509,1641,2012-01-01
32445,1642,1995-01-01
92544,1642,1989-01-01
1109741,1642,1987-01-01
12964250,1643,2012-01-01
12964250,1644,2012-01-01
12964250,1645,2011-01-01
1572241,1646,2000-01-01
9776876,1647,2005-01-01
11813450,1648,2012-01-01
486714,1649,1998-01-01
109726,1649,1989-01-01
2139,1649,1996-01-01
9916356,1650,2011-01-01
9916356,1651,2011-01-01
9916356,1652,2011-01-01
152427,1653,2009-01-01
20784908,1653,2013-01-01
2999495,1653,2016-01-01
4929,1653,2010-01-01
40603587,1653,2011-01-01
1128437,1653,2012-01-01
244261,1653,2014-01-01
22522805,1653,2017-01-01
20819685,1653,2018-01-01
57485,1653,2008-01-01
230852,1653,2007-01-01
6250169,1653,2015-01-01
11244026,1654,2012-01-01
16158542,1654,2014-01-01
9668661,1655,2011-01-01
6062415,1656,2011-01-01
1870638,1657,2004-01-01
2900911,1658,1956-01-01
254704,1658,2000-01-01
21853663,1658,2017-01-01
128474,1658,1985-01-01
8303977,1658,2011-01-01
17675,1658,2007-01-01
273841,1658,2003-01-01
210404,1658,1977-01-01
8050160,1659,2000-01-01
44535,1660,2008-01-01
25584847,1660,2007-01-01
4563201,1661,1992-01-01
12567090,1662,2012-01-01
12567090,1663,2012-01-01
3284192,1664,2011-01-01
3284192,1665,2009-01-01
207153,1665,1994-01-01
10291971,1666,2012-01-01
1593855,1667,1995-01-01
1044234,1667,1999-01-01
113255,1667,1998-01-01
175242,1667,2000-01-01
92254,1668,1995-01-01
12675648,1669,2012-01-01
15712314,1670,2013-01-01
1022331,1671,1999-01-01
13500754,1671,2013-01-01
48270,1671,1955-01-01
13384,1671,2001-01-01
4441294,1671,2008-01-01
1591730,1671,2007-01-01
37477,1671,2002-01-01
9850443,1671,2012-01-01
196564,1671,1998-01-01
10900053,1672,2012-01-01
11718466,1673,2013-01-01
404857,1673,2007-01-01
94064,1673,2002-01-01
9143033,1674,2010-01-01
10125238,1674,2011-01-01
18339155,1674,2013-01-01
9639774,1674,2009-01-01
1820716,1674,2006-01-01
803177,1675,2007-01-01
12837554,1676,2014-01-01
62555,1676,1980-01-01
1973304,1676,2002-01-01
470495,1676,1998-01-01
20342617,1676,2016-01-01
96642,1676,2001-01-01
236719,1677,2002-01-01
1913364,1677,2004-01-01
954674,1677,2009-01-01
10841167,1677,2013-01-01
182332,1677,2006-01-01
6715481,1678,2017-01-01
7624594,1678,2017-01-01
223380,1678,2017-01-01
22514020,1678,2017-01-01
280410,1679,2008-01-01
30223075,1679,2015-01-01
368731,1679,2003-01-01
344846,1679,2000-01-01
256906,1679,2004-01-01
12190368,1679,2007-01-01
13547504,1679,2013-01-01
6633912,1679,2010-01-01
543103,1679,2005-01-01
2058305,1680,2008-01-01
16090309,1681,2013-01-01
40207004,1681,2018-01-01
25576158,1681,2014-01-01
1127539,1681,2006-01-01
6405181,1682,1987-01-01
394027,1683,2003-01-01
16143648,1684,2013-01-01
36341895,1684,2015-01-01
308060,1685,1995-01-01
12190368,1685,2007-01-01
27668,1685,2006-01-01
17262102,1685,2014-01-01
71984,1685,2004-01-01
40961621,1685,1999-01-01
2279,1685,1992-01-01
308060,1686,1995-01-01
643483,1686,2007-01-01
484028,1686,1991-01-01
178658,1686,1997-01-01
420967,1687,1987-01-01
77378,1687,1975-01-01
82991,1687,2005-01-01
19494,1687,1963-01-01
762806,1687,1981-01-01
8574,1687,1979-01-01
420967,1688,2005-01-01
459386,1688,2005-01-01
762806,1688,2005-01-01
10762662,1689,2012-01-01
2599523,1689,2009-01-01
10762662,1690,2012-01-01
1417493,1690,1998-01-01
5795018,1690,2008-01-01
13536606,1691,2014-01-01
17165926,1691,2015-01-01
22875435,1691,2016-01-01
13492032,1692,2012-01-01
7077917,1693,2010-01-01
60707,1694,1980-01-01
151928,1694,1993-01-01
56674,1694,1984-01-01
15836,1694,1997-01-01
148639,1694,1983-01-01
195733,1694,1998-01-01
17399863,1695,2013-01-01
40304,1696,1979-01-01
16107908,1697,2014-01-01
16107908,1698,2014-01-01
17699460,1699,2013-01-01
22236956,1699,2015-01-01
16064853,1699,2014-01-01
252459,1700,1989-01-01
252459,1701,1988-01-01
11633124,1702,2013-01-01
6272048,1702,2009-01-01
13193855,1703,2012-01-01
13587039,1703,2013-01-01
15797397,1703,2013-01-01
22529434,1703,2015-01-01
20484545,1703,2015-01-01
26000304,1703,2015-01-01
16182601,1703,2013-01-01
18179259,1704,2014-01-01
23924229,1704,2015-01-01
3418688,1705,1999-01-01
3378965,1706,2014-01-01
25491363,1706,2015-01-01
16240980,1706,2013-01-01
18367554,1707,2012-01-01
28604340,1707,2010-01-01
18592416,1708,1981-01-01
6627633,1708,1980-01-01
6124984,1708,1954-01-01
358846,1708,1966-01-01
321566,1708,1984-01-01
6597855,1708,1965-01-01
10852343,1709,2013-01-01
3227063,1709,2009-01-01
10852343,1710,2013-01-01
28446169,1710,2016-01-01
10852343,1711,2013-01-01
17900221,1712,2013-01-01
21446984,1712,2014-01-01
391850,1713,1967-01-01
7743783,1714,2010-01-01
7791997,1714,2010-01-01
8685612,1714,2011-01-01
7124095,1714,2010-01-01
7864220,1715,2010-01-01
7864312,1715,2011-01-01
20433978,1716,2001-01-01
241388,1717,2008-01-01
12369589,1717,2013-01-01
20419632,1718,2016-01-01
18218495,1719,2014-01-01
4015864,1720,2009-01-01
7444024,1720,2009-01-01
1337973,1720,2008-01-01
20589303,1721,2014-01-01
2404797,1722,2008-01-01
871284,1723,1990-01-01
11666,1723,1995-01-01
1078,1723,1935-01-01
415,1723,1975-01-01
545951,1723,1930-01-01
11761,1723,2000-01-01
577283,1723,1970-01-01
40180098,1723,2020-01-01
14276,1723,1980-01-01
2253484,1723,2010-01-01
18841647,1724,2015-01-01
10454232,1725,2012-01-01
15902792,1726,2014-01-01
49195,1726,2005-01-01
2,1726,2004-01-01
1,1726,2006-01-01
2213661,1726,2009-01-01
22557272,1726,2016-01-01
9418327,1726,2012-01-01
34728667,1726,2019-01-01
26200563,1726,2017-01-01
9439303,1726,2011-01-01
17375790,1727,2013-01-01
17253247,1727,2013-01-01
5226968,1728,2005-01-01
12389698,1729,2006-01-01
18406158,1730,2015-01-01
13013083,1731,2003-01-01
13013083,1732,2003-01-01
23301545,1732,2014-01-01
6533485,1732,2002-01-01
13013083,1733,2003-01-01
6533485,1733,2002-01-01
13501217,1733,2012-01-01
13013083,1734,2003-01-01
223380,1734,1992-01-01
18877657,1735,2014-01-01
417656,1736,1992-01-01
77566,1736,1991-01-01
1076753,1737,2008-01-01
21946642,1738,2015-01-01
5016341,1738,2009-01-01
21882327,1739,2015-01-01
9942091,1740,2012-01-01
7898618,1740,2012-01-01
25480342,1740,2013-01-01
9429895,1740,2013-01-01
669541,1741,2004-01-01
62291,1741,2006-01-01
16089721,1742,2013-01-01
1882873,1742,1997-01-01
141473,1742,2001-01-01
1044272,1742,1996-01-01
12414625,1743,2012-01-01
12414625,1744,2013-01-01
12414625,1745,2014-01-01
12414625,1746,2013-01-01
12414625,1747,2013-01-01
20798720,1748,2014-01-01
22662902,1749,2015-01-01
31944708,1749,2018-01-01
15811545,1749,2014-01-01
21818422,1750,2014-01-01
21818422,1751,2014-01-01
18600489,1752,2010-01-01
3674269,1753,1983-01-01
42714,1754,2001-01-01
22232,1754,2001-01-01
78411,1754,2001-01-01
69499,1754,2001-01-01
23585287,1755,2016-01-01
13623777,1755,2013-01-01
19405297,1755,2016-01-01
10872535,1756,2008-01-01
489972,1757,1979-01-01
551876,1757,1968-01-01
349129,1757,2004-01-01
17333265,1757,2014-01-01
16002136,1758,2013-01-01
16002136,1759,2013-01-01
21326,1759,2003-01-01
20575425,1760,2015-01-01
8466973,1761,2010-01-01
21971350,1761,2015-01-01
2106193,1762,2008-01-01
25491363,1763,2016-01-01
25491363,1764,2015-01-01
25491363,1765,2015-01-01
16121661,1766,2018-01-01
25035244,1767,2015-01-01
25035244,1768,2016-01-01
25035244,1769,2016-01-01
25035244,1770,2015-01-01
25035244,1771,2015-01-01
25035244,1772,2016-01-01
25035244,1773,2015-01-01
25035244,1774,2016-01-01
25035244,1775,2015-01-01
25035244,1776,2015-01-01
25035244,1777,2015-01-01
25035244,1778,2016-01-01
25155125,1779,2017-01-01
18810929,1780,2012-01-01
18810929,1781,2012-01-01
17794325,1782,2005-01-01
18806259,1783,2015-01-01
9216157,1783,2011-01-01
7879278,1783,2012-01-01
6447415,1783,2010-01-01
18806259,1784,2015-01-01
10742462,1784,2012-01-01
18806259,1785,2015-01-01
23308960,1786,2015-01-01
23308960,1787,2014-01-01
23308960,1788,2015-01-01
36097796,1788,2013-01-01
18215033,1788,2014-01-01
21450756,1788,2014-01-01
13086226,1788,2014-01-01
15766187,1788,2013-01-01
36114323,1788,2014-01-01
18333130,1788,2013-01-01
16137612,1788,2013-01-01
23308960,1789,2014-01-01
23308960,1790,2015-01-01
22814408,1791,2015-01-01
21852339,1791,2015-01-01
25113747,1792,2015-01-01
26127512,1793,2016-01-01
26127512,1794,2016-01-01
27241996,1795,2008-01-01
11503,1796,2001-01-01
24001,1796,2003-01-01
1319778,1796,1995-01-01
332350,1796,1983-01-01
405452,1796,1984-01-01
771941,1796,2006-01-01
334971,1796,1998-01-01
18144590,1796,1996-01-01
11899,1796,2000-01-01
2517,1796,2002-01-01
7672,1796,1982-01-01
1528410,1796,2007-01-01
148639,1796,1987-01-01
211264,1797,1990-01-01
830238,1797,1980-01-01
49011,1797,1979-01-01
46087,1797,1981-01-01
40117,1797,1995-01-01
211264,1798,1990-01-01
23398625,1799,2016-01-01
4667024,1799,2010-01-01
33597976,1799,2013-01-01
8366402,1799,2012-01-01
23398625,1800,2016-01-01
23398625,1801,2016-01-01
668282,1802,1970-01-01
67697,1802,1970-01-01
22809818,1803,2013-01-01
14287847,1804,2002-01-01
7748743,1804,2011-01-01
1655091,1804,2004-01-01
49038,1805,1997-01-01
16406114,1806,2013-01-01
13413944,1807,2013-01-01
10135719,1808,2011-01-01
16300774,1808,2013-01-01
6765740,1808,2010-01-01
159666,1809,2006-01-01
159666,1810,2000-01-01
357664,1810,2000-01-01
307791,1810,2004-01-01
159666,1811,2000-01-01
18634859,1812,2014-01-01
37558445,1812,2019-01-01
17788580,1812,2014-01-01
25876358,1812,2016-01-01
17333319,1812,2014-01-01
24001,1813,2004-01-01
25682803,1814,2014-01-01
7090627,1814,2010-01-01
161503,1814,1998-01-01
47776,1814,2000-01-01
25682803,1815,2017-01-01
35059670,1815,2010-01-01
13547504,1815,2014-01-01
9639197,1815,2011-01-01
6493208,1815,2010-01-01
25682803,1816,2017-01-01
25682803,1817,2014-01-01
15811554,1817,2013-01-01
25682803,1818,2015-01-01
22929586,1818,2016-01-01
4626738,1818,2012-01-01
1736739,1818,2010-01-01
196564,1818,2013-01-01
25682803,1819,2017-01-01
2072557,1819,2018-01-01
6582496,1820,2010-01-01
5356476,1820,2010-01-01
26228034,1820,2017-01-01
27973757,1821,2017-01-01
28757261,1821,1998-01-01
3,1821,1998-01-01
18122,1821,2001-01-01
27973757,1822,2017-01-01
23302416,1822,2013-01-01
11387515,1822,2013-01-01
6581334,1822,2009-01-01
11088150,1822,2013-01-01
27973757,1823,2017-01-01
29086765,1823,2017-01-01
34865995,1823,2019-01-01
6931717,1824,2001-01-01
23349181,1824,1985-01-01
91659,1824,1959-01-01
23353422,1825,2015-01-01
25351826,1825,2016-01-01
352727,1826,2003-01-01
17302559,1827,2015-01-01
944555,1827,2004-01-01
13402805,1827,2013-01-01
2662169,1827,2009-01-01
30549126,1828,2016-01-01
23578,1829,1997-01-01
7775841,1829,2011-01-01
12377445,1829,2013-01-01
117370,1829,2007-01-01
6365221,1829,2010-01-01
24,1829,2001-01-01
4138,1829,1997-01-01
46349,1829,2005-01-01
25064648,1830,2016-01-01
28768131,1830,2017-01-01
32075671,1830,2017-01-01
34728667,1830,2018-01-01
33294200,1830,2018-01-01
35887567,1830,2019-01-01
15819606,1831,2013-01-01
15721120,1832,2012-01-01
23129,1833,1993-01-01
17449772,1833,2013-01-01
23129,1834,1994-01-01
23280166,1835,2015-01-01
1364217,1836,2001-01-01
20550148,1837,2016-01-01
25944786,1837,2017-01-01
23129715,1838,2016-01-01
33380504,1839,2017-01-01
95626,1840,2010-01-01
11427,1840,2007-01-01
46204363,1841,2020-01-01
31170723,1842,2017-01-01
31170723,1843,2018-01-01
34666763,1843,2018-01-01
35133922,1843,2019-01-01
31138556,1843,2017-01-01
28449231,1844,2017-01-01
32673847,1844,2018-01-01
1344318,1845,1993-01-01
2650688,1845,1992-01-01
1109962,1845,2006-01-01
6050822,1845,2008-01-01
100485,1845,2000-01-01
1344318,1846,1993-01-01
1109962,1846,2006-01-01
6050822,1846,2008-01-01
22208279,1847,2010-01-01
22208279,1848,2010-01-01
30177276,1848,2013-01-01
13170021,1849,2013-01-01
13170021,1850,2013-01-01
18667753,1850,2015-01-01
26473868,1851,2016-01-01
18576,1852,2002-01-01
28945665,1852,2018-01-01
9917938,1852,2012-01-01
34020174,1853,2018-01-01
258627,1854,1996-01-01
122942,1854,2007-01-01
160206,1854,2008-01-01
25354,1854,1993-01-01
15054,1854,1994-01-01
72929,1854,2001-01-01
44543,1854,2002-01-01
614168,1855,2005-01-01
162331,1855,1990-01-01
124982,1855,2006-01-01
13530981,1855,2013-01-01
11713,1855,1993-01-01
17650,1855,1994-01-01
15836,1855,1997-01-01
5946,1855,1988-01-01
10955239,1855,2000-01-01
33358760,1856,2017-01-01
20660692,1857,2015-01-01
30069169,1858,2017-01-01
30292329,1859,2016-01-01
36413580,1860,2017-01-01
499415,1860,2005-01-01
2517439,1861,2009-01-01
711901,1861,2009-01-01
10058,1861,2001-01-01
2517439,1862,2009-01-01
39020,1862,2006-01-01
2517439,1863,2009-01-01
38470102,1863,2019-01-01
113118,1864,1999-01-01
118065,1864,2007-01-01
58275,1864,2001-01-01
40579998,1865,2015-01-01
40579998,1866,2014-01-01
36430456,1867,2018-01-01
31921280,1868,2017-01-01
7891973,1869,2013-01-01
23433546,1869,2014-01-01
13041042,1869,2008-01-01
11138172,1869,2016-01-01
722292,1869,2017-01-01
962767,1869,2005-01-01
13642528,1869,2014-01-01
238463,1869,2006-01-01
22596008,1869,2011-01-01
30526987,1869,2010-01-01
640777,1869,2005-01-01
2,1869,2004-01-01
41865,1869,2007-01-01
29844228,1869,2010-01-01
39999,1869,2008-01-01
6442769,1869,2011-01-01
28194,1869,2004-01-01
4929,1869,2005-01-01
6482837,1869,2011-01-01
452306,1869,2003-01-01
7600924,1869,2012-01-01
18692431,1869,2016-01-01
769483,1869,2006-01-01
6613956,1869,2010-01-01
11284898,1869,2012-01-01
18302455,1869,2015-01-01
25403,1869,2004-01-01
25373,1869,2008-01-01
8314214,1869,2013-01-01
107664,1869,2007-01-01
6609758,1869,2011-01-01
23341894,1869,2017-01-01
6647312,1869,2011-01-01
2164318,1869,2009-01-01
318404,1869,2009-01-01
1045757,1869,2010-01-01
25351826,1870,2016-01-01
21086818,1870,2015-01-01
27213168,1870,2017-01-01
25899336,1870,2017-01-01
22514020,1870,2016-01-01
18339630,1870,2015-01-01
25351826,1871,2017-01-01
35711376,1871,2018-01-01
41817481,1871,2020-01-01
25351826,1872,2017-01-01
30038960,1872,2018-01-01
33883976,1873,2018-01-01
33883976,1874,2017-01-01
33883976,1875,2017-01-01
33883976,1876,2018-01-01
33883976,1877,2017-01-01
42933229,1878,2019-01-01
440777,1879,2001-01-01
16670,1879,2007-01-01
65285,1879,2002-01-01
3591262,1879,2010-01-01
13539044,1879,2009-01-01
3483,1879,2007-01-01
10996342,1879,2012-01-01
52873,1879,1993-01-01
251762,1879,2001-01-01
1428609,1880,2005-01-01
2808945,1880,2003-01-01
1201724,1880,2007-01-01
27366528,1880,2019-01-01
6403092,1880,1982-01-01
17061,1880,2003-01-01
52635,1880,1987-01-01
91357,1880,1989-01-01
1428609,1881,1985-01-01
34389270,1881,2010-01-01
1428609,1882,1986-01-01
3195668,1883,1999-01-01
22628234,1884,2014-01-01
17302571,1885,2014-01-01
17302571,1886,2014-01-01
17302571,1887,2014-01-01
40390773,1888,2019-01-01
31869108,1888,2017-01-01
29938031,1888,2017-01-01
34666763,1888,2018-01-01
29936927,1888,2017-01-01
35965482,1889,2020-01-01
42270835,1889,2020-01-01
41150487,1889,2020-01-01
35965482,1890,2019-01-01
41952489,1890,2019-01-01
33257757,1890,2018-01-01
34392663,1890,2018-01-01
29895106,1890,2017-01-01
40618519,1890,2019-01-01
34002132,1890,2018-01-01
34728667,1890,2018-01-01
31817749,1890,2017-01-01
25895524,1890,2017-01-01
36896898,1890,2018-01-01
30688013,1890,2017-01-01
31450908,1890,2017-01-01
586732,1891,2007-01-01
15600,1891,2003-01-01
2815590,1891,2008-01-01
10157304,1892,2004-01-01
21401526,1893,2014-01-01
963537,1894,1989-01-01
1367916,1894,1998-01-01
429631,1894,1993-01-01
963537,1895,1989-01-01
782858,1895,1988-01-01
239399,1896,2009-01-01
10235919,1896,2014-01-01
1282266,1896,2011-01-01
17863,1896,2010-01-01
89190,1896,2009-01-01
8908,1896,2011-01-01
68494,1896,2010-01-01
4703581,1896,2012-01-01
40792913,1896,2006-01-01
16703,1896,2010-01-01
954674,1896,2012-01-01
6506307,1896,2014-01-01
68496,1896,2011-01-01
7562764,1896,2013-01-01
9265453,1896,2014-01-01
60215,1896,2009-01-01
52521517,1897,2020-01-01
52521517,1898,2019-01-01
52521517,1899,2020-01-01
52521517,1900,2019-01-01
52521517,1901,2019-01-01
52521517,1902,2019-01-01
30687041,1903,2017-01-01
8119966,1903,2005-01-01
7178978,1903,2009-01-01
1991039,1903,1998-01-01
12406892,1903,2006-01-01
2429135,1903,2006-01-01
6892870,1903,2008-01-01
124509,1903,1993-01-01
935308,1903,1992-01-01
7145565,1903,2010-01-01
37558445,1904,2019-01-01
37558445,1905,2019-01-01
13158800,1905,2013-01-01
27824826,1905,2017-01-01
37558445,1906,2019-01-01
40700317,1906,2019-01-01
40514431,1906,2019-01-01
39679076,1906,2019-01-01
37558445,1907,2019-01-01
37004370,1908,2019-01-01
36885304,1908,2018-01-01
37004370,1909,2020-01-01
164238,1910,2008-01-01
10256072,1911,2011-01-01
287861,1911,2007-01-01
156785,1911,2006-01-01
36348525,1912,2019-01-01
270490,1912,1999-01-01
34728667,1912,2019-01-01
35068705,1912,2019-01-01
36348525,1913,2019-01-01
30755001,1913,2018-01-01
36692478,1913,2019-01-01
33590210,1913,2019-01-01
36348525,1914,2019-01-01
1821730,1915,2004-01-01
32857181,1916,2017-01-01
50056671,1917,2020-01-01
35617181,1918,2017-01-01
29102841,1919,2017-01-01
27864943,1920,1992-01-01
10964,1920,1992-01-01
27864943,1921,2001-01-01
10964,1921,2001-01-01
676723,1922,1975-01-01
733293,1922,1973-01-01
6624080,1922,1975-01-01
126061,1922,1969-01-01
29502332,1923,2005-01-01
24966838,1923,2006-01-01
4395,1923,1999-01-01
2657,1923,2007-01-01
2623,1923,2010-01-01
14891,1923,2002-01-01
295,1923,2008-01-01
8130077,1923,2000-01-01
188572,1923,2014-01-01
4406,1923,2004-01-01
18114322,1923,1999-01-01
5890,1923,2011-01-01
5326,1923,2005-01-01
54479,1923,2006-01-01
325085,1923,2012-01-01
50827,1923,2013-01-01
34667795,1924,2018-01-01
29283884,1924,2018-01-01
7894237,1925,2011-01-01
7823592,1925,2011-01-01
1131877,1926,1973-01-01
6558237,1926,1999-01-01
19315758,1926,2003-01-01
6319,1926,1985-01-01
54283,1926,1974-01-01
2595763,1927,2008-01-01
26195972,1927,2016-01-01
17465709,1927,2013-01-01
1537440,1927,2007-01-01
7624594,1927,2010-01-01
6438710,1927,2009-01-01
289169,1928,1996-01-01
1430980,1929,2004-01-01
6558237,1929,1996-01-01
1430980,1930,2009-01-01
26920,1931,2004-01-01
26920,1932,2006-01-01
6398011,1933,2010-01-01
36158,1934,1988-01-01
6088007,1934,1985-01-01
1704719,1935,2009-01-01
12079,1936,1990-01-01
105021,1936,1966-01-01
193873,1936,1994-01-01
1721221,1936,1970-01-01
15047,1936,1987-01-01
6819,1936,1999-01-01
413177,1936,2005-01-01
81026,1936,1968-01-01
982960,1937,1999-01-01
942240,1937,1988-01-01
68146,1937,2005-01-01
311643,1938,1975-01-01
314986,1939,1983-01-01
7327301,1940,2010-01-01
2368651,1940,2005-01-01
25091498,1940,2016-01-01
12941351,1940,2013-01-01
11870085,1940,2013-01-01
1618,1940,2006-01-01
39999,1940,2008-01-01
6068551,1940,2011-01-01
28686840,1940,2018-01-01
9429895,1940,2012-01-01
389535,1940,2003-01-01
2189360,1941,1997-01-01
36885304,1941,2008-01-01
2189373,1941,2007-01-01
1718295,1941,2005-01-01
3525895,1942,2010-01-01
27213253,1942,2017-01-01
3185276,1942,2009-01-01
36809135,1942,2019-01-01
6335026,1942,2010-01-01
9975214,1943,2011-01-01
17886983,1943,2013-01-01
15721334,1943,2012-01-01
12315661,1944,2011-01-01
65149,1945,1978-01-01
827902,1945,1984-01-01
876034,1945,1976-01-01
161099,1945,1982-01-01
92717,1945,1983-01-01
114982,1945,1988-01-01
116413,1946,2002-01-01
184786,1946,2003-01-01
57504,1946,2000-01-01
910863,1946,2006-01-01
48484,1946,2007-01-01
104097,1946,1999-01-01
180739,1947,2004-01-01
241385,1947,2005-01-01
24856069,1947,2016-01-01
819789,1947,2008-01-01
818867,1947,2008-01-01
7640543,1947,2011-01-01
944555,1948,2005-01-01
297909,1949,2002-01-01
8802774,1950,2010-01-01
8802774,1951,2010-01-01
13165142,1951,2009-01-01
642231,1951,2005-01-01
8579486,1952,2011-01-01
6408862,1952,2010-01-01
7863274,1952,2011-01-01
7417780,1952,2011-01-01
3431810,1953,2013-01-01
17449772,1953,2014-01-01
13244988,1953,2010-01-01
10108463,1953,2012-01-01
51029,1954,2007-01-01
26889576,1954,2011-01-01
6512154,1954,2010-01-01
25852784,1954,2017-01-01
349947,1955,2003-01-01
3901371,1955,2009-01-01
18335162,1955,2014-01-01
7444024,1956,2010-01-01
16788,1956,2007-01-01
7912007,1956,2011-01-01
373915,1956,2006-01-01
98374,1957,1999-01-01
3901371,1957,2009-01-01
1880767,1957,1992-01-01
4027093,1957,1997-01-01
98374,1958,2000-01-01
1429901,1959,1985-01-01
8108609,1960,2014-01-01
26075634,1960,2017-01-01
13827,1961,2009-01-01
36510196,1961,2007-01-01
34928122,1961,2019-01-01
13827,1962,1976-01-01
11523971,1963,2011-01-01
7826204,1964,2000-01-01
7826204,1965,2014-01-01
156775,1966,1999-01-01
68494,1966,2009-01-01
4703581,1966,2012-01-01
910863,1966,2008-01-01
11289,1966,2000-01-01
156785,1966,2005-01-01
223380,1966,2003-01-01
11142635,1967,1977-01-01
15743461,1968,2007-01-01
7108146,1968,2011-01-01
12406892,1968,2008-01-01
2429135,1968,2008-01-01
5060378,1968,2009-01-01
13256064,1968,2012-01-01
2205663,1969,2003-01-01
3131270,1970,2009-01-01
31685789,1970,2011-01-01
12288333,1971,1966-01-01
18193684,1972,2014-01-01
18193684,1973,2014-01-01
98048,1973,2003-01-01
321577,1973,2000-01-01
18193684,1974,2014-01-01
6905480,1975,2008-01-01
8574333,1975,2011-01-01
12031532,1975,2012-01-01
1217728,1975,2007-01-01
6905480,1976,2008-01-01
34941200,1976,2005-01-01
9873759,1976,1982-01-01
1431558,1976,1999-01-01
1431557,1976,1983-01-01
1705415,1976,1984-01-01
1780560,1976,1981-01-01
10603056,1977,2011-01-01
16282616,1978,2013-01-01
15790852,1979,2014-01-01
13588082,1979,2013-01-01
15790852,1980,2015-01-01
13546400,1980,2014-01-01
9486602,1980,2013-01-01
20708771,1980,2016-01-01
13588082,1980,2014-01-01
17333265,1980,2015-01-01
13083239,1980,2014-01-01
18335916,1981,2014-01-01
656048,1982,2004-01-01
417807,1982,2008-01-01
229067,1982,2007-01-01
291440,1982,2002-01-01
3171693,1983,2003-01-01
16064400,1983,1991-01-01
7465733,1983,1972-01-01
696512,1984,1994-01-01
1908372,1985,1976-01-01
25800049,1985,1976-01-01
8883573,1986,2008-01-01
18669169,1986,2013-01-01
124432,1986,2003-01-01
17901330,1987,2016-01-01
27037952,1987,2016-01-01
3472820,1988,2010-01-01
5267365,1988,2010-01-01
4570679,1988,2010-01-01
15972,1989,2008-01-01
383514,1989,2008-01-01
7141642,1989,2011-01-01
2761171,1989,2009-01-01
17313660,1990,2014-01-01
17313660,1991,2013-01-01
16030663,1992,2014-01-01
6693329,1992,2011-01-01
7741325,1992,2011-01-01
28149981,1992,2011-01-01
13477676,1992,2014-01-01
11178225,1992,2014-01-01
18458190,1993,2013-01-01
63504,1993,2000-01-01
989055,1993,1995-01-01
285064,1993,1997-01-01
18458190,1994,2013-01-01
9105432,1995,2011-01-01
10283324,1995,2011-01-01
15780279,1996,2013-01-01
17237214,1996,2013-01-01
13554019,1997,2012-01-01
26088905,1998,2013-01-01
7892578,1999,2012-01-01
10307460,1999,2012-01-01
7892578,2000,2015-01-01
2767052,2000,2009-01-01
7171637,2000,2010-01-01
13545075,2000,2013-01-01
23437156,2000,2016-01-01
7090447,2000,2011-01-01
15839976,2000,2014-01-01
4932435,2000,2012-01-01
17378527,2000,2017-01-01
9364112,2001,2011-01-01
3901371,2001,2009-01-01
262762,2001,2008-01-01
9364112,2002,2011-01-01
9364112,2003,2011-01-01
37506437,2004,2019-01-01
12162432,2004,2012-01-01
19547856,2004,2016-01-01
32075671,2004,2018-01-01
19549841,2004,2013-01-01
8563789,2004,2012-01-01
1743390,2004,2009-01-01
22752127,2004,2017-01-01
37506437,2005,2019-01-01
31351689,2005,2019-01-01
38139409,2005,2019-01-01
33294200,2005,2019-01-01
37506437,2006,2019-01-01
37506437,2007,2019-01-01
37506437,2008,2019-01-01
35887567,2008,2019-01-01
18008080,2009,2015-01-01
18008080,2010,2015-01-01
18008080,2011,2015-01-01
9703922,2012,1988-01-01
572630,2012,1985-01-01
108064,2013,1986-01-01
39662,2013,1982-01-01
13440,2013,1986-01-01
552357,2013,1980-01-01
18090077,2014,2014-01-01
18467818,2014,2014-01-01
22859573,2014,2015-01-01
11516221,2015,2016-01-01
23374690,2016,2015-01-01
68497,2016,2003-01-01
25309550,2017,2016-01-01
243746,2018,2003-01-01
243746,2019,2003-01-01
21531503,2020,2015-01-01
6496815,2020,2010-01-01
48757,2020,2013-01-01
15843166,2020,2014-01-01
6720473,2021,2005-01-01
15790878,2022,2014-01-01
7432,2022,2006-01-01
86643,2022,2008-01-01
29010394,2023,2017-01-01
23009011,2024,2015-01-01
43190272,2025,2019-01-01
30622617,2026,2018-01-01
37514017,2026,2019-01-01
96200,2026,2003-01-01
2218352,2027,2001-01-01
1337751,2027,2002-01-01
24790901,2028,2016-01-01
33020060,2029,2016-01-01
1353409,2030,2003-01-01
1300350,2030,2003-01-01
27037952,2031,2016-01-01
27037952,2032,2016-01-01
27037952,2033,2016-01-01
10749266,2034,2012-01-01
18478848,2034,2014-01-01
2473508,2035,1993-01-01
23299427,2036,2003-01-01
2933268,2036,2009-01-01
6408862,2036,2010-01-01
1314332,2036,2008-01-01
161426,2036,2005-01-01
710437,2036,2006-01-01
9429895,2036,2012-01-01
1910949,2037,2009-01-01
1910949,2038,2008-01-01
4052800,2039,2000-01-01
25091498,2039,2016-01-01
12554628,2039,2012-01-01
16089464,2040,2013-01-01
16089464,2041,2013-01-01
29894572,2042,2017-01-01
128477,2043,2008-01-01
36372914,2044,2018-01-01
619962,2045,2006-01-01
4314031,2045,2006-01-01
619962,2046,2008-01-01
18044412,2047,2012-01-01
545766,2047,1999-01-01
583948,2047,2001-01-01
40605285,2047,2009-01-01
462033,2047,2003-01-01
113002,2047,2002-01-01
31374,2047,1988-01-01
29095402,2048,2017-01-01
30748899,2049,2019-01-01
17571466,2050,2015-01-01
34467031,2051,2018-01-01
12872236,2051,2013-01-01
18143977,2051,2015-01-01
17333223,2051,2014-01-01
23168277,2051,2016-01-01
30555488,2051,2017-01-01
33572350,2052,2017-01-01
28251002,2052,2016-01-01
26114523,2052,2016-01-01
18505784,2052,2014-01-01
129215,2053,1977-01-01
976112,2053,1974-01-01
44234,2053,1975-01-01
32075842,2054,2018-01-01
4152549,2055,2002-01-01
1696150,2056,2003-01-01
2669460,2056,2004-01-01
3972188,2056,2008-01-01
1696150,2057,2003-01-01
7632051,2057,2000-01-01
4174529,2057,1995-01-01
7962312,2058,2011-01-01
3394,2059,1991-01-01
63657,2059,2007-01-01
13637141,2060,2018-01-01
3244570,2061,1996-01-01
17465709,2062,2015-01-01
41104077,2063,2020-01-01
41880043,2063,2020-01-01
36352480,2063,2019-01-01
41817481,2063,2020-01-01
1299904,2064,2008-01-01
43747,2064,2001-01-01
24481072,2065,2016-01-01
36412998,2066,2020-01-01
39884337,2066,2020-01-01
81042,2067,2005-01-01
66657,2067,2005-01-01
81042,2068,2005-01-01
81042,2069,2005-01-01
81042,2070,2005-01-01
81042,2071,2004-01-01
34381333,2072,2018-01-01
18226785,2072,2015-01-01
24727094,2072,2016-01-01
11395597,2072,2013-01-01
34381333,2073,2018-01-01
28757261,2074,2002-01-01
3,2074,2002-01-01
28757261,2075,1999-01-01
766020,2075,1995-01-01
3,2075,1999-01-01
301736,2075,1996-01-01
786256,2075,1994-01-01
228879,2075,1993-01-01
825081,2075,1997-01-01
28757261,2076,2000-01-01
3,2076,2000-01-01
136251,2076,2008-01-01
373915,2076,2008-01-01
28757261,2077,2001-01-01
22037424,2077,2004-01-01
28143415,2077,2004-01-01
2767052,2077,2010-01-01
2,2077,2006-01-01
3,2077,2001-01-01
5,2077,2004-01-01
113436,2077,2005-01-01
15881,2077,2008-01-01
830502,2077,1994-01-01
40604658,2077,1993-01-01
45978,2077,2007-01-01
5359,2077,1995-01-01
428263,2077,2009-01-01
143555,2077,1985-01-01
28757261,2078,2001-01-01
3,2078,2001-01-01
249747,2078,2003-01-01
37190,2078,2005-01-01
28757261,2079,2000-01-01
25003696,2079,2002-01-01
2,2079,2005-01-01
3,2079,2000-01-01
6,2079,2002-01-01
113436,2079,2006-01-01
15881,2079,2008-01-01
28757261,2080,2000-01-01
25003696,2080,2002-01-01
22037424,2080,2004-01-01
28143415,2080,2004-01-01
3,2080,2000-01-01
39988,2080,1991-01-01
5,2080,2004-01-01
6,2080,2002-01-01
37190,2080,2005-01-01
28757261,2081,2002-01-01
22037424,2081,2001-01-01
28143415,2081,2001-01-01
3,2081,2002-01-01
5,2081,2001-01-01
28757261,2082,1997-01-01
22037424,2082,1999-01-01
28143415,2082,1999-01-01
123070,2082,1996-01-01
3,2082,1997-01-01
5,2082,1999-01-01
15881,2082,1998-01-01
294442,2082,2001-01-01
455933,2082,2005-01-01
295169,2082,2000-01-01
297842,2082,2006-01-01
28757261,2083,1999-01-01
2767052,2083,2010-01-01
3,2083,1999-01-01
28757261,2084,1998-01-01
3,2084,1998-01-01
34494,2084,2003-01-01
28757261,2085,1998-01-01
3,2085,1998-01-01
28757261,2086,2000-01-01
3,2086,2000-01-01
25003696,2087,2001-01-01
7739858,2087,2011-01-01
22596008,2087,2010-01-01
6,2087,2001-01-01
6442769,2087,2010-01-01
113304,2087,2003-01-01
59264,2087,2006-01-01
15722810,2088,2012-01-01
11235712,2088,2012-01-01
22610331,2088,2011-01-01
23219493,2088,2012-01-01
36381037,2088,2012-01-01
8755776,2088,2012-01-01
9275658,2088,2012-01-01
10637766,2088,2011-01-01
8709523,2088,2012-01-01
9593911,2088,2012-01-01
13047090,2088,2012-01-01
9369720,2088,2011-01-01
8235178,2088,2011-01-01
8428064,2088,2011-01-01
13572249,2089,2013-01-01
20448515,2089,2013-01-01
13572249,2090,2012-01-01
20448515,2090,2012-01-01
10140661,2090,2011-01-01
15760001,2090,2012-01-01
13639050,2090,2012-01-01
13448656,2090,2012-01-01
414692,2091,1998-01-01
357787,2092,2004-01-01
112472,2093,1979-01-01
112472,2094,1980-01-01
12532,2095,2000-01-01
10383597,2095,2012-01-01
25489625,2095,2016-01-01
194161,2096,2003-01-01
339352,2096,1987-01-01
187181,2096,1967-01-01
3867,2096,2005-01-01
7274337,2096,2010-01-01
251762,2096,2001-01-01
1722607,2097,1984-01-01
1379444,2097,1983-01-01
1722607,2098,1980-01-01
1722607,2099,1983-01-01
9720853,2100,1993-01-01
553907,2101,1969-01-01
7332,2101,1978-01-01
6088007,2101,1985-01-01
21611,2101,1976-01-01
41821,2101,1973-01-01
127586,2101,1979-01-01
100344,2101,1975-01-01
656876,2102,1994-01-01
662564,2102,2005-01-01
334971,2102,2014-01-01
40200,2102,2010-01-01
15836,2102,2001-01-01
533465,2102,2015-01-01
2914005,2103,1996-01-01
545766,2103,2000-01-01
6854,2103,1998-01-01
6422,2103,1999-01-01
6261078,2104,2010-01-01
8705784,2104,2012-01-01
8621850,2105,2012-01-01
16044987,2105,2015-01-01
6270483,2106,2011-01-01
6909544,2106,2011-01-01
16100972,2106,2013-01-01
1924322,2106,2009-01-01
6270483,2107,2011-01-01
6270483,2108,2011-01-01
6270483,2109,2010-01-01
1629601,2109,2008-01-01
45046784,2109,2009-01-01
7146180,2110,2011-01-01
7146180,2111,2010-01-01
7146180,2112,2010-01-01
7146180,2113,2011-01-01
393715,2114,2006-01-01
12941351,2114,2013-01-01
2767052,2114,2009-01-01
41865,2114,2007-01-01
11870085,2114,2013-01-01
13335037,2114,2012-01-01
6186357,2114,2011-01-01
6068551,2114,2010-01-01
15745753,2114,2014-01-01
16143347,2114,2015-01-01
270805,2114,2008-01-01
295649,2114,2005-01-01
20640755,2114,2016-01-01
393715,2115,2004-01-01
6726353,2115,2010-01-01
126896,2116,2002-01-01
132267,2116,2001-01-01
884204,2117,2006-01-01
9335564,2117,2007-01-01
93793,2117,2007-01-01
32421,2117,2006-01-01
1225261,2117,2008-01-01
78971,2117,2007-01-01
154424,2117,2006-01-01
368731,2118,2003-01-01
29658,2118,2006-01-01
6025160,2118,2010-01-01
17262102,2118,2014-01-01
71984,2118,2005-01-01
18736925,2118,2015-01-01
10889279,2119,2011-01-01
9571478,2120,2012-01-01
6940642,2121,2011-01-01
12872236,2121,2013-01-01
214340,2121,2004-01-01
672262,2121,1992-01-01
667618,2121,2006-01-01
1243919,2122,1997-01-01
12010445,2122,2006-01-01
415699,2123,2005-01-01
71648,2124,2005-01-01
6944566,2125,2010-01-01
18143977,2125,2014-01-01
7904453,2126,2010-01-01
11987358,2127,2012-01-01
10316626,2128,2011-01-01
9581107,2129,2007-01-01
326023,2130,1957-01-01
16090231,2131,2013-01-01
206662,2132,2006-01-01
38447,2132,1987-01-01
30555488,2132,2017-01-01
206662,2133,2005-01-01
8100015,2134,2011-01-01
39927096,2134,2018-01-01
33253215,2134,2018-01-01
8100015,2135,2011-01-01
12091089,2136,2012-01-01
12091089,2137,2012-01-01
20645098,2137,2014-01-01
1636228,2138,2008-01-01
490966,2138,2007-01-01
57498,2138,2004-01-01
9767,2138,2000-01-01
9817692,2138,2010-01-01
11250317,2138,2013-01-01
9667161,2139,2011-01-01
184786,2140,2001-01-01
57504,2140,1997-01-01
60220,2141,1999-01-01
958521,2141,1999-01-01
60220,2142,1998-01-01
6966230,2142,2010-01-01
15706926,2143,2012-01-01
31685789,2143,2010-01-01
980533,2144,1996-01-01
6447729,2144,2010-01-01
18295858,2144,2015-01-01
1503626,2144,2009-01-01
156703,2144,1996-01-01
8913370,2144,2003-01-01
272315,2144,2004-01-01
2137,2144,1991-01-01
8427264,2145,2011-01-01
17264519,2146,1988-01-01
28940,2146,1995-01-01
580789,2147,1999-01-01
1846465,2148,2009-01-01
5422154,2149,2010-01-01
7713965,2149,2011-01-01
10644930,2149,2012-01-01
12993530,2150,2013-01-01
1043247,2151,2012-01-01
17221425,2152,2013-01-01
39096,2153,2006-01-01
1027539,2153,2003-01-01
2086132,2153,2009-01-01
17318621,2153,2014-01-01
10996342,2153,2012-01-01
39096,2154,2006-01-01
6482182,2154,2009-01-01
256906,2154,2004-01-01
106613,2154,2000-01-01
1867344,2155,2008-01-01
89365,2156,2003-01-01
1635496,2157,1971-01-01
15823426,2158,2012-01-01
18693910,2158,2016-01-01
11295616,2158,2011-01-01
8174589,2158,2009-01-01
16077037,2158,1991-01-01
293672,2158,2006-01-01
110737,2158,2001-01-01
2265,2158,2000-01-01
4264,2158,1992-01-01
603260,2159,2001-01-01
7827689,2160,1980-01-01
77538,2160,1983-01-01
16130141,2161,2014-01-01
20665064,2161,2015-01-01
936503,2162,1997-01-01
1917763,2163,1997-01-01
194755,2163,1991-01-01
6765788,2164,2010-01-01
6690630,2164,2010-01-01
28446169,2164,2016-01-01
7992995,2164,2012-01-01
16120434,2164,2014-01-01
1092572,2165,2015-01-01
374233,2165,2004-01-01
17799,2165,2005-01-01
11691,2165,2006-01-01
13584309,2166,2013-01-01
5886881,2166,2010-01-01
9736930,2166,2011-01-01
12605487,2167,2012-01-01
99219,2167,2003-01-01
12998057,2167,2014-01-01
40604658,2167,2016-01-01
18007564,2167,2015-01-01
34511,2167,2004-01-01
12401556,2167,2013-01-01
6452731,2168,2018-01-01
21539471,2169,2015-01-01
9470575,2170,2005-01-01
54597,2171,2005-01-01
54594,2171,2005-01-01
7105495,2172,2011-01-01
2635557,2172,2009-01-01
971277,2172,2008-01-01
1742699,2172,2008-01-01
12087796,2172,2012-01-01
4626738,2172,2010-01-01
18516599,2172,2009-01-01
10813139,2172,2013-01-01
1739711,2172,2010-01-01
302983,2172,2008-01-01
63033,2172,2008-01-01
63032,2172,2009-01-01
398323,2172,2008-01-01
1029082,2172,2009-01-01
13165142,2172,2013-01-01
2376087,2172,2009-01-01
7105495,2173,2007-01-01
7105495,2174,2007-01-01
1660955,2175,1974-01-01
23208397,2176,2016-01-01
1789758,2177,2006-01-01
1736540,2177,2008-01-01
23263813,2177,2012-01-01
7268003,2178,1966-01-01
18868171,2179,2013-01-01
6951263,2180,2010-01-01
1078784,2180,2007-01-01
6951263,2181,2011-01-01
21781544,2182,2015-01-01
6577838,2183,1968-01-01
18397729,2184,2013-01-01
21531395,2185,2015-01-01
12730706,2186,2012-01-01
17791526,2186,2012-01-01
259861,2187,1956-01-01
19062,2188,2002-01-01
3083278,2188,2008-01-01
15802693,2189,2014-01-01
4959384,2189,2002-01-01
108422,2189,2007-01-01
15802693,2190,2014-01-01
27808997,2191,2016-01-01
21882146,2191,2014-01-01
1464757,2191,2007-01-01
1244286,2191,2006-01-01
24396871,2192,2016-01-01
256906,2192,2004-01-01
4820,2192,2007-01-01
298924,2192,2005-01-01
132913,2192,1989-01-01
6452798,2192,2014-01-01
1021010,2192,1999-01-01
16889,2192,1996-01-01
22859802,2193,2016-01-01
10431144,2194,1974-01-01
3280430,2195,1975-01-01
25574495,2196,2015-01-01
682765,2196,2015-01-01
8921,2196,2015-01-01
17265217,2197,2014-01-01
24860071,2198,2013-01-01
22544764,2198,2016-01-01
8706185,2198,2012-01-01
23664726,2199,2015-01-01
17621103,2200,2014-01-01
17621103,2201,2002-01-01
64492,2201,1951-01-01
11275,2201,1995-01-01
9998,2201,1962-01-01
17810,2201,1997-01-01
3181564,2201,2003-01-01
17621103,2202,2014-01-01
10374910,2203,2012-01-01
16071656,2204,2013-01-01
6811221,2204,2011-01-01
16131077,2204,2013-01-01
16071656,2205,2014-01-01
36217425,2205,2019-01-01
21350894,2205,2015-01-01
91483,2205,2006-01-01
23125266,2205,2016-01-01
6977769,2205,2011-01-01
315340,2205,2008-01-01
10498695,2206,2011-01-01
24887441,2207,2016-01-01
33358438,2208,2017-01-01
33602101,2209,2018-01-01
33602101,2210,2017-01-01
28220985,2210,2016-01-01
33602101,2211,2018-01-01
29430746,2212,2018-01-01
23201282,2213,2017-01-01
23201282,2214,2016-01-01
23201282,2215,2015-01-01
35335039,2216,2018-01-01
36194389,2217,2018-01-01
36194389,2218,1750-01-01
766020,2219,1995-01-01
362199,2219,1998-01-01
18486,2219,2008-01-01
857445,2219,1997-01-01
23302416,2219,2014-01-01
816735,2219,1993-01-01
11387515,2219,2014-01-01
407429,2219,1994-01-01
389627,2219,2009-01-01
343718,2219,2007-01-01
439173,2219,1999-01-01
7150174,2219,2012-01-01
474858,2219,2002-01-01
223182,2219,2010-01-01
1258121,2219,2011-01-01
8112318,2219,2013-01-01
24012054,2220,2016-01-01
39301534,2221,2011-01-01
93371,2221,1984-01-01
6652478,2222,2009-01-01
34386617,2223,2019-01-01
363423,2224,1998-01-01
25893817,2225,2017-01-01
25667474,2225,2017-01-01
25986929,2225,2017-01-01
123060,2226,2006-01-01
66421,2227,2005-01-01
15814459,2228,2014-01-01
361487,2228,2006-01-01
15814459,2229,2014-01-01
18166936,2229,2015-01-01
23388164,2229,2016-01-01
25777957,2230,2014-01-01
270259,2231,1996-01-01
32639,2231,1997-01-01
270259,2232,1999-01-01
651964,2232,2001-01-01
12015,2232,1998-01-01
340816,2232,1998-01-01
331010,2232,1998-01-01
40651883,2232,1999-01-01
9532,2232,2001-01-01
90619,2232,1998-01-01
47970,2232,1998-01-01
823062,2232,2001-01-01
46004545,2233,2019-01-01
35457256,2233,2019-01-01
26032825,2233,2019-01-01
46004545,2234,2018-01-01
2664597,2234,2008-01-01
186103,2234,2005-01-01
7826116,2234,2010-01-01
8038695,2235,2010-01-01
3024831,2235,2009-01-01
2120783,2235,2009-01-01
6452798,2235,2014-01-01
12158480,2235,2013-01-01
25027372,2236,2016-01-01
11594337,2236,2012-01-01
40948486,2236,2015-01-01
24974015,2237,2016-01-01
29939266,2238,2018-01-01
13638131,2238,2015-01-01
58957,2239,2000-01-01
9813838,2239,1998-01-01
298924,2239,2005-01-01
7054123,2239,2011-01-01
1662160,2239,2009-01-01
6252152,2240,2003-01-01
87986,2240,1997-01-01
17346698,2241,2014-01-01
17346698,2242,2014-01-01
17346698,2243,2014-01-01
37811512,2244,2019-01-01
28954126,2244,2017-01-01
20575434,2244,2015-01-01
543888,2245,2017-01-01
40175,2245,2010-01-01
210404,2245,2000-01-01
22928874,2246,2015-01-01
12320360,2247,1993-01-01
12320360,2248,1998-01-01
618177,2248,2002-01-01
44421460,2249,2017-01-01
12254379,2249,2010-01-01
17189707,2250,1960-01-01
902743,2250,1991-01-01
36885304,2250,2013-01-01
640565,2250,1992-01-01
5527,2250,1977-01-01
415,2250,2015-01-01
53413,2250,2006-01-01
72579,2250,1998-01-01
99329,2250,1995-01-01
14028,2250,1959-01-01
380017,2250,1996-01-01
28405,2250,2008-01-01
2528,2250,2001-01-01
80081,2250,1958-01-01
53003,2250,1989-01-01
13165142,2250,2011-01-01
184618,2250,2004-01-01
7199,2250,2005-01-01
23887,2250,1987-01-01
41740211,2251,2019-01-01
25484579,2252,2016-01-01
26189334,2253,2016-01-01
8185871,2254,2009-01-01
3428935,2254,2009-01-01
31189177,2255,2017-01-01
9810317,2256,1936-01-01
18405,2256,1936-01-01
70897,2257,1994-01-01
29044,2257,1994-01-01
88389,2257,1993-01-01
28293,2257,1996-01-01
28862528,2258,2017-01-01
28862528,2259,2017-01-01
29237211,2259,2017-01-01
5470,2260,1987-01-01
40961427,2260,1987-01-01
84405,2261,1952-01-01
33,2261,1957-01-01
93269,2261,1951-01-01
222093,2261,1953-01-01
541024,2261,1954-01-01
385255,2262,2003-01-01
4477,2262,2002-01-01
4953,2262,2000-01-01
13839,2262,2001-01-01
1918305,2262,2008-01-01
72223,2262,2006-01-01
385255,2263,2005-01-01
13153693,2263,2016-01-01
22121,2263,2007-01-01
539391,2264,2005-01-01
310986,2265,1994-01-01
6726353,2265,2010-01-01
710115,2265,1995-01-01
2980509,2265,1998-01-01
9779094,2265,2012-01-01
315783,2266,2007-01-01
59285,2266,2005-01-01
1301,2266,2003-01-01
272607,2267,1997-01-01
6465693,2267,2011-01-01
52408,2267,2008-01-01
9583669,2267,2012-01-01
13056809,2267,2014-01-01
18716296,2267,2015-01-01
471512,2267,1988-01-01
13596166,2267,2014-01-01
272607,2268,1997-01-01
63504,2269,2000-01-01
6452760,2270,2010-01-01
247204,2270,2010-01-01
8130077,2270,2010-01-01
6452760,2271,2010-01-01
1948985,2271,2009-01-01
6417058,2271,2009-01-01
8664353,2271,2011-01-01
49436,2271,2007-01-01
8564644,2271,2011-01-01
17286683,2271,2014-01-01
5153988,2272,1974-01-01
206857,2273,1996-01-01
206857,2274,1996-01-01
6434232,2274,1995-01-01
9879625,2275,2011-01-01
662564,2276,1989-01-01
7178978,2277,2010-01-01
11154133,2277,2016-01-01
7178978,2278,2008-01-01
18367834,2278,2013-01-01
39796,2278,1995-01-01
5060378,2278,2006-01-01
935308,2278,1991-01-01
162331,2279,1990-01-01
969310,2280,1994-01-01
129678,2280,1995-01-01
64380,2281,2005-01-01
1727625,2282,2002-01-01
12034734,2282,2010-01-01
1823730,2282,1994-01-01
253071,2283,1995-01-01
1880767,2283,1991-01-01
1254684,2283,1988-01-01
286357,2283,1985-01-01
218859,2284,1997-01-01
65285,2284,2002-01-01
1618,2284,2004-01-01
8646,2284,2003-01-01
116483,2285,2008-01-01
11837482,2286,2011-01-01
9808117,2286,2011-01-01
657466,2287,2003-01-01
13573091,2288,1989-01-01
59558,2289,1998-01-01
1223837,2289,1999-01-01
1228823,2289,1970-01-01
7036570,2289,2008-01-01
2165,2289,1953-01-01
546018,2289,1978-01-01
10959,2289,1995-01-01
130440,2289,1958-01-01
17841,2289,1989-01-01
5359,2289,1994-01-01
1736739,2289,2010-01-01
550454,2289,1982-01-01
11038479,2289,2009-01-01
161156,2289,1962-01-01
1530097,2289,1968-01-01
32502,2289,2000-01-01
8189310,2290,2010-01-01
828015,2290,2003-01-01
515475,2290,2005-01-01
1577936,2291,2006-01-01
8174589,2291,2010-01-01
3759847,2292,2006-01-01
171112,2292,2007-01-01
1747896,2292,2009-01-01
621461,2293,2006-01-01
179744,2293,1990-01-01
1842,2293,1998-01-01
771,2293,2000-01-01
2095,2293,2002-01-01
36475,2293,1991-01-01
6713108,2294,1985-01-01
12190368,2294,2006-01-01
38155,2294,1997-01-01
273197,2294,1999-01-01
18669169,2294,2013-01-01
27668,2294,2005-01-01
132913,2294,1988-01-01
118149,2295,2001-01-01
15769772,2295,1996-01-01
18453226,2295,2016-01-01
93808,2295,2008-01-01
6811221,2295,2013-01-01
119073,2295,1991-01-01
23807,2295,1989-01-01
10644930,2295,2014-01-01
8913370,2295,2005-01-01
2161733,2295,2009-01-01
206236,2295,2010-01-01
21727,2295,1995-01-01
72929,2295,2004-01-01
127712,2295,2000-01-01
77721,2296,1980-01-01
11099156,2297,2012-01-01
499784,2297,2004-01-01
81227,2297,2008-01-01
17286683,2297,2014-01-01
572633,2298,1983-01-01
7516243,2299,2002-01-01
75518,2299,1993-01-01
7516243,2300,2011-01-01
10338405,2301,2012-01-01
64359,2302,2012-01-01
15704307,2302,2013-01-01
20898019,2302,2015-01-01
29396738,2302,2017-01-01
1512465,2303,2007-01-01
7048818,2303,2011-01-01
13539142,2304,2012-01-01
158007,2305,2008-01-01
7332753,2305,2011-01-01
3024831,2305,2009-01-01
18723,2305,2004-01-01
3573476,2306,2006-01-01
2714607,2307,2009-01-01
7842404,2307,2010-01-01
6452798,2307,2014-01-01
2585588,2308,2008-01-01
2024336,2308,2008-01-01
2585588,2309,2006-01-01
1905582,2309,2003-01-01
263021,2310,1979-01-01
13651,2310,1975-01-01
21611,2310,1976-01-01
112537,2310,1974-01-01
61179,2310,1971-01-01
59924,2310,1972-01-01
41821,2310,1973-01-01
263021,2311,1995-01-01
85894,2311,1995-01-01
263021,2312,1980-01-01
85866,2312,1980-01-01
186337,2312,1980-01-01
18588815,2313,2014-01-01
64251,2314,2008-01-01
18898739,2315,2009-01-01
646199,2315,1993-01-01
206893,2316,1983-01-01
13148060,2317,2012-01-01
5111318,2318,2007-01-01
4800274,2318,1997-01-01
664239,2318,2003-01-01
59664,2318,2005-01-01
5111318,2319,2009-01-01
5111318,2320,2009-01-01
6050822,2320,2010-01-01
6810289,2321,2010-01-01
2230284,2322,2009-01-01
2177236,2322,2009-01-01
11572026,2323,2012-01-01
20819208,2324,1971-01-01
20819208,2325,1970-01-01
17714301,2326,2014-01-01
265205,2327,2009-01-01
859315,2327,1999-01-01
324737,2327,2000-01-01
173325,2327,1995-01-01
56495,2327,2003-01-01
103610,2327,2001-01-01
11429,2327,2007-01-01
53834,2327,1996-01-01
53817,2327,1998-01-01
18342317,2328,2015-01-01
19545859,2328,2015-01-01
8111382,2329,2010-01-01
16130105,2330,2014-01-01
12166282,2330,2013-01-01
893731,2330,2000-01-01
6423,2330,2000-01-01
6425,2330,2003-01-01
6628,2330,2006-01-01
1310812,2331,2008-01-01
4312852,2332,2009-01-01
34413706,2332,2010-01-01
232922,2333,1983-01-01
2418888,2334,2008-01-01
2418888,2335,2009-01-01
29658,2336,2008-01-01
1453138,2337,2004-01-01
134225,2338,1980-01-01
55030,2338,1981-01-01
54218,2338,1982-01-01
8585924,2339,2016-01-01
11699349,2339,2015-01-01
10059059,2339,2014-01-01
2767052,2339,2011-01-01
13335037,2339,2014-01-01
38709,2339,2001-01-01
7090447,2339,2012-01-01
307791,2339,2007-01-01
37190,2339,2006-01-01
6609765,2339,2013-01-01
108077,2339,2000-01-01
237320,2339,2009-01-01
343718,2339,2008-01-01
541341,2339,2010-01-01
368468,2339,2003-01-01
53498,2339,2004-01-01
712807,2339,2005-01-01
13513468,2340,2012-01-01
21402833,2341,2006-01-01
20646135,2342,2016-01-01
317278,2343,1981-01-01
64794,2343,1980-01-01
12503306,2344,2014-01-01
7652728,2344,2009-01-01
16137205,2345,2013-01-01
22740195,2346,2015-01-01
13451,2346,2015-01-01
13320466,2347,2013-01-01
6751356,2347,2011-01-01
18621200,2348,2015-01-01
9917938,2348,2013-01-01
6609758,2348,2010-01-01
6707693,2348,2011-01-01
8239438,2348,2012-01-01
29940879,2349,2015-01-01
88335,2349,2005-01-01
6968772,2350,2010-01-01
4437202,2350,2009-01-01
13488875,2350,2012-01-01
9468462,2350,2011-01-01
6610623,2350,2010-01-01
11468377,2350,2012-01-01
8913542,2350,2011-01-01
4371507,2350,2009-01-01
21402336,2351,2015-01-01
25636235,2352,2016-01-01
76548,2353,2007-01-01
76548,2354,2007-01-01
125209,2354,2004-01-01
76548,2355,2007-01-01
25975406,2356,1919-01-01
16168524,2356,1936-01-01
16033842,2356,2012-01-01
3755250,2356,2006-01-01
8837,2356,1939-01-01
71458,2356,1999-01-01
184618,2356,1968-01-01
15797397,2357,2014-01-01
15797397,2358,2013-01-01
9780389,2359,1996-01-01
9859438,2359,2010-01-01
10569,2359,2000-01-01
9780389,2360,1997-01-01
25311520,2361,2019-01-01
3843654,2361,2011-01-01
28110852,2361,2019-01-01
12715691,2362,2013-01-01
5947,2363,1970-01-01
35604686,2364,2018-01-01
15793231,2364,2013-01-01
35604686,2365,2019-01-01
34726469,2366,2018-01-01
4438553,2367,2008-01-01
17453303,2368,2015-01-01
12941351,2368,2013-01-01
11870085,2368,2013-01-01
15745753,2368,2014-01-01
6137154,2368,2010-01-01
32075671,2368,2018-01-01
1189878,2368,2009-01-01
29236380,2368,2017-01-01
8928054,2368,2012-01-01
17453303,2369,2015-01-01
28588459,2369,2017-01-01
13262783,2369,2013-01-01
17237214,2369,2014-01-01
33294200,2369,2018-01-01
20344952,2370,2014-01-01
20344952,2371,2014-01-01
20344952,2372,2014-01-01
20344952,2373,2014-01-01
37173847,2374,2019-01-01
34511,2374,2004-01-01
37173847,2375,2019-01-01
37173847,2376,2019-01-01
36896898,2376,2019-01-01
29456569,2377,2018-01-01
23395680,2377,2015-01-01
29236299,2377,2016-01-01
16158596,2377,2013-01-01
6333807,2378,2006-01-01
33163388,2379,2018-01-01
33163388,2380,2018-01-01
33163388,2381,2018-01-01
26404001,2382,2016-01-01
28458598,2383,2018-01-01
1072093,2384,2000-01-01
22037424,2384,1999-01-01
28143415,2384,1999-01-01
5,2384,1999-01-01
24271,2384,1998-01-01
2099342,2385,1985-01-01
19288199,2386,2014-01-01
21913812,2386,2014-01-01
19288199,2387,2015-01-01
1237300,2387,2008-01-01
88335,2387,2006-01-01
26196150,2388,2017-01-01
26196150,2389,2017-01-01
26196150,2390,2016-01-01
646170,2390,2007-01-01
682327,2390,1982-01-01
5974575,2390,2010-01-01
61049,2390,1998-01-01
96259,2390,2005-01-01
26196150,2391,2017-01-01
30555488,2391,2017-01-01
50786753,2392,2013-01-01
23657454,2393,2016-01-01
17261194,2393,2014-01-01
39847584,2394,2020-01-01
34649348,2395,2018-01-01
34649348,2396,2019-01-01
34649348,2397,2017-01-01
34649348,2398,2017-01-01
22749539,2398,2015-01-01
169503,2399,1999-01-01
240617,2400,1993-01-01
6088007,2400,1987-01-01
910863,2400,2009-01-01
48484,2400,2014-01-01
234489,2400,1991-01-01
6898978,2401,2002-01-01
15823480,2401,2002-01-01
94944,2402,1987-01-01
1627,2402,1998-01-01
36680734,2403,1964-01-01
462691,2403,1995-01-01
19161806,2403,2005-01-01
6050822,2403,2010-01-01
125523,2403,2002-01-01
2808945,2404,2002-01-01
22037424,2404,1999-01-01
28143415,2404,1999-01-01
5,2404,1999-01-01
17061,2404,2002-01-01
2808945,2405,2003-01-01
2213661,2405,2009-01-01
17061,2405,2003-01-01
34494,2405,2004-01-01
34492,2405,2007-01-01
34501,2405,2005-01-01
68496,2405,2008-01-01
2808945,2406,2009-01-01
17061,2406,2009-01-01
2808945,2407,2003-01-01
10734210,2407,2012-01-01
2213661,2407,2009-01-01
17061,2407,2003-01-01
2808945,2408,2004-01-01
1618417,2409,1991-01-01
3978,2410,2003-01-01
320247,2411,1999-01-01
15769772,2411,1994-01-01
32506,2411,1997-01-01
215791,2412,2004-01-01
7888799,2413,2010-01-01
3174768,2413,2008-01-01
1768603,2413,2008-01-01
7888799,2414,2011-01-01
19283880,2414,2015-01-01
18107677,2414,2015-01-01
16115612,2414,2015-01-01
1035021,2415,2007-01-01
1162022,2415,2007-01-01
8532187,2416,2010-01-01
640594,2417,2005-01-01
6428672,2418,2009-01-01
129216,2419,1997-01-01
40024,2419,1995-01-01
591965,2420,1949-01-01
780726,2420,1951-01-01
3297694,2420,1948-01-01
6120219,2420,1959-01-01
667488,2420,1942-01-01
123933,2420,1947-01-01
403098,2420,1962-01-01
317764,2420,1959-01-01
2855,2421,1976-01-01
417807,2422,2011-01-01
6620483,2423,2010-01-01
13623777,2423,2013-01-01
3159138,2423,2009-01-01
6313736,2423,2010-01-01
1137151,2423,2009-01-01
9503573,2423,2011-01-01
6681830,2423,2010-01-01
1025250,2423,2008-01-01
3407703,2423,2009-01-01
3649147,2423,2010-01-01
6620483,2424,2010-01-01
6681508,2424,2010-01-01
12971285,2425,2012-01-01
7942534,2426,2012-01-01
3159138,2426,2010-01-01
6821513,2426,2011-01-01
428042,2426,2005-01-01
428036,2426,2006-01-01
294368,2427,1975-01-01
10776592,2428,2009-01-01
18367834,2428,2014-01-01
12957410,2428,2004-01-01
39796,2428,1996-01-01
1106041,2428,2004-01-01
245832,2429,2005-01-01
158277,2430,2007-01-01
184834,2430,2015-01-01
1232,2430,2015-01-01
49436,2430,2008-01-01
3273,2430,2012-01-01
32722510,2430,2009-01-01
9684523,2430,2013-01-01
5205697,2431,2009-01-01
6773503,2432,2011-01-01
6773503,2433,2010-01-01
2599523,2433,2009-01-01
11815113,2433,2012-01-01
8407173,2433,2010-01-01
2176735,2433,2009-01-01
9852877,2434,2005-01-01
8088579,2434,2004-01-01
9852877,2435,2007-01-01
9852877,2436,2007-01-01
20939738,2436,2009-01-01
41865,2436,2008-01-01
19063,2436,2009-01-01
9852877,2437,2006-01-01
12818399,2437,2009-01-01
28472439,2437,2011-01-01
11100788,2438,2012-01-01
23308935,2438,2016-01-01
11100788,2439,2012-01-01
6288,2439,2006-01-01
1117634,2440,1976-01-01
107799,2440,1991-01-01
249328,2440,1996-01-01
2397516,2440,1999-01-01
17204568,2441,2013-01-01
15797509,2442,2014-01-01
124982,2442,2009-01-01
15797509,2443,2014-01-01
7624594,2443,2011-01-01
15797509,2444,2014-01-01
15797509,2445,2013-01-01
129787,2445,2000-01-01
202681,2445,1999-01-01
15797509,2446,2013-01-01
505636,2447,1999-01-01
9692846,2447,2007-01-01
28187,2447,2007-01-01
227651,2447,2001-01-01
34262,2447,2006-01-01
213652,2447,2005-01-01
41128030,2447,2003-01-01
3599149,2447,2010-01-01
332624,2447,2009-01-01
16000963,2448,2014-01-01
13498,2449,1977-01-01
13262061,2450,2012-01-01
11925514,2450,2012-01-01
13326831,2450,2013-01-01
19272774,2451,1999-01-01
221432,2451,2001-01-01
7192385,2452,2011-01-01
7192385,2453,2013-01-01
13335037,2453,2014-01-01
16054808,2453,2016-01-01
10652379,2454,2002-01-01
27277484,2455,1981-01-01
27277484,2456,1980-01-01
27277484,2457,1981-01-01
27277484,2458,1980-01-01
18243325,2459,2015-01-01
7992563,2460,2000-01-01
15738354,2461,1962-01-01
21472139,2462,2016-01-01
8683,2463,2005-01-01
12165278,2464,2012-01-01
10631307,2465,1997-01-01
1742699,2465,2005-01-01
2694762,2465,1989-01-01
1086389,2465,2006-01-01
7851203,2466,2001-01-01
15710557,2467,2013-01-01
6069156,2468,1970-01-01
15717850,2469,2014-01-01
26245850,2469,2017-01-01
18656036,2469,2015-01-01
40670008,2469,2017-01-01
7084002,2470,2010-01-01
4214,2470,2003-01-01
15811545,2470,2013-01-01
85301,2470,2008-01-01
3367956,2470,2009-01-01
18693763,2470,2014-01-01
23168277,2470,2015-01-01
911645,2471,1981-01-01
710582,2472,1987-01-01
887573,2473,1992-01-01
887573,2474,1993-01-01
285792,2474,1986-01-01
226759,2474,1976-01-01
2884065,2475,2009-01-01
21530082,2476,2015-01-01
18052066,2476,2015-01-01
25893956,2476,2016-01-01
1742699,2477,2005-01-01
1742699,2478,2010-01-01
2694539,2478,2012-01-01
18395080,2478,2016-01-01
23498078,2478,2016-01-01
7419758,2478,2012-01-01
13597497,2478,2014-01-01
4485,2479,2002-01-01
65285,2479,2001-01-01
256566,2479,2003-01-01
404857,2480,2007-01-01
147602,2481,2001-01-01
65151,2482,1983-01-01
143555,2482,1983-01-01
370353,2483,1997-01-01
1144682,2484,1988-01-01
1144682,2485,1987-01-01
16014216,2486,2007-01-01
18812101,2486,2016-01-01
351018,2486,2005-01-01
2767052,2486,2010-01-01
3636,2486,2016-01-01
29844228,2486,2011-01-01
25480342,2486,2017-01-01
113304,2486,2004-01-01
6609765,2486,2015-01-01
792161,2486,2012-01-01
295169,2486,2003-01-01
180455,2486,2008-01-01
449189,2487,1996-01-01
11899,2487,1999-01-01
96200,2487,2003-01-01
51588,2487,1990-01-01
449189,2488,1996-01-01
51590,2488,1992-01-01
92365,2488,1996-01-01
2137,2488,1990-01-01
220754,2488,1996-01-01
51588,2488,1990-01-01
22209849,2489,2014-01-01
25688987,2489,2014-01-01
23476820,2489,2014-01-01
13536961,2490,2015-01-01
24178943,2490,2017-01-01
13536961,2491,2012-01-01
13536961,2492,2013-01-01
23346643,2493,2016-01-01
16119664,2494,2014-01-01
16119664,2495,2014-01-01
8079815,2495,2011-01-01
13643131,2495,2013-01-01
6408862,2495,2010-01-01
7417780,2495,2011-01-01
16119664,2496,2014-01-01
2507629,2496,2006-01-01
20939738,2496,2008-01-01
19063,2496,2008-01-01
16119664,2497,2013-01-01
19488665,2497,2014-01-01
13421358,2498,2008-01-01
11672159,2499,2012-01-01
7431066,2499,2010-01-01
4849253,2499,2009-01-01
22825631,2500,2016-01-01
27388497,2501,2016-01-01
24728470,2502,2016-01-01
29342351,2503,2017-01-01
35067504,2504,2017-01-01
180371,2505,1994-01-01
12172,2505,1952-01-01
180371,2506,1997-01-01
16619,2506,2004-01-01
27110284,2507,2016-01-01
7767021,2508,2010-01-01
13123877,2509,2012-01-01
12190308,2510,2013-01-01
12190308,2511,2013-01-01
37522397,2512,2018-01-01
11235712,2512,2014-01-01
2767052,2512,2010-01-01
36381037,2512,2014-01-01
22055262,2512,2019-01-01
6050678,2512,2011-01-01
28954189,2512,2018-01-01
29939230,2512,2019-01-01
20764879,2512,2019-01-01
954674,2512,2013-01-01
33555224,2512,2019-01-01
68496,2512,2010-01-01
30312855,2512,2019-01-01
10039557,2513,2004-01-01
29959587,2514,2016-01-01
209835,2515,1989-01-01
28954126,2516,2018-01-01
28954126,2517,2017-01-01
6327989,2517,2011-01-01
23302416,2517,2012-01-01
11387515,2517,2012-01-01
18623290,2518,2014-01-01
511527,2519,1995-01-01
29010395,2520,2018-01-01
1660305,2520,2004-01-01
361487,2520,2005-01-01
27267112,2521,2014-01-01
42983724,2522,2019-01-01
36323316,2523,2017-01-01
29906980,2523,2017-01-01
28446947,2523,2017-01-01
21853663,2524,2016-01-01
28051948,2525,2016-01-01
63657,2526,2007-01-01
10361904,2526,2014-01-01
18114449,2526,2015-01-01
25812847,2527,2017-01-01
25899336,2527,2017-01-01
32819894,2528,2019-01-01
29102807,2528,2019-01-01
39295301,2528,2020-01-01
18775623,2529,2005-01-01
10144145,2530,2001-01-01
69571,2530,2001-01-01
18165902,2531,1999-01-01
10334392,2531,1999-01-01
51496,2531,1999-01-01
6101138,2532,2011-01-01
7826803,2532,2011-01-01
63032,2532,2013-01-01
6101138,2533,2018-01-01
7826803,2533,2018-01-01
130028,2533,2018-01-01
29906980,2533,2018-01-01
6101138,2534,2010-01-01
127630,2534,2006-01-01
6288,2534,2007-01-01
49628,2534,2005-01-01
297673,2534,2008-01-01
7826803,2534,2010-01-01
20170404,2534,2015-01-01
7331435,2534,2011-01-01
11529868,2534,2013-01-01
9850443,2534,2012-01-01
30555488,2534,2017-01-01
38819868,2534,2019-01-01
3009435,2534,2009-01-01
41057294,2534,2020-01-01
29983711,2535,2017-01-01
34051011,2535,2017-01-01
29983711,2536,2017-01-01
34051011,2536,2017-01-01
22037424,2537,2005-01-01
1020689,2537,1999-01-01
28143415,2537,2005-01-01
9692846,2537,2011-01-01
2767052,2537,2012-01-01
2,2537,2004-01-01
41865,2537,2009-01-01
28187,2537,2011-01-01
136251,2537,2008-01-01
5,2537,2005-01-01
113436,2537,2007-01-01
15881,2537,2006-01-01
5907,2537,1997-01-01
33,2537,2002-01-01
49041,2537,2010-01-01
71865,2537,1998-01-01
82436,2537,2000-01-01
411496,2538,1957-01-01
105299,2538,2005-01-01
842712,2538,1996-01-01
2888577,2538,2000-01-01
741200,2538,1964-01-01
11815113,2538,2012-01-01
343881,2538,1992-01-01
35306,2538,2002-01-01
316496,2538,1989-01-01
2176735,2538,2009-01-01
6978327,2539,1978-01-01
3083278,2539,2008-01-01
82599,2539,1999-01-01
920607,2539,2007-01-01
76822,2540,1978-01-01
10810,2540,1977-01-01
20949,2540,1979-01-01
1621228,2541,1998-01-01
9572203,2541,2007-01-01
1621228,2542,1998-01-01
7147831,2542,2009-01-01
24783,2543,1982-01-01
12125,2543,1982-01-01
337058,2543,1981-01-01
91253,2543,1982-01-01
304001,2544,2006-01-01
242383,2545,2000-01-01
341553,2546,2007-01-01
2459785,2546,2008-01-01
216048,2547,2001-01-01
826576,2547,2009-01-01
357664,2547,2003-01-01
281235,2547,1981-01-01
439092,2547,2008-01-01
750497,2548,2003-01-01
384458,2548,1997-01-01
85894,2549,1978-01-01
14817,2549,1979-01-01
331256,2549,1981-01-01
2788968,2550,2008-01-01
550122,2551,2006-01-01
17163274,2551,2000-01-01
550122,2552,2006-01-01
350683,2552,2005-01-01
10755183,2553,1976-01-01
76523,2554,1981-01-01
150549,2555,2001-01-01
6829959,2556,1994-01-01
1020689,2557,1999-01-01
119494,2557,2003-01-01
11903,2557,1994-01-01
298461,2558,2005-01-01
833017,2558,2006-01-01
1295023,2558,2005-01-01
13414407,2559,2013-01-01
10420416,2560,2012-01-01
13556706,2561,1999-01-01
141860,2561,1971-01-01
13600351,2562,2000-01-01
42382,2563,1954-01-01
17250,2563,1953-01-01
205476,2563,1938-01-01
111734,2563,1947-01-01
12963179,2564,2013-01-01
1670616,2564,2008-01-01
3568996,2564,2010-01-01
9551700,2564,2012-01-01
418812,2565,1998-01-01
10364135,2566,2011-01-01
10364135,2567,2011-01-01
9264113,2568,2012-01-01
12398,2569,2014-01-01
158785,2569,2017-01-01
12398,2570,2012-01-01
852431,2571,2001-01-01
865124,2571,2001-01-01
232743,2571,2004-01-01
12749,2571,2001-01-01
120461,2571,2007-01-01
416775,2571,2009-01-01
28385,2571,2001-01-01
18266,2571,2005-01-01
380994,2571,2007-01-01
18798,2571,2001-01-01
14061520,2572,2012-01-01
14061520,2573,2013-01-01
6660747,2573,2010-01-01
12028681,2574,1976-01-01
13542868,2575,2013-01-01
4268157,2575,2010-01-01
305234,2575,2008-01-01
7137327,2575,2012-01-01
23310763,2575,2016-01-01
4108195,2576,1963-01-01
17238107,2576,1980-01-01
18117935,2576,1964-01-01
9632002,2576,1981-01-01
9780676,2577,2011-01-01
7824057,2578,2010-01-01
963508,2578,2008-01-01
2221542,2579,2003-01-01
420297,2580,1981-01-01
37739,2580,1983-01-01
6310,2580,1985-01-01
10365,2580,1981-01-01
37732,2580,1979-01-01
80674,2580,1982-01-01
4626738,2581,2006-01-01
4626738,2582,2006-01-01
3360369,2583,2009-01-01
4835838,2583,2009-01-01
5983694,2583,2009-01-01
18478300,2584,2014-01-01
18478300,2585,2015-01-01
8614954,2586,2011-01-01
109387,2586,2007-01-01
18209305,2587,2014-01-01
11138172,2588,2012-01-01
11138172,2589,2015-01-01
23309553,2589,2017-01-01
20909906,2589,2017-01-01
16101128,2589,2015-01-01
18304322,2589,2017-01-01
1053783,2590,1996-01-01
10752995,2591,2012-01-01
15801668,2592,2014-01-01
9996645,2593,2010-01-01
13563459,2593,2013-01-01
19398743,2594,1974-01-01
12086690,2595,2016-01-01
17312327,2596,2013-01-01
16131077,2596,2014-01-01
21937380,2597,2014-01-01
2867094,2598,2008-01-01
1045984,2598,2000-01-01
6650487,2599,2008-01-01
11691,2599,2006-01-01
10507,2599,2002-01-01
18404155,2600,2015-01-01
6688087,2600,2011-01-01
22360832,2601,2011-01-01
11214970,2602,2005-01-01
22028638,2603,2014-01-01
29414792,2603,2017-01-01
9838115,2603,2012-01-01
6339662,2603,2010-01-01
3554772,2603,2009-01-01
13637412,2603,2013-01-01
3240691,2603,2008-01-01
1518712,2604,2003-01-01
16057621,2605,2013-01-01
19102837,2605,2014-01-01
23153351,2606,2015-01-01
2141384,2607,2003-01-01
6905134,2608,1999-01-01
1045757,2608,2011-01-01
6905134,2609,2002-01-01
18867493,2610,2013-01-01
355862,2611,2002-01-01
2051755,2611,2009-01-01
11076123,2611,2013-01-01
297673,2611,2008-01-01
30555488,2611,2017-01-01
2296567,2611,2009-01-01
24448535,2612,2016-01-01
52408,2613,2008-01-01
20758175,2613,2015-01-01
372385,2613,1998-01-01
6464110,2613,2011-01-01
23264870,2613,2016-01-01
12840933,2614,1982-01-01
868210,2614,1975-01-01
28220985,2615,2017-01-01
19536001,2616,2014-01-01
19536001,2617,2014-01-01
27840608,2618,2017-01-01
26014651,2619,2017-01-01
18453110,2620,2015-01-01
9359818,2620,2012-01-01
23943137,2620,2016-01-01
18453110,2621,2015-01-01
13153693,2622,2016-01-01
13153693,2623,2016-01-01
543103,2623,2005-01-01
34941200,2624,2008-01-01
22050353,2625,2011-01-01
15874968,2625,2012-01-01
23197553,2626,2016-01-01
1658265,2627,2008-01-01
16074560,2628,2014-01-01
10361904,2629,2014-01-01
19233301,2630,2015-01-01
35069181,2631,2019-01-01
18652812,2631,2015-01-01
23411536,2631,2016-01-01
40121959,2632,2019-01-01
38819868,2632,2019-01-01
6470560,2633,2002-01-01
8301964,2634,2011-01-01
29625895,2635,2019-01-01
11235712,2636,2013-01-01
192799,2636,1998-01-01
10271616,2636,2012-01-01
18812101,2636,1994-01-01
2767052,2636,2009-01-01
3636,2636,1994-01-01
6148028,2636,2010-01-01
24770,2636,2006-01-01
36381037,2636,2013-01-01
954674,2636,2009-01-01
169756,2636,2003-01-01
16278318,2636,2016-01-01
633270,2636,1995-01-01
11235712,2637,2015-01-01
36381037,2637,2015-01-01
17566243,2637,2014-01-01
35059670,2638,2011-01-01
19501,2638,2008-01-01
12691,2638,2007-01-01
49436,2638,2010-01-01
110737,2638,2004-01-01
2203,2638,2002-01-01
6493208,2638,2011-01-01
12262741,2638,2013-01-01
1097,2638,2003-01-01
7815,2638,2006-01-01
706,2638,2005-01-01
35059670,2639,2010-01-01
6493208,2639,2010-01-01
12872236,2640,2012-01-01
52528,2640,2006-01-01
12232938,2640,2002-01-01
133518,2640,1990-01-01
10920,2640,1997-01-01
7354,2640,1993-01-01
68210,2640,2005-01-01
7905092,2640,2011-01-01
15796700,2640,2013-01-01
41193,2640,1991-01-01
277397,2640,1989-01-01
12872236,2641,2015-01-01
2100810,2641,2010-01-01
3755250,2641,2009-01-01
18428067,2641,2014-01-01
17905709,2641,2016-01-01
91519,2642,1986-01-01
5640763,2643,2010-01-01
455034,2644,1996-01-01
455034,2645,1996-01-01
1088471,2645,1989-01-01
10677213,2645,2012-01-01
1401344,2646,2003-01-01
750692,2647,2007-01-01
2915026,2647,2009-01-01
6277410,2647,2009-01-01
9402429,2648,2011-01-01
9402429,2649,2010-01-01
17938354,2649,2014-01-01
1563635,2650,2003-01-01
68146,2650,2005-01-01
11719570,2651,2006-01-01
488029,2652,2006-01-01
6449208,2652,2011-01-01
7346882,2652,2011-01-01
2184798,2652,2008-01-01
13347796,2653,2012-01-01
32872961,2653,2017-01-01
35133922,2653,2018-01-01
9238826,2654,2010-01-01
7984373,2654,2011-01-01
10955239,2654,2000-01-01
11345988,2655,2011-01-01
59285,2656,2006-01-01
8558857,2657,2011-01-01
42270835,2658,2020-01-01
76620,2658,2020-01-01
979795,2659,2007-01-01
13129612,2660,2013-01-01
1596788,2661,2006-01-01
13488875,2662,2012-01-01
8167094,2662,2012-01-01
6346975,2662,2012-01-01
13488875,2663,2012-01-01
1037241,2664,1993-01-01
912218,2665,2006-01-01
295305,2665,2006-01-01
2164318,2665,2009-01-01
1022657,2665,2007-01-01
2544359,2665,2009-01-01
6097180,2665,2006-01-01
912218,2666,2006-01-01
284440,2666,2008-01-01
1166131,2666,2005-01-01
2164318,2666,2009-01-01
2149385,2666,2007-01-01
3262139,2667,2008-01-01
28668534,2668,2016-01-01
15714709,2669,2012-01-01
10783349,2670,2011-01-01
17791526,2671,2013-01-01
17791526,2672,2012-01-01
611843,2673,1986-01-01
20940407,2674,2011-01-01
20940407,2675,2011-01-01
20940407,2676,2009-01-01
20940407,2677,2014-01-01
65039,2677,2008-01-01
1596376,2678,1998-01-01
18656310,2679,2014-01-01
12519325,2680,2012-01-01
9583669,2681,2012-01-01
7293597,2682,2010-01-01
17303844,2683,2007-01-01
22892956,2684,2015-01-01
10308381,2685,2010-01-01
47633,2686,2006-01-01
11799340,2687,2012-01-01
17863,2688,2006-01-01
23492669,2689,2015-01-01
18651980,2689,2014-01-01
26893819,2689,2016-01-01
27071490,2689,2016-01-01
18090147,2689,2014-01-01
6716452,2690,2010-01-01
6716452,2691,2011-01-01
26539950,2692,2013-01-01
26539950,2693,2017-01-01
26539950,2694,2014-01-01
4025275,2694,2010-01-01
26539950,2695,2016-01-01
41880043,2695,2019-01-01
26539950,2696,2017-01-01
36885304,2696,2018-01-01
26539950,2697,2018-01-01
8701129,2698,2011-01-01
7356329,2699,2011-01-01
87992,2699,2004-01-01
1850833,2699,2009-01-01
1689135,2699,1987-01-01
5118462,2699,2010-01-01
10920,2699,1998-01-01
277397,2699,1988-01-01
9903,2699,1984-01-01
824986,2699,1991-01-01
91440,2699,1985-01-01
413177,2699,2006-01-01
95105,2699,1990-01-01
13366259,2699,2013-01-01
21971350,2700,2015-01-01
13425592,2701,2014-01-01
9578336,2701,2012-01-01
13425592,2702,2012-01-01
18062640,2703,2014-01-01
26109094,2704,2017-01-01
19561922,2705,2014-01-01
17167084,2705,2013-01-01
24586590,2705,2015-01-01
6488057,2706,2009-01-01
26893819,2706,2016-01-01
14781178,2706,2013-01-01
17934530,2706,2014-01-01
34210334,2707,2018-01-01
18335162,2707,2014-01-01
7044549,2708,1949-01-01
287737,2709,1969-01-01
8112595,2709,1998-01-01
25736973,2710,2016-01-01
28789711,2711,2016-01-01
26634594,2711,2016-01-01
356824,2711,2008-01-01
13707734,2711,2012-01-01
59232,2712,2005-01-01
19874150,2713,2016-01-01
33732,2713,1997-01-01
19874150,2714,2006-01-01
28585313,2715,2017-01-01
23837226,2715,2015-01-01
102920,2715,1994-01-01
166580,2715,2000-01-01
201126,2716,1989-01-01
30341585,2717,2017-01-01
30341585,2718,2018-01-01
110395,2719,1999-01-01
43842423,2720,2019-01-01
13489919,2721,2013-01-01
1991039,2722,1997-01-01
40221876,2723,2020-01-01
25154582,2724,2016-01-01
25154582,2725,2016-01-01
8152618,2725,2011-01-01
33548948,2725,2017-01-01
13336392,2726,2012-01-01
13547504,2726,2013-01-01
20893314,2726,2015-01-01
25015110,2727,2015-01-01
25015110,2728,2015-01-01
25015110,2729,2016-01-01
10746622,2730,1999-01-01
839157,2731,2003-01-01
1898,2731,1997-01-01
37514017,2732,2019-01-01
26245850,2733,2017-01-01
40670008,2733,2017-01-01
1201724,2734,2006-01-01
248622,2735,2006-01-01
9303006,2735,2011-01-01
55354,2736,2002-01-01
13425393,2736,2013-01-01
28696602,2736,2017-01-01
23848559,2736,2016-01-01
365,2736,1998-01-01
363752,2736,2001-01-01
10176,2736,2005-01-01
20910157,2736,2015-01-01
611298,2736,2008-01-01
50831,2737,1952-01-01
12409097,2737,1952-01-01
76778,2737,1952-01-01
24830,2737,1952-01-01
614467,2738,2008-01-01
109498,2739,2007-01-01
730250,2740,1977-01-01
265923,2740,1988-01-01
13929,2740,2007-01-01
108077,2740,1995-01-01
40095501,2740,1983-01-01
250924,2740,1993-01-01
1069576,2740,1952-01-01
2333,2741,2000-01-01
16907,2741,2006-01-01
8998651,2742,1996-01-01
19161806,2742,2003-01-01
13254381,2742,2004-01-01
204479,2743,2007-01-01
204479,2744,2006-01-01
105571,2745,2006-01-01
7747374,2745,2011-01-01
359410,2745,2005-01-01
2164318,2745,2009-01-01
7748743,2745,2010-01-01
7027735,2745,2012-01-01
114135,2746,1992-01-01
13500015,2746,1990-01-01
114130,2746,1993-01-01
833550,2747,1978-01-01
23301545,2747,2016-01-01
1421685,2747,1981-01-01
137045,2747,2000-01-01
402026,2747,1991-01-01
13023,2747,1988-01-01
25480342,2747,2012-01-01
52560,2748,1999-01-01
3472342,2749,2008-01-01
2855034,2749,2008-01-01
1296444,2749,2007-01-01
37623,2750,2006-01-01
11871802,2750,2011-01-01
111044,2751,2000-01-01
747252,2751,2008-01-01
53498,2751,2002-01-01
235185,2752,2002-01-01
38617771,2753,1983-01-01
4923850,2753,2005-01-01
13445136,2753,2006-01-01
10579671,2753,1965-01-01
16125800,2753,2012-01-01
38617771,2754,1983-01-01
13224631,2755,2014-01-01
12941351,2755,2013-01-01
11870085,2755,2013-01-01
7811727,2755,2012-01-01
106807,2756,1995-01-01
6961997,2757,2006-01-01
980468,2757,2002-01-01
11448421,2758,2012-01-01
6605685,2759,2010-01-01
3011919,2760,2009-01-01
119013,2761,2004-01-01
22477,2762,1968-01-01
273197,2762,2000-01-01
952515,2762,1984-01-01
132913,2762,1989-01-01
186337,2763,1979-01-01
186337,2764,1978-01-01
28294,2765,1995-01-01
18691014,2766,2015-01-01
18691014,2767,2015-01-01
18691014,2768,2015-01-01
12593546,2769,1989-01-01
365257,2770,1996-01-01
842130,2770,1993-01-01
356289,2770,1991-01-01
368468,2770,2000-01-01
16286376,2771,2013-01-01
23497722,2772,1996-01-01
62158,2772,1995-01-01
225383,2772,1993-01-01
11438693,2773,2014-01-01
13063098,2773,2014-01-01
9642279,2773,2013-01-01
9779094,2773,2013-01-01
26186298,2774,2015-01-01
7188088,2775,2012-01-01
11282392,2776,2012-01-01
579696,2777,1999-01-01
378579,2777,2008-01-01
4137,2777,2001-01-01
29780253,2777,2017-01-01
706,2777,2005-01-01
3785646,2778,2017-01-01
11738128,2779,2013-01-01
11738128,2780,2012-01-01
8539932,2781,2007-01-01
2155422,2781,1988-01-01
8539932,2782,2008-01-01
1988046,2782,2003-01-01
22596008,2782,2010-01-01
240142,2782,2004-01-01
99561,2782,2007-01-01
6442769,2782,2010-01-01
359410,2782,2006-01-01
161426,2782,2006-01-01
48834,2782,2005-01-01
1142145,2783,2006-01-01
1142145,2784,2008-01-01
12818399,2785,2009-01-01
12818399,2786,2009-01-01
12818399,2787,2011-01-01
12818399,2788,2011-01-01
25658482,2789,2017-01-01
3297694,2790,1946-01-01
157456,2791,2005-01-01
58275,2791,2002-01-01
40776163,2792,2017-01-01
27405006,2793,2017-01-01
27405006,2794,2017-01-01
33311863,2794,2017-01-01
30259893,2795,2017-01-01
18693763,2795,2015-01-01
30259893,2796,2018-01-01
20758175,2796,2015-01-01
18007564,2796,2015-01-01
1458813,2797,2005-01-01
13167112,2798,2013-01-01
11023952,2799,2014-01-01
11023952,2800,2014-01-01
4772110,2800,2009-01-01
23005169,2800,2016-01-01
1226459,2800,2006-01-01
762202,2801,1998-01-01
771941,2801,2004-01-01
90601,2801,2006-01-01
17160008,2802,2015-01-01
17160008,2803,2014-01-01
20696006,2803,2015-01-01
42660831,2804,2019-01-01
18383325,2805,2015-01-01
16687656,2805,2012-01-01
18383325,2806,2015-01-01
18383325,2807,2015-01-01
23219490,2808,2010-01-01
22610331,2808,2012-01-01
13335037,2808,2012-01-01
5996153,2808,2010-01-01
6479259,2808,2011-01-01
10025305,2808,2012-01-01
6068551,2808,2010-01-01
7260188,2808,2011-01-01
8490112,2808,2012-01-01
3777732,2808,2010-01-01
6917952,2808,2011-01-01
9369720,2808,2012-01-01
6134826,2808,2010-01-01
6431790,2808,2011-01-01
9917945,2808,2012-01-01
23219490,2809,2009-01-01
4556058,2809,2009-01-01
3975774,2809,2009-01-01
3777732,2809,2009-01-01
4134071,2809,2009-01-01
946836,2810,2007-01-01
1869622,2811,2006-01-01
4800274,2811,1996-01-01
664239,2811,2002-01-01
68455,2811,1997-01-01
2422554,2812,2000-01-01
6440814,2813,2010-01-01
570758,2814,1996-01-01
3275890,2815,2009-01-01
7649340,2815,2011-01-01
827902,2816,1983-01-01
85310,2817,2003-01-01
7147249,2818,2010-01-01
18714223,2818,2014-01-01
92544,2819,1989-01-01
769902,2819,1982-01-01
92605,2819,1996-01-01
13440,2819,1986-01-01
223380,2819,2003-01-01
13659,2819,2002-01-01
24885533,2819,2017-01-01
1874883,2820,2002-01-01
202183,2821,2004-01-01
56594,2821,1978-01-01
5155532,2822,2009-01-01
5155532,2823,2009-01-01
5155532,2824,2008-01-01
298422,2825,2007-01-01
215816,2825,2008-01-01
1069114,2825,2008-01-01
3280203,2826,2009-01-01
3280203,2827,2009-01-01
3280203,2828,2008-01-01
902743,2829,2009-01-01
511854,2830,2007-01-01
540864,2830,2007-01-01
38896653,2830,2008-01-01
13244988,2830,2012-01-01
6318283,2830,2009-01-01
2967752,2830,2008-01-01
3755250,2830,2009-01-01
28417,2830,2008-01-01
13015054,2831,2012-01-01
7123240,2832,1983-01-01
129787,2833,2001-01-01
88335,2833,2006-01-01
84725,2834,2007-01-01
98475,2834,1998-01-01
13623777,2835,2014-01-01
109946,2836,1996-01-01
3764768,2837,2005-01-01
7108146,2838,2009-01-01
23355220,2838,2010-01-01
2258548,2839,2008-01-01
2191066,2839,2008-01-01
13615414,2840,2014-01-01
24485939,2840,2015-01-01
248764,2840,1997-01-01
27213168,2840,2017-01-01
475,2840,2006-01-01
3272165,2840,2009-01-01
2272880,2840,2009-01-01
12988059,2841,2012-01-01
6457229,2841,2013-01-01
4974052,2842,2012-01-01
22913102,2843,2016-01-01
28194,2843,2004-01-01
62031,2843,2005-01-01
1029194,2843,1983-01-01
197743,2844,2003-01-01
827412,2844,2006-01-01
74033,2844,2008-01-01
197743,2845,2002-01-01
4939112,2846,2009-01-01
3003969,2846,2005-01-01
18889290,2847,2014-01-01
11544476,2848,2014-01-01
12754689,2848,2012-01-01
8452340,2848,2013-01-01
23659068,2849,2016-01-01
20645098,2849,2015-01-01
9791117,2850,2012-01-01
9791117,2851,2012-01-01
19359191,2852,1961-01-01
25328105,2853,2014-01-01
25328105,2854,2016-01-01
159322,2855,2007-01-01
16566,2856,1999-01-01
17212769,2856,1977-01-01
20809,2856,1992-01-01
29618105,2857,2018-01-01
28363987,2858,2017-01-01
25152171,2859,2015-01-01
907797,2859,1997-01-01
88389,2859,1999-01-01
77866,2859,2003-01-01
562212,2859,1995-01-01
189369,2860,2001-01-01
10734210,2861,2012-01-01
7850899,2862,2010-01-01
6527740,2862,2010-01-01
7842288,2862,2010-01-01
20758105,2862,2010-01-01
7243142,2862,2010-01-01
6421588,2862,2010-01-01
7600922,2862,2010-01-01
7576115,2862,2010-01-01
7826116,2862,2010-01-01
7818881,2862,2010-01-01
25580844,2863,2012-01-01
732562,2863,2011-01-01
397503,2863,2012-01-01
43587341,2864,2020-01-01
16129174,2865,2014-01-01
256566,2865,2003-01-01
3867,2865,2008-01-01
153198,2866,1985-01-01
413256,2867,2008-01-01
13083239,2867,2013-01-01
331010,2868,1990-01-01
268016,2869,2001-01-01
98920,2869,2008-01-01
1948985,2870,2008-01-01
11071275,2870,2003-01-01
706,2870,2004-01-01
1471061,2871,2008-01-01
2138727,2872,2006-01-01
915753,2873,2008-01-01
2918809,2874,2007-01-01
6961797,2875,2012-01-01
13588082,2875,2017-01-01
6961797,2876,2008-01-01
1480915,2876,2008-01-01
858859,2877,1989-01-01
858859,2878,1989-01-01
858859,2879,1989-01-01
858859,2880,1998-01-01
61905,2880,1991-01-01
858859,2881,2000-01-01
1981046,2882,2009-01-01
768952,2882,2008-01-01
64725,2883,1977-01-01
21192,2884,2007-01-01
6417058,2884,2009-01-01
5662443,2884,2012-01-01
68210,2884,2006-01-01
9833965,2885,2011-01-01
7863547,2886,2004-01-01
63032,2886,2005-01-01
405452,2887,1985-01-01
294951,2888,1965-01-01
1337973,2889,1990-01-01
14287,2889,1976-01-01
31203000,2889,2016-01-01
224439,2889,2003-01-01
701417,2890,2003-01-01
257800,2891,2011-01-01
257800,2892,2013-01-01
57787,2893,2014-01-01
151691,2894,1974-01-01
13297069,2895,2011-01-01
3030779,2896,2015-01-01
525285,2897,1955-01-01
530965,2897,1952-01-01
24830,2897,1952-01-01
76740,2897,1954-01-01
9597,2897,1953-01-01
525285,2898,1994-01-01
6597651,2898,2012-01-01
496102,2899,2007-01-01
23302416,2899,2013-01-01
11387515,2899,2013-01-01
693208,2899,2009-01-01
3238153,2899,2011-01-01
201114,2899,2007-01-01
118944,2899,2007-01-01
5982474,2899,2011-01-01
8928054,2899,2013-01-01
3112943,2900,1999-01-01
13489955,2901,2012-01-01
1660305,2902,2004-01-01
6783729,2903,2012-01-01
13244988,2903,2014-01-01
8366402,2903,2013-01-01
20446802,2904,2015-01-01
9623348,2905,2010-01-01
23128464,2906,2015-01-01
23128464,2907,2015-01-01
6781006,2908,2004-01-01
10803163,2909,2012-01-01
23222016,2910,2015-01-01
23222016,2911,2015-01-01
23222016,2912,2014-01-01
23222016,2913,2014-01-01
23222016,2914,2014-01-01
76811,2915,1990-01-01
5073782,2915,1990-01-01
76811,2916,1989-01-01
5073782,2916,1989-01-01
19320758,2917,2015-01-01
3264623,2918,2016-01-01
13932,2919,2001-01-01
160206,2919,2007-01-01
224352,2919,2001-01-01
23228,2919,2003-01-01
124854,2919,2001-01-01
110265,2920,1965-01-01
165446,2920,1982-01-01
25902535,2921,2016-01-01
26113696,2922,2016-01-01
22663352,2923,2015-01-01
2020665,2924,2009-01-01
1442968,2924,2008-01-01
9729504,2925,2012-01-01
6545608,2925,2007-01-01
45583,2926,2007-01-01
20758175,2927,2015-01-01
6624391,2927,2010-01-01
20758175,2928,2015-01-01
22752445,2929,2016-01-01
19161835,2930,2014-01-01
12406892,2930,2008-01-01
2429135,2930,2008-01-01
18812405,2930,2014-01-01
19161835,2931,2009-01-01
3181564,2931,2004-01-01
25810398,2932,2017-01-01
40365093,2933,2019-01-01
35133922,2933,2018-01-01
26074156,2933,2017-01-01
36352480,2934,2019-01-01
10024937,2935,2012-01-01
2694539,2936,2011-01-01
45916638,2936,2007-01-01
128029,2936,2007-01-01
3591262,2936,2011-01-01
12497,2936,2007-01-01
6411016,2936,2011-01-01
6905012,2936,2011-01-01
11038479,2936,2011-01-01
642231,2936,2007-01-01
5396496,2936,2011-01-01
1558232,2937,2006-01-01
865850,2937,2004-01-01
198898,2938,1995-01-01
215693,2939,1998-01-01
834019,2939,2003-01-01
18655996,2939,2014-01-01
89763,2939,2001-01-01
7981456,2939,2011-01-01
215693,2940,2017-01-01
272752,2940,2017-01-01
215693,2941,2013-01-01
50851,2942,2001-01-01
722251,2942,2019-01-01
13079982,2942,2004-01-01
316845,2942,2014-01-01
682751,2943,1987-01-01
682751,2944,1987-01-01
11903,2944,1989-01-01
10179185,2945,2007-01-01
7077007,2946,1994-01-01
11859244,2947,2012-01-01
168760,2948,2006-01-01
13547504,2948,2013-01-01
35265200,2948,2018-01-01
6512154,2948,2010-01-01
8417155,2949,2012-01-01
16045203,2950,2011-01-01
285011,2951,2001-01-01
189296,2952,2003-01-01
189296,2953,2004-01-01
189296,2954,2006-01-01
10757806,2955,2011-01-01
17406586,2956,2013-01-01
35288461,2956,2018-01-01
16120760,2956,2014-01-01
85730,2957,1993-01-01
18136617,2958,2014-01-01
17911985,2959,2011-01-01
145659,2960,2001-01-01
3764716,2961,2009-01-01
1208792,2962,1998-01-01
21948649,2963,2014-01-01
18270646,2964,2014-01-01
18480662,2964,2014-01-01
13052893,2965,2011-01-01
12802858,2966,2013-01-01
26135825,2966,2007-01-01
23929251,2967,2015-01-01
22859839,2967,2015-01-01
25820836,2968,2016-01-01
7268995,2969,2013-01-01
17700408,2970,2013-01-01
17700408,2971,2016-01-01
12905826,2972,2001-01-01
12905826,2973,2000-01-01
12905826,2974,2001-01-01
768491,2974,1999-01-01
17838172,2975,2009-01-01
17838172,2976,2009-01-01
17838172,2977,2009-01-01
12888599,2978,2013-01-01
17829483,2978,2015-01-01
18222743,2978,2015-01-01
21349764,2979,2013-01-01
20168816,2979,2015-01-01
22249668,2980,2016-01-01
22249668,2981,2018-01-01
13588082,2981,2015-01-01
7205446,2982,2010-01-01
2999495,2982,2009-01-01
7205446,2983,2010-01-01
2085302,2984,2005-01-01
324377,2984,2002-01-01
2085302,2985,2006-01-01
61204,2986,1994-01-01
34051960,2987,2017-01-01
13628605,2988,2015-01-01
9917925,2988,2013-01-01
6624871,2988,2011-01-01
12043771,2988,2014-01-01
8573632,2988,2013-01-01
27191159,2989,1996-01-01
25091498,2990,2014-01-01
46253235,2991,1987-01-01
343,2991,1987-01-01
241386,2992,2006-01-01
6316959,2992,2010-01-01
268598,2993,2000-01-01
268598,2994,1999-01-01
201175,2994,1996-01-01
6286042,2995,2009-01-01
7879046,2996,2011-01-01
7993902,2996,2011-01-01
1166153,2997,2009-01-01
74007,2998,2008-01-01
11466,2998,1990-01-01
6600231,2999,2011-01-01
6600231,3000,2010-01-01
69483,3001,1989-01-01
1258536,3002,2001-01-01
1258536,3003,2002-01-01
12841814,3004,2013-01-01
4998,3005,2000-01-01
1190042,3006,2009-01-01
9873759,3007,1987-01-01
301114,3008,1978-01-01
88442,3008,2002-01-01
1431558,3009,2002-01-01
1431558,3010,2003-01-01
186344,3011,1978-01-01
106590,3011,1996-01-01
20809,3011,1993-01-01
2199,3011,2006-01-01
8716,3011,1985-01-01
73090,3012,2000-01-01
5795018,3013,2008-01-01
1379961,3013,2009-01-01
5795018,3014,2008-01-01
164814,3014,2003-01-01
11469379,3015,2014-01-01
18693054,3016,2011-01-01
6503160,3016,2010-01-01
15803173,3017,2014-01-01
15742058,3018,2011-01-01
21465145,3019,2013-01-01
23464763,3020,2015-01-01
23464763,3021,2015-01-01
23464763,3022,2015-01-01
7922146,3023,2011-01-01
7922146,3024,2010-01-01
16090670,3025,2012-01-01
3901371,3026,2009-01-01
1880767,3026,1992-01-01
1189454,3026,1981-01-01
3901371,3027,2008-01-01
3901371,3028,2009-01-01
3901371,3029,2009-01-01
3901371,3030,2009-01-01
17777989,3031,2017-01-01
32313623,3032,1981-01-01
282459,3032,1983-01-01
189311,3032,1982-01-01
24113,3032,1980-01-01
9601757,3033,2010-01-01
370243,3034,2005-01-01
17167084,3035,2014-01-01
11214214,3036,2012-01-01
199870,3037,2007-01-01
199870,3038,2008-01-01
8088579,3039,2005-01-01
659399,3039,2003-01-01
17453021,3040,2014-01-01
6066864,3040,2007-01-01
1816082,3040,2004-01-01
17453021,3041,2015-01-01
18395080,3041,2016-01-01
88388,3041,2003-01-01
1078784,3041,2008-01-01
1816082,3041,2005-01-01
17453021,3042,2016-01-01
6066864,3042,2011-01-01
32969999,3043,2019-01-01
23437156,3043,2017-01-01
19547856,3043,2017-01-01
35504431,3043,2018-01-01
32571395,3043,2019-01-01
39939417,3043,2019-01-01
28243032,3043,2018-01-01
26836910,3043,2018-01-01
34810320,3043,2019-01-01
29236380,3043,2017-01-01
9397145,3043,2018-01-01
38530939,3044,2019-01-01
34912895,3044,2019-01-01
41805470,3045,2005-01-01
36885304,3046,2018-01-01
49382648,3046,2019-01-01
27993250,3046,2017-01-01
25489025,3046,2016-01-01
29011,3047,2003-01-01
25179,3047,2004-01-01
4070095,3047,2010-01-01
24248,3048,2006-01-01
6895179,3049,2010-01-01
6051237,3050,2009-01-01
11344621,3051,2011-01-01
21322,3052,2007-01-01
9733795,3053,2010-01-01
7501962,3054,2011-01-01
7501962,3055,2013-01-01
17131604,3056,2004-01-01
93793,3057,2007-01-01
13390528,3057,2013-01-01
26571,3058,1983-01-01
9602510,3059,1989-01-01
25783023,3060,2001-01-01
25783023,3061,2002-01-01
25783023,3062,2015-01-01
11154133,3063,2006-01-01
11154133,3064,2016-01-01
10305247,3064,2017-01-01
21936809,3064,2016-01-01
7895168,3065,2010-01-01
24856069,3066,2016-01-01
24856069,3067,2016-01-01
1228823,3068,1970-01-01
18895600,3069,2012-01-01
11138230,3069,2012-01-01
10422053,3069,2012-01-01
18395080,3070,2014-01-01
18395080,3071,2013-01-01
352780,3072,2002-01-01
2845024,3072,2009-01-01
21793182,3073,2019-01-01
25332000,3073,2019-01-01
25578408,3073,2019-01-01
40604658,3073,1993-01-01
23437156,3073,2018-01-01
19547856,3073,2018-01-01
27774758,3073,2018-01-01
23395680,3073,2018-01-01
29780253,3073,2019-01-01
28686840,3073,2019-01-01
19351043,3073,2018-01-01
18304322,3073,2018-01-01
22752127,3073,2019-01-01
1647640,3074,2004-01-01
425099,3075,1980-01-01
83392,3076,2003-01-01
463780,3076,2002-01-01
5310515,3076,2010-01-01
265923,3077,1989-01-01
876034,3077,1976-01-01
163465,3077,1979-01-01
47281,3077,1990-01-01
310459,3077,1977-01-01
820910,3077,1973-01-01
69477,3077,1976-01-01
101172,3078,1993-01-01
6869,3079,1987-01-01
206899,3080,2003-01-01
2159225,3080,2009-01-01
30072,3080,2007-01-01
2838820,3081,2011-01-01
7896527,3081,2015-01-01
15745753,3081,2016-01-01
2189373,3082,2007-01-01
907717,3083,1979-01-01
28212,3083,1988-01-01
3274998,3084,2007-01-01
147732,3085,1981-01-01
285792,3085,1991-01-01
344189,3085,1991-01-01
385250,3085,1991-01-01
125404,3085,1989-01-01
37741,3085,1977-01-01
1325218,3085,1987-01-01
236056,3085,1991-01-01
80674,3085,1983-01-01
6283478,3086,2010-01-01
6283478,3087,2010-01-01
9808117,3087,2012-01-01
16281835,3088,2013-01-01
16281835,3089,2014-01-01
94702,3090,2003-01-01
30644891,3090,2015-01-01
62992,3090,1997-01-01
274043,3090,1983-01-01
274005,3090,1989-01-01
6088007,3090,1985-01-01
40792913,3090,2004-01-01
142296,3090,1984-01-01
920395,3090,2001-01-01
7293120,3090,2011-01-01
13086226,3091,2012-01-01
13402805,3092,2013-01-01
13402805,3093,2012-01-01
13402805,3094,2013-01-01
23476820,3094,2015-01-01
13402805,3095,2013-01-01
13402805,3096,2013-01-01
13402805,3097,2013-01-01
43835503,3097,2020-01-01
17333319,3097,2014-01-01
16164095,3098,2014-01-01
8303977,3099,2012-01-01
9468462,3100,2013-01-01
10379376,3100,2013-01-01
16176440,3100,2015-01-01
7429046,3100,2015-01-01
20575411,3100,2015-01-01
9468462,3101,2011-01-01
1327836,3102,2007-01-01
23635879,3103,2015-01-01
237086,3104,2000-01-01
23590446,3105,2017-01-01
22749539,3105,2016-01-01
109487,3106,2007-01-01
383514,3107,2008-01-01
18690048,3108,2014-01-01
6452538,3109,2010-01-01
72223,3109,2006-01-01
6452538,3110,2010-01-01
24586590,3111,2016-01-01
11503210,3112,2011-01-01
35356382,3113,2018-01-01
40389527,3113,2018-01-01
36337550,3113,2018-01-01
36388243,3113,2018-01-01
24044141,3114,2016-01-01
13142142,3115,2016-01-01
13142142,3116,2012-01-01
13142142,3117,2012-01-01
7015238,3117,2005-01-01
5277281,3117,2008-01-01
13142142,3118,2012-01-01
13142142,3119,2016-01-01
10813139,3119,2013-01-01
28645670,3120,2017-01-01
2011708,3120,2008-01-01
17333265,3120,2014-01-01
28645670,3121,2018-01-01
36101978,3122,2018-01-01
28962996,3123,2018-01-01
29243630,3123,2018-01-01
1337933,3124,2004-01-01
319300,3124,1998-01-01
1337933,3125,2005-01-01
76986,3126,1984-01-01
357640,3127,2004-01-01
82991,3128,2003-01-01
13254381,3128,2002-01-01
11300451,3129,2012-01-01
7294191,3130,2009-01-01
17449772,3130,2011-01-01
32639,3131,1997-01-01
31336,3131,1993-01-01
452244,3131,1993-01-01
47588,3131,1994-01-01
43805,3131,1997-01-01
463378,3132,1983-01-01
10603,3132,1982-01-01
179033,3132,1979-01-01
76664,3132,1978-01-01
463378,3133,1983-01-01
6088007,3133,1985-01-01
77711,3133,1993-01-01
142296,3133,1984-01-01
15791154,3134,2014-01-01
21853687,3134,2016-01-01
6892870,3134,2011-01-01
7840831,3135,2012-01-01
132598,3136,2007-01-01
10306358,3137,2012-01-01
10306358,3138,2012-01-01
15819028,3138,2014-01-01
734611,3139,1984-01-01
12989112,3140,2013-01-01
9470371,3141,2012-01-01
4570679,3141,2010-01-01
174357,3142,2002-01-01
174357,3143,2002-01-01
8303108,3144,2011-01-01
1382538,3145,2003-01-01
840043,3146,1989-01-01
38155,3146,1997-01-01
143586,3146,2001-01-01
124432,3146,2003-01-01
542389,3146,1999-01-01
782319,3146,1992-01-01
17265216,3147,2014-01-01
17214302,3147,2014-01-01
989055,3148,2003-01-01
6629359,3149,2010-01-01
10305247,3150,2011-01-01
18143974,3151,2014-01-01
1055015,3152,2000-01-01
13392817,3153,2011-01-01
12384322,3153,2012-01-01
98475,3154,1997-01-01
106590,3154,1995-01-01
98475,3155,1997-01-01
872334,3156,2001-01-01
338329,3156,2004-01-01
667,3156,2014-01-01
2887211,3157,1997-01-01
2887211,3158,2009-01-01
41714333,3159,2020-01-01
15811545,3159,2014-01-01
20893314,3159,2015-01-01
35259724,3159,2017-01-01
9473008,3160,2012-01-01
3034842,3161,1978-01-01
22584,3161,1975-01-01
127584,3161,1972-01-01
67956,3161,1978-01-01
9685716,3162,2010-01-01
3384894,3163,1981-01-01
210235,3163,1982-01-01
6096829,3164,2011-01-01
17401073,3165,2013-01-01
18142413,3166,2015-01-01
16114088,3167,2012-01-01
12403881,3168,2004-01-01
71702,3169,2001-01-01
18226785,3170,2014-01-01
10478391,3171,2012-01-01
8124176,3171,2011-01-01
25709109,3172,2014-01-01
25709109,3173,2016-01-01
25709109,3174,2015-01-01
33732,3175,1997-01-01
35026395,3176,2016-01-01
32722510,3176,2008-01-01
7015238,3177,2005-01-01
15718933,3178,2013-01-01
15722923,3178,2013-01-01
1022983,3179,2008-01-01
5989573,3179,2010-01-01
170505,3180,2002-01-01
917488,3181,2004-01-01
2123542,3181,2003-01-01
21671,3181,2002-01-01
297673,3181,2008-01-01
1379961,3181,2009-01-01
132606,3182,2006-01-01
132606,3183,2005-01-01
854757,3183,2004-01-01
132606,3184,2006-01-01
450915,3184,2008-01-01
13061255,3184,2013-01-01
5981872,3184,2010-01-01
132606,3185,2006-01-01
151374,3186,1980-01-01
7991935,3187,2012-01-01
7991935,3188,2012-01-01
18002175,3189,2014-01-01
106590,3190,1996-01-01
2199,3190,2006-01-01
106590,3191,1996-01-01
45546,3191,1997-01-01
17286683,3191,2014-01-01
116722,3192,2004-01-01
580323,3192,2007-01-01
6202556,3192,2010-01-01
4834279,3193,2007-01-01
15782315,3194,2013-01-01
9808117,3195,2011-01-01
958521,3196,1999-01-01
59829,3196,2002-01-01
23263813,3197,2012-01-01
20256594,3198,2016-01-01
35133922,3198,2019-01-01
3366149,3199,2005-01-01
24914,3199,2007-01-01
6259,3199,2010-01-01
77514,3200,2001-01-01
40948385,3200,2009-01-01
24499258,3201,2016-01-01
27774758,3201,2016-01-01
13140786,3202,2015-01-01
231821,3203,1963-01-01
967511,3203,1965-01-01
12190368,3204,2007-01-01
12190368,3205,2006-01-01
12190368,3206,2007-01-01
13648,3206,2005-01-01
13548258,3207,2012-01-01
26529737,3208,2010-01-01
16007365,3208,2013-01-01
160943,3209,2002-01-01
160943,3210,2002-01-01
803982,3210,1990-01-01
120218,3211,2005-01-01
345592,3212,1971-01-01
71935,3212,1969-01-01
71023,3213,2005-01-01
576379,3214,1979-01-01
22478,3214,1978-01-01
416108,3215,1992-01-01
318431,3215,1995-01-01
176333,3216,1996-01-01
218637,3216,1988-01-01
128640,3216,2008-01-01
2010730,3216,1992-01-01
830502,3216,1987-01-01
5091,3216,2005-01-01
2744,3216,2006-01-01
68494,3216,2001-01-01
10589,3216,1999-01-01
68497,3216,2003-01-01
11286,3216,1990-01-01
114936,3216,1977-01-01
3750342,3217,2007-01-01
8578533,3218,2010-01-01
540864,3219,2000-01-01
429631,3220,1993-01-01
6748269,3221,1972-01-01
6748269,3222,1972-01-01
6748269,3223,1973-01-01
10900793,3224,2012-01-01
18402,3224,2004-01-01
17451921,3225,2014-01-01
15818029,3226,2015-01-01
354137,3227,1997-01-01
2455549,3227,2010-01-01
426215,3227,2005-01-01
7756473,3228,2012-01-01
1793889,3229,2014-01-01
271457,3230,2001-01-01
5841513,3231,2010-01-01
44086,3232,2005-01-01
1052644,3232,1993-01-01
123036,3232,2002-01-01
34658,3233,2005-01-01
12349,3234,2004-01-01
12349,3235,1998-01-01
97501,3236,2009-01-01
13316309,3237,2014-01-01
525995,3237,1983-01-01
492812,3237,1985-01-01
420282,3237,1987-01-01
13154628,3238,2012-01-01
171112,3238,2006-01-01
736131,3238,2005-01-01
7054123,3238,2010-01-01
1747896,3238,2008-01-01
13500015,3239,1988-01-01
13623814,3240,2013-01-01
13623814,3241,2013-01-01
102920,3241,1994-01-01
166580,3241,2000-01-01
232631,3242,2003-01-01
464916,3242,2002-01-01
25781691,3243,2016-01-01
20894026,3244,2015-01-01
15752115,3245,2013-01-01
24727094,3246,2015-01-01
30623090,3246,2018-01-01
25332000,3246,2016-01-01
28764284,3247,2017-01-01
17213054,3247,2014-01-01
33311863,3248,2017-01-01
30107793,3249,2016-01-01
36198100,3250,2019-01-01
32187419,3251,2018-01-01
28449257,3252,2017-01-01
676555,3253,2001-01-01
1631622,3254,2006-01-01
799150,3255,2001-01-01
29844228,3255,2007-01-01
307791,3255,2003-01-01
100359,3256,1976-01-01
6533485,3256,2002-01-01
1597669,3257,1995-01-01
399896,3258,2001-01-01
1044272,3259,1996-01-01
126866,3260,1993-01-01
714341,3261,1949-01-01
3380429,3262,1953-01-01
3380429,3263,1954-01-01
6471550,3264,2011-01-01
40718056,3265,1974-01-01
2669460,3266,2004-01-01
2249196,3267,2009-01-01
6145711,3267,2010-01-01
6488483,3267,2010-01-01
22369,3267,2007-01-01
549385,3268,2001-01-01
463780,3269,2003-01-01
10372490,3270,2012-01-01
676857,3271,2002-01-01
2452563,3271,2000-01-01
16172191,3272,2013-01-01
764347,3272,2013-01-01
12250841,3273,2012-01-01
15774762,3274,2008-01-01
28863,3274,2006-01-01
18430293,3275,2014-01-01
24452249,3276,2016-01-01
22725443,3276,2016-01-01
29393876,3277,2009-01-01
416632,3277,2004-01-01
16048967,3278,2013-01-01
11233988,3279,2012-01-01
11233988,3280,2012-01-01
21416421,3280,2015-01-01
11233988,3281,2011-01-01
20726481,3282,2014-01-01
20256612,3283,2015-01-01
10133391,3284,2011-01-01
377889,3285,2003-01-01
34898,3285,2002-01-01
23093359,3286,2015-01-01
20898019,3286,2015-01-01
11234,3287,1970-01-01
77430,3287,1970-01-01
176261,3288,1989-01-01
11286,3288,1990-01-01
29875363,3288,2017-01-01
10059059,3289,2012-01-01
12449486,3290,2011-01-01
30257957,3291,2020-01-01
41447687,3291,2020-01-01
39940127,3292,2016-01-01
20575434,3293,2015-01-01
22402972,3293,2016-01-01
20912424,3293,2016-01-01
20575434,3294,2015-01-01
20575434,3295,2016-01-01
1618,3295,2004-01-01
237320,3295,2006-01-01
13538552,3295,2014-01-01
6596547,3295,2012-01-01
1184305,3295,2010-01-01
18107677,3296,2013-01-01
34273236,3296,2017-01-01
4667024,3296,2009-01-01
31685789,3296,2010-01-01
10357575,3296,2011-01-01
16115612,3296,2013-01-01
13497818,3296,2012-01-01
51704136,3296,2017-01-01
24817626,3296,2015-01-01
18081809,3296,2014-01-01
26247008,3296,2016-01-01
41839602,3296,2018-01-01
42975172,3296,2019-01-01
161121,3297,1995-01-01
1017309,3298,2003-01-01
313263,3298,2001-01-01
216175,3299,1975-01-01
4291946,3300,2009-01-01
85301,3300,2008-01-01
13503109,3300,2012-01-01
246245,3301,1961-01-01
593039,3302,2008-01-01
946899,3302,2007-01-01
324022,3302,2006-01-01
706250,3303,2000-01-01
359998,3303,2002-01-01
192722,3303,2003-01-01
430788,3304,2019-01-01
18137087,3304,2019-01-01
30688013,3304,2019-01-01
18806240,3304,2019-01-01
6759304,3305,2010-01-01
398479,3306,1993-01-01
13645069,3307,2012-01-01
6925661,3308,2010-01-01
30526987,3308,2008-01-01
6613956,3308,2008-01-01
10725494,3308,2009-01-01
15774706,3309,2007-01-01
692914,3310,1992-01-01
1308361,3311,2005-01-01
3114666,3311,1974-01-01
1165759,3311,1972-01-01
1308361,3312,2005-01-01
23125407,3313,1993-01-01
24612600,3314,2015-01-01
24612600,3315,2016-01-01
32738765,3316,2017-01-01
32738765,3317,2018-01-01
35604796,3318,2019-01-01
25938481,3318,2017-01-01
184834,3319,2004-01-01
77203,3319,2003-01-01
1232,3319,2004-01-01
3867,3319,2005-01-01
50618,3319,2002-01-01
144800,3319,2007-01-01
2475251,3319,2008-01-01
16200,3319,2001-01-01
30072,3319,2006-01-01
27999,3319,1999-01-01
251762,3319,2000-01-01
184834,3320,2006-01-01
9767511,3320,2004-01-01
968,3320,2004-01-01
77203,3320,2008-01-01
1232,3320,2006-01-01
960,3320,2005-01-01
1078784,3320,2007-01-01
815854,3321,1963-01-01
7604921,3322,2006-01-01
7652728,3323,2005-01-01
1784390,3324,2001-01-01
450915,3325,2008-01-01
300678,3326,2002-01-01
94063,3327,2004-01-01
11424943,3328,2012-01-01
8253491,3329,2011-01-01
1044380,3330,2003-01-01
709835,3330,2005-01-01
870485,3330,2006-01-01
10050155,3331,2010-01-01
24774,3332,1996-01-01
23523012,3333,2016-01-01
13557232,3334,2010-01-01
23411607,3335,2016-01-01
23411607,3336,2016-01-01
11958583,3337,2013-01-01
1438635,3338,2004-01-01
820394,3339,2007-01-01
3289281,3339,2009-01-01
22238177,3340,2017-01-01
80674,3340,1982-01-01
22596008,3341,2009-01-01
3094156,3341,2009-01-01
6442769,3341,2009-01-01
2159225,3341,2009-01-01
831646,3342,1994-01-01
835202,3343,1984-01-01
343529,3344,2002-01-01
7767483,3345,2008-01-01
179892,3346,2006-01-01
179892,3347,2006-01-01
450573,3348,1965-01-01
14769258,3349,2012-01-01
2658996,3350,1957-01-01
13547504,3350,2013-01-01
25953369,3350,2017-01-01
16670,3351,2007-01-01
17165924,3352,2016-01-01
17165924,3353,2015-01-01
17165924,3354,2015-01-01
25226215,3355,2018-01-01
243245,3356,1991-01-01
411701,3357,2006-01-01
466371,3358,1997-01-01
68483,3358,1997-01-01
10384734,3359,2010-01-01
273197,3360,1999-01-01
273197,3361,2000-01-01
40961621,3361,1999-01-01
8171378,3361,2011-01-01
273197,3362,1999-01-01
17155770,3363,2006-01-01
22286,3363,2007-01-01
17449438,3364,2014-01-01
37069,3365,2008-01-01
15715324,3365,2010-01-01
7565139,3365,2011-01-01
136744,3366,1983-01-01
26021387,3367,2016-01-01
287585,3368,1984-01-01
201175,3369,1997-01-01
55773,3370,1996-01-01
18812101,3370,1995-01-01
3636,3370,1995-01-01
407429,3370,1994-01-01
229121,3371,1980-01-01
29946,3371,1980-01-01
11369904,3372,2012-01-01
1351174,3373,1952-01-01
1722423,3374,2008-01-01
13238290,3375,2010-01-01
13238290,3376,2011-01-01
541802,3377,1993-01-01
411830,3377,1992-01-01
25380845,3378,2015-01-01
13138635,3378,2013-01-01
18811704,3379,2014-01-01
13445123,3380,1967-01-01
25875588,3381,2016-01-01
25875588,3382,2016-01-01
25875588,3383,2016-01-01
25875588,3384,2016-01-01
2154433,3385,2009-01-01
1219949,3385,2009-01-01
12031532,3385,2013-01-01
88388,3386,2007-01-01
25783832,3387,2015-01-01
31193426,3388,2018-01-01
264339,3389,1998-01-01
26759,3390,1996-01-01
965510,3391,1964-01-01
10087900,3392,2013-01-01
23995249,3393,2017-01-01
13063098,3394,2013-01-01
9779094,3394,2012-01-01
18259637,3395,2014-01-01
25074849,3395,2016-01-01
35018901,3396,2019-01-01
8855321,3396,2012-01-01
34928122,3396,2019-01-01
35018901,3397,2015-01-01
30526987,3398,2008-01-01
6613956,3398,2008-01-01
30526987,3399,2009-01-01
6613956,3399,2009-01-01
363851,3399,2009-01-01
11943382,3400,2013-01-01
10081131,3400,2012-01-01
662803,3401,2008-01-01
319399,3402,1988-01-01
50,3402,1988-01-01
2773722,3403,2008-01-01
11008145,3403,2012-01-01
12469214,3404,2010-01-01
15746781,3405,2013-01-01
18359941,3405,2015-01-01
15746781,3406,2013-01-01
11982396,3407,2013-01-01
6464110,3408,2011-01-01
12202947,3409,2009-01-01
207227,3409,1962-01-01
17449772,3410,2011-01-01
17449772,3411,2012-01-01
17449772,3412,2012-01-01
17449772,3413,2012-01-01
17449772,3414,2013-01-01
13635860,3415,2013-01-01
38896653,3416,2007-01-01
2967752,3416,2007-01-01
38896653,3417,2006-01-01
2967752,3417,2006-01-01
93598,3418,2001-01-01
37186,3418,2006-01-01
5310515,3418,2010-01-01
2855034,3418,2009-01-01
93598,3419,2002-01-01
218695,3420,1983-01-01
218695,3421,1983-01-01
218695,3422,1982-01-01
1210487,3423,2007-01-01
354518,3423,2006-01-01
11987465,3423,2012-01-01
433950,3424,2007-01-01
30200,3425,2005-01-01
14384,3425,2007-01-01
6693329,3426,2013-01-01
764347,3426,2010-01-01
12432220,3426,2015-01-01
11337912,3426,2014-01-01
7552939,3427,2011-01-01
15758934,3428,2013-01-01
6957624,3428,2011-01-01
15803208,3429,2014-01-01
15803208,3430,2014-01-01
20718289,3431,2012-01-01
25376011,3432,2016-01-01
25376011,3433,2016-01-01
9648068,3434,2008-01-01
11865209,3435,2011-01-01
2051755,3436,2010-01-01
7046916,3437,2006-01-01
7046916,3438,2006-01-01
19408900,3439,1987-01-01
19408900,3440,1986-01-01
9359818,3441,2011-01-01
17333324,3441,2013-01-01
324312,3442,1939-01-01
59716,3442,1928-01-01
45195,3442,1925-01-01
779509,3442,1926-01-01
188458,3442,1931-01-01
66657,3443,2006-01-01
66657,3444,2005-01-01
66657,3445,2006-01-01
66657,3446,2006-01-01
66657,3447,2005-01-01
66657,3448,2006-01-01
66657,3449,2008-01-01
66657,3450,2012-01-01
6871841,3451,2005-01-01
6871841,3452,2006-01-01
13244988,3453,2010-01-01
25263557,3453,2015-01-01
2599523,3454,2009-01-01
2599523,3455,2009-01-01
17905709,3455,2014-01-01
43731,3456,2004-01-01
6533485,3457,2005-01-01
6533485,3458,2004-01-01
503156,3459,1976-01-01
853258,3459,1983-01-01
22584,3459,1974-01-01
503156,3460,1975-01-01
79552,3461,1964-01-01
835589,3462,1996-01-01
342999,3463,2004-01-01
342999,3464,2004-01-01
58384,3465,2003-01-01
263985,3465,2005-01-01
588002,3465,1991-01-01
49382648,3466,2010-01-01
36134310,3467,2018-01-01
36134310,3468,2018-01-01
479572,3469,1975-01-01
639374,3470,1997-01-01
13104040,3471,2012-01-01
9656838,3472,2007-01-01
498082,3473,2005-01-01
58655,3473,2001-01-01
13064,3473,1987-01-01
6853,3473,1995-01-01
30523890,3474,2017-01-01
37822650,3475,2019-01-01
37822650,3476,2019-01-01
45916638,3477,2008-01-01
128029,3477,2008-01-01
12232938,3477,2004-01-01
49628,3477,2005-01-01
14975,3477,2006-01-01
45916638,3478,2008-01-01
9767511,3478,2004-01-01
968,3478,2004-01-01
128029,3478,2008-01-01
12232938,3478,2003-01-01
43641,3478,2007-01-01
4989,3478,2001-01-01
14201,3478,2005-01-01
227571,3478,2002-01-01
108422,3479,2007-01-01
8171378,3479,2011-01-01
2524344,3480,2001-01-01
10248952,3480,2002-01-01
344189,3481,1992-01-01
231804,3481,1991-01-01
40604658,3481,1996-01-01
43448,3481,1993-01-01
51070,3481,1990-01-01
344189,3482,1996-01-01
6319,3482,1991-01-01
344189,3483,2001-01-01
7504179,3484,2011-01-01
7362158,3484,2011-01-01
24894959,3485,1999-01-01
22318363,3486,2015-01-01
31287352,3486,2017-01-01
22318363,3487,2016-01-01
939284,3488,1980-01-01
20446819,3489,1997-01-01
1394909,3489,1996-01-01
64664,3489,2002-01-01
128066,3489,2000-01-01
27574,3489,2005-01-01
10289789,3490,2019-01-01
31247173,3491,2017-01-01
13157024,3492,2008-01-01
22598,3493,2008-01-01
6313736,3494,2010-01-01
12643015,3495,2012-01-01
13335689,3495,2012-01-01
525995,3496,1981-01-01
420282,3496,1986-01-01
525995,3497,1982-01-01
7739968,3498,2010-01-01
13547504,3499,2013-01-01
35265200,3499,2018-01-01
43015,3499,2007-01-01
341879,3499,2010-01-01
25489625,3499,2016-01-01
20342617,3499,2015-01-01
495395,3499,2008-01-01
1044234,3500,1997-01-01
158262,3501,1986-01-01
18716296,3502,2015-01-01
23264870,3502,2016-01-01
10313480,3503,2011-01-01
9639197,3503,2011-01-01
23005169,3504,2014-01-01
6066864,3505,2007-01-01
6066864,3506,2015-01-01
701780,3507,1999-01-01
455669,3508,2008-01-01
552285,3509,1984-01-01
7967,3509,1988-01-01
77566,3509,1992-01-01
44659,3509,1991-01-01
52640,3509,1990-01-01
8648,3509,1994-01-01
77711,3509,1995-01-01
117,3509,1986-01-01
769658,3509,1989-01-01
41810,3509,1985-01-01
32380215,3510,2011-01-01
3118349,3511,2012-01-01
20168816,3512,2015-01-01
20168816,3513,2014-01-01
12183815,3514,2019-01-01
39943621,3514,2019-01-01
53120999,3515,2005-01-01
93426,3515,2005-01-01
9767511,3516,2005-01-01
968,3516,2005-01-01
9767511,3517,2006-01-01
41865,3517,2007-01-01
968,3517,2006-01-01
49041,3517,2008-01-01
9767511,3518,2005-01-01
2767052,3518,2009-01-01
968,3518,2005-01-01
45978,3518,2007-01-01
7735333,3518,2012-01-01
428263,3518,2008-01-01
7801229,3518,2011-01-01
9767511,3519,2006-01-01
2767052,3519,2011-01-01
41865,3519,2008-01-01
968,3519,2006-01-01
12232938,3519,2005-01-01
35545737,3519,2004-01-01
14866,3519,2010-01-01
3682,3519,2007-01-01
51738,3519,2009-01-01
9767511,3520,2007-01-01
968,3520,2007-01-01
4667024,3520,2011-01-01
12232938,3520,2003-01-01
77203,3520,2006-01-01
136251,3520,2008-01-01
6288,3520,2010-01-01
19288043,3520,2013-01-01
2731276,3520,2009-01-01
99298,3520,2002-01-01
9767511,3521,2006-01-01
968,3521,2006-01-01
10762984,3522,2012-01-01
10197857,3522,2012-01-01
9470309,3523,2011-01-01
872302,3524,2004-01-01
62992,3525,1996-01-01
62992,3526,1996-01-01
7661056,3527,2007-01-01
2149385,3527,2008-01-01
952515,3528,1983-01-01
16248513,3528,2014-01-01
13487626,3529,1989-01-01
13487626,3530,1988-01-01
52139,3531,1994-01-01
52139,3532,1987-01-01
150851,3533,2004-01-01
17316196,3534,2004-01-01
887980,3535,1997-01-01
20949,3536,1980-01-01
303502,3537,2007-01-01
19370974,3538,2016-01-01
21104828,3539,2016-01-01
1325761,3540,2000-01-01
2203,3540,2002-01-01
18728,3540,1995-01-01
1325761,3541,1999-01-01
17212895,3542,1974-01-01
493746,3542,1972-01-01
12914,3542,1973-01-01
53413,3542,1967-01-01
203220,3542,1983-01-01
59780,3542,1969-01-01
479669,3543,2003-01-01
18600,3543,1988-01-01
1503626,3544,2008-01-01
7107515,3544,2013-01-01
6353014,3545,2009-01-01
8714,3546,2008-01-01
10283324,3547,2011-01-01
16161136,3548,2014-01-01
13501217,3549,2014-01-01
6553733,3550,2011-01-01
9639197,3551,2011-01-01
18428067,3551,2013-01-01
23168277,3551,2015-01-01
23308935,3552,2017-01-01
790426,3553,1991-01-01
80689,3553,1994-01-01
313262,3554,2003-01-01
287633,3554,2000-01-01
4820,3555,2007-01-01
10817086,3556,2012-01-01
7945049,3556,2011-01-01
1158123,3557,2001-01-01
1938528,3557,2002-01-01
9673936,3558,2011-01-01
13453029,3558,2012-01-01
10038674,3559,2012-01-01
22400511,3560,2017-01-01
13138736,3561,2015-01-01
84846,3562,1995-01-01
15845828,3563,2013-01-01
12823835,3563,2012-01-01
23476820,3563,2015-01-01
23395680,3563,2015-01-01
4932435,3563,2009-01-01
2836109,3563,2008-01-01
79876,3563,2006-01-01
104608,3564,1962-01-01
11076123,3565,2011-01-01
23168840,3566,2015-01-01
4070095,3566,2009-01-01
23168840,3567,2015-01-01
23168840,3568,2016-01-01
29936927,3568,2018-01-01
65066,3569,2013-01-01
18812101,3569,1996-01-01
3636,3569,1996-01-01
9260632,3570,2011-01-01
6567897,3571,2009-01-01
215758,3571,2003-01-01
49188,3572,2003-01-01
344219,3573,2004-01-01
1938528,3574,2001-01-01
12360719,3575,1991-01-01
2506666,3575,1988-01-01
22504482,3576,2016-01-01
18402247,3577,2014-01-01
15746428,3578,1956-01-01
35265200,3579,2017-01-01
38746485,3579,2018-01-01
5632446,3579,2009-01-01
6260997,3579,2009-01-01
37976541,3579,2018-01-01
25852784,3579,2016-01-01
6282334,3579,2009-01-01
35265200,3580,2018-01-01
35133922,3580,2019-01-01
40180098,3580,2019-01-01
12941351,3581,2013-01-01
11870085,3581,2013-01-01
32075671,3581,2018-01-01
693208,3581,2009-01-01
20912424,3581,2016-01-01
34810320,3581,2019-01-01
1194366,3581,2011-01-01
12941351,3582,2013-01-01
2767052,3582,2010-01-01
11870085,3582,2013-01-01
10917,3582,2007-01-01
15745753,3582,2015-01-01
9460487,3582,2014-01-01
7735333,3582,2012-01-01
4268157,3582,2011-01-01
5454,3582,2006-01-01
16178,3582,2008-01-01
12941351,3583,2013-01-01
11870085,3583,2013-01-01
15745753,3583,2014-01-01
6567017,3583,2011-01-01
19547856,3583,2016-01-01
5152478,3583,2010-01-01
8928054,3583,2012-01-01
18659623,3583,2015-01-01
12941351,3584,2013-01-01
11870085,3584,2013-01-01
6148028,3584,2010-01-01
7824322,3584,2012-01-01
28149981,3584,2011-01-01
12941351,3585,2013-01-01
11870085,3585,2013-01-01
12941351,3586,2012-01-01
2767052,3586,2009-01-01
11870085,3586,2012-01-01
7171637,3586,2011-01-01
99561,3586,2007-01-01
6068551,3586,2010-01-01
17675462,3586,2013-01-01
20820994,3586,2016-01-01
1314332,3586,2008-01-01
25322449,3586,2017-01-01
17297487,3586,2014-01-01
12941351,3587,2014-01-01
2767052,3587,2011-01-01
41865,3587,2008-01-01
11870085,3587,2014-01-01
256683,3587,2010-01-01
10917,3587,2006-01-01
6186357,3587,2012-01-01
29844228,3587,2013-01-01
24770,3587,2007-01-01
15745753,3587,2015-01-01
60748,3587,2005-01-01
23437156,3587,2018-01-01
22328546,3587,2017-01-01
16143347,3587,2016-01-01
270730,3587,2009-01-01
32075671,3587,2019-01-01
12941351,3588,2015-01-01
11870085,3588,2015-01-01
4588,3588,2009-01-01
12941351,3589,2012-01-01
11870085,3589,2012-01-01
15745753,3589,2013-01-01
18460392,3589,2015-01-01
16143347,3589,2014-01-01
8492825,3589,2011-01-01
5664985,3589,2009-01-01
25614492,3589,2016-01-01
39939417,3589,2019-01-01
31180248,3589,2018-01-01
12941351,3590,2018-01-01
34273236,3590,2018-01-01
11870085,3590,2018-01-01
4667024,3590,2018-01-01
6148028,3590,2018-01-01
19288043,3590,2018-01-01
17927395,3590,2018-01-01
15745753,3590,2018-01-01
18460392,3590,2018-01-01
18007564,3590,2018-01-01
10644930,3590,2018-01-01
18143977,3590,2018-01-01
10664113,3590,2018-01-01
18006496,3590,2018-01-01
21853621,3590,2018-01-01
15839976,3590,2018-01-01
23766634,3590,2018-01-01
27362503,3590,2018-01-01
51704136,3590,2018-01-01
32148570,3590,2018-01-01
12941351,3591,2014-01-01
11870085,3591,2014-01-01
13335037,3591,2013-01-01
10917,3591,2007-01-01
99561,3591,2008-01-01
3236307,3591,2011-01-01
764347,3591,2010-01-01
20758104,3591,2012-01-01
270730,3591,2009-01-01
12941351,3592,2015-01-01
11870085,3592,2015-01-01
13335037,3592,2014-01-01
16101128,3592,2016-01-01
12941351,3593,2015-01-01
2767052,3593,2011-01-01
41865,3593,2008-01-01
11870085,3593,2015-01-01
13335037,3593,2014-01-01
12232938,3593,2005-01-01
29844228,3593,2010-01-01
16101128,3593,2016-01-01
51738,3593,2009-01-01
452306,3593,2004-01-01
270730,3593,2007-01-01
6316171,3593,2012-01-01
7157310,3593,2013-01-01
20640755,3593,2017-01-01
12941351,3594,2015-01-01
11870085,3594,2015-01-01
7171637,3594,2013-01-01
29844228,3594,2010-01-01
16101128,3594,2016-01-01
6316171,3594,2012-01-01
12941351,3595,2012-01-01
11870085,3595,2012-01-01
2213661,3595,2009-01-01
10626594,3595,2013-01-01
8293938,3595,2011-01-01
18075234,3595,2017-01-01
6202556,3595,2010-01-01
18079719,3595,2014-01-01
35464020,3596,2019-01-01
25074849,3597,2015-01-01
23002906,3598,2014-01-01
206855,3599,1999-01-01
498406,3600,2008-01-01
441644,3601,2005-01-01
807742,3602,1962-01-01
96259,3602,2004-01-01
9645351,3603,2011-01-01
8182682,3603,2011-01-01
12360702,3604,1997-01-01
1103976,3605,1995-01-01
9441766,3606,2011-01-01
9441766,3607,2010-01-01
10051438,3608,2012-01-01
18651854,3609,2015-01-01
1379444,3610,1996-01-01
5599692,3611,2010-01-01
5599692,3612,2009-01-01
161037,3613,1982-01-01
6065266,3614,1984-01-01
587058,3615,2004-01-01
9692846,3616,2008-01-01
28187,3616,2008-01-01
9692846,3617,2008-01-01
1025250,3617,2010-01-01
28187,3617,2008-01-01
318404,3617,2009-01-01
682327,3618,1983-01-01
9673284,3619,1997-01-01
18621220,3620,2014-01-01
6727758,3621,1963-01-01
6727758,3622,1963-01-01
11813660,3623,2008-01-01
875931,3624,1993-01-01
9269877,3625,2011-01-01
9269877,3626,2010-01-01
3483459,3627,2006-01-01
1566705,3628,2008-01-01
13247961,3629,1974-01-01
29936927,3630,2018-01-01
20939738,3631,2006-01-01
6494682,3631,2012-01-01
19063,3631,2006-01-01
20939738,3632,2007-01-01
7507905,3632,2011-01-01
9266762,3632,2012-01-01
19063,3632,2007-01-01
20939738,3633,2006-01-01
19063,3633,2006-01-01
20939738,3634,2010-01-01
41865,3634,2010-01-01
19063,3634,2010-01-01
5107,3634,2010-01-01
136251,3634,2010-01-01
20939738,3635,2006-01-01
19063,3635,2006-01-01
20939738,3636,2009-01-01
19063,3636,2009-01-01
14990,3637,2006-01-01
171112,3637,2007-01-01
736131,3637,2006-01-01
6590497,3638,2010-01-01
6590497,3639,2010-01-01
6357915,3640,2000-01-01
38378,3641,1998-01-01
235141,3642,2009-01-01
673941,3643,1995-01-01
5981445,3644,2010-01-01
15052,3644,2005-01-01
7199,3644,2004-01-01
20813238,3645,2016-01-01
9238385,3646,2009-01-01
22635834,3647,2014-01-01
3623273,3648,2008-01-01
1266297,3649,2008-01-01
1472878,3649,2008-01-01
2227371,3649,2008-01-01
23995491,3650,2016-01-01
7944996,3651,2011-01-01
3014384,3652,2008-01-01
3526951,3652,2007-01-01
46439,3652,2006-01-01
3554772,3652,2013-01-01
114129,3653,1996-01-01
617702,3654,2009-01-01
7624594,3654,2011-01-01
23241868,3655,2015-01-01
52926,3656,1973-01-01
275,3656,1986-01-01
2397516,3656,2001-01-01
39863277,3657,2019-01-01
22886868,3657,2016-01-01
41817481,3658,2019-01-01
18812101,3659,1996-01-01
3636,3659,1996-01-01
18812101,3660,1997-01-01
3636,3660,1997-01-01
18812101,3661,1995-01-01
41865,3661,2009-01-01
3636,3661,1995-01-01
18812101,3662,1996-01-01
163460,3662,2008-01-01
3636,3662,1996-01-01
452306,3662,2004-01-01
13376,3662,2005-01-01
49041,3662,2009-01-01
34501,3662,2007-01-01
19469,3662,1993-01-01
522471,3662,2003-01-01
15595,3662,1998-01-01
18812101,3663,1996-01-01
3636,3663,1996-01-01
18812101,3664,2013-01-01
3636,3664,2013-01-01
13831,3664,2013-01-01
23447923,3664,2015-01-01
61,3664,2013-01-01
58655,3665,2000-01-01
40605285,3665,2010-01-01
338691,3665,2006-01-01
231604,3665,1998-01-01
2694679,3666,1966-01-01
349129,3667,2007-01-01
8406239,3668,1984-01-01
25817493,3669,2017-01-01
25817493,3670,2016-01-01
16240761,3670,2013-01-01
34895950,3671,2018-01-01
34895950,3672,2018-01-01
105298,3673,2001-01-01
27824826,3673,2017-01-01
585576,3674,1981-01-01
552357,3674,1980-01-01
669647,3675,2003-01-01
876034,3676,1980-01-01
302022,3677,1994-01-01
302022,3678,1994-01-01
1046506,3679,1977-01-01
41193,3679,1992-01-01
14276,3679,1980-01-01
13568330,3680,2009-01-01
13588082,3681,2013-01-01
22460295,3682,2015-01-01
886229,3683,2019-01-01
243340,3684,1987-01-01
18554923,3685,2014-01-01
6713808,3686,2010-01-01
6713808,3687,2010-01-01
171102,3687,2007-01-01
18989421,3688,2015-01-01
349830,3689,1959-01-01
21086818,3690,2014-01-01
33801469,3690,2017-01-01
60235,3691,1992-01-01
60235,3692,1992-01-01
24486595,3693,2016-01-01
97781,3694,2008-01-01
10863269,3695,1982-01-01
28859,3695,1991-01-01
23492927,3696,2016-01-01
36114323,3697,2014-01-01
25489429,3698,2017-01-01
1088775,3699,2008-01-01
241418,3700,1988-01-01
11289743,3701,2013-01-01
42596091,3702,2019-01-01
32097,3703,1985-01-01
298924,3704,2011-01-01
20170404,3704,2015-01-01
870485,3705,2006-01-01
870485,3706,2006-01-01
870485,3707,2006-01-01
870485,3708,2006-01-01
20543546,3709,2015-01-01
2202113,3710,1989-01-01
468116,3711,1957-01-01
32732543,3712,2016-01-01
32732543,3713,2016-01-01
20759639,3714,2014-01-01
4776724,3715,2009-01-01
1334278,3716,2008-01-01
10108463,3716,2012-01-01
349164,3716,2007-01-01
7114825,3717,2011-01-01
38619,3717,2008-01-01
2832909,3717,2010-01-01
1268895,3718,2009-01-01
27993250,3719,2018-01-01
15698416,3720,2019-01-01
15698416,3721,2020-01-01
29102807,3722,2018-01-01
30079697,3723,2018-01-01
30079697,3724,2019-01-01
6629340,3725,2010-01-01
178002,3726,1989-01-01
7624594,3727,2011-01-01
13511369,3728,2013-01-01
13369878,3729,1991-01-01
169437,3729,2006-01-01
11275,3729,1999-01-01
30623067,3730,2020-01-01
37534577,3731,2018-01-01
10428803,3732,2013-01-01
1703097,3733,2008-01-01
1584974,3733,2008-01-01
396929,3733,2008-01-01
57504,3734,1999-01-01
23055095,3735,2016-01-01
792162,3736,1995-01-01
6327,3736,1983-01-01
28503853,3737,2017-01-01
28503853,3738,2017-01-01
244254,3739,2018-01-01
25578408,3740,2017-01-01
9454543,3741,2011-01-01
9454543,3742,2010-01-01
9454543,3743,2011-01-01
9454543,3744,2010-01-01
6557014,3745,2008-01-01
2731276,3745,2008-01-01
3483,3745,2006-01-01
9494258,3746,2011-01-01
25510906,3747,2016-01-01
25510906,3748,2016-01-01
95826,3749,1997-01-01
18950867,3750,2014-01-01
18950867,3751,2014-01-01
573179,3752,1992-01-01
207153,3752,1994-01-01
2999495,3753,2009-01-01
2999495,3754,2009-01-01
2999495,3755,2009-01-01
2999495,3756,2008-01-01
2999495,3757,2009-01-01
2999495,3758,2008-01-01
2999495,3759,2008-01-01
2999495,3760,2009-01-01
62031,3760,2005-01-01
920607,3760,2009-01-01
268593,3761,2008-01-01
2856645,3762,2017-01-01
9673436,3762,2012-01-01
7984373,3763,2010-01-01
82599,3764,1999-01-01
82599,3765,1998-01-01
4266110,3766,2008-01-01
3766428,3766,2009-01-01
219376,3767,1974-01-01
219376,3768,1974-01-01
219376,3769,1974-01-01
219376,3770,1979-01-01
9505561,3771,2010-01-01
2009083,3772,2005-01-01
21897801,3773,2014-01-01
6681830,3774,2011-01-01
9460487,3774,2015-01-01
9591398,3774,2016-01-01
32150483,3775,2017-01-01
32150483,3776,2017-01-01
32150483,3777,2017-01-01
32150483,3778,2017-01-01
32150483,3779,2017-01-01
31932151,3780,2017-01-01
289646,3781,1999-01-01
6025160,3782,2009-01-01
18736925,3782,2014-01-01
1911,3782,2005-01-01
37976541,3782,2018-01-01
6475414,3783,1994-01-01
9823976,3784,2011-01-01
21825761,3785,2016-01-01
17290655,3786,2014-01-01
32872961,3787,2018-01-01
6511270,3788,2001-01-01
2536,3788,1984-01-01
23302416,3789,2014-01-01
11387515,3789,2014-01-01
7150174,3789,2013-01-01
23302416,3790,2015-01-01
11387515,3790,2015-01-01
2123542,3791,2013-01-01
821810,3792,1994-01-01
18465566,3792,2015-01-01
6699969,3793,2009-01-01
15762751,3793,2012-01-01
10922521,3794,2012-01-01
792159,3795,1996-01-01
52862,3795,2003-01-01
53111,3796,2000-01-01
1063298,3797,2001-01-01
2153793,3798,2009-01-01
1618,3798,2004-01-01
5174,3798,1997-01-01
3711,3798,2001-01-01
14569052,3798,2005-01-01
129678,3798,1996-01-01
2153793,3799,2008-01-01
13543100,3799,2011-01-01
173890,3800,1983-01-01
10063343,3801,2012-01-01
10063343,3802,2012-01-01
17214302,3803,2013-01-01
17214302,3804,2013-01-01
17214302,3805,2014-01-01
17214302,3806,2013-01-01
17214302,3807,2013-01-01
16005115,3808,2010-01-01
6423124,3808,2010-01-01
13221769,3809,2014-01-01
12000020,3809,2013-01-01
12406892,3810,2010-01-01
2429135,3810,2010-01-01
12406892,3811,2009-01-01
2429135,3811,2009-01-01
426215,3812,2005-01-01
143586,3812,2001-01-01
1022794,3813,1994-01-01
202130,3814,1982-01-01
12608185,3815,2013-01-01
8517008,3815,2012-01-01
4422777,3816,2011-01-01
17720974,3816,2015-01-01
12000020,3816,2013-01-01
1144058,3817,1995-01-01
18129100,3818,2013-01-01
112343,3819,2006-01-01
2009100,3820,2010-01-01
19288043,3820,2013-01-01
21686,3820,2004-01-01
43933,3820,2003-01-01
10822858,3820,2012-01-01
6938085,3821,2008-01-01
102856,3822,2002-01-01
842130,3823,1993-01-01
7926,3823,1952-01-01
47281,3823,1990-01-01
91357,3823,1989-01-01
820910,3823,1971-01-01
2636749,3824,2008-01-01
2153405,3824,2008-01-01
21494246,3825,2010-01-01
1832010,3826,2005-01-01
2888577,3826,2000-01-01
110090,3826,2001-01-01
1832010,3827,2004-01-01
110090,3827,2000-01-01
316496,3827,1988-01-01
12092105,3828,2012-01-01
1599845,3829,1979-01-01
194006,3829,1985-01-01
1724619,3830,2008-01-01
6536961,3830,2010-01-01
1262472,3831,2005-01-01
2058505,3832,2011-01-01
2253939,3833,2008-01-01
17262102,3834,2014-01-01
17262102,3835,2014-01-01
17262102,3836,2014-01-01
11540005,3837,2010-01-01
6090411,3838,2010-01-01
13824,3839,1966-01-01
13824,3839,1965-01-01
300946,3840,2002-01-01
173572,3841,1978-01-01
2248164,3842,2011-01-01
17829483,3843,2014-01-01
12474,3844,1969-01-01
12474,3845,1969-01-01
132913,3846,1989-01-01
1111,3846,1975-01-01
2279,3846,1993-01-01
2372,3846,1978-01-01
132913,3847,1989-01-01
132913,3848,1989-01-01
1038686,3849,2018-01-01
23264870,3850,2016-01-01
1025250,3851,2011-01-01
127810,3852,1993-01-01
462685,3853,2007-01-01
72230,3854,2001-01-01
72230,3855,2001-01-01
72230,3856,2001-01-01
13548142,3857,2012-01-01
163465,3858,1979-01-01
163465,3859,1980-01-01
277207,3860,1994-01-01
1618,3860,2003-01-01
44001,3860,2004-01-01
14257,3860,2000-01-01
28922,3860,1986-01-01
11903,3861,1989-01-01
987302,3862,2002-01-01
352724,3863,2008-01-01
352724,3864,2007-01-01
6534132,3865,2010-01-01
6534132,3866,2010-01-01
293595,3866,1990-01-01
6534132,3867,2009-01-01
9858488,3868,2012-01-01
9917925,3869,2013-01-01
9917925,3870,2012-01-01
12168103,3871,1978-01-01
127586,3871,1980-01-01
5662443,3872,2010-01-01
18909810,3873,2012-01-01
23460947,3874,2016-01-01
32423,3874,2019-01-01
29243630,3875,2018-01-01
608601,3876,1988-01-01
1181999,3877,1994-01-01
24042913,3878,2014-01-01
25893681,3879,2016-01-01
8516589,3880,2009-01-01
17657649,3881,2014-01-01
17657649,3882,2014-01-01
17657649,3883,2014-01-01
768313,3884,1994-01-01
353731,3885,2000-01-01
256279,3886,1970-01-01
254351,3887,2006-01-01
3595945,3888,2008-01-01
18114068,3889,2015-01-01
1237300,3889,2009-01-01
18114068,3890,2014-01-01
817168,3891,1985-01-01
10628,3891,1980-01-01
7329,3891,1981-01-01
111027,3892,1992-01-01
111027,3893,1993-01-01
2145843,3894,1991-01-01
1547379,3895,1997-01-01
6407014,3896,2009-01-01
92605,3897,1995-01-01
92605,3898,1994-01-01
92605,3899,1995-01-01
92605,3900,1995-01-01
92605,3901,1994-01-01
92605,3902,1995-01-01
92605,3903,1995-01-01
8885268,3904,2005-01-01
497819,3904,2004-01-01
13050840,3905,2013-01-01
3819326,3905,2010-01-01
6582637,3905,2011-01-01
8559047,3905,2012-01-01
11544421,3905,2014-01-01
10485751,3906,2015-01-01
353325,3907,1989-01-01
55030,3907,1981-01-01
11563,3907,1982-01-01
213052,3908,2007-01-01
7552716,3909,2011-01-01
17054,3910,1997-01-01
3248297,3911,2008-01-01
16243,3911,2005-01-01
20697435,3911,2015-01-01
245705,3912,1940-01-01
78024,3912,1940-01-01
420738,3913,2000-01-01
7695240,3914,2009-01-01
8477057,3914,2011-01-01
107007,3914,2003-01-01
2795053,3914,2008-01-01
16085517,3915,2014-01-01
385250,3916,1986-01-01
1369884,3916,1985-01-01
13023,3916,1999-01-01
1042320,3917,1982-01-01
3038168,3918,1942-01-01
13153931,3919,2013-01-01
10847,3919,2004-01-01
23476820,3920,2015-01-01
23476820,3921,2015-01-01
13513205,3922,2013-01-01
17675,3923,2005-01-01
116826,3924,1999-01-01
11815113,3925,2012-01-01
11815113,3926,2012-01-01
15775856,3927,2014-01-01
163,3928,1997-01-01
246279,3929,2002-01-01
17707605,3930,2014-01-01
32283424,3931,2011-01-01
12274,3932,2011-01-01
68485,3932,2013-01-01
18765,3932,2012-01-01
8928004,3933,2012-01-01
8928004,3934,2012-01-01
8928004,3935,2011-01-01
15818278,3936,2014-01-01
18722754,3937,2014-01-01
18722754,3938,2014-01-01
25876358,3938,2016-01-01
16248513,3939,2015-01-01
16248513,3940,2014-01-01
16248513,3941,2014-01-01
16248513,3942,2014-01-01
16248513,3943,2014-01-01
23120184,3944,2014-01-01
16255224,3945,2014-01-01
53307,3946,2009-01-01
35068612,3947,2018-01-01
32191710,3947,2017-01-01
30231743,3947,2016-01-01
20564399,3948,2014-01-01
20564399,3949,2014-01-01
29365635,3950,2017-01-01
32738657,3951,2017-01-01
6493321,3952,2010-01-01
6493321,3953,2012-01-01
6493321,3954,2010-01-01
1632396,3955,1988-01-01
460635,3955,1984-01-01
85766,3956,1990-01-01
5226180,3957,2010-01-01
12576078,3958,2014-01-01
10248952,3959,2002-01-01
28814866,3960,2016-01-01
42527866,3961,2020-01-01
42527866,3962,2019-01-01
2086132,3963,2009-01-01
26135825,3963,2007-01-01
356712,3964,1998-01-01
25516329,3965,2015-01-01
35519109,3966,2018-01-01
21325,3967,2005-01-01
10269605,3968,2012-01-01
10891220,3968,2012-01-01
669859,3969,1981-01-01
8603232,3970,2010-01-01
816663,3971,1998-01-01
754333,3972,2007-01-01
19057,3972,2003-01-01
82436,3972,1993-01-01
293045,3973,2001-01-01
73093,3973,2003-01-01
18998448,3974,2015-01-01
16716,3975,1991-01-01
16716,3976,1992-01-01
16716,3977,1992-01-01
497819,3978,2004-01-01
497819,3979,2006-01-01
497819,3980,2005-01-01
497819,3981,2004-01-01
497819,3982,2005-01-01
497819,3983,2005-01-01
497819,3984,2005-01-01
497819,3985,2004-01-01
179574,3986,2002-01-01
197287,3987,1981-01-01
7783636,3988,2007-01-01
7783636,3989,2007-01-01
10514748,3990,2010-01-01
23122488,3991,2015-01-01
25622797,3992,2015-01-01
2799233,3993,2009-01-01
23122223,3994,2014-01-01
23122223,3995,2015-01-01
10599546,3996,2012-01-01
13621089,3996,2014-01-01
11088150,3996,2014-01-01
156703,3997,1996-01-01
744615,3997,2008-01-01
156703,3998,2002-01-01
23529,3998,2001-01-01
156703,3999,1996-01-01
156703,4000,1996-01-01
394423,4001,2007-01-01
22609364,4002,2016-01-01
151926,4003,1995-01-01
20621185,4004,2015-01-01
25876358,4004,2016-01-01
20621185,4005,2015-01-01
20621185,4006,2015-01-01
32718401,4007,2015-01-01
123673,4008,2007-01-01
20417,4008,2007-01-01
7090627,4009,2010-01-01
7090627,4010,2011-01-01
7090627,4011,2011-01-01
863250,4012,2005-01-01
615972,4013,2007-01-01
13516050,4014,2013-01-01
9640626,4015,2013-01-01
13241659,4015,2014-01-01
15770131,4016,2013-01-01
21913812,4017,2015-01-01
21913812,4018,2014-01-01
88335,4018,2005-01-01
60223,4019,2004-01-01
12121257,4020,2011-01-01
36422155,4021,2019-01-01
581365,4022,2008-01-01
13530981,4023,2012-01-01
2545620,4024,1992-01-01
31842021,4025,2018-01-01
4565266,4026,2003-01-01
17333265,4027,2015-01-01
17333265,4028,2014-01-01
490867,4028,2005-01-01
25876358,4029,2016-01-01
25876358,4030,2016-01-01
8407173,4030,2009-01-01
17905709,4030,2014-01-01
2176735,4030,2008-01-01
25876358,4031,2016-01-01
84149,4032,2005-01-01
18342363,4033,2014-01-01
18342363,4034,2014-01-01
13006791,4035,2009-01-01
13597497,4036,2011-01-01
2767052,4037,2010-01-01
284440,4037,2008-01-01
2767052,4038,2011-01-01
2767052,4039,2010-01-01
764347,4039,2009-01-01
1166131,4039,2007-01-01
2149385,4039,2008-01-01
2767052,4040,2009-01-01
2767052,4041,2008-01-01
6137154,4041,2009-01-01
7157310,4041,2010-01-01
2767052,4042,2011-01-01
41865,4042,2008-01-01
24770,4042,2009-01-01
2767052,4043,2011-01-01
2767052,4044,2009-01-01
2,4045,2003-01-01
2,4046,2004-01-01
41865,4047,2007-01-01
41865,4048,2008-01-01
41865,4049,2007-01-01
40604658,4049,1993-01-01
41865,4050,2009-01-01
13335037,4051,2012-01-01
7260188,4051,2011-01-01
13561164,4051,2014-01-01
13335037,4052,2011-01-01
13335037,4053,2014-01-01
4667024,4054,2010-01-01
13079982,4055,2002-01-01
18144590,4056,2015-01-01
375802,4057,1985-01-01
24178,4058,2020-01-01
24178,4059,1970-01-01
138959,4059,1970-01-01
18619684,4060,2006-01-01
15881,4060,1999-01-01
1848,4060,1993-01-01
815309,4060,2008-01-01
455933,4060,2006-01-01
890,4061,1938-01-01
12898,4061,1949-01-01
12220,4061,1948-01-01
92517,4061,1945-01-01
12083,4061,1957-01-01
5517,4061,1959-01-01
72159,4061,1955-01-01
179142,4061,1947-01-01
13496,4062,2003-01-01
10572,4062,2004-01-01
12232938,4063,2002-01-01
4214,4064,2001-01-01
72579,4064,1996-01-01
17650,4064,1994-01-01
17661831,4064,2013-01-01
4214,4065,2004-01-01
4214,4066,2015-01-01
355697,4066,2015-01-01
48855,4066,2008-01-01
4214,4067,2001-01-01
22207,4067,2007-01-01
43641,4068,2006-01-01
4981,4069,1970-01-01
38447,4070,1995-01-01
38447,4071,1987-01-01
2623,4072,1993-01-01
153747,4072,1991-01-01
6656,4072,1978-01-01
14836,4072,2010-01-01
15645,4072,2015-01-01
51799,4072,1988-01-01
16634,4072,1992-01-01
34440,4072,1992-01-01
54258,4072,2001-01-01
225640,4072,2012-01-01
59664,4072,2013-01-01
39988,4073,1989-01-01
39988,4074,1990-01-01
6310,4074,1992-01-01
6693,4074,1994-01-01
39988,4075,1997-01-01
39988,4076,2000-01-01
39988,4077,1992-01-01
39988,4078,1992-01-01
39988,4079,1991-01-01
80674,4079,1982-01-01
39988,4080,1990-01-01
125404,4080,1987-01-01
16054808,4080,2016-01-01
80674,4080,1985-01-01
6288,4081,2007-01-01
33456,4081,2006-01-01
17899948,4082,2000-01-01
52892857,4083,1983-01-01
228560,4083,1980-01-01
85391,4083,1982-01-01
252577,4084,1997-01-01
10920,4084,1998-01-01
6952,4084,1994-01-01
137791,4084,1999-01-01
77142,4084,1996-01-01
83674,4084,1993-01-01
7244,4085,2000-01-01
7244,4086,1999-01-01
7244,4087,2001-01-01
3836,4088,2014-01-01
3836,4089,2010-01-01
3836,4090,2002-01-01
49552,4091,1989-01-01
37435,4092,2004-01-01
5826,4092,2003-01-01
7171637,4093,2010-01-01
6186357,4093,2009-01-01
6482837,4093,2010-01-01
6262365,4093,2009-01-01
5056084,4093,2009-01-01
6581511,4093,2009-01-01
6905534,4093,2010-01-01
7095831,4093,2010-01-01
7171637,4094,2010-01-01
1,4095,2006-01-01
227443,4095,1998-01-01
186074,4096,2008-01-01
186074,4097,2007-01-01
186074,4098,2009-01-01
359410,4098,2007-01-01
113436,4099,2006-01-01
29844228,4099,2010-01-01
40604658,4099,1994-01-01
139418,4099,1993-01-01
113436,4100,2005-01-01
113436,4101,2005-01-01
50,4101,1989-01-01
331920,4101,2003-01-01
113436,4102,2006-01-01
36576608,4103,1966-01-01
1199688,4103,1966-01-01
36576608,4104,1975-01-01
99561,4105,2005-01-01
119073,4106,1984-01-01
17841,4106,1990-01-01
119073,4107,1981-01-01
119073,4108,1981-01-01
38709,4109,2002-01-01
38709,4110,2001-01-01
357664,4110,2003-01-01
37190,4110,2006-01-01
113304,4110,2005-01-01
37186,4110,2009-01-01
100464,4110,2007-01-01
343718,4110,2008-01-01
368468,4110,2002-01-01
38709,4111,1999-01-01
15745753,4111,2013-01-01
902,4111,1978-01-01
13642,4111,1969-01-01
32075671,4111,2017-01-01
693208,4111,2008-01-01
210329,4111,1973-01-01
18079719,4111,2014-01-01
38709,4112,2001-01-01
38709,4113,2000-01-01
15881,4114,2002-01-01
36236124,4115,1997-01-01
9850443,4115,2012-01-01
6339664,4116,2009-01-01
5996153,4116,2009-01-01
3432478,4116,2009-01-01
5152561,4116,2009-01-01
5217282,4116,2009-01-01
256008,4117,1985-01-01
233093,4118,2004-01-01
389627,4118,2010-01-01
30165203,4119,2001-01-01
30236962,4119,2005-01-01
30165203,4120,2002-01-01
10664113,4120,2012-01-01
7576115,4120,2011-01-01
49603,4120,2003-01-01
30165203,4121,2003-01-01
16793,4121,2000-01-01
472331,4122,1988-01-01
472331,4123,1988-01-01
472331,4124,1988-01-01
472331,4125,1989-01-01
15197,4125,1993-01-01
106134,4125,1996-01-01
472331,4126,1988-01-01
472331,4127,2005-01-01
23753,4127,2006-01-01
6656,4128,2000-01-01
6952,4128,1994-01-01
6656,4129,2013-01-01
11735983,4130,2011-01-01
11735983,4131,2012-01-01
6867,4132,2003-01-01
7763,4133,1989-01-01
5060378,4134,2009-01-01
7938275,4135,2016-01-01
6186357,4136,2009-01-01
5303373,4136,2009-01-01
18254,4137,2012-01-01
9317452,4137,2015-01-01
338798,4138,2004-01-01
527756,4138,2009-01-01
3755250,4138,2010-01-01
535739,4138,2015-01-01
158516,4138,2005-01-01
18261,4138,2006-01-01
295,4139,2017-01-01
10818853,4140,2012-01-01
8341567,4140,2012-01-01
7069,4141,1980-01-01
11686,4141,1981-01-01
14276,4141,1982-01-01
12577,4141,1983-01-01
62291,4142,2002-01-01
64222,4142,2014-01-01
10803121,4142,2019-01-01
58696,4143,2003-01-01
39999,4144,2007-01-01
9361589,4145,2011-01-01
1215032,4145,2011-01-01
7332,4146,1978-01-01
127586,4146,1979-01-01
6149,4147,1988-01-01
68210,4147,2004-01-01
17690,4148,1999-01-01
6479259,4149,2010-01-01
6917952,4149,2010-01-01
6267237,4149,2010-01-01
3047851,4149,2010-01-01
6479259,4150,2010-01-01
7736182,4151,2010-01-01
6917952,4151,2010-01-01
7937462,4151,2010-01-01
6148028,4152,2010-01-01
6567017,4152,2011-01-01
1162543,4152,2009-01-01
6148028,4153,2010-01-01
6068551,4153,2010-01-01
6468666,4153,2010-01-01
5664985,4153,2010-01-01
6581511,4153,2010-01-01
6148028,4154,2010-01-01
305234,4154,2008-01-01
16056408,4154,2013-01-01
6148028,4155,2009-01-01
30118,4156,2015-01-01
2517,4156,2008-01-01
43944,4156,2012-01-01
13165142,4156,2011-01-01
6752378,4157,2011-01-01
78728,4158,2003-01-01
30183,4159,2007-01-01
25373,4159,2006-01-01
39832183,4160,2009-01-01
9328,4161,2011-01-01
9328,4162,1984-01-01
6892870,4163,2010-01-01
6892870,4164,2009-01-01
30236962,4165,2003-01-01
30236962,4166,2006-01-01
30236962,4167,2005-01-01
11505797,4168,2011-01-01
30333938,4168,2012-01-01
16056408,4168,2012-01-01
11614718,4169,2011-01-01
8709527,4169,2011-01-01
9409458,4169,2011-01-01
3236307,4170,2011-01-01
1295102,4170,2011-01-01
5152478,4170,2011-01-01
1609451,4170,2011-01-01
13929,4170,2011-01-01
1902241,4170,2011-01-01
2954411,4170,2011-01-01
817791,4170,2011-01-01
28194,4171,2004-01-01
47970,4171,2010-01-01
15997,4172,2017-01-01
19288043,4173,2012-01-01
19288043,4174,2012-01-01
11732634,4174,2011-01-01
40440,4175,2007-01-01
37732,4176,1976-01-01
80674,4176,1983-01-01
37732,4177,1974-01-01
50,4177,1989-01-01
4929,4178,2006-01-01
4929,4179,2016-01-01
10959,4180,1997-01-01
9520360,4181,2012-01-01
50,4181,1991-01-01
6609765,4181,2011-01-01
9520360,4182,2011-01-01
9969571,4183,2016-01-01
1379961,4183,2009-01-01
13538873,4183,2013-01-01
18302455,4183,2015-01-01
22320,4183,2004-01-01
9969571,4184,2011-01-01
17927395,4185,2016-01-01
18006496,4185,2015-01-01
23766634,4185,2017-01-01
33590260,4185,2018-01-01
26032887,4185,2019-01-01
21,4186,2005-01-01
12127750,4187,2012-01-01
12127810,4187,2013-01-01
18705209,4187,2014-01-01
15724396,4187,2015-01-01
26252859,4187,2016-01-01
28006096,4187,2018-01-01
28006120,4187,2017-01-01
7260188,4188,2010-01-01
15745753,4189,2014-01-01
9627755,4189,2015-01-01
15745753,4190,2015-01-01
7146335,4190,2012-01-01
15745753,4191,2014-01-01
18710190,4192,2013-01-01
4374400,4193,2011-01-01
12341557,4194,2012-01-01
5161066,4194,2009-01-01
29056083,4194,2016-01-01
35959740,4194,2018-01-01
8253920,4194,2010-01-01
16054217,4194,2014-01-01
29363501,4194,2017-01-01
43263680,4194,2019-01-01
22522808,4194,2015-01-01
5805,4195,1989-01-01
33,4196,1966-01-01
33,4197,2006-01-01
6327,4198,1993-01-01
80674,4198,1990-01-01
2213661,4199,2009-01-01
2213661,4200,2008-01-01
7235533,4201,2010-01-01
7235533,4202,2010-01-01
13536860,4203,2012-01-01
6304335,4204,2011-01-01
17235026,4204,2015-01-01
8643407,4204,2012-01-01
84981,4205,1976-01-01
40095501,4205,1983-01-01
42899,4206,2006-01-01
42899,4207,2006-01-01
228665,4208,1991-01-01
15195,4209,1992-01-01
18460392,4210,2016-01-01
14836,4211,1993-01-01
14836,4212,2008-01-01
629,4213,1975-01-01
11713,4214,2018-01-01
6400090,4215,2009-01-01
10429045,4216,2013-01-01
18007564,4217,2015-01-01
77773,4217,2002-01-01
4703581,4217,2011-01-01
6597651,4217,2012-01-01
22816087,4217,2016-01-01
8706185,4217,2014-01-01
42975172,4217,2020-01-01
18007564,4218,2015-01-01
68494,4218,2002-01-01
4703581,4218,2013-01-01
9265453,4218,2014-01-01
18007564,4219,2014-01-01
18122,4220,2001-01-01
31685789,4221,2011-01-01
31685789,4222,2010-01-01
3656,4222,2006-01-01
3419808,4222,2009-01-01
110896,4222,2004-01-01
31685789,4223,2011-01-01
31685789,4224,2014-01-01
16181775,4224,2015-01-01
8407173,4224,2013-01-01
5364,4225,1993-01-01
1202,4226,2005-01-01
8490112,4227,2012-01-01
36896898,4227,2019-01-01
8490112,4228,2011-01-01
8652190,4228,2011-01-01
8755785,4229,2014-01-01
11989,4230,1947-01-01
61672,4230,1954-01-01
386187,4231,1994-01-01
386187,4232,1995-01-01
1249630,4233,2008-01-01
1249630,4234,2008-01-01
2528,4234,2000-01-01
240485,4234,2004-01-01
13165142,4234,2013-01-01
497499,4234,2006-01-01
6936382,4235,2010-01-01
10644930,4236,2011-01-01
6050678,4236,2009-01-01
18966819,4236,2015-01-01
7094569,4236,2010-01-01
18966806,4236,2016-01-01
17262203,4236,2013-01-01
42046112,4236,2019-01-01
13147230,4236,2012-01-01
26856502,4236,2018-01-01
34928122,4236,2017-01-01
9460487,4237,2011-01-01
8664353,4238,2011-01-01
3950967,4239,2019-01-01
249747,4240,2004-01-01
101299,4241,1997-01-01
101299,4242,2000-01-01
18143977,4243,2014-01-01
21853621,4243,2015-01-01
7315573,4243,2010-01-01
13158800,4243,2012-01-01
34912895,4243,2018-01-01
15790842,4243,2013-01-01
40597810,4243,2019-01-01
32148570,4243,2017-01-01
30555488,4243,2016-01-01
33600,4244,2004-01-01
397483,4245,2003-01-01
397483,4246,2004-01-01
397483,4247,2003-01-01
397483,4248,2003-01-01
27824826,4248,2017-01-01
7948230,4248,2011-01-01
6088007,4249,1985-01-01
6411961,4250,2009-01-01
42900,4251,2007-01-01
42900,4252,2006-01-01
304027,4252,2007-01-01
8492319,4252,2011-01-01
7954556,4252,2012-01-01
6871616,4252,2010-01-01
7039218,4252,2012-01-01
10664113,4253,2011-01-01
77142,4254,1994-01-01
4137,4255,2001-01-01
4137,4256,2001-01-01
84369,4257,2005-01-01
18232495,4257,2015-01-01
10790276,4257,2012-01-01
16101128,4258,2013-01-01
13206760,4258,2013-01-01
8709526,4258,2013-01-01
17182126,4258,2013-01-01
6644117,4259,2011-01-01
6644117,4260,2010-01-01
7664334,4260,2010-01-01
43889,4261,1995-01-01
14743,4262,2007-01-01
11901,4263,1991-01-01
10589,4263,1999-01-01
10584,4263,1997-01-01
11279,4263,1992-01-01
11290,4263,1993-01-01
12000020,4264,2017-01-01
51606,4265,1939-01-01
1421990,4266,2007-01-01
47401,4267,2000-01-01
47401,4268,2001-01-01
4268157,4269,2012-01-01
51737,4270,2004-01-01
6479550,4270,2010-01-01
3128411,4270,2009-01-01
1811543,4270,2008-01-01
8667848,4271,2011-01-01
420282,4272,1988-01-01
420282,4273,1986-01-01
22328546,4274,2015-01-01
3591262,4275,2010-01-01
10964693,4275,2012-01-01
13602426,4275,2013-01-01
179064,4276,2003-01-01
85990,4276,2005-01-01
248484,4276,2007-01-01
518848,4277,1996-01-01
518848,4278,1995-01-01
40909452,4279,1998-01-01
29127,4280,2016-01-01
7967,4281,1987-01-01
77565,4281,1991-01-01
12497,4282,2011-01-01
29999,4282,2010-01-01
5439,4283,2001-01-01
40593473,4284,2019-01-01
77566,4285,1990-01-01
61905,4285,1992-01-01
16718,4285,1995-01-01
77566,4286,2013-01-01
16143347,4287,2014-01-01
12962345,4287,2013-01-01
7090447,4288,2010-01-01
227571,4289,2002-01-01
25480342,4290,2011-01-01
25480342,4291,2012-01-01
25480342,4292,2011-01-01
25480342,4293,2012-01-01
10194157,4293,2013-01-01
27774758,4293,2016-01-01
6050678,4293,2011-01-01
10874177,4293,2014-01-01
20578940,4293,2015-01-01
68496,4293,2010-01-01
6482837,4294,2010-01-01
43758,4295,1989-01-01
11597,4295,1990-01-01
43798285,4295,2020-01-01
20758104,4296,2014-01-01
18302455,4296,2014-01-01
16120760,4296,2014-01-01
7304203,4297,2011-01-01
7304203,4298,2012-01-01
7304203,4299,2011-01-01
7091488,4299,2010-01-01
78433,4300,2001-01-01
2767,4301,1981-01-01
2203,4302,2001-01-01
13642,4303,1984-01-01
826845,4303,1985-01-01
304027,4304,2008-01-01
77197,4305,1996-01-01
77197,4306,1996-01-01
17332218,4307,2014-01-01
12499290,4307,2012-01-01
18966806,4307,2016-01-01
15985373,4307,2013-01-01
25895524,4307,2017-01-01
16065004,4307,2015-01-01
4953,4308,2001-01-01
10965,4309,2006-01-01
10965,4310,2006-01-01
20820994,4311,2015-01-01
29588376,4312,2007-01-01
2052,4313,2000-01-01
16328,4313,2000-01-01
29999,4313,2000-01-01
93575,4313,2000-01-01
88077,4314,1996-01-01
13206828,4315,2019-01-01
34128219,4315,2019-01-01
42898,4316,2008-01-01
53496,4317,1996-01-01
5098079,4318,2010-01-01
7046495,4318,2011-01-01
5098079,4319,2009-01-01
6280118,4320,2011-01-01
6654313,4321,2010-01-01
357664,4322,2003-01-01
357664,4323,2001-01-01
37186,4323,2007-01-01
1675216,4323,2009-01-01
357664,4324,2003-01-01
164154,4325,1975-01-01
22557272,4326,2016-01-01
10374,4327,1986-01-01
14289,4327,1981-01-01
6255949,4327,2005-01-01
6690798,4328,2010-01-01
426504,4329,1961-01-01
12279,4329,1961-01-01
6551,4329,1965-01-01
15584,4329,1967-01-01
5391115,4330,2009-01-01
6368610,4330,2010-01-01
16640,4331,1998-01-01
15839976,4332,2014-01-01
24934065,4332,2016-01-01
6468666,4333,2010-01-01
15783514,4334,2013-01-01
15783514,4335,2018-01-01
2595138,4336,2009-01-01
9688286,4336,2011-01-01
10569,4337,2001-01-01
298275,4338,1950-01-01
334176,4339,2001-01-01
12395,4340,2008-01-01
24800,4341,2000-01-01
307791,4342,2004-01-01
7046495,4343,2010-01-01
2832909,4343,2009-01-01
27362503,4343,2016-01-01
8492319,4343,2011-01-01
13570854,4343,2013-01-01
11710373,4343,2014-01-01
34324605,4343,2015-01-01
33280872,4343,2017-01-01
22881898,4344,2015-01-01
22881898,4345,2015-01-01
22881898,4346,2014-01-01
22881898,4347,2015-01-01
22881898,4348,2014-01-01
22881898,4349,2015-01-01
22881898,4350,2014-01-01
13517535,4351,2010-01-01
2731276,4352,2009-01-01
44652,4353,2010-01-01
310459,4354,2001-01-01
310459,4355,1977-01-01
84136,4356,2003-01-01
84145,4356,2004-01-01
84136,4357,2003-01-01
23878688,4358,2006-01-01
19547856,4359,2015-01-01
18692431,4359,2015-01-01
18336965,4359,2015-01-01
17661416,4359,2015-01-01
5886881,4360,2010-01-01
9284655,4361,2011-01-01
9284655,4362,2010-01-01
4630239,4362,2009-01-01
32075671,4363,2017-01-01
32075671,4364,2018-01-01
527756,4365,1958-01-01
43483262,4366,2019-01-01
43483262,4367,2018-01-01
23692271,4368,2015-01-01
7600924,4369,2007-01-01
7600924,4370,2011-01-01
7600924,4371,2009-01-01
7600924,4372,2009-01-01
7600924,4373,2008-01-01
1240662,4374,2008-01-01
50,4375,1991-01-01
13651,4376,1975-01-01
112537,4376,1974-01-01
2355575,4377,2008-01-01
2355575,4378,2009-01-01
40490167,4379,1992-01-01
40490167,4380,1988-01-01
35743,4381,1964-01-01
35743,4382,2010-01-01
35743,4383,1958-01-01
27774758,4384,2015-01-01
27774758,4385,2018-01-01
25614492,4385,2018-01-01
19351043,4385,2017-01-01
17297487,4385,2016-01-01
20312462,4385,2016-01-01
16068341,4385,2017-01-01
344262,4386,1999-01-01
153008,4387,2001-01-01
8706185,4387,2011-01-01
693208,4388,2008-01-01
28009303,4389,2020-01-01
51799,4390,2014-01-01
9736930,4391,2011-01-01
9736930,4392,2012-01-01
16181775,4393,2014-01-01
16181775,4394,2012-01-01
27824826,4394,2015-01-01
16181775,4395,2014-01-01
37190,4396,2005-01-01
37190,4397,2006-01-01
37190,4398,2006-01-01
13206900,4399,2016-01-01
19494,4400,2005-01-01
1162022,4401,2007-01-01
6050678,4401,2010-01-01
7417780,4401,2010-01-01
1162022,4402,2008-01-01
82434,4402,2004-01-01
166997,4403,2013-01-01
18498569,4403,2014-01-01
34128219,4403,2017-01-01
3711,4404,2001-01-01
1162543,4405,2009-01-01
6186505,4405,2009-01-01
4952,4406,2007-01-01
1412138,4407,2009-01-01
68494,4408,2003-01-01
12013,4408,1998-01-01
910863,4408,2007-01-01
68497,4408,2005-01-01
113304,4409,2000-01-01
113304,4410,2001-01-01
45546,4411,1996-01-01
29641,4412,2013-01-01
10194514,4413,2012-01-01
10194514,4414,2013-01-01
10194514,4415,2013-01-01
12812550,4416,2013-01-01
43015,4417,2008-01-01
10204213,4418,2008-01-01
213753,4419,2009-01-01
6609765,4420,2010-01-01
6609765,4421,2014-01-01
7783920,4421,2013-01-01
9917879,4421,2015-01-01
17617277,4422,2013-01-01
17158596,4422,2013-01-01
5954,4423,1994-01-01
36510196,4424,2006-01-01
7905092,4425,2010-01-01
68591,4425,2008-01-01
41022133,4425,2014-01-01
17905709,4425,2014-01-01
5396496,4425,2010-01-01
7905092,4426,2011-01-01
7905092,4427,2010-01-01
6614960,4427,2010-01-01
16160797,4428,2014-01-01
12432220,4429,2014-01-01
12432220,4430,2015-01-01
11337912,4430,2014-01-01
7742,4431,2000-01-01
77156,4431,2000-01-01
321577,4431,2000-01-01
239186,4431,2000-01-01
20758103,4432,2009-01-01
9917938,4432,2011-01-01
15798757,4432,2012-01-01
4447622,4433,2010-01-01
714902,4434,2002-01-01
714902,4435,2002-01-01
714902,4436,2003-01-01
714902,4437,2002-01-01
6479550,4438,2011-01-01
6479550,4439,2010-01-01
7981206,4439,2011-01-01
69136,4440,2010-01-01
71865,4441,1996-01-01
1379961,4442,2008-01-01
3128411,4443,2009-01-01
6431790,4444,2010-01-01
3819326,4445,2009-01-01
6611038,4445,2010-01-01
3819326,4446,2009-01-01
3819326,4447,2010-01-01
458034,4447,2008-01-01
6278019,4447,2010-01-01
3115070,4447,2009-01-01
215643,4447,2008-01-01
1830755,4447,2009-01-01
5628753,4447,2010-01-01
16527,4448,2000-01-01
85987,4448,2001-01-01
40603587,4449,2003-01-01
34494,4450,2003-01-01
10585,4451,1995-01-01
9804779,4451,1995-01-01
11559200,4452,2012-01-01
8492319,4453,2012-01-01
8492319,4454,2011-01-01
13158800,4455,2013-01-01
13158800,4456,2013-01-01
7719245,4457,2010-01-01
7719245,4458,2010-01-01
63033,4459,1998-01-01
9418327,4460,2011-01-01
43945,4461,1970-01-01
31072,4461,1969-01-01
7629,4461,1992-01-01
219879,4461,2006-01-01
88442,4461,2003-01-01
9516,4462,2004-01-01
9516,4463,2001-01-01
568236,4464,1980-01-01
12262741,4465,2013-01-01
9214995,4465,2012-01-01
12262741,4466,2013-01-01
3398625,4466,2010-01-01
3438000,4467,1994-01-01
3438000,4468,1995-01-01
2517,4469,2015-01-01
11084145,4470,2011-01-01
12936,4471,2001-01-01
27883214,4472,2017-01-01
15796700,4473,2016-01-01
9917938,4474,2011-01-01
19549841,4474,2012-01-01
11925514,4475,2012-01-01
334643,4476,2003-01-01
63032,4477,2009-01-01
63032,4478,2004-01-01
6101718,4479,2011-01-01
6101718,4480,2009-01-01
20170404,4481,2015-01-01
23129410,4481,2016-01-01
6080337,4482,2011-01-01
11734,4482,2002-01-01
533465,4482,2003-01-01
6080337,4483,2009-01-01
84145,4484,2004-01-01
8074967,4484,2012-01-01
84145,4485,2003-01-01
84145,4486,2003-01-01
84145,4487,2003-01-01
84145,4488,2004-01-01
13453029,4489,2015-01-01
13453029,4490,2013-01-01
6050678,4491,2011-01-01
8709640,4491,2012-01-01
7095831,4491,2011-01-01
47626,4491,1998-01-01
9644151,4491,2012-01-01
359375,4492,2009-01-01
8648,4493,1992-01-01
13326831,4494,2014-01-01
4932435,4495,2009-01-01
6837103,4496,2010-01-01
38359036,4496,2018-01-01
1278752,4497,2007-01-01
45100,4498,2018-01-01
19161852,4498,2018-01-01
55399,4498,2018-01-01
36124936,4498,2019-01-01
39943621,4498,2019-01-01
60929,4498,2019-01-01
234184,4499,1996-01-01
18297707,4500,2014-01-01
5500109,4500,2010-01-01
6950445,4500,2011-01-01
18297707,4501,2013-01-01
16033842,4502,2013-01-01
2986865,4503,2009-01-01
2986865,4504,2008-01-01
11367726,4505,2012-01-01
14384,4506,2007-01-01
2161733,4507,2009-01-01
2161733,4508,2008-01-01
13637412,4509,2012-01-01
13637412,4510,2016-01-01
84151,4511,2005-01-01
17910124,4512,2015-01-01
92780,4513,1933-01-01
19312,4514,1979-01-01
19312,4515,1979-01-01
19312,4516,1978-01-01
31456,4517,2009-01-01
96358,4518,1989-01-01
96358,4519,1989-01-01
13318534,4520,2012-01-01
22293224,4521,2014-01-01
22293224,4522,2015-01-01
227865,4523,2004-01-01
227865,4524,2004-01-01
29580,4525,2001-01-01
8788554,4526,2012-01-01
8788554,4527,2012-01-01
8788554,4528,2009-01-01
19549841,4529,2013-01-01
586472,4530,1980-01-01
22341263,4531,2015-01-01
18607725,4531,2015-01-01
20698530,4532,2015-01-01
53925,4533,1985-01-01
12033455,4534,2013-01-01
306364,4534,2008-01-01
48318,4535,1990-01-01
31287352,4536,2018-01-01
28634,4537,1994-01-01
12680907,4538,2012-01-01
28149981,4538,2011-01-01
144349,4539,2007-01-01
1067,4540,2005-01-01
63720,4541,2000-01-01
77160,4542,2004-01-01
77160,4543,2003-01-01
32418,4544,2001-01-01
40526,4545,1994-01-01
331256,4546,2013-01-01
9440324,4546,2012-01-01
341879,4547,2011-01-01
341879,4548,2011-01-01
29939230,4549,2017-01-01
17199504,4550,2014-01-01
32718027,4550,2018-01-01
5310515,4551,2010-01-01
23529,4552,1992-01-01
23529,4553,1995-01-01
11298,4554,1982-01-01
14289,4554,1981-01-01
7331435,4555,2011-01-01
6944032,4556,2002-01-01
41150487,4557,2019-01-01
31336,4558,1993-01-01
28759,4558,1990-01-01
452244,4558,1993-01-01
384597,4559,1994-01-01
51670,4559,1997-01-01
384597,4560,1993-01-01
13929,4561,2009-01-01
13929,4562,2007-01-01
54984,4563,2006-01-01
54984,4564,2006-01-01
54984,4565,2006-01-01
54984,4566,2009-01-01
26135825,4567,2007-01-01
26135825,4568,2007-01-01
11395597,4568,2013-01-01
854757,4569,2005-01-01
40605285,4570,2007-01-01
40605285,4571,2009-01-01
6065182,4571,2009-01-01
43944,4572,2007-01-01
15047,4573,1988-01-01
1099301,4574,2008-01-01
15711341,4575,2013-01-01
53061,4576,2005-01-01
6217,4577,2001-01-01
1842,4578,2001-01-01
48002,4579,2002-01-01
11710373,4580,2014-01-01
3392089,4580,2010-01-01
19161852,4581,2018-01-01
77711,4581,1996-01-01
31817749,4581,2019-01-01
19161852,4582,2018-01-01
19161852,4583,2016-01-01
6534,4584,1990-01-01
6534,4585,1992-01-01
116236,4586,1991-01-01
6582637,4587,2011-01-01
421129,4588,2005-01-01
25489625,4589,2015-01-01
38746485,4590,2019-01-01
343881,4591,1991-01-01
286357,4591,1985-01-01
316496,4591,1989-01-01
9305362,4592,2014-01-01
40097951,4593,2019-01-01
13508607,4594,2013-01-01
711901,4595,2009-01-01
333538,4596,1998-01-01
688191,4597,2013-01-01
15704307,4598,2013-01-01
15704307,4599,2013-01-01
25365,4600,1998-01-01
25365,4601,1998-01-01
460635,4602,1985-01-01
18144124,4603,2014-01-01
9579634,4604,2013-01-01
17274667,4605,2007-01-01
11688630,4605,2012-01-01
46654,4606,1966-01-01
85301,4607,2008-01-01
113429,4607,2007-01-01
9833,4607,2006-01-01
15818107,4608,2014-01-01
15818107,4609,2013-01-01
17235026,4610,2015-01-01
25179,4611,2004-01-01
25179,4612,2005-01-01
5632446,4613,2009-01-01
6567284,4614,2003-01-01
669570,4615,2007-01-01
21535271,4616,2014-01-01
12384322,4617,2013-01-01
17262100,4617,2015-01-01
25489134,4618,2017-01-01
10790290,4619,2011-01-01
3367956,4620,2009-01-01
17333319,4621,2014-01-01
17333319,4622,2013-01-01
17333319,4623,2014-01-01
17333319,4624,2014-01-01
77276,4625,1980-01-01
33597976,4626,2012-01-01
16176440,4626,2014-01-01
11648261,4627,2008-01-01
11594337,4628,2013-01-01
4703581,4629,2012-01-01
24,4630,2001-01-01
815309,4631,2008-01-01
398323,4631,2006-01-01
3656,4631,2007-01-01
147848,4631,2003-01-01
5899779,4632,2009-01-01
3503947,4633,2012-01-01
34534,4634,2014-01-01
28006120,4634,2019-01-01
7141642,4635,2010-01-01
9118135,4635,2011-01-01
8554005,4635,2011-01-01
7425765,4636,2014-01-01
29437949,4637,2016-01-01
27824826,4637,2017-01-01
15819028,4638,2014-01-01
15819028,4639,2013-01-01
16248223,4639,2013-01-01
35068705,4639,2018-01-01
15790883,4639,2013-01-01
275,4640,1986-01-01
275,4641,1986-01-01
8683812,4642,2011-01-01
472626,4643,1972-01-01
472626,4644,1973-01-01
472626,4645,1977-01-01
20880952,4646,2014-01-01
17333230,4647,2014-01-01
7170627,4648,2011-01-01
29581,4649,1996-01-01
16031620,4650,2014-01-01
1833852,4651,2009-01-01
1833852,4652,2009-01-01
1833852,4653,2008-01-01
29780253,4654,2017-01-01
6393631,4655,2011-01-01
29981,4656,2020-01-01
18693763,4657,2016-01-01
17905709,4657,2016-01-01
15197,4658,1992-01-01
4912,4659,1999-01-01
13662,4660,1972-01-01
42080479,4661,2014-01-01
15793231,4661,2014-01-01
28695,4662,2004-01-01
12007,4663,1993-01-01
6202342,4664,2009-01-01
34728667,4665,2019-01-01
35068705,4665,2019-01-01
34728667,4666,2018-01-01
34728667,4667,2018-01-01
34728667,4668,2019-01-01
34728667,4669,2019-01-01
16160314,4670,2013-01-01
77270,4671,2016-01-01
13561164,4672,2013-01-01
458034,4673,2008-01-01
458034,4674,2007-01-01
458034,4675,2008-01-01
106069,4676,1998-01-01
50144,4677,1986-01-01
50144,4678,1987-01-01
50144,4679,1988-01-01
8379374,4680,2011-01-01
8379374,4681,2011-01-01
17237214,4682,2014-01-01
17237214,4683,2014-01-01
12499290,4684,2013-01-01
625094,4685,1959-01-01
2157243,4686,2009-01-01
8113344,4686,2010-01-01
16123975,4686,2013-01-01
398323,4687,2003-01-01
398323,4688,2003-01-01
16788,4689,2007-01-01
16788,4690,2007-01-01
16788,4691,2007-01-01
10996342,4692,2012-01-01
16158542,4693,2014-01-01
9938498,4693,2012-01-01
25403,4694,2004-01-01
25403,4695,2003-01-01
59980,4696,1989-01-01
6411016,4697,2011-01-01
11437,4698,1988-01-01
434903,4699,1999-01-01
920607,4700,2008-01-01
920607,4701,2008-01-01
47720,4701,2004-01-01
920607,4702,2007-01-01
920607,4703,2006-01-01
920607,4704,2007-01-01
920607,4705,2006-01-01
920607,4706,2009-01-01
12666682,4706,2008-01-01
920607,4707,2008-01-01
920607,4708,2007-01-01
125963,4709,2004-01-01
13667,4710,1973-01-01
10970532,4711,2012-01-01
3342764,4712,2009-01-01
13925,4712,2001-01-01
46199,4713,2011-01-01
954674,4714,2009-01-01
9496240,4715,2009-01-01
331653,4715,2007-01-01
24388326,4716,2019-01-01
4138,4717,1998-01-01
179033,4718,1987-01-01
179033,4719,1998-01-01
92143,4720,2005-01-01
18659623,4720,2015-01-01
100464,4721,1998-01-01
9581001,4722,2011-01-01
9815702,4722,2011-01-01
28090850,4723,2017-01-01
241823,4724,1999-01-01
11688630,4725,2010-01-01
17387313,4726,2013-01-01
36124936,4727,2019-01-01
82434,4728,2004-01-01
82434,4729,2004-01-01
82434,4730,2004-01-01
82434,4731,2004-01-01
82434,4732,2004-01-01
18812405,4733,2014-01-01
88432,4734,1984-01-01
17560444,4735,2014-01-01
1902241,4736,2009-01-01
17262236,4736,2014-01-01
7931881,4737,2010-01-01
7931881,4738,2009-01-01
36337550,4739,2018-01-01
14569052,4740,2004-01-01
266904,4741,2007-01-01
7896345,4742,2012-01-01
55401,4743,2013-01-01
8686068,4744,2005-01-01
8686068,4745,2006-01-01
8686068,4746,2006-01-01
8686068,4747,2006-01-01
17333324,4748,2017-01-01
17333324,4749,2014-01-01
25883848,4750,2016-01-01
15781026,4751,2014-01-01
15781026,4752,2014-01-01
3491072,4753,1963-01-01
114166,4754,2007-01-01
953260,4755,2008-01-01
358846,4756,1970-01-01
9553503,4757,2012-01-01
9317452,4758,2011-01-01
181087,4759,1956-01-01
107664,4760,2006-01-01
27904311,4761,2017-01-01
12813630,4762,2014-01-01
7823678,4763,2011-01-01
7823678,4764,2010-01-01
27071490,4765,2017-01-01
50667,4765,2016-01-01
11922,4766,2003-01-01
6597651,4767,2013-01-01
6597651,4768,2013-01-01
13330761,4768,2014-01-01
32145,4769,2003-01-01
8712343,4770,2011-01-01
8712343,4771,2012-01-01
6609758,4772,2011-01-01
11734,4773,2001-01-01
7821447,4774,2010-01-01
150739,4775,1991-01-01
61884,4775,1999-01-01
139569,4776,1994-01-01
10429092,4777,2012-01-01
19351043,4778,2016-01-01
19351043,4779,2015-01-01
19351043,4780,2016-01-01
17191029,4781,2013-01-01
180426,4782,2000-01-01
287633,4782,2001-01-01
25526296,4783,2017-01-01
27774596,4784,2016-01-01
27774596,4785,2017-01-01
920395,4786,1995-01-01
819789,4787,2008-01-01
6909544,4788,2012-01-01
7027735,4788,2012-01-01
6909544,4789,2012-01-01
107779,4790,1990-01-01
6578293,4791,2009-01-01
18214414,4792,2014-01-01
26114135,4793,2016-01-01
26114135,4794,2016-01-01
33253215,4794,2017-01-01
2334751,4795,2009-01-01
117,4796,1985-01-01
105,4796,1986-01-01
18580,4797,1973-01-01
32370,4798,2004-01-01
20342617,4799,2015-01-01
9637479,4800,2011-01-01
95186,4801,2006-01-01
95186,4802,2008-01-01
386347,4802,2008-01-01
6054449,4803,2009-01-01
5982448,4803,2009-01-01
6202556,4803,2009-01-01
6345760,4803,2009-01-01
5983694,4803,2009-01-01
3276072,4803,2009-01-01
8407173,4804,2009-01-01
9413044,4805,2012-01-01
395233,4806,1997-01-01
281235,4807,1981-01-01
80674,4807,1983-01-01
758901,4808,1970-01-01
298137,4809,2008-01-01
9865,4810,1996-01-01
562212,4810,1997-01-01
12926804,4811,2020-01-01
12926804,4812,2012-01-01
23058402,4813,2016-01-01
1584974,4814,2008-01-01
1584974,4815,2007-01-01
425377,4816,1996-01-01
425377,4817,1995-01-01
425377,4818,2001-01-01
425377,4819,1998-01-01
425377,4820,1994-01-01
1301,4821,2011-01-01
17262203,4822,2014-01-01
13503109,4823,2013-01-01
13503109,4824,2013-01-01
287861,4825,2002-01-01
27431418,4826,2016-01-01
27431418,4827,2016-01-01
27431418,4828,2016-01-01
27431418,4829,2016-01-01
15937108,4830,2014-01-01
17833099,4831,2014-01-01
118944,4832,2007-01-01
82861,4832,2001-01-01
118944,4833,2014-01-01
88061,4834,2009-01-01
9975679,4835,2012-01-01
9888775,4836,2012-01-01
8293938,4837,2011-01-01
18043539,4838,2013-01-01
18043539,4839,2015-01-01
73095,4840,1999-01-01
73095,4841,1999-01-01
443103,4842,1958-01-01
443103,4843,1958-01-01
7362158,4844,2011-01-01
7362158,4845,2010-01-01
82436,4846,2000-01-01
82436,4847,1993-01-01
82436,4848,1994-01-01
82436,4849,2000-01-01
82436,4850,1993-01-01
10628,4851,1979-01-01
7329,4851,1981-01-01
28734,4852,1990-01-01
994156,4853,2001-01-01
108202,4854,2000-01-01
352262,4855,2006-01-01
12810834,4856,2008-01-01
12810834,4857,2008-01-01
10836728,4858,2012-01-01
16123975,4859,2014-01-01
3344411,4860,2009-01-01
3344411,4861,2014-01-01
3974,4862,2008-01-01
7128341,4863,1993-01-01
72657,4864,2006-01-01
6425,4865,2003-01-01
89731,4866,2005-01-01
6194,4867,1980-01-01
9815702,4868,2012-01-01
61903,4869,1995-01-01
60929,4869,1992-01-01
107776,4870,2000-01-01
287633,4871,2000-01-01
6901097,4872,2011-01-01
6901097,4873,2011-01-01
1397743,4874,2014-01-01
4339,4875,1978-01-01
17454163,4876,2013-01-01
428042,4877,2005-01-01
16100972,4878,2014-01-01
11449,4879,1983-01-01
6858,4880,2001-01-01
107770,4881,1993-01-01
1756703,4882,2009-01-01
47613,4883,2003-01-01
1022657,4884,2006-01-01
861326,4885,2001-01-01
68146,4886,2007-01-01
343718,4887,2005-01-01
343718,4888,2006-01-01
4835838,4888,2011-01-01
223182,4888,2008-01-01
39020,4889,2010-01-01
17905709,4890,2014-01-01
17905709,4891,2014-01-01
29496076,4892,2018-01-01
29496076,4893,2018-01-01
29496076,4894,2017-01-01
12216302,4895,2013-01-01
17465515,4896,2015-01-01
769658,4897,2017-01-01
769658,4898,2016-01-01
25100,4899,1992-01-01
25100,4900,1991-01-01
25099,4900,1991-01-01
86236,4901,1997-01-01
7147831,4902,2010-01-01
7147831,4903,2009-01-01
125523,4903,2001-01-01
7147831,4904,2009-01-01
227658,4905,1999-01-01
16130,4906,2005-01-01
26075634,4907,2015-01-01
16992,4908,1997-01-01
6329547,4909,2009-01-01
313263,4910,2001-01-01
313263,4911,2001-01-01
27879047,4912,2016-01-01
6765740,4913,2010-01-01
6642402,4914,2011-01-01
11235783,4914,2013-01-01
6642402,4915,2011-01-01
47720,4916,2003-01-01
166580,4916,2000-01-01
297627,4916,2000-01-01
47720,4917,2004-01-01
35306,4918,2001-01-01
24781,4919,1969-01-01
24781,4920,1981-01-01
1835829,4921,2004-01-01
1835829,4922,1963-01-01
1835829,4923,2015-01-01
141152,4924,2012-01-01
26025580,4925,2015-01-01
96259,4926,2006-01-01
26114523,4927,2017-01-01
26114523,4928,2016-01-01
73070,4929,1995-01-01
17455815,4930,2014-01-01
743599,4931,2000-01-01
31203000,4932,2017-01-01
110384,4933,2003-01-01
6609581,4934,2010-01-01
7933437,4935,2011-01-01
2342943,4936,2009-01-01
2342943,4937,2008-01-01
7863274,4938,2011-01-01
7863274,4939,2011-01-01
93981,4940,1930-01-01
27574,4940,2005-01-01
93981,4941,2000-01-01
987577,4942,1990-01-01
987577,4943,1989-01-01
10600242,4944,2011-01-01
31340,4945,1991-01-01
164814,4946,2011-01-01
13641208,4947,2014-01-01
40095501,4948,1984-01-01
210255,4949,1999-01-01
6202556,4950,2011-01-01
7514925,4951,2015-01-01
15807,4952,2001-01-01
143555,4953,1983-01-01
80674,4953,1982-01-01
143555,4954,1983-01-01
28866,4955,1999-01-01
28866,4956,1999-01-01
112754,4957,2002-01-01
6671,4958,1979-01-01
68497,4959,2002-01-01
1743390,4960,2011-01-01
1743390,4961,2009-01-01
1743390,4962,2011-01-01
43263680,4963,2019-01-01
43263680,4964,2020-01-01
5587960,4965,2003-01-01
223380,4966,1999-01-01
223380,4967,1999-01-01
223380,4968,1999-01-01
223380,4969,1998-01-01
223380,4970,1998-01-01
223380,4971,2002-01-01
16054808,4972,2014-01-01
16054808,4973,2013-01-01
16054808,4974,2015-01-01
16054808,4975,2016-01-01
16054808,4976,2015-01-01
16054808,4977,2015-01-01
16054808,4978,2016-01-01
16054808,4979,2015-01-01
16054808,4980,2014-01-01
16054808,4981,2016-01-01
16054808,4982,2016-01-01
16054808,4983,2014-01-01
16054808,4984,2016-01-01
16054808,4985,2016-01-01
16120760,4986,2014-01-01
18775297,4987,2014-01-01
18775297,4988,2015-01-01
25489025,4989,2017-01-01
25489025,4990,2017-01-01
25489025,4991,2017-01-01
475,4992,2007-01-01
15811554,4993,2014-01-01
6050822,4994,2009-01-01
1244286,4995,2006-01-01
15803059,4996,2014-01-01
6596547,4997,2010-01-01
20705702,4998,2015-01-01
3188580,4999,2008-01-01
9464733,5000,2011-01-01
11864728,5001,2014-01-01
8419428,5002,2012-01-01
8419428,5003,2011-01-01
18137087,5004,2014-01-01
18137087,5005,2014-01-01
18137087,5006,2016-01-01
187500,5007,2004-01-01
17404078,5008,2014-01-01
7011225,5009,2010-01-01
40275288,5010,2019-01-01
26050,5011,2006-01-01
114184,5011,2007-01-01
18225810,5012,2015-01-01
18225810,5013,2014-01-01
9615347,5013,2012-01-01
111306,5014,2007-01-01
9688286,5015,2017-01-01
2075382,5016,2020-01-01
7562764,5017,2012-01-01
20819685,5018,2014-01-01
9615347,5019,2012-01-01
9615347,5020,2012-01-01
9615347,5021,2011-01-01
58275,5022,1380-01-01
11690,5023,2005-01-01
27824826,5024,2017-01-01
21805717,5025,2014-01-01
21805717,5026,2015-01-01
6017769,5027,2010-01-01
5982474,5027,2011-01-01
18498569,5028,2014-01-01
21446984,5029,2014-01-01
6435893,5030,2011-01-01
194755,5031,1990-01-01
153496,5032,1986-01-01
153496,5033,1986-01-01
69392,5034,2003-01-01
69392,5035,2004-01-01
7150174,5036,2011-01-01
7150174,5037,2011-01-01
61880,5038,1997-01-01
13069935,5039,2013-01-01
3700085,5039,2011-01-01
4066312,5040,2010-01-01
76865,5041,2006-01-01
7381647,5042,2012-01-01
6338619,5043,2009-01-01
566328,5044,2012-01-01
11563,5045,1982-01-01
88442,5046,2002-01-01
10138607,5047,2012-01-01
10138607,5048,2012-01-01
469954,5049,2006-01-01
469954,5050,2007-01-01
22207,5051,2007-01-01
9779094,5051,2011-01-01
6586512,5052,2011-01-01
36692478,5053,2018-01-01
9265453,5054,2011-01-01
10108,5055,1987-01-01
13436373,5056,2013-01-01
820924,5057,1991-01-01
23566909,5058,2017-01-01
25516432,5059,2016-01-01
25516432,5060,2015-01-01
88335,5061,2006-01-01
18293427,5062,2014-01-01
73100,5063,2002-01-01
13154150,5064,2011-01-01
1330324,5065,2009-01-01
6382879,5066,2010-01-01
6382879,5067,2009-01-01
20640755,5068,2015-01-01
26247008,5069,2016-01-01
59952,5070,1999-01-01
59952,5071,1999-01-01
5933646,5072,2009-01-01
18465566,5073,2015-01-01
18465566,5074,2014-01-01
2296567,5075,2010-01-01
2296567,5076,2009-01-01
20417,5077,1998-01-01
133240,5078,1995-01-01
102920,5079,1994-01-01
17524166,5080,2016-01-01
34072,5081,2003-01-01
34072,5082,2003-01-01
368468,5083,2000-01-01
18136549,5084,2015-01-01
18136549,5085,2015-01-01
6345760,5086,2010-01-01
9517,5087,2002-01-01
182332,5088,1988-01-01
104088,5088,1987-01-01
8874743,5089,2011-01-01
8874743,5090,2011-01-01
75060,5091,2004-01-01
386,5091,2005-01-01
30267929,5092,2017-01-01
25893693,5092,2016-01-01
22374,5093,1990-01-01
196564,5094,1998-01-01
33590210,5095,2019-01-01
33590210,5096,2019-01-01
35068432,5096,2019-01-01
42975172,5096,2020-01-01
33590210,5097,2019-01-01
7027735,5098,2012-01-01
7027735,5099,2013-01-01
7027735,5100,2011-01-01
7027735,5101,2012-01-01
15793231,5102,2013-01-01
313256,5103,2000-01-01
7948945,5104,2012-01-01
226973,5105,1979-01-01
318335,5106,2005-01-01
26156987,5107,2017-01-01
26156987,5108,2017-01-01
239186,5109,2002-01-01
1846,5110,2002-01-01
21063,5111,2019-01-01
9792287,5112,2011-01-01
12104686,5112,2012-01-01
3354025,5113,2009-01-01
105576,5114,2004-01-01
26074156,5115,2018-01-01
26074156,5116,2018-01-01
26074156,5117,2017-01-01
13165142,5118,2009-01-01
13165142,5119,2013-01-01
28863,5120,2007-01-01
295741,5121,2006-01-01
2175645,5121,2009-01-01
7146335,5122,2010-01-01
340258,5123,1978-01-01
2121231,5124,2009-01-01
2121231,5125,2009-01-01
7640543,5125,2011-01-01
41069,5126,1973-01-01
26077060,5127,2016-01-01
26077060,5128,2015-01-01
26077060,5129,2016-01-01
18736925,5130,2014-01-01
1911,5131,2006-01-01
8008928,5132,2011-01-01
12758317,5132,2013-01-01
32804488,5133,2006-01-01
40929,5134,1980-01-01
18329942,5135,2014-01-01
17881472,5136,2003-01-01
17881472,5137,2007-01-01
25667918,5138,2017-01-01
1391817,5139,1993-01-01
5312123,5140,2010-01-01
2757012,5141,1985-01-01
2757012,5142,1994-01-01
86525,5143,2002-01-01
68400,5144,2007-01-01
104159,5145,2004-01-01
10357792,5146,2014-01-01
16120434,5147,2013-01-01
7491418,5148,2011-01-01
29236380,5149,2018-01-01
30688435,5150,2017-01-01
30688435,5151,2018-01-01
28919058,5152,2018-01-01
90629,5153,1966-01-01
90629,5154,1965-01-01
25366,5155,2003-01-01
5271066,5156,2010-01-01
469901,5157,2001-01-01
21795840,5158,2015-01-01
969177,5159,2005-01-01
30075662,5160,2020-01-01
7720252,5161,2011-01-01
1251032,5162,2007-01-01
13547180,5163,2013-01-01
38412,5164,1998-01-01
107007,5165,2003-01-01
17982897,5166,2013-01-01
17982897,5167,2013-01-01
1078784,5168,2013-01-01
21457243,5169,2015-01-01
3114666,5170,1976-01-01
14257,5171,2002-01-01
533465,5171,2000-01-01
7054123,5172,2011-01-01
94813,5173,2002-01-01
100485,5174,2001-01-01
17262236,5175,2014-01-01
25104,5176,1998-01-01
25103,5176,1996-01-01
82965,5177,1992-01-01
50146,5178,1989-01-01
815786,5179,2005-01-01
25686927,5180,2016-01-01
36896898,5181,2019-01-01
1189454,5182,1981-01-01
56594,5183,1980-01-01
171102,5184,2007-01-01
8074967,5185,2011-01-01
20898019,5186,2015-01-01
20898019,5187,2016-01-01
1308213,5187,2004-01-01
22522808,5188,2010-01-01
22522808,5189,2016-01-01
22522808,5190,2019-01-01
147848,5191,2003-01-01
17661831,5192,2014-01-01
12974372,5193,2014-01-01
2012337,5194,2007-01-01
2795053,5195,2008-01-01
28204534,5195,2016-01-01
25614994,5196,2017-01-01
3224378,5197,2007-01-01
1337759,5198,1998-01-01
40669906,5199,2017-01-01
17994,5200,2001-01-01
8745,5200,2002-01-01
259655,5201,1983-01-01
1045757,5202,2007-01-01
40718205,5203,2014-01-01
14267,5204,2001-01-01
228879,5205,1993-01-01
21721,5206,2003-01-01
7948230,5206,2010-01-01
10188580,5207,2013-01-01
9415957,5208,2012-01-01
421,5209,1981-01-01
7544517,5210,2009-01-01
79547,5211,1971-01-01
79547,5212,1970-01-01
19358975,5213,2014-01-01
184618,5214,1996-01-01
133499,5215,1990-01-01
25852784,5216,2017-01-01
1651313,5217,2008-01-01
278958,5218,1963-01-01
22551730,5219,2016-01-01
5628753,5220,2010-01-01
5628753,5221,2009-01-01
16532,5222,1990-01-01
18367581,5223,2014-01-01
15722923,5224,2016-01-01
13083239,5225,2015-01-01
642231,5226,2007-01-01
13366259,5227,2013-01-01
6217361,5228,2009-01-01
3722183,5229,2016-01-01
1747896,5230,2009-01-01
1747896,5231,2009-01-01
80760,5232,2006-01-01
80760,5233,2006-01-01
20657,5234,1999-01-01
1838166,5235,2008-01-01
132778,5236,1998-01-01
132778,5237,1997-01-01
40293,5238,1996-01-01
18142329,5239,2013-01-01
22323,5240,1987-01-01
22323,5241,1982-01-01
22323,5242,1987-01-01
34449,5243,1949-01-01
247093,5244,2004-01-01
247093,5245,2004-01-01
8171378,5246,2011-01-01
161910,5247,2002-01-01
161910,5248,2001-01-01
13010310,5249,2016-01-01
40028529,5250,2018-01-01
20438403,5251,2013-01-01
2440137,5252,2010-01-01
600349,5253,1968-01-01
600349,5254,1967-01-01
24473763,5255,2016-01-01
24473763,5256,2015-01-01
38139409,5257,2018-01-01
12935,5258,2004-01-01
22893,5258,2007-01-01
8564644,5259,2011-01-01
61505,5260,2006-01-01
7640543,5261,2010-01-01
9766078,5262,2008-01-01
9766078,5263,2009-01-01
22325661,5264,2015-01-01
17948528,5265,2012-01-01
17948528,5266,2012-01-01
23460961,5267,2015-01-01
103610,5268,2001-01-01
5309,5269,1995-01-01
8373527,5270,2011-01-01
29396738,5271,2016-01-01
304209,5272,1991-01-01
304209,5273,1990-01-01
27574,5274,2004-01-01
27574,5275,2005-01-01
2260391,5276,1967-01-01
78269,5277,1992-01-01
13707734,5278,2011-01-01
40024139,5279,2019-01-01
1413887,5280,2001-01-01
85861,5281,2004-01-01
8239438,5282,2012-01-01
9684523,5283,2011-01-01
22749539,5284,2016-01-01
6486483,5285,2010-01-01
4618801,5286,2009-01-01
4618801,5287,2009-01-01
13621089,5288,2013-01-01
13621089,5289,2014-01-01
25912206,5290,2017-01-01
43798285,5291,2020-01-01
36373481,5292,2019-01-01
4630239,5293,2013-01-01
10947600,5294,2011-01-01
32718027,5295,2018-01-01
545761,5296,2004-01-01
2376087,5297,2009-01-01
20662728,5298,2014-01-01
8419647,5299,2014-01-01
8639945,5300,2012-01-01
34506912,5301,2018-01-01
34506912,5302,2019-01-01
34219873,5303,2017-01-01
34219873,5304,2018-01-01
34219873,5305,2018-01-01
34219873,5306,2020-01-01
20174424,5307,2015-01-01
572626,5308,1986-01-01
10393675,5309,2012-01-01
10393675,5310,2012-01-01
10393675,5311,2012-01-01
31450908,5312,2018-01-01
12158480,5313,2013-01-01
12758317,5314,2013-01-01
12758317,5315,2012-01-01
33294200,5316,2019-01-01
33294200,5317,2018-01-01
41880609,5318,2020-01-01
41880609,5319,2019-01-01
13030110,5320,1980-01-01
16071764,5321,2014-01-01
10150892,5322,2011-01-01
18659623,5323,2014-01-01
533465,5324,2002-01-01
484667,5325,2007-01-01
17213054,5326,2013-01-01
820480,5327,2008-01-01
19631,5328,1998-01-01
40090,5328,2007-01-01
19631,5329,1998-01-01
19631,5330,1998-01-01
23007,5331,2003-01-01
11464,5331,2003-01-01
1258121,5332,2011-01-01
762211,5333,1988-01-01
5981872,5334,2010-01-01
5981872,5335,2009-01-01
5981872,5336,2010-01-01
162612,5337,1996-01-01
764165,5338,1979-01-01
764165,5339,1980-01-01
1184305,5340,2008-01-01
3002300,5340,2009-01-01
18630542,5341,2015-01-01
18630542,5342,2015-01-01
16117368,5343,2014-01-01
8492907,5344,2013-01-01
20575411,5345,2014-01-01
23887,5346,1977-01-01
6648020,5347,2011-01-01
1999660,5348,2008-01-01
2754526,5349,2009-01-01
1217728,5350,2004-01-01
132391,5351,1996-01-01
6662883,5352,2010-01-01
26721568,5353,2017-01-01
3973532,5354,2010-01-01
142023,5355,2003-01-01
31549906,5356,2019-01-01
31549906,5357,2016-01-01
13505670,5358,2013-01-01
857920,5359,2000-01-01
4070095,5360,2010-01-01
10869746,5361,2011-01-01
33509076,5362,2018-01-01
65659,5363,2005-01-01
65659,5364,2009-01-01
65659,5365,2004-01-01
342445,5366,2007-01-01
17368120,5367,2013-01-01
106076,5368,2002-01-01
28204534,5369,2016-01-01
70539,5370,1984-01-01
18261,5371,1994-01-01
7198269,5372,2011-01-01
46559,5373,1990-01-01
282778,5374,2005-01-01
9397145,5375,2011-01-01
9397145,5376,2011-01-01
89160,5377,2001-01-01
310722,5378,2001-01-01
25263557,5379,2014-01-01
25263557,5380,2016-01-01
25263557,5381,2014-01-01
963508,5382,2007-01-01
963508,5383,2007-01-01
2626492,5384,2008-01-01
3659,5385,1989-01-01
3659,5386,1991-01-01
18803640,5387,2015-01-01
7948230,5388,2010-01-01
51670,5389,1997-01-01
3002300,5390,2011-01-01
26053,5391,1991-01-01
543873,5392,2007-01-01
109307,5393,1989-01-01
239796,5394,1988-01-01
17671913,5395,2014-01-01
2544247,5396,1957-01-01
41918,5397,1992-01-01
2372,5398,1978-01-01
222576,5399,1976-01-01
929783,5400,1986-01-01
159767,5401,2005-01-01
22752127,5402,2018-01-01
22752127,5403,2016-01-01
64582,5404,1989-01-01
1662160,5405,2009-01-01
16136599,5406,2009-01-01
15719,5407,2005-01-01
369778,5408,2004-01-01
297627,5409,2002-01-01
10822858,5410,2012-01-01
9551700,5411,2012-01-01
628139,5412,1999-01-01
3649147,5413,2011-01-01
12478533,5414,2013-01-01
95607,5415,2001-01-01
16256798,5416,2014-01-01
73089,5417,2006-01-01
14386,5418,2005-01-01
18601430,5419,2015-01-01
130363,5420,1981-01-01
80674,5421,1984-01-01
6624391,5422,2010-01-01
7145565,5423,2010-01-01
23388164,5424,2016-01-01
33118312,5425,2019-01-01
75518,5426,1993-01-01
1308213,5427,2017-01-01
40948486,5428,2016-01-01
23310763,5429,2015-01-01
9738483,5430,2013-01-01
1466878,5431,1961-01-01
1466878,5432,1961-01-01
